"ARM00087852","2009-06-17","-46.517","-71.017","429.0","PERITO MORENO AIRPORT, AR",,,,,"   82",",,S","   10",",,S","   64","H,,S"
"ARM00087852","2009-06-18","-46.517","-71.017","429.0","PERITO MORENO AIRPORT, AR",,,,,"  100",",,S","   -9",",,S","   29","H,,S"
"ARM00087852","2009-06-19","-46.517","-71.017","429.0","PERITO MORENO AIRPORT, AR",,,,,"   50",",,S","  -95",",,S","  -27","H,,S"
"ARM00087852","2009-06-20","-46.517","-71.017","429.0","PERITO MORENO AIRPORT, AR",,,,,"   54",",,S","  -92",",,S","   36","H,,S"
"ARM00087852","2009-06-23","-46.517","-71.017","429.0","PERITO MORENO AIRPORT, AR",,,,,,,"  -40",",,S","   42","H,,S"
"ARM00087852","2009-06-24","-46.517","-71.017","429.0","PERITO MORENO AIRPORT, AR",,,,,"   86",",,S","   32",",,S","   60","H,,S"
"ARM00087852","2009-06-25","-46.517","-71.017","429.0","PERITO MORENO AIRPORT, AR",,,,,"   75",",,S","  -72",",,S","   -7","H,,S"
"ARM00087852","2009-06-26","-46.517","-71.017","429.0","PERITO MORENO AIRPORT, AR",,,,,"   45",",,S","  -80",",,S","  -34","H,,S"
"ARM00087852","2009-06-30","-46.517","-71.017","429.0","PERITO MORENO AIRPORT, AR",,,,,,,"  -22",",,S","   26","H,,S"
"ARM00087852","2009-07-01","-46.517","-71.017","429.0","PERITO MORENO AIRPORT, AR","   20",",,S",,,"   78",",,S","  -24",",,S","   47","H,,S"
"ARM00087852","2009-07-02","-46.517","-71.017","429.0","PERITO MORENO AIRPORT, AR","    0",",,S",,,"   80",",,S","   -7",",,S","   48","H,,S"
"ARM00087852","2009-07-03","-46.517","-71.017","429.0","PERITO MORENO AIRPORT, AR",,,,,"   85",",,S","    0",",,S","   36","H,,S"
"ARM00087852","2009-07-04","-46.517","-71.017","429.0","PERITO MORENO AIRPORT, AR",,,,,,,"   10",",,S","   80","H,,S"
"ARM00087852","2009-07-07","-46.517","-71.017","429.0","PERITO MORENO AIRPORT, AR",,,,,"   65",",,S","   14",",,S","   33","H,,S"
"ARM00087852","2009-07-08","-46.517","-71.017","429.0","PERITO MORENO AIRPORT, AR",,,,,,,"   13",",,S","   46","H,,S"
"ARM00087852","2009-07-09","-46.517","-71.017","429.0","PERITO MORENO AIRPORT, AR","    8",",,S","   10",",,S","   85",",,S",,,"   19","H,,S"
"ARM00087852","2009-07-10","-46.517","-71.017","429.0","PERITO MORENO AIRPORT, AR","    0",",,S",,,,,"  -88",",,S","   12","H,,S"
"ARM00087852","2009-07-11","-46.517","-71.017","429.0","PERITO MORENO AIRPORT, AR","    0",",,S",,,"  120",",,S","  -20",",,S","   99","H,,S"
"ARM00087852","2009-07-14","-46.517","-71.017","429.0","PERITO MORENO AIRPORT, AR",,,,,,,"   48",",,S","   75","H,,S"
"ARM00087852","2009-07-15","-46.517","-71.017","429.0","PERITO MORENO AIRPORT, AR",,,,,"  120",",,S","   28",",,S","   69","H,,S"
"ARM00087852","2009-07-16","-46.517","-71.017","429.0","PERITO MORENO AIRPORT, AR",,,,,,,"   55",",,S","   94","H,,S"
"ARM00087852","2009-07-17","-46.517","-71.017","429.0","PERITO MORENO AIRPORT, AR",,,,,"  143",",,S","    6",",,S","   66","H,,S"
"ARM00087852","2009-07-18","-46.517","-71.017","429.0","PERITO MORENO AIRPORT, AR",,,,,"  112",",,S","   -2",",,S","   28","H,,S"
"ARM00087852","2009-07-21","-46.517","-71.017","429.0","PERITO MORENO AIRPORT, AR","    0",",,S",,,"   83",",,S","  -20",",,S","    8","H,,S"
"ARM00087852","2009-07-22","-46.517","-71.017","429.0","PERITO MORENO AIRPORT, AR",,,,,"   31",",,S","  -90",",,S","  -19","H,,S"
"ARM00087852","2009-07-23","-46.517","-71.017","429.0","PERITO MORENO AIRPORT, AR",,,,,,,"  -82",",,S","   21","H,,S"
"ARM00087852","2009-07-24","-46.517","-71.017","429.0","PERITO MORENO AIRPORT, AR",,,,,,,"  -20",",,S","   66","H,,S"
"ARM00087852","2009-07-25","-46.517","-71.017","429.0","PERITO MORENO AIRPORT, AR",,,,,"  100",",,S","  -65",",,S","   32","H,,S"
"ARM00087852","2009-07-28","-46.517","-71.017","429.0","PERITO MORENO AIRPORT, AR",,,,,"   80",",,S","   15",",,S","   54","H,,S"
"ARM00087852","2009-07-29","-46.517","-71.017","429.0","PERITO MORENO AIRPORT, AR",,,,,"   82",",,S","  -75",",,S","   20","H,,S"
"ARM00087852","2009-07-30","-46.517","-71.017","429.0","PERITO MORENO AIRPORT, AR",,,,,"   80",",,S","  -92",",,S","  -10","H,,S"
"ARM00087852","2009-07-31","-46.517","-71.017","429.0","PERITO MORENO AIRPORT, AR",,,,,"   77",",,S","  -98",",,S","   -1","H,,S"
"ARM00087852","2009-08-01","-46.517","-71.017","429.0","PERITO MORENO AIRPORT, AR",,,,,,,"  -83",",,S","   63","H,,S"
"ARM00087852","2009-08-04","-46.517","-71.017","429.0","PERITO MORENO AIRPORT, AR",,,,,"  109",",,S","   18",",,S","   60","H,,S"
"ARM00087852","2009-08-05","-46.517","-71.017","429.0","PERITO MORENO AIRPORT, AR",,,,,"   90",",,S","  -53",",,S","   22","H,,S"
"ARM00087852","2009-08-06","-46.517","-71.017","429.0","PERITO MORENO AIRPORT, AR",,,,,"   84",",,S","  -55",",,S","   58","H,,S"
"ARM00087852","2009-08-07","-46.517","-71.017","429.0","PERITO MORENO AIRPORT, AR",,,,,"   90",",,S","   18",",,S","   59","H,,S"
"ARM00087852","2009-08-08","-46.517","-71.017","429.0","PERITO MORENO AIRPORT, AR",,,,,"   90",",,S","   32",",,S","   68","H,,S"
"ARM00087852","2009-08-11","-46.517","-71.017","429.0","PERITO MORENO AIRPORT, AR","   41",",,S","   10",",,S",,,"  -40",",,S","   27","H,,S"
"ARM00087852","2009-08-13","-46.517","-71.017","429.0","PERITO MORENO AIRPORT, AR",,,,,"   95",",,S",,,"   53","H,,S"
"ARM00087852","2009-08-14","-46.517","-71.017","429.0","PERITO MORENO AIRPORT, AR","    5",",,S","   10",",,S","   83",",,S","    0",",,S","   23","H,,S"
"ARM00087852","2009-08-15","-46.517","-71.017","429.0","PERITO MORENO AIRPORT, AR","   10",",,S",,,,,"  -10",",,S","   51","H,,S"
"ARM00087852","2009-08-18","-46.517","-71.017","429.0","PERITO MORENO AIRPORT, AR",,,,,"   75",",,S","  -40",",,S","   21","H,,S"
"ARM00087852","2009-08-19","-46.517","-71.017","429.0","PERITO MORENO AIRPORT, AR",,,,,"   76",",,S","  -40",",,S","   22","H,,S"
"ARM00087852","2009-08-20","-46.517","-71.017","429.0","PERITO MORENO AIRPORT, AR","    0",",,S",,,"   55",",,S","  -12",",,S","   12","H,,S"
"ARM00087852","2009-08-21","-46.517","-71.017","429.0","PERITO MORENO AIRPORT, AR","    0",",,S",,,,,"  -12",",,S","   37","H,,S"
"ARM00087852","2009-08-22","-46.517","-71.017","429.0","PERITO MORENO AIRPORT, AR",,,,,"   88",",,S","   22",",,S","   52","H,,S"
"ARM00087852","2009-08-25","-46.517","-71.017","429.0","PERITO MORENO AIRPORT, AR","    0",",,S",,,"   64",",,S","  -26",",,S","   18","H,,S"
"ARM00087852","2009-08-26","-46.517","-71.017","429.0","PERITO MORENO AIRPORT, AR","   51",",,S",,,,,"   -8",",,S","   57","H,,S"
"ARM00087852","2009-08-27","-46.517","-71.017","429.0","PERITO MORENO AIRPORT, AR","    0",",,S",,,"  114",",,S","    6",",,S","   64","H,,S"
"ARM00087852","2009-08-28","-46.517","-71.017","429.0","PERITO MORENO AIRPORT, AR","   79",",,S",,,,,"   30",",,S","   79","H,,S"
"ARM00087852","2009-08-29","-46.517","-71.017","429.0","PERITO MORENO AIRPORT, AR","    0",",,S",,,"  135",",,S","   14",",,S","   55","H,,S"
"ARM00087852","2009-09-01","-46.517","-71.017","429.0","PERITO MORENO AIRPORT, AR",,,,,,,"    7",",,S","   47","H,,S"
"ARM00087852","2009-09-02","-46.517","-71.017","429.0","PERITO MORENO AIRPORT, AR",,,,,"   95",",,S","  -24",",,S","   50","H,,S"
"ARM00087852","2009-09-03","-46.517","-71.017","429.0","PERITO MORENO AIRPORT, AR",,,,,"   96",",,S","  -21",",,S","   47","H,,S"
"ARM00087852","2009-09-04","-46.517","-71.017","429.0","PERITO MORENO AIRPORT, AR",,,,,"  105",",,S","    2",",,S","   60","H,,S"
"ARM00087852","2009-09-05","-46.517","-71.017","429.0","PERITO MORENO AIRPORT, AR",,,,,,,"  -12",",,S","   61","H,,S"
"ARM00087852","2009-09-06","-46.517","-71.017","429.0","PERITO MORENO AIRPORT, AR","    5",",,S",,,"  125",",,S","  -11",",,S","   25","H,,S"
"ARM00087852","2009-09-08","-46.517","-71.017","429.0","PERITO MORENO AIRPORT, AR",,,,,,,"  -60",",,S","   40","H,,S"
"ARM00087852","2009-09-09","-46.517","-71.017","429.0","PERITO MORENO AIRPORT, AR",,,,,,,"   22",",,S","   73","H,,S"
"ARM00087852","2009-09-10","-46.517","-71.017","429.0","PERITO MORENO AIRPORT, AR",,,,,,,"   50",",,S","   87","H,,S"
"ARM00087852","2009-09-11","-46.517","-71.017","429.0","PERITO MORENO AIRPORT, AR",,,,,,,"   58",",,S","  118","H,,S"
"ARM00087852","2009-09-12","-46.517","-71.017","429.0","PERITO MORENO AIRPORT, AR",,,,,"  165",",,S","   86",",,S","  118","H,,S"
"ARM00087852","2009-09-15","-46.517","-71.017","429.0","PERITO MORENO AIRPORT, AR",,,,,,,"   16",",,S","   82","H,,S"
"ARM00087852","2009-09-16","-46.517","-71.017","429.0","PERITO MORENO AIRPORT, AR",,,,,,,"   37",",,S","   95","H,,S"
"ARM00087852","2009-09-17","-46.517","-71.017","429.0","PERITO MORENO AIRPORT, AR",,,,,"  138",",,S","   59",",,S","  104","H,,S"
"ARM00087852","2009-09-18","-46.517","-71.017","429.0","PERITO MORENO AIRPORT, AR",,,,,"  140",",,S","   34",",,S","   96","H,,S"
"ARM00087852","2009-09-19","-46.517","-71.017","429.0","PERITO MORENO AIRPORT, AR",,,,,"  136",",,S","   50",",,S","   91","H,,S"
"ARM00087852","2009-09-22","-46.517","-71.017","429.0","PERITO MORENO AIRPORT, AR",,,,,,,"   10",",,S","   89","H,,S"
"ARM00087852","2009-09-24","-46.517","-71.017","429.0","PERITO MORENO AIRPORT, AR",,,,,"  130",",,S","   39",",,S","   93","H,,S"
"ARM00087852","2009-09-26","-46.517","-71.017","429.0","PERITO MORENO AIRPORT, AR",,,,,,,"  -40",",,S","   39","H,,S"
"ARM00087852","2009-09-29","-46.517","-71.017","429.0","PERITO MORENO AIRPORT, AR",,,,,,,"   20",",,S","  115","H,,S"
"ARM00087852","2009-09-30","-46.517","-71.017","429.0","PERITO MORENO AIRPORT, AR",,,,,"  205",",,S","   28",",,S","  132","H,,S"
"ARM00087852","2009-10-01","-46.517","-71.017","429.0","PERITO MORENO AIRPORT, AR",,,,,"  192",",,S","   52",",,S","  111","H,,S"
"ARM00087852","2009-10-02","-46.517","-71.017","429.0","PERITO MORENO AIRPORT, AR",,,,,"  140",",,S","   30",",,S","   84","H,,S"
"ARM00087852","2009-10-03","-46.517","-71.017","429.0","PERITO MORENO AIRPORT, AR",,,,,,,"   30",",,S","   91","H,,S"
"ARM00087852","2009-10-07","-46.517","-71.017","429.0","PERITO MORENO AIRPORT, AR",,,,,,,"  -40",",,S","   77","H,,S"
"ARM00087852","2009-10-08","-46.517","-71.017","429.0","PERITO MORENO AIRPORT, AR",,,,,,,"   13",",,S","  117","H,,S"
"ARM00087852","2009-10-09","-46.517","-71.017","429.0","PERITO MORENO AIRPORT, AR",,,,,"  173",",,S","   65",",,S","  127","H,,S"
"ARM00087852","2009-10-13","-46.517","-71.017","429.0","PERITO MORENO AIRPORT, AR","    0",",,S",,,"   90",",,S","   15",",,S","   47","H,,S"
"ARM00087852","2009-10-14","-46.517","-71.017","429.0","PERITO MORENO AIRPORT, AR",,,,,,,"   29",",,S","   92","H,,S"
"ARM00087852","2009-10-15","-46.517","-71.017","429.0","PERITO MORENO AIRPORT, AR",,,,,,,"   26",",,S","  116","H,,S"
"ARM00087852","2009-10-16","-46.517","-71.017","429.0","PERITO MORENO AIRPORT, AR",,,,,"  185",",,S","   47",",,S","  134","H,,S"
"ARM00087852","2009-10-17","-46.517","-71.017","429.0","PERITO MORENO AIRPORT, AR",,,,,"  179",",,S","    5",",,S","  114","H,,S"
"ARM00087852","2009-10-20","-46.517","-71.017","429.0","PERITO MORENO AIRPORT, AR",,,,,,,"   45",",,S","   83","H,,S"
"ARM00087852","2009-10-21","-46.517","-71.017","429.0","PERITO MORENO AIRPORT, AR",,,,,,,"   51",",,S","   93","H,,S"
"ARM00087852","2009-10-22","-46.517","-71.017","429.0","PERITO MORENO AIRPORT, AR","    5",",,S",,,"  142",",,S","   45",",,S","  101","H,,S"
"ARM00087852","2009-10-24","-46.517","-71.017","429.0","PERITO MORENO AIRPORT, AR",,,,,,,"    0",",,S","   77","H,,S"
"ARM00087852","2009-10-27","-46.517","-71.017","429.0","PERITO MORENO AIRPORT, AR","    0",",,S",,,"  155",",,S","   35",",,S","   92","H,,S"
"ARM00087852","2009-10-28","-46.517","-71.017","429.0","PERITO MORENO AIRPORT, AR","    5",",,S",,,,,"    5",",,S","   92","H,,S"
"ARM00087852","2009-10-29","-46.517","-71.017","429.0","PERITO MORENO AIRPORT, AR","    0",",,S",,,"  134",",,S","   14",",,S","   93","H,,S"
"ARM00087852","2009-11-03","-46.517","-71.017","429.0","PERITO MORENO AIRPORT, AR",,,,,"  160",",,S","   46",",,S","  100","H,,S"
"ARM00087852","2009-11-04","-46.517","-71.017","429.0","PERITO MORENO AIRPORT, AR",,,,,"  135",",,S","   28",",,S","   64","H,,S"
"ARM00087852","2009-11-06","-46.517","-71.017","429.0","PERITO MORENO AIRPORT, AR",,,,,"   95",",,S","  -22",",,S","   64","H,,S"
"ARM00087852","2009-11-07","-46.517","-71.017","429.0","PERITO MORENO AIRPORT, AR",,,,,,,"  -12",",,S","   83","H,,S"
"ARM00087852","2009-11-10","-46.517","-71.017","429.0","PERITO MORENO AIRPORT, AR",,,,,,,"   46",",,S","  111","H,,S"
"ARM00087852","2009-11-11","-46.517","-71.017","429.0","PERITO MORENO AIRPORT, AR",,,,,,,"   84",",,S","  132","H,,S"
"ARM00087852","2009-11-12","-46.517","-71.017","429.0","PERITO MORENO AIRPORT, AR",,,,,"  182",",,S","   76",",,S","  134","H,,S"
"ARM00087852","2009-11-13","-46.517","-71.017","429.0","PERITO MORENO AIRPORT, AR",,,,,"  175",",,S","   62",",,S","  124","H,,S"
"ARM00087852","2009-11-14","-46.517","-71.017","429.0","PERITO MORENO AIRPORT, AR",,,,,"  165",",,S","   63",",,S","  125","H,,S"
"ARM00087852","2009-11-17","-46.517","-71.017","429.0","PERITO MORENO AIRPORT, AR","   20",",,S",,,"  130",",,S","   48",",,S","   94","H,,S"
"ARM00087852","2009-11-18","-46.517","-71.017","429.0","PERITO MORENO AIRPORT, AR","    0",",,S",,,,,"   18",",,S","  114","H,,S"
"ARM00087852","2009-11-19","-46.517","-71.017","429.0","PERITO MORENO AIRPORT, AR",,,,,"  148",",,S","   50",",,S","  113","H,,S"
"ARM00087852","2009-11-20","-46.517","-71.017","429.0","PERITO MORENO AIRPORT, AR",,,,,"  145",",,S","   26",",,S","   77","H,,S"
"ARM00087852","2009-11-21","-46.517","-71.017","429.0","PERITO MORENO AIRPORT, AR",,,,,,,"   28",",,S","   84","H,,S"
"ARM00087852","2009-11-24","-46.517","-71.017","429.0","PERITO MORENO AIRPORT, AR",,,,,,,"   13",",,S","  148","H,,S"
"ARM00087852","2009-11-25","-46.517","-71.017","429.0","PERITO MORENO AIRPORT, AR",,,,,"  205",",,S","   88",",,S","  146","H,,S"
"ARM00087852","2009-11-26","-46.517","-71.017","429.0","PERITO MORENO AIRPORT, AR",,,,,"  175",",,S","   79",",,S","  141","H,,S"
"ARM00087852","2009-11-27","-46.517","-71.017","429.0","PERITO MORENO AIRPORT, AR",,,,,"  185",",,S","   88",",,S","  147","H,,S"
"ARM00087852","2009-11-28","-46.517","-71.017","429.0","PERITO MORENO AIRPORT, AR",,,,,"  180",",,S","   73",",,S","  123","H,,S"
"ARM00087852","2009-12-02","-46.517","-71.017","429.0","PERITO MORENO AIRPORT, AR",,,,,,,"   30",",,S","   99","H,,S"
"ARM00087852","2009-12-04","-46.517","-71.017","429.0","PERITO MORENO AIRPORT, AR",,,,,"  200",",,S","   56",",,S","  151","H,,S"
"ARM00087852","2009-12-05","-46.517","-71.017","429.0","PERITO MORENO AIRPORT, AR","    5",",,S",,,,,"   58",",,S","  177","H,,S"
"ARM00087852","2009-12-08","-46.517","-71.017","429.0","PERITO MORENO AIRPORT, AR",,,,,"  258",",,S","   76",",,S","  226","H,,S"
"ARM00087852","2009-12-09","-46.517","-71.017","429.0","PERITO MORENO AIRPORT, AR",,,,,"  275",",,S","  108",",,S","  175","H,,S"
"ARM00087852","2009-12-10","-46.517","-71.017","429.0","PERITO MORENO AIRPORT, AR",,,,,,,"   86",",,S","  173","H,,S"
"ARM00087852","2009-12-11","-46.517","-71.017","429.0","PERITO MORENO AIRPORT, AR",,,,,,,"   58",",,S","  182","H,,S"
"ARM00087852","2009-12-12","-46.517","-71.017","429.0","PERITO MORENO AIRPORT, AR",,,,,"  245",",,S","  134",",,S","  178","H,,S"
"ARM00087852","2009-12-15","-46.517","-71.017","429.0","PERITO MORENO AIRPORT, AR",,,,,,,"   90",",,S","  161","H,,S"
"ARM00087852","2009-12-16","-46.517","-71.017","429.0","PERITO MORENO AIRPORT, AR",,,,,"  230",",,S","   93",",,S","  184","H,,S"
"ARM00087852","2009-12-17","-46.517","-71.017","429.0","PERITO MORENO AIRPORT, AR",,,,,"  220",",,S","   88",",,S","  148","H,,S"
"ARM00087852","2009-12-18","-46.517","-71.017","429.0","PERITO MORENO AIRPORT, AR","    0",",,S",,,"  175",",,S","   57",",,S","  139","H,,S"
"ARM00087852","2009-12-19","-46.517","-71.017","429.0","PERITO MORENO AIRPORT, AR",,,,,"  170",",,S","   83",",,S","  143","H,,S"
"ARM00087852","2009-12-22","-46.517","-71.017","429.0","PERITO MORENO AIRPORT, AR",,,,,"  180",",,S","   73",",,S","  141","H,,S"
"ARM00087852","2009-12-23","-46.517","-71.017","429.0","PERITO MORENO AIRPORT, AR","   71",",,S",,,"  185",",,S","   48",",,S","   99","H,,S"
"ARM00087852","2009-12-24","-46.517","-71.017","429.0","PERITO MORENO AIRPORT, AR","    5",",,S",,,,,"   48",",,S","  113","H,,S"
"ARM00087852","2009-12-26","-46.517","-71.017","429.0","PERITO MORENO AIRPORT, AR",,,,,"  165",",,S","   56",",,S","  110","H,,S"
"ARM00087852","2009-12-29","-46.517","-71.017","429.0","PERITO MORENO AIRPORT, AR",,,,,,,"   48",",,S","  111","H,,S"
"ARM00087852","2009-12-30","-46.517","-71.017","429.0","PERITO MORENO AIRPORT, AR",,,,,"  160",",,S","   48",",,S","  113","H,,S"
"ARM00087852","2009-12-31","-46.517","-71.017","429.0","PERITO MORENO AIRPORT, AR",,,,,,,"   63",",,S","  138","H,,S"
"ARM00087852","2010-01-01","-46.517","-71.017","429.0","PERITO MORENO AIRPORT, AR",,,,,"  180",",,S","   86",",,S","  144","H,,S"
"ARM00087852","2010-01-02","-46.517","-71.017","429.0","PERITO MORENO AIRPORT, AR",,,,,,,"  113",",,S","  187","H,,S"
"ARM00087852","2010-01-05","-46.517","-71.017","429.0","PERITO MORENO AIRPORT, AR",,,,,"  190",",,S","   59",",,S","  128","H,,S"
"ARM00087852","2010-01-06","-46.517","-71.017","429.0","PERITO MORENO AIRPORT, AR",,,,,,,"   76",",,S","  130","H,,S"
"ARM00087852","2010-01-07","-46.517","-71.017","429.0","PERITO MORENO AIRPORT, AR",,,,,,,"   78",",,S","  147","H,,S"
"ARM00087852","2010-01-09","-46.517","-71.017","429.0","PERITO MORENO AIRPORT, AR","   30",",,S",,,"  165",",,S","   57",",,S","  112","H,,S"
"ARM00087852","2010-01-11","-46.517","-71.017","429.0","PERITO MORENO AIRPORT, AR","    8",",,S",,,,,"   68",",,S","  122","H,,S"
"ARM00087852","2010-01-12","-46.517","-71.017","429.0","PERITO MORENO AIRPORT, AR","    0",",,S",,,"  165",",,S","   66",",,S","  120","H,,S"
"ARM00087852","2010-01-13","-46.517","-71.017","429.0","PERITO MORENO AIRPORT, AR",,,,,,,"   88",",,S","  140","H,,S"
"ARM00087852","2010-01-14","-46.517","-71.017","429.0","PERITO MORENO AIRPORT, AR",,,,,,,"   98",",,S","  177","H,,S"
"ARM00087852","2010-01-16","-46.517","-71.017","429.0","PERITO MORENO AIRPORT, AR",,,,,"  219",",,S","  125",",,S","  188","H,,S"
"ARM00087852","2010-01-19","-46.517","-71.017","429.0","PERITO MORENO AIRPORT, AR",,,,,,,"   95",",,S","  161","H,,S"
"ARM00087852","2010-01-22","-46.517","-71.017","429.0","PERITO MORENO AIRPORT, AR",,,,,"  205",",,S","  116",",,S","  177","H,,S"
"ARM00087852","2010-01-23","-46.517","-71.017","429.0","PERITO MORENO AIRPORT, AR",,,,,"  215",",,S","  123",",,S","  185","H,,S"
"ARM00087852","2010-01-28","-46.517","-71.017","429.0","PERITO MORENO AIRPORT, AR","   51",",,S",,,"  200",",,S","   93",",,S","  137","H,,S"
"ARM00087852","2010-01-29","-46.517","-71.017","429.0","PERITO MORENO AIRPORT, AR","    0",",,S",,,"  165",",,S","   48",",,S","  105","H,,S"
"ARM00087852","2010-02-03","-46.517","-71.017","429.0","PERITO MORENO AIRPORT, AR","  180",",,S",,,"  146",",,S","   38",",,S","   81","H,,S"
"ARM00087852","2010-02-05","-46.517","-71.017","429.0","PERITO MORENO AIRPORT, AR",,,,,"  170",",,S","   63",",,S","  137","H,,S"
"ARM00087852","2010-02-06","-46.517","-71.017","429.0","PERITO MORENO AIRPORT, AR",,,,,,,"   94",",,S","  157","H,,S"
"ARM00087852","2010-02-08","-46.517","-71.017","429.0","PERITO MORENO AIRPORT, AR",,,,,,,"   88",",,S","  193","H,,S"
"ARM00087852","2010-02-09","-46.517","-71.017","429.0","PERITO MORENO AIRPORT, AR","   41",",,S",,,"  222",",,S","   68",",,S","  128","H,,S"
"ARM00087852","2010-02-10","-46.517","-71.017","429.0","PERITO MORENO AIRPORT, AR","    0",",,S",,,,,"   58",",,S","  114","H,,S"
"ARM00087852","2010-02-11","-46.517","-71.017","429.0","PERITO MORENO AIRPORT, AR",,,,,,,"   90",",,S","  140","H,,S"
"ARM00087852","2010-02-13","-46.517","-71.017","429.0","PERITO MORENO AIRPORT, AR","   41",",,S",,,"  147",",,S","   58",",,S","  108","H,,S"
"ARM00087852","2010-02-16","-46.517","-71.017","429.0","PERITO MORENO AIRPORT, AR",,,,,,,"   48",",,S","  138","H,,S"
"ARM00087852","2010-02-17","-46.517","-71.017","429.0","PERITO MORENO AIRPORT, AR","   61",",,S",,,"  220",",,S","   88",",,S","  125","H,,S"
"ARM00087852","2010-02-18","-46.517","-71.017","429.0","PERITO MORENO AIRPORT, AR","   71",",,S",,,"  166",",,S","   70",",,S","  129","H,,S"
"ARM00087852","2010-02-19","-46.517","-71.017","429.0","PERITO MORENO AIRPORT, AR","    0",",,S",,,"  190",",,S","   70",",,S","  140","H,,S"
"ARM00087852","2010-02-20","-46.517","-71.017","429.0","PERITO MORENO AIRPORT, AR","    0",",,S",,,"  180",",,S","   78",",,S","  146","H,,S"
"ARM00087852","2010-02-23","-46.517","-71.017","429.0","PERITO MORENO AIRPORT, AR",,,,,,,"   63",",,S","  133","H,,S"
"ARM00087852","2010-02-24","-46.517","-71.017","429.0","PERITO MORENO AIRPORT, AR",,,,,"  195",",,S","   44",",,S","  153","H,,S"
"ARM00087852","2010-02-25","-46.517","-71.017","429.0","PERITO MORENO AIRPORT, AR",,,,,"  224",",,S","   68",",,S","  178","H,,S"
"ARM00087852","2010-02-26","-46.517","-71.017","429.0","PERITO MORENO AIRPORT, AR",,,,,"  244",",,S","  118",",,S","  196","H,,S"
"ARM00087852","2010-02-27","-46.517","-71.017","429.0","PERITO MORENO AIRPORT, AR",,,,,"  235",",,S","   78",",,S","  181","H,,S"
"ARM00087852","2010-03-02","-46.517","-71.017","429.0","PERITO MORENO AIRPORT, AR",,,,,"  285",",,S","   80",",,S","  190","H,,S"
"ARM00087852","2010-03-03","-46.517","-71.017","429.0","PERITO MORENO AIRPORT, AR",,,,,"  243",",,S","   73",",,S","  177","H,,S"
"ARM00087852","2010-03-04","-46.517","-71.017","429.0","PERITO MORENO AIRPORT, AR",,,,,"  260",",,S","   88",",,S","  184","H,,S"
"ARM00087852","2010-03-05","-46.517","-71.017","429.0","PERITO MORENO AIRPORT, AR",,,,,"  282",",,S","  118",",,S","  179","H,,S"
"ARM00087852","2010-03-06","-46.517","-71.017","429.0","PERITO MORENO AIRPORT, AR",,,,,,,"   63",",,S","  177","H,,S"
"ARM00087852","2010-03-09","-46.517","-71.017","429.0","PERITO MORENO AIRPORT, AR",,,,,"  192",",,S","   68",",,S","  148","H,,S"
"ARM00087852","2010-03-10","-46.517","-71.017","429.0","PERITO MORENO AIRPORT, AR",,,,,"  196",",,S","  112",",,S","  162","H,,S"
"ARM00087852","2010-03-11","-46.517","-71.017","429.0","PERITO MORENO AIRPORT, AR",,,,,"  205",",,S","   73",",,S","  146","H,,S"
"ARM00087852","2010-03-12","-46.517","-71.017","429.0","PERITO MORENO AIRPORT, AR",,,,,"  195",",,S","   83",",,S","  129","H,,S"
"ARM00087852","2010-03-13","-46.517","-71.017","429.0","PERITO MORENO AIRPORT, AR",,,,,"  175",",,S","   90",",,S","  125","H,,S"
"ARM00087852","2010-03-16","-46.517","-71.017","429.0","PERITO MORENO AIRPORT, AR",,,,,,,"   93",",,S","  164","H,,S"
"ARM00087852","2010-03-17","-46.517","-71.017","429.0","PERITO MORENO AIRPORT, AR",,,,,"  222",",,S","  118",",,S","  166","H,,S"
"ARM00087852","2010-03-19","-46.517","-71.017","429.0","PERITO MORENO AIRPORT, AR","   30",",,S",,,"  185",",,S","   43",",,S","  130","H,,S"
"ARM00087852","2010-03-20","-46.517","-71.017","429.0","PERITO MORENO AIRPORT, AR","    0",",,S",,,,,"   68",",,S","  148","H,,S"
"ARM00087852","2010-03-23","-46.517","-71.017","429.0","PERITO MORENO AIRPORT, AR",,,,,"  165",",,S","   68",",,S","  123","H,,S"
"ARM00087852","2010-03-24","-46.517","-71.017","429.0","PERITO MORENO AIRPORT, AR",,,,,,,"   48",",,S","  129","H,,S"
"ARM00087852","2010-03-25","-46.517","-71.017","429.0","PERITO MORENO AIRPORT, AR",,,,,"  176",",,S","   82",",,S","  151","H,,S"
"ARM00087852","2010-03-26","-46.517","-71.017","429.0","PERITO MORENO AIRPORT, AR",,,,,,,"   58",",,S","  143","H,,S"
"ARM00087852","2010-03-27","-46.517","-71.017","429.0","PERITO MORENO AIRPORT, AR",,,,,"  200",",,S","   60",",,S","  149","H,,S"
"ARM00087852","2010-03-30","-46.517","-71.017","429.0","PERITO MORENO AIRPORT, AR",,,,,"  185",",,S","   70",",,S","  148","H,,S"
"ARM00087852","2010-03-31","-46.517","-71.017","429.0","PERITO MORENO AIRPORT, AR",,,,,"  190",",,S","   58",",,S","  134","H,,S"
"ARM00087852","2010-04-01","-46.517","-71.017","429.0","PERITO MORENO AIRPORT, AR",,,,,"  170",",,S","   78",",,S","  111","H,,S"
"ARM00087852","2010-04-02","-46.517","-71.017","429.0","PERITO MORENO AIRPORT, AR",,,,,"  132",",,S","   31",",,S","   99","H,,S"
"ARM00087852","2010-04-03","-46.517","-71.017","429.0","PERITO MORENO AIRPORT, AR",,,,,"  155",",,S","  -30",",,S","   61","H,,S"
"ARM00087852","2010-04-06","-46.517","-71.017","429.0","PERITO MORENO AIRPORT, AR",,,,,"  188",",,S","    8",",,S","  129","H,,S"
"ARM00087852","2010-04-07","-46.517","-71.017","429.0","PERITO MORENO AIRPORT, AR",,,,,,,"  -17",",,S","  101","H,,S"
"ARM00087852","2010-04-08","-46.517","-71.017","429.0","PERITO MORENO AIRPORT, AR",,,,,"  195",",,S","    0",",,S","  108","H,,S"
"ARM00087852","2010-04-09","-46.517","-71.017","429.0","PERITO MORENO AIRPORT, AR",,,,,,,"   20",",,S","  134","H,,S"
"ARM00087852","2010-04-10","-46.517","-71.017","429.0","PERITO MORENO AIRPORT, AR",,,,,"  225",",,S","   26",",,S","  130","H,,S"
"ARM00087852","2010-04-13","-46.517","-71.017","429.0","PERITO MORENO AIRPORT, AR","    0",",,S",,,"  140",",,S","  -20",",,S","   81","H,,S"
"ARM00087852","2010-04-15","-46.517","-71.017","429.0","PERITO MORENO AIRPORT, AR",,,,,,,"   85",",,S","  139","H,,S"
"ARM00087852","2010-04-16","-46.517","-71.017","429.0","PERITO MORENO AIRPORT, AR",,,,,"  185",",,S","   70",",,S","  126","H,,S"
"ARM00087852","2010-04-17","-46.517","-71.017","429.0","PERITO MORENO AIRPORT, AR",,,,,"  152",",,S","   27",",,S","   74","H,,S"
"ARM00087852","2010-04-20","-46.517","-71.017","429.0","PERITO MORENO AIRPORT, AR",,,,,,,"   17",",,S","   68","H,,S"
"ARM00087852","2010-04-21","-46.517","-71.017","429.0","PERITO MORENO AIRPORT, AR",,,,,"  110",",,S","  -14",",,S","   50","H,,S"
"ARM00087852","2010-04-22","-46.517","-71.017","429.0","PERITO MORENO AIRPORT, AR",,,,,"   92",",,S","  -92",",,S","   14","H,,S"
"ARM00087852","2010-04-23","-46.517","-71.017","429.0","PERITO MORENO AIRPORT, AR",,,,,,,,,"   85","H,,S"
"ARM00087852","2010-04-24","-46.517","-71.017","429.0","PERITO MORENO AIRPORT, AR",,,,,,,"   29",",,S","   95","H,,S"
"ARM00087852","2010-04-27","-46.517","-71.017","429.0","PERITO MORENO AIRPORT, AR",,,,,"  145",",,S","   87",",,S","  117","H,,S"
"ARM00087852","2010-04-28","-46.517","-71.017","429.0","PERITO MORENO AIRPORT, AR",,,,,"  145",",,S","   77",",,S","  109","H,,S"
"ARM00087852","2010-04-29","-46.517","-71.017","429.0","PERITO MORENO AIRPORT, AR",,,,,,,"   62",",,S","  122","H,,S"
"ARM00087852","2010-04-30","-46.517","-71.017","429.0","PERITO MORENO AIRPORT, AR",,,,,,,"  100",",,S","  159","H,,S"
"ARM00087852","2010-05-01","-46.517","-71.017","429.0","PERITO MORENO AIRPORT, AR",,,,,"  185",",,S",,,"  149","H,,S"
"ARM00087852","2010-05-04","-46.517","-71.017","429.0","PERITO MORENO AIRPORT, AR",,,,,"  115",",,S","   40",",,S","   84","H,,S"
"ARM00087852","2010-05-05","-46.517","-71.017","429.0","PERITO MORENO AIRPORT, AR",,,,,"  110",",,S","    5",",,S","   62","H,,S"
"ARM00087852","2010-05-06","-46.517","-71.017","429.0","PERITO MORENO AIRPORT, AR",,,,,,,"   20",",,S","   71","H,,S"
"ARM00087852","2010-05-08","-46.517","-71.017","429.0","PERITO MORENO AIRPORT, AR",,,,,,,"   82",",,S","  125","H,,S"
"ARM00087852","2010-05-11","-46.517","-71.017","429.0","PERITO MORENO AIRPORT, AR",,,,,"  125",",,S","  -48",",,S","   58","H,,S"
"ARM00087852","2010-05-13","-46.517","-71.017","429.0","PERITO MORENO AIRPORT, AR",,,,,"  108",",,S","   30",",,S","   73","H,,S"
"ARM00087852","2010-05-14","-46.517","-71.017","429.0","PERITO MORENO AIRPORT, AR",,,,,"  128",",,S","   19",",,S","   56","H,,S"
"ARM00087852","2010-05-15","-46.517","-71.017","429.0","PERITO MORENO AIRPORT, AR",,,,,"   87",",,S","  -66",",,S","   21","H,,S"
"ARM00087852","2010-05-18","-46.517","-71.017","429.0","PERITO MORENO AIRPORT, AR","   30",",,S",,,"  138",",,S","   35",",,S","   90","H,,S"
"ARM00087852","2010-05-20","-46.517","-71.017","429.0","PERITO MORENO AIRPORT, AR",,,,,,,"    2",",,S","   79","H,,S"
"ARM00087852","2010-05-21","-46.517","-71.017","429.0","PERITO MORENO AIRPORT, AR",,,,,"  115",",,S","   12",",,S","   72","H,,S"
"ARM00087852","2010-05-22","-46.517","-71.017","429.0","PERITO MORENO AIRPORT, AR",,,,,"  124",",,S","   20",",,S","   51","H,,S"
"ARM00087852","2010-05-25","-46.517","-71.017","429.0","PERITO MORENO AIRPORT, AR",,,,,"  102",",,S","  -54",",,S","   16","H,,S"
"ARM00087852","2010-05-26","-46.517","-71.017","429.0","PERITO MORENO AIRPORT, AR",,,,,"   65",",,S"," -100",",,S","  -26","H,,S"
"ARM00087852","2010-05-27","-46.517","-71.017","429.0","PERITO MORENO AIRPORT, AR",,,,,"   42",",,S"," -130",",,S","  -42","H,,S"
"ARM00087852","2010-05-28","-46.517","-71.017","429.0","PERITO MORENO AIRPORT, AR",,,,,,,,,"   63","H,,S"
"ARM00087852","2010-05-29","-46.517","-71.017","429.0","PERITO MORENO AIRPORT, AR",,,,,"  122",",,S","  -15",",,S","   56","H,,S"
"ARM00087852","2010-06-01","-46.517","-71.017","429.0","PERITO MORENO AIRPORT, AR",,,,,"  130",",,S","   20",",,S","   98","H,,S"
"ARM00087852","2010-06-02","-46.517","-71.017","429.0","PERITO MORENO AIRPORT, AR",,,,,"  130",",,S","   -8",",,S","   56","H,,S"
"ARM00087852","2010-06-03","-46.517","-71.017","429.0","PERITO MORENO AIRPORT, AR",,,,,"   98",",,S","  -12",",,S","   61","H,,S"
"ARM00087852","2010-06-04","-46.517","-71.017","429.0","PERITO MORENO AIRPORT, AR",,,,,,,"   16",",,S","   87","H,,S"
"ARM00087852","2010-06-05","-46.517","-71.017","429.0","PERITO MORENO AIRPORT, AR",,,,,"  142",",,S","   43",",,S","   78","H,,S"
"ARM00087852","2010-06-08","-46.517","-71.017","429.0","PERITO MORENO AIRPORT, AR",,,,,"   67",",,S"," -102",",,S","  -11","H,,S"
"ARM00087852","2010-06-09","-46.517","-71.017","429.0","PERITO MORENO AIRPORT, AR",,,,,"   75",",,S"," -102",",,S","  -10","H,,S"
"ARM00087852","2010-06-10","-46.517","-71.017","429.0","PERITO MORENO AIRPORT, AR",,,,,,," -102",",,S","  -13","H,,S"
"ARM00087852","2010-06-11","-46.517","-71.017","429.0","PERITO MORENO AIRPORT, AR",,,,,,,"  -83",",,S","   26","H,,S"
"ARM00087852","2010-06-12","-46.517","-71.017","429.0","PERITO MORENO AIRPORT, AR","    0",",,S",,,,,"  -40",",,S","  101","H,,S"
"ARM00087852","2010-06-15","-46.517","-71.017","429.0","PERITO MORENO AIRPORT, AR","   61",",,S","   10",",,S","   45",",,S","  -20",",,S","   -9","H,,S"
"ARM00087852","2010-06-16","-46.517","-71.017","429.0","PERITO MORENO AIRPORT, AR","    0",",,S",,,,,"  -38",",,S","  -14","H,,S"
"ARM00087852","2010-06-17","-46.517","-71.017","429.0","PERITO MORENO AIRPORT, AR",,,,,"   14",",,S","  -52",",,S","  -11","H,,S"
"ARM00087852","2010-06-18","-46.517","-71.017","429.0","PERITO MORENO AIRPORT, AR",,,,,,," -112",",,S","  -23","H,,S"
"ARM00087852","2010-06-19","-46.517","-71.017","429.0","PERITO MORENO AIRPORT, AR",,,,,,,"  -97",",,S","    7","H,,S"
"ARM00087852","2010-06-23","-46.517","-71.017","429.0","PERITO MORENO AIRPORT, AR","   10",",,S",,,"   70",",,S","  -22",",,S","   58","H,,S"
"ARM00087852","2010-06-24","-46.517","-71.017","429.0","PERITO MORENO AIRPORT, AR","    0",",,S",,,"   74",",,S","   -7",",,S","   33","H,,S"
"ARM00087852","2010-06-25","-46.517","-71.017","429.0","PERITO MORENO AIRPORT, AR","    0",",,S",,,,,"   18",",,S","   52","H,,S"
"ARM00087852","2010-06-26","-46.517","-71.017","429.0","PERITO MORENO AIRPORT, AR",,,,,,,"   18",",,S","   60","H,,S"
"ARM00087852","2010-06-29","-46.517","-71.017","429.0","PERITO MORENO AIRPORT, AR","  399",",,S",,,"   90",",,S","   30",",,S","   54","H,,S"
"ARM00087852","2010-06-30","-46.517","-71.017","429.0","PERITO MORENO AIRPORT, AR","    0",",,S",,,"   60",",,S","   18",",,S","   39","H,,S"
"ARM00087852","2010-07-01","-46.517","-71.017","429.0","PERITO MORENO AIRPORT, AR","   10",",,S",,,,,"  -17",",,S","   34","H,,S"
"ARM00087852","2010-07-02","-46.517","-71.017","429.0","PERITO MORENO AIRPORT, AR","    0",",,S",,,,,"    8",",,S","   60","H,,S"
"ARM00087852","2010-07-03","-46.517","-71.017","429.0","PERITO MORENO AIRPORT, AR",,,,,"  105",",,S","   16",",,S","   39","H,,S"
"ARM00087852","2010-07-06","-46.517","-71.017","429.0","PERITO MORENO AIRPORT, AR",,,,,"   18",",,S","  -86",",,S","   -2","H,,S"
"ARM00087852","2010-07-08","-46.517","-71.017","429.0","PERITO MORENO AIRPORT, AR","   10",",,S",,,"   42",",,S","  -47",",,S","    9","H,,S"
"ARM00087852","2010-07-09","-46.517","-71.017","429.0","PERITO MORENO AIRPORT, AR","    0",",,S",,,,,"  -26",",,S","   30","H,,S"
"ARM00087852","2010-07-10","-46.517","-71.017","429.0","PERITO MORENO AIRPORT, AR","  160",",,S","  150",",,S","   50",",,S","   -2",",,S","    7","H,,S"
"ARM00087852","2010-07-15","-46.517","-71.017","429.0","PERITO MORENO AIRPORT, AR",,,"   51",",,S","   38",",,S","  -92",",,S","  -21","H,,S"
"ARM00087852","2010-07-16","-46.517","-71.017","429.0","PERITO MORENO AIRPORT, AR",,,"   41",",,S","   25",",,S","  -97",",,S","  -21","H,,S"
"ARM00087852","2010-07-17","-46.517","-71.017","429.0","PERITO MORENO AIRPORT, AR",,,"   41",",,S",,,"  -44",",,S","   11","H,,S"
"ARM00087852","2010-07-22","-46.517","-71.017","429.0","PERITO MORENO AIRPORT, AR",,,"   41",",,S",,,"  -52",",,S","   39","H,,S"
"ARM00087852","2010-07-23","-46.517","-71.017","429.0","PERITO MORENO AIRPORT, AR","    5",",,S",,,"   70",",,S","  -17",",,S","   17","H,,S"
"ARM00087852","2010-07-24","-46.517","-71.017","429.0","PERITO MORENO AIRPORT, AR","    0",",,S",,,,,"  -12",",,S","   19","H,,S"
"ARM00087852","2010-07-27","-46.517","-71.017","429.0","PERITO MORENO AIRPORT, AR",,,,,"   97",",,S","   18",",,S","   53","H,,S"
"ARM00087852","2010-07-28","-46.517","-71.017","429.0","PERITO MORENO AIRPORT, AR","    0",",,S",,,,,"    6",",,S","   57","H,,S"
"ARM00087852","2010-07-29","-46.517","-71.017","429.0","PERITO MORENO AIRPORT, AR",,,,,"  101",",,S","  -12",",,S","   24","H,,S"
"ARM00087852","2010-07-30","-46.517","-71.017","429.0","PERITO MORENO AIRPORT, AR","   51",",,S","   10",",,S","   60",",,S","  -42",",,S","  -14","H,,S"
"ARM00087852","2010-07-31","-46.517","-71.017","429.0","PERITO MORENO AIRPORT, AR","    5",",,S",,,,,"  -72",",,S","  -21","H,,S"
"ARM00087852","2010-08-03","-46.517","-71.017","429.0","PERITO MORENO AIRPORT, AR",,,,,"   49",",,S","  -92",",,S","  -13","H,,S"
"ARM00087852","2010-08-04","-46.517","-71.017","429.0","PERITO MORENO AIRPORT, AR",,,,,"   60",",,S","  -87",",,S","  -10","H,,S"
"ARM00087852","2010-08-06","-46.517","-71.017","429.0","PERITO MORENO AIRPORT, AR",,,,,,,"  -56",",,S","   42","H,,S"
"ARM00087852","2010-08-07","-46.517","-71.017","429.0","PERITO MORENO AIRPORT, AR",,,,,,,"   -2",",,S","   59","H,,S"
"ARM00087852","2010-08-10","-46.517","-71.017","429.0","PERITO MORENO AIRPORT, AR",,,,,"   90",",,S",,,"   47","H,,S"
"ARM00087852","2010-08-11","-46.517","-71.017","429.0","PERITO MORENO AIRPORT, AR",,,,,"   95",",,S","   -4",",,S","   56","H,,S"
"ARM00087852","2010-08-13","-46.517","-71.017","429.0","PERITO MORENO AIRPORT, AR",,,,,"   70",",,S","  -82",",,S","   18","H,,S"
"ARM00087852","2010-08-14","-46.517","-71.017","429.0","PERITO MORENO AIRPORT, AR",,,,,"   72",",,S","  -77",",,S","    5","H,,S"
"ARM00087852","2010-08-17","-46.517","-71.017","429.0","PERITO MORENO AIRPORT, AR","    0",",,S",,,,,"  -22",",,S","   70","H,,S"
"ARM00087852","2010-08-18","-46.517","-71.017","429.0","PERITO MORENO AIRPORT, AR",,,,,"  120",",,S","  -24",",,S","   47","H,,S"
"ARM00087852","2010-08-19","-46.517","-71.017","429.0","PERITO MORENO AIRPORT, AR",,,,,"  110",",,S","  -17",",,S","   66","H,,S"
"ARM00087852","2010-08-20","-46.517","-71.017","429.0","PERITO MORENO AIRPORT, AR",,,,,,,"   14",",,S","   78","H,,S"
"ARM00087852","2010-08-21","-46.517","-71.017","429.0","PERITO MORENO AIRPORT, AR","    0",",,S",,,"  116",",,S","   30",",,S","   73","H,,S"
"ARM00087852","2010-08-24","-46.517","-71.017","429.0","PERITO MORENO AIRPORT, AR",,,,,"  116",",,S","   20",",,S","   67","H,,S"
"ARM00087852","2010-08-26","-46.517","-71.017","429.0","PERITO MORENO AIRPORT, AR","   41",",,S",,,"  120",",,S","   18",",,S","   65","H,,S"
"ARM00087852","2010-08-27","-46.517","-71.017","429.0","PERITO MORENO AIRPORT, AR","    0",",,S",,,"  100",",,S","  -17",",,S","   32","H,,S"
"ARM00087852","2010-08-28","-46.517","-71.017","429.0","PERITO MORENO AIRPORT, AR",,,,,,,"  -10",",,S","   27","H,,S"
"ARM00087852","2010-08-31","-46.517","-71.017","429.0","PERITO MORENO AIRPORT, AR",,,,,"   70",",,S","  -24",",,S","   22","H,,S"
"ARM00087852","2010-09-01","-46.517","-71.017","429.0","PERITO MORENO AIRPORT, AR",,,,,,,"  -82",",,S","    6","H,,S"
"ARM00087852","2010-09-02","-46.517","-71.017","429.0","PERITO MORENO AIRPORT, AR",,,,,,,"  -56",",,S","   82","H,,S"
"ARM00087852","2010-09-03","-46.517","-71.017","429.0","PERITO MORENO AIRPORT, AR",,,,,"  140",",,S","   44",",,S","   94","H,,S"
"ARM00087852","2010-09-04","-46.517","-71.017","429.0","PERITO MORENO AIRPORT, AR",,,,,"  122",",,S","  -10",",,S","   65","H,,S"
"ARM00087852","2010-09-07","-46.517","-71.017","429.0","PERITO MORENO AIRPORT, AR","   30",",,S",,,,,"    8",",,S","   67","H,,S"
"ARM00087852","2010-09-08","-46.517","-71.017","429.0","PERITO MORENO AIRPORT, AR","    0",",,S",,,"  130",",,S","  -12",",,S","   67","H,,S"
"ARM00087852","2010-09-09","-46.517","-71.017","429.0","PERITO MORENO AIRPORT, AR","   30",",,S",,,"  135",",,S","    3",",,S","   86","H,,S"
"ARM00087852","2010-09-10","-46.517","-71.017","429.0","PERITO MORENO AIRPORT, AR","    0",",,S",,,"  118",",,S","   -7",",,S","   62","H,,S"
"ARM00087852","2010-09-14","-46.517","-71.017","429.0","PERITO MORENO AIRPORT, AR",,,,,"  135",",,S","   24",",,S","   71","H,,S"
"ARM00087852","2010-09-15","-46.517","-71.017","429.0","PERITO MORENO AIRPORT, AR",,,,,"  105",",,S","   -2",",,S","   53","H,,S"
"ARM00087852","2010-09-16","-46.517","-71.017","429.0","PERITO MORENO AIRPORT, AR",,,,,,,"  -17",",,S","   71","H,,S"
"ARM00087852","2010-09-17","-46.517","-71.017","429.0","PERITO MORENO AIRPORT, AR",,,,,,,"  -32",",,S","   67","H,,S"
"ARM00087852","2010-09-18","-46.517","-71.017","429.0","PERITO MORENO AIRPORT, AR",,,,,"  118",",,S","   14",",,S","   90","H,,S"
"ARM00087852","2010-09-21","-46.517","-71.017","429.0","PERITO MORENO AIRPORT, AR",,,,,,,"   43",",,S","   92","H,,S"
"ARM00087852","2010-09-22","-46.517","-71.017","429.0","PERITO MORENO AIRPORT, AR",,,,,"  130",",,S","   38",",,S","   91","H,,S"
"ARM00087852","2010-09-23","-46.517","-71.017","429.0","PERITO MORENO AIRPORT, AR",,,,,"  124",",,S","   33",",,S","   94","H,,S"
"ARM00087852","2010-09-24","-46.517","-71.017","429.0","PERITO MORENO AIRPORT, AR",,,,,"  130",",,S","   18",",,S","   78","H,,S"
"ARM00087852","2010-09-25","-46.517","-71.017","429.0","PERITO MORENO AIRPORT, AR",,,,,,,"  -12",",,S","   92","H,,S"
"ARM00087852","2010-09-27","-46.517","-71.017","429.0","PERITO MORENO AIRPORT, AR",,,,,,,"   -5",",,S","   68","H,,S"
"ARM00087852","2010-09-28","-46.517","-71.017","429.0","PERITO MORENO AIRPORT, AR",,,,,"  145",",,S","   24",",,S","   96","H,,S"
"ARM00087852","2010-09-29","-46.517","-71.017","429.0","PERITO MORENO AIRPORT, AR",,,,,"  128",",,S","   20",",,S","   78","H,,S"
"ARM00087852","2010-09-30","-46.517","-71.017","429.0","PERITO MORENO AIRPORT, AR","    0",",,S",,,,,"  -47",",,S","   74","H,,S"
"ARM00087852","2010-10-01","-46.517","-71.017","429.0","PERITO MORENO AIRPORT, AR",,,,,,,"   26",",,S","  112","H,,S"
"ARM00087852","2010-10-05","-46.517","-71.017","429.0","PERITO MORENO AIRPORT, AR",,,,,"  115",",,S","  -12",",,S","   82","H,,S"
"ARM00087852","2010-10-06","-46.517","-71.017","429.0","PERITO MORENO AIRPORT, AR",,,,,,,"   46",",,S","  100","H,,S"
"ARM00087852","2010-10-07","-46.517","-71.017","429.0","PERITO MORENO AIRPORT, AR",,,,,"  128",",,S","   28",",,S","   92","H,,S"
"ARM00087852","2010-10-08","-46.517","-71.017","429.0","PERITO MORENO AIRPORT, AR",,,,,"  130",",,S","   22",",,S","   90","H,,S"
"ARM00087852","2010-10-09","-46.517","-71.017","429.0","PERITO MORENO AIRPORT, AR",,,,,,,"   33",",,S","  127","H,,S"
"ARM00087852","2010-10-12","-46.517","-71.017","429.0","PERITO MORENO AIRPORT, AR",,,,,,,"   18",",,S","   93","H,,S"
"ARM00087852","2010-10-13","-46.517","-71.017","429.0","PERITO MORENO AIRPORT, AR",,,,,"  155",",,S","   38",",,S","  104","H,,S"
"ARM00087852","2010-10-14","-46.517","-71.017","429.0","PERITO MORENO AIRPORT, AR",,,,,"  142",",,S","   25",",,S","  109","H,,S"
"ARM00087852","2010-10-15","-46.517","-71.017","429.0","PERITO MORENO AIRPORT, AR",,,,,"  145",",,S","   -7",",,S","  103","H,,S"
"ARM00087852","2010-10-16","-46.517","-71.017","429.0","PERITO MORENO AIRPORT, AR",,,,,,,"   -4",",,S","  106","H,,S"
"ARM00087852","2010-10-19","-46.517","-71.017","429.0","PERITO MORENO AIRPORT, AR",,,,,,,"   70",",,S","  126","H,,S"
"ARM00087852","2010-10-20","-46.517","-71.017","429.0","PERITO MORENO AIRPORT, AR","    3",",,S",,,"  168",",,S","   16",",,S","   88","H,,S"
"ARM00087852","2010-10-21","-46.517","-71.017","429.0","PERITO MORENO AIRPORT, AR","    0",",,S",,,,,"   18",",,S","   83","H,,S"
"ARM00087852","2010-10-22","-46.517","-71.017","429.0","PERITO MORENO AIRPORT, AR",,,,,"  130",",,S","  -12",",,S","   87","H,,S"
"ARM00087852","2010-10-23","-46.517","-71.017","429.0","PERITO MORENO AIRPORT, AR",,,,,,,"   40",",,S","  115","H,,S"
"ARM00087852","2010-10-26","-46.517","-71.017","429.0","PERITO MORENO AIRPORT, AR",,,,,"  205",",,S","  -12",",,S","  147","H,,S"
"ARM00087852","2010-10-27","-46.517","-71.017","429.0","PERITO MORENO AIRPORT, AR",,,,,"  210",",,S","   78",",,S","  159","H,,S"
"ARM00087852","2010-10-28","-46.517","-71.017","429.0","PERITO MORENO AIRPORT, AR",,,,,"  184",",,S","   18",",,S","  124","H,,S"
"ARM00087852","2010-10-29","-46.517","-71.017","429.0","PERITO MORENO AIRPORT, AR",,,,,"  150",",,S","   73",",,S","  112","H,,S"
"ARM00087852","2010-10-30","-46.517","-71.017","429.0","PERITO MORENO AIRPORT, AR",,,,,"  170",",,S","   58",",,S","  126","H,,S"
"ARM00087852","2010-11-02","-46.517","-71.017","429.0","PERITO MORENO AIRPORT, AR",,,,,,,"   53",",,S","  166","H,,S"
"ARM00087852","2010-11-03","-46.517","-71.017","429.0","PERITO MORENO AIRPORT, AR","   41",",,S",,,"  225",",,S","   88",",,S","  144","H,,S"
"ARM00087852","2010-11-04","-46.517","-71.017","429.0","PERITO MORENO AIRPORT, AR","    0",",,S",,,"  185",",,S","   53",",,S","  128","H,,S"
"ARM00087852","2010-11-05","-46.517","-71.017","429.0","PERITO MORENO AIRPORT, AR",,,,,"  170",",,S","   76",",,S","  137","H,,S"
"ARM00087852","2010-11-06","-46.517","-71.017","429.0","PERITO MORENO AIRPORT, AR",,,,,"  175",",,S","   50",",,S","  147","H,,S"
"ARM00087852","2010-11-10","-46.517","-71.017","429.0","PERITO MORENO AIRPORT, AR",,,,,,,"   30",",,S","  161","H,,S"
"ARM00087852","2010-11-12","-46.517","-71.017","429.0","PERITO MORENO AIRPORT, AR",,,,,"  210",",,S","   50",",,S","  117","H,,S"
"ARM00087852","2010-11-13","-46.517","-71.017","429.0","PERITO MORENO AIRPORT, AR",,,,,"  164",",,S","   48",",,S","  130","H,,S"
"ARM00087852","2010-11-16","-46.517","-71.017","429.0","PERITO MORENO AIRPORT, AR",,,,,"  212",",,S","   78",",,S","  164","H,,S"
"ARM00087852","2010-11-17","-46.517","-71.017","429.0","PERITO MORENO AIRPORT, AR",,,,,"  210",",,S","   90",",,S","  138","H,,S"
"ARM00087852","2010-11-18","-46.517","-71.017","429.0","PERITO MORENO AIRPORT, AR",,,,,"  175",",,S","   61",",,S","  133","H,,S"
"ARM00087852","2010-11-19","-46.517","-71.017","429.0","PERITO MORENO AIRPORT, AR",,,,,"  175",",,S","   58",",,S","  123","H,,S"
"ARM00087852","2010-11-20","-46.517","-71.017","429.0","PERITO MORENO AIRPORT, AR",,,,,"  145",",,S","   48",",,S","  111","H,,S"
"ARM00087852","2010-11-23","-46.517","-71.017","429.0","PERITO MORENO AIRPORT, AR",,,,,"  180",",,S","  104",",,S","  148","H,,S"
"ARM00087852","2010-11-24","-46.517","-71.017","429.0","PERITO MORENO AIRPORT, AR",,,,,"  165",",,S","   44",",,S","  115","H,,S"
"ARM00087852","2010-11-25","-46.517","-71.017","429.0","PERITO MORENO AIRPORT, AR",,,,,,,"   48",",,S","  131","H,,S"
"ARM00087852","2010-11-26","-46.517","-71.017","429.0","PERITO MORENO AIRPORT, AR",,,,,"  190",",,S","   68",",,S","  123","H,,S"
"ARM00087852","2010-11-27","-46.517","-71.017","429.0","PERITO MORENO AIRPORT, AR",,,,,"  172",",,S","   28",",,S","  123","H,,S"
"ARM00087852","2010-11-30","-46.517","-71.017","429.0","PERITO MORENO AIRPORT, AR",,,,,"  142",",,S","   43",",,S","  106","H,,S"
"ARM00087852","2010-12-02","-46.517","-71.017","429.0","PERITO MORENO AIRPORT, AR",,,,,"  125",",,S","   26",",,S","   89","H,,S"
"ARM00087852","2010-12-03","-46.517","-71.017","429.0","PERITO MORENO AIRPORT, AR",,,,,,,"   57",",,S","  117","H,,S"
"ARM00087852","2010-12-04","-46.517","-71.017","429.0","PERITO MORENO AIRPORT, AR",,,,,,,"   96",",,S","  152","H,,S"
"ARM00087852","2010-12-07","-46.517","-71.017","429.0","PERITO MORENO AIRPORT, AR",,,,,"  202",",,S","   68",",,S","  133","H,,S"
"ARM00087852","2010-12-08","-46.517","-71.017","429.0","PERITO MORENO AIRPORT, AR",,,,,"  172",",,S","   57",",,S","  128","H,,S"
"ARM00087852","2010-12-09","-46.517","-71.017","429.0","PERITO MORENO AIRPORT, AR","   30",",,S",,,"  164",",,S","   23",",,S","   87","H,,S"
"ARM00087852","2010-12-10","-46.517","-71.017","429.0","PERITO MORENO AIRPORT, AR","    0",",,S",,,"  105",",,S","   -4",",,S","   76","H,,S"
"ARM00087852","2010-12-14","-46.517","-71.017","429.0","PERITO MORENO AIRPORT, AR",,,,,"  227",",,S","   48",",,S","  154","H,,S"
"ARM00087852","2010-12-15","-46.517","-71.017","429.0","PERITO MORENO AIRPORT, AR",,,,,"  190",",,S","   78",",,S","  157","H,,S"
"ARM00087852","2010-12-16","-46.517","-71.017","429.0","PERITO MORENO AIRPORT, AR",,,,,"  192",",,S","   93",",,S","  148","H,,S"
"ARM00087852","2010-12-17","-46.517","-71.017","429.0","PERITO MORENO AIRPORT, AR","    0",",,S",,,"  190",",,S","   18",",,S","  100","H,,S"
"ARM00087852","2010-12-18","-46.517","-71.017","429.0","PERITO MORENO AIRPORT, AR",,,,,,,"   58",",,S","  107","H,,S"
"ARM00087852","2010-12-21","-46.517","-71.017","429.0","PERITO MORENO AIRPORT, AR","    0",",,S",,,"  210",",,S","   53",",,S","  132","H,,S"
"ARM00087852","2010-12-22","-46.517","-71.017","429.0","PERITO MORENO AIRPORT, AR",,,,,,,"   53",",,S","  148","H,,S"
"ARM00087852","2010-12-23","-46.517","-71.017","429.0","PERITO MORENO AIRPORT, AR",,,,,"  212",",,S","  108",",,S","  160","H,,S"
"ARM00087852","2010-12-24","-46.517","-71.017","429.0","PERITO MORENO AIRPORT, AR",,,,,,,"   78",",,S","  166","H,,S"
"ARM00087852","2010-12-25","-46.517","-71.017","429.0","PERITO MORENO AIRPORT, AR",,,,,"  210",",,S","   93",",,S","  171","H,,S"
"ARM00087852","2010-12-28","-46.517","-71.017","429.0","PERITO MORENO AIRPORT, AR",,,,,,,"   73",",,S","  185","H,,S"
"ARM00087852","2010-12-29","-46.517","-71.017","429.0","PERITO MORENO AIRPORT, AR",,,,,"  260",",,S","   98",",,S","  209","H,,S"
"ARM00087852","2010-12-30","-46.517","-71.017","429.0","PERITO MORENO AIRPORT, AR",,,,,"  275",",,S","   83",",,S","  225","H,,S"
"ARM00087852","2010-12-31","-46.517","-71.017","429.0","PERITO MORENO AIRPORT, AR",,,,,"  300",",,S","  126",",,S","  234","H,,S"
"ARM00087852","2011-01-01","-46.517","-71.017","429.0","PERITO MORENO AIRPORT, AR",,,,,,,"   78",",,S","  237","H,,S"
"ARM00087852","2011-01-04","-46.517","-71.017","429.0","PERITO MORENO AIRPORT, AR",,,,,"  230",",,S","   93",",,S","  189","H,,S"
"ARM00087852","2011-01-05","-46.517","-71.017","429.0","PERITO MORENO AIRPORT, AR",,,,,"  227",",,S","   98",",,S","  173","H,,S"
"ARM00087852","2011-01-06","-46.517","-71.017","429.0","PERITO MORENO AIRPORT, AR",,,,,,,"   76",",,S","  218","H,,S"
"ARM00087852","2011-01-07","-46.517","-71.017","429.0","PERITO MORENO AIRPORT, AR",,,,,"  286",",,S","  118",",,S","  194","H,,S"
"ARM00087852","2011-01-08","-46.517","-71.017","429.0","PERITO MORENO AIRPORT, AR","   79",",,S",,,"  212",",,S","   38",",,S","  129","H,,S"
"ARM00087852","2011-01-11","-46.517","-71.017","429.0","PERITO MORENO AIRPORT, AR",,,,,"  235",",,S","   98",",,S","  168","H,,S"
"ARM00087852","2011-01-12","-46.517","-71.017","429.0","PERITO MORENO AIRPORT, AR",,,,,"  210",",,S","   96",",,S","  172","H,,S"
"ARM00087852","2011-01-13","-46.517","-71.017","429.0","PERITO MORENO AIRPORT, AR",,,,,"  215",",,S","   90",",,S","  137","H,,S"
"ARM00087852","2011-01-14","-46.517","-71.017","429.0","PERITO MORENO AIRPORT, AR",,,,,,,"   78",",,S","  145","H,,S"
"ARM00087852","2011-01-15","-46.517","-71.017","429.0","PERITO MORENO AIRPORT, AR",,,,,,,"   88",",,S","  151","H,,S"
"ARM00087852","2011-01-18","-46.517","-71.017","429.0","PERITO MORENO AIRPORT, AR","   30",",,S",,,"  170",",,S","   88",",,S","  152","H,,S"
"ARM00087852","2011-01-20","-46.517","-71.017","429.0","PERITO MORENO AIRPORT, AR",,,,,,,"   98",",,S","  160","H,,S"
"ARM00087852","2011-01-21","-46.517","-71.017","429.0","PERITO MORENO AIRPORT, AR",,,,,,,"  103",",,S","  198","H,,S"
"ARM00087852","2011-01-22","-46.517","-71.017","429.0","PERITO MORENO AIRPORT, AR",,,,,,,"  148",",,S","  212","H,,S"
"ARM00087852","2011-01-26","-46.517","-71.017","429.0","PERITO MORENO AIRPORT, AR",,,,,,,"   86",",,S","  177","H,,S"
"ARM00087852","2011-01-27","-46.517","-71.017","429.0","PERITO MORENO AIRPORT, AR",,,,,"  225",",,S","  114",",,S","  151","H,,S"
"ARM00087852","2011-01-28","-46.517","-71.017","429.0","PERITO MORENO AIRPORT, AR",,,,,"  185",",,S","   58",",,S","  138","H,,S"
"ARM00087852","2011-01-29","-46.517","-71.017","429.0","PERITO MORENO AIRPORT, AR",,,,,,,"   87",",,S","  166","H,,S"
"ARM00087852","2011-02-01","-46.517","-71.017","429.0","PERITO MORENO AIRPORT, AR",,,,,"  175",",,S","   83",",,S","  120","H,,S"
"ARM00087852","2011-02-02","-46.517","-71.017","429.0","PERITO MORENO AIRPORT, AR",,,,,,,"   38",",,S","  156","H,,S"
"ARM00087852","2011-02-03","-46.517","-71.017","429.0","PERITO MORENO AIRPORT, AR",,,,,"  195",",,S","   78",",,S","  141","H,,S"
"ARM00087852","2011-02-04","-46.517","-71.017","429.0","PERITO MORENO AIRPORT, AR",,,,,"  182",",,S","   70",",,S","  137","H,,S"
"ARM00087852","2011-02-05","-46.517","-71.017","429.0","PERITO MORENO AIRPORT, AR",,,,,,,"   50",",,S","  144","H,,S"
"ARM00087852","2011-02-08","-46.517","-71.017","429.0","PERITO MORENO AIRPORT, AR",,,,,"  270",",,S","   88",",,S","  203","H,,S"
"ARM00087852","2011-02-09","-46.517","-71.017","429.0","PERITO MORENO AIRPORT, AR",,,,,"  290",",,S","   88",",,S","  233","H,,S"
"ARM00087852","2011-02-10","-46.517","-71.017","429.0","PERITO MORENO AIRPORT, AR",,,,,,,"  100",",,S","  264","H,,S"
"ARM00087852","2011-02-11","-46.517","-71.017","429.0","PERITO MORENO AIRPORT, AR",,,,,"  325",",,S","  136",",,S","  269","H,,S"
"ARM00087852","2011-02-12","-46.517","-71.017","429.0","PERITO MORENO AIRPORT, AR",,,,,"  305",",,S","  150",",,S","  216","H,,S"
"ARM00087852","2011-02-15","-46.517","-71.017","429.0","PERITO MORENO AIRPORT, AR",,,,,"  240",",,S","  126",",,S","  178","H,,S"
"ARM00087852","2011-02-16","-46.517","-71.017","429.0","PERITO MORENO AIRPORT, AR",,,,,"  208",",,S","   80",",,S","  126","H,,S"
"ARM00087852","2011-02-17","-46.517","-71.017","429.0","PERITO MORENO AIRPORT, AR",,,,,,,"   66",",,S","  128","H,,S"
"ARM00087852","2011-02-18","-46.517","-71.017","429.0","PERITO MORENO AIRPORT, AR",,,,,,,"   18",",,S","  164","H,,S"
"ARM00087852","2011-02-19","-46.517","-71.017","429.0","PERITO MORENO AIRPORT, AR",,,,,,,"   78",",,S","  198","H,,S"
"ARM00087852","2011-02-22","-46.517","-71.017","429.0","PERITO MORENO AIRPORT, AR","   71",",,S",,,"  240",",,S",,,"  128","H,,S"
"ARM00087852","2011-02-23","-46.517","-71.017","429.0","PERITO MORENO AIRPORT, AR","  140",",,S",,,,,"   76",",,S","  127","H,,S"
"ARM00087852","2011-02-24","-46.517","-71.017","429.0","PERITO MORENO AIRPORT, AR","    0",",,S",,,,,"   54",",,S","  151","H,,S"
"ARM00087852","2011-02-25","-46.517","-71.017","429.0","PERITO MORENO AIRPORT, AR",,,,,"  225",",,S","   93",",,S","  175","H,,S"
"ARM00087852","2011-02-26","-46.517","-71.017","429.0","PERITO MORENO AIRPORT, AR",,,,,"  205",",,S","   61",",,S","  131","H,,S"
"ARM00087852","2011-03-01","-46.517","-71.017","429.0","PERITO MORENO AIRPORT, AR",,,,,"  240",",,S","  120",",,S","  188","H,,S"
"ARM00087852","2011-03-02","-46.517","-71.017","429.0","PERITO MORENO AIRPORT, AR",,,,,"  235",",,S","   80",",,S","  136","H,,S"
"ARM00087852","2011-03-03","-46.517","-71.017","429.0","PERITO MORENO AIRPORT, AR",,,,,,,"   88",",,S","  161","H,,S"
"ARM00087852","2011-03-04","-46.517","-71.017","429.0","PERITO MORENO AIRPORT, AR",,,,,,,"   88",",,S","  183","H,,S"
"ARM00087852","2011-03-05","-46.517","-71.017","429.0","PERITO MORENO AIRPORT, AR",,,,,"  240",",,S","   68",",,S","  177","H,,S"
"ARM00087852","2011-03-08","-46.517","-71.017","429.0","PERITO MORENO AIRPORT, AR",,,,,,,"   70",",,S","  174","H,,S"
"ARM00087852","2011-03-09","-46.517","-71.017","429.0","PERITO MORENO AIRPORT, AR",,,,,"  232",",,S","  120",",,S","  186","H,,S"
"ARM00087852","2011-03-10","-46.517","-71.017","429.0","PERITO MORENO AIRPORT, AR",,,,,"  210",",,S","   88",",,S","  128","H,,S"
"ARM00087852","2011-03-11","-46.517","-71.017","429.0","PERITO MORENO AIRPORT, AR",,,,,"  155",",,S","   60",",,S","   99","H,,S"
"ARM00087852","2011-03-12","-46.517","-71.017","429.0","PERITO MORENO AIRPORT, AR","    0",",,S",,,"  134",",,S","   36",",,S","  101","H,,S"
"ARM00087852","2011-03-15","-46.517","-71.017","429.0","PERITO MORENO AIRPORT, AR","  109",",,S",,,,,"   72",",,S","  108","H,,S"
"ARM00087852","2011-03-16","-46.517","-71.017","429.0","PERITO MORENO AIRPORT, AR","    0",",,S",,,"  145",",,S","   73",",,S","  118","H,,S"
"ARM00087852","2011-03-17","-46.517","-71.017","429.0","PERITO MORENO AIRPORT, AR",,,,,"  150",",,S","   63",",,S","  107","H,,S"
"ARM00087852","2011-03-18","-46.517","-71.017","429.0","PERITO MORENO AIRPORT, AR",,,,,,,"   70",",,S","  136","H,,S"
"ARM00087852","2011-03-19","-46.517","-71.017","429.0","PERITO MORENO AIRPORT, AR","    0",",,S",,,"  180",",,S","   88",",,S","  153","H,,S"
"ARM00087852","2011-03-22","-46.517","-71.017","429.0","PERITO MORENO AIRPORT, AR","    0",",,S",,,"  145",",,S","   47",",,S","   81","H,,S"
"ARM00087852","2011-03-23","-46.517","-71.017","429.0","PERITO MORENO AIRPORT, AR",,,,,,,"   53",",,S","  113","H,,S"
"ARM00087852","2011-03-24","-46.517","-71.017","429.0","PERITO MORENO AIRPORT, AR",,,,,,,"   85",",,S","  151","H,,S"
"ARM00087852","2011-03-25","-46.517","-71.017","429.0","PERITO MORENO AIRPORT, AR",,,,,"  185",",,S","   64",",,S","  107","H,,S"
"ARM00087852","2011-03-26","-46.517","-71.017","429.0","PERITO MORENO AIRPORT, AR",,,,,"  124",",,S","   33",",,S","   76","H,,S"
"ARM00087852","2011-03-29","-46.517","-71.017","429.0","PERITO MORENO AIRPORT, AR",,,,,"  192",",,S","  116",",,S","  133","H,,S"
"ARM00087852","2011-03-30","-46.517","-71.017","429.0","PERITO MORENO AIRPORT, AR","    5",",,S",,,"  152",",,S","   58",",,S","  101","H,,S"
"ARM00087852","2011-03-31","-46.517","-71.017","429.0","PERITO MORENO AIRPORT, AR","    8",",,S",,,"  130",",,S","   58",",,S","   91","H,,S"
"ARM00087852","2011-04-01","-46.517","-71.017","429.0","PERITO MORENO AIRPORT, AR","    0",",,S",,,,,"   48",",,S","  110","H,,S"
"ARM00087852","2011-04-05","-46.517","-71.017","429.0","PERITO MORENO AIRPORT, AR",,,,,,,"   84",",,S","  178","H,,S"
"ARM00087852","2011-04-06","-46.517","-71.017","429.0","PERITO MORENO AIRPORT, AR",,,,,"  210",",,S","   97",",,S","  161","H,,S"
"ARM00087852","2011-04-07","-46.517","-71.017","429.0","PERITO MORENO AIRPORT, AR",,,,,"  184",",,S","   83",",,S","  119","H,,S"
"ARM00087852","2011-04-08","-46.517","-71.017","429.0","PERITO MORENO AIRPORT, AR",,,,,,,"   88",",,S","  132","H,,S"
"ARM00087852","2011-04-09","-46.517","-71.017","429.0","PERITO MORENO AIRPORT, AR",,,,,,,"   60",",,S","  159","H,,S"
"ARM00087852","2011-04-12","-46.517","-71.017","429.0","PERITO MORENO AIRPORT, AR",,,,,"  160",",,S","   13",",,S","   90","H,,S"
"ARM00087852","2011-04-13","-46.517","-71.017","429.0","PERITO MORENO AIRPORT, AR","   89",",,S",,,"  125",",,S","   33",",,S","   63","H,,S"
"ARM00087852","2011-04-14","-46.517","-71.017","429.0","PERITO MORENO AIRPORT, AR","   41",",,S",,,,,"  -16",",,S","   55","H,,S"
"ARM00087852","2011-04-16","-46.517","-71.017","429.0","PERITO MORENO AIRPORT, AR",,,,,,,"    0",",,S","   83","H,,S"
"ARM00087852","2011-04-19","-46.517","-71.017","429.0","PERITO MORENO AIRPORT, AR",,,,,"  188",",,S","  112",",,S","  136","H,,S"
"ARM00087852","2011-04-20","-46.517","-71.017","429.0","PERITO MORENO AIRPORT, AR",,,,,"  155",",,S","   40",",,S","   86","H,,S"
"ARM00087852","2011-04-21","-46.517","-71.017","429.0","PERITO MORENO AIRPORT, AR",,,,,"  125",",,S","   53",",,S","  103","H,,S"
"ARM00087852","2011-04-22","-46.517","-71.017","429.0","PERITO MORENO AIRPORT, AR",,,,,"  120",",,S","   43",",,S","   78","H,,S"
"ARM00087852","2011-04-23","-46.517","-71.017","429.0","PERITO MORENO AIRPORT, AR",,,,,,,"   40",",,S","   94","H,,S"
"ARM00087852","2011-04-27","-46.517","-71.017","429.0","PERITO MORENO AIRPORT, AR",,,,,"  180",",,S",,,"   85","H,,S"
"ARM00087852","2011-04-28","-46.517","-71.017","429.0","PERITO MORENO AIRPORT, AR",,,,,,,"   53",",,S","   87","H,,S"
"ARM00087852","2011-04-29","-46.517","-71.017","429.0","PERITO MORENO AIRPORT, AR",,,,,"  120",",,S","    6",",,S","   69","H,,S"
"ARM00087852","2011-04-30","-46.517","-71.017","429.0","PERITO MORENO AIRPORT, AR",,,,,,,"    6",",,S","   82","H,,S"
"ARM00087852","2011-05-03","-46.517","-71.017","429.0","PERITO MORENO AIRPORT, AR",,,,,,,"    9",",,S","  112","H,,S"
"ARM00087852","2011-05-04","-46.517","-71.017","429.0","PERITO MORENO AIRPORT, AR",,,,,"  145",",,S","   86",",,S","  111","H,,S"
"ARM00087852","2011-05-05","-46.517","-71.017","429.0","PERITO MORENO AIRPORT, AR",,,,,"  148",",,S","   48",",,S","   89","H,,S"
"ARM00087852","2011-05-06","-46.517","-71.017","429.0","PERITO MORENO AIRPORT, AR",,,,,,,"   55",",,S","  138","H,,S"
"ARM00087852","2011-05-07","-46.517","-71.017","429.0","PERITO MORENO AIRPORT, AR","    0",",,S",,,"  180",",,S",,,"   87","H,,S"
"ARM00087852","2011-05-10","-46.517","-71.017","429.0","PERITO MORENO AIRPORT, AR",,,,,"  165",",,S","   58",",,S","   99","H,,S"
"ARM00087852","2011-05-12","-46.517","-71.017","429.0","PERITO MORENO AIRPORT, AR",,,,,"  130",",,S","   -2",",,S","   79","H,,S"
"ARM00087852","2011-05-13","-46.517","-71.017","429.0","PERITO MORENO AIRPORT, AR","    8",",,S",,,,,"    4",",,S","   86","H,,S"
"ARM00087852","2011-05-14","-46.517","-71.017","429.0","PERITO MORENO AIRPORT, AR","    0",",,S",,,"  142",",,S","   -1",",,S","   70","H,,S"
"ARM00087852","2011-05-17","-46.517","-71.017","429.0","PERITO MORENO AIRPORT, AR",,,,,"  150",",,S","   33",",,S","  118","H,,S"
"ARM00087852","2011-05-19","-46.517","-71.017","429.0","PERITO MORENO AIRPORT, AR",,,,,"   93",",,S","   -1",",,S","   56","H,,S"
"ARM00087852","2011-05-20","-46.517","-71.017","429.0","PERITO MORENO AIRPORT, AR",,,,,,,"   20",",,S","   62","H,,S"
"ARM00087852","2011-05-24","-46.517","-71.017","429.0","PERITO MORENO AIRPORT, AR",,,,,"  125",",,S","   71",",,S","   96","H,,S"
"ARM00087852","2011-05-25","-46.517","-71.017","429.0","PERITO MORENO AIRPORT, AR",,,,,"  120",",,S","   46",",,S","   76","H,,S"
"ARM00087852","2011-05-26","-46.517","-71.017","429.0","PERITO MORENO AIRPORT, AR",,,,,"  103",",,S","  -92",",,S","   17","H,,S"
"ARM00087852","2011-05-27","-46.517","-71.017","429.0","PERITO MORENO AIRPORT, AR",,,,,,,"  -42",",,S","   97","H,,S"
"ARM00087852","2011-05-28","-46.517","-71.017","429.0","PERITO MORENO AIRPORT, AR",,,,,"  135",",,S","   18",",,S","   66","H,,S"
"ARM00087852","2011-06-01","-46.517","-71.017","429.0","PERITO MORENO AIRPORT, AR",,,,,"  101",",,S","  -40",",,S","   28","H,,S"
"ARM00087852","2011-06-02","-46.517","-71.017","429.0","PERITO MORENO AIRPORT, AR",,,,,"   84",",,S"," -112",",,S","   -7","H,,S"
"ARM00087852","2011-06-03","-46.517","-71.017","429.0","PERITO MORENO AIRPORT, AR",,,,,"   82",",,S"," -102",",,S","  -27","H,,S"
"ARM00087852","2011-06-04","-46.517","-71.017","429.0","PERITO MORENO AIRPORT, AR",,,,,"   20",",,S","  -62",",,S","  -13","H,,S"
"ARM00087852","2011-06-07","-46.517","-71.017","429.0","PERITO MORENO AIRPORT, AR",,,,,,,"  -70",",,S","   81","H,,S"
"ARM00087852","2011-06-08","-46.517","-71.017","429.0","PERITO MORENO AIRPORT, AR",,,,,"  105",",,S","    0",",,S","   54","H,,S"
"ARM00087852","2011-06-09","-46.517","-71.017","429.0","PERITO MORENO AIRPORT, AR",,,,,"   90",",,S","   26",",,S","   62","H,,S"
"ARM00087852","2011-06-10","-46.517","-71.017","429.0","PERITO MORENO AIRPORT, AR","   30",",,S",,,,,"  -10",",,S","   68","H,,S"
"ARM00087852","2011-06-11","-46.517","-71.017","429.0","PERITO MORENO AIRPORT, AR","    0",",,S",,,"   94",",,S","   16",",,S","   53","H,,S"
"ARM00087852","2011-06-14","-46.517","-71.017","429.0","PERITO MORENO AIRPORT, AR",,,,,"  130",",,S","   38",",,S","   58","H,,S"
"ARM00087852","2011-06-15","-46.517","-71.017","429.0","PERITO MORENO AIRPORT, AR","   30",",,S",,,"   70",",,S","  -28",",,S","   32","H,,S"
"ARM00087852","2011-06-17","-46.517","-71.017","429.0","PERITO MORENO AIRPORT, AR",,,,,"   85",",,S","  -22",",,S","   23","H,,S"
"ARM00087852","2011-06-18","-46.517","-71.017","429.0","PERITO MORENO AIRPORT, AR",,,,,,,"   -4",",,S","   31","H,,S"
"ARM00087852","2011-06-21","-46.517","-71.017","429.0","PERITO MORENO AIRPORT, AR",,,,,,,"  -30",",,S","   69","H,,S"
"ARM00087852","2011-06-22","-46.517","-71.017","429.0","PERITO MORENO AIRPORT, AR","    5",",,S",,,,,"   48",",,S","   86","H,,S"
"ARM00087852","2011-06-24","-46.517","-71.017","429.0","PERITO MORENO AIRPORT, AR",,,,,"   75",",,S","  -98",",,S","  -11","H,,S"
"ARM00087852","2011-06-25","-46.517","-71.017","429.0","PERITO MORENO AIRPORT, AR",,,,,,," -102",",,S","   45","H,,S"
"ARM00087852","2011-06-28","-46.517","-71.017","429.0","PERITO MORENO AIRPORT, AR",,,,,"   99",",,S","  -51",",,S","   25","H,,S"
"ARM00087852","2011-06-29","-46.517","-71.017","429.0","PERITO MORENO AIRPORT, AR","   51",",,S",,,"   55",",,S","  -12",",,S","   27","H,,S"
"ARM00087852","2011-07-02","-46.517","-71.017","429.0","PERITO MORENO AIRPORT, AR",,,,,"   64",",,S","  -91",",,S","   -5","H,,S"
"ARM00087852","2011-07-05","-46.517","-71.017","429.0","PERITO MORENO AIRPORT, AR",,,,,"   55",",,S"," -108",",,S","   -7","H,,S"
"ARM00087852","2011-07-06","-46.517","-71.017","429.0","PERITO MORENO AIRPORT, AR","    0",",,S",,,,,"  -19",",,S","   68","H,,S"
"ARM00087852","2011-07-07","-46.517","-71.017","429.0","PERITO MORENO AIRPORT, AR",,,,,,,"   21",",,S","  102","H,,S"
"ARM00087852","2011-07-09","-46.517","-71.017","429.0","PERITO MORENO AIRPORT, AR","  119",",,S",,,"  136",",,S","  -11",",,S","   47","H,,S"
"ARM00087852","2011-07-12","-46.517","-71.017","429.0","PERITO MORENO AIRPORT, AR",,,,,,,"    3",",,S","   64","H,,S"
"ARM00087852","2011-07-13","-46.517","-71.017","429.0","PERITO MORENO AIRPORT, AR",,,,,"  115",",,S","   13",",,S","   63","H,,S"
"ARM00087852","2011-07-14","-46.517","-71.017","429.0","PERITO MORENO AIRPORT, AR",,,,,"  113",",,S","    0",",,S","   43","H,,S"
"ARM00087852","2011-07-15","-46.517","-71.017","429.0","PERITO MORENO AIRPORT, AR",,,,,"   73",",,S","  -19",",,S","   42","H,,S"
"ARM00087852","2011-07-19","-46.517","-71.017","429.0","PERITO MORENO AIRPORT, AR",,,,,,," -114",",,S","    6","H,,S"
"ARM00087852","2011-07-20","-46.517","-71.017","429.0","PERITO MORENO AIRPORT, AR",,,,,,,"  -92",",,S","   44","H,,S"
"ARM00087852","2011-07-21","-46.517","-71.017","429.0","PERITO MORENO AIRPORT, AR",,,,,,,"   -9",",,S","   59","H,,S"
"ARM00087852","2011-07-23","-46.517","-71.017","429.0","PERITO MORENO AIRPORT, AR","   30",",,S",,,"  100",",,S","    8",",,S","   65","H,,S"
"ARM00087852","2011-07-26","-46.517","-71.017","429.0","PERITO MORENO AIRPORT, AR",,,,,"  102",",,S","  -14",",,S","   38","H,,S"
"ARM00087852","2011-07-27","-46.517","-71.017","429.0","PERITO MORENO AIRPORT, AR",,,,,"   60",",,S","  -31",",,S","   19","H,,S"
"ARM00087852","2011-07-28","-46.517","-71.017","429.0","PERITO MORENO AIRPORT, AR",,,,,"   25",",,S","    4",",,S","   17","H,,S"
"ARM00087852","2011-07-29","-46.517","-71.017","429.0","PERITO MORENO AIRPORT, AR","    0",",,S",,,"   26",",,S","  -92",",,S","  -26","H,,S"
"ARM00087852","2011-07-30","-46.517","-71.017","429.0","PERITO MORENO AIRPORT, AR",,,,,,," -107",",,S","  -32","H,,S"
"ARM00087852","2011-08-02","-46.517","-71.017","429.0","PERITO MORENO AIRPORT, AR",,,,,"  107",",,S","   18",",,S","   65","H,,S"
"ARM00087852","2011-08-05","-46.517","-71.017","429.0","PERITO MORENO AIRPORT, AR",,,,,,,"  -62",",,S","   20","H,,S"
"ARM00087852","2011-08-06","-46.517","-71.017","429.0","PERITO MORENO AIRPORT, AR","    0",",,S",,,"   95",",,S","  -44",",,S","   14","H,,S"
"ARM00087852","2011-08-09","-46.517","-71.017","429.0","PERITO MORENO AIRPORT, AR","    5",",,S",,,,,"  -17",",,S","   73","H,,S"
"ARM00087852","2011-08-10","-46.517","-71.017","429.0","PERITO MORENO AIRPORT, AR","    0",",,S",,,"  112",",,S","    8",",,S","   51","H,,S"
"ARM00087852","2011-08-11","-46.517","-71.017","429.0","PERITO MORENO AIRPORT, AR",,,,,"   80",",,S","    3",",,S","   47","H,,S"
"ARM00087852","2011-08-13","-46.517","-71.017","429.0","PERITO MORENO AIRPORT, AR",,,,,"  107",",,S","  -57",",,S","   19","H,,S"
"ARM00087852","2011-08-16","-46.517","-71.017","429.0","PERITO MORENO AIRPORT, AR",,,,,"   85",",,S","  -60",",,S","    2","H,,S"
"ARM00087852","2011-08-17","-46.517","-71.017","429.0","PERITO MORENO AIRPORT, AR","   51",",,S","   20",",,S","   41",",,S","  -43",",,S","    8","H,,S"
"ARM00087852","2011-08-18","-46.517","-71.017","429.0","PERITO MORENO AIRPORT, AR","    5",",,S",,,,,"  -57",",,S","   12","H,,S"
"ARM00087852","2011-08-19","-46.517","-71.017","429.0","PERITO MORENO AIRPORT, AR","    0",",,S",,,,,"  -42",",,S","   39","H,,S"
"ARM00087852","2011-08-20","-46.517","-71.017","429.0","PERITO MORENO AIRPORT, AR",,,,,"  105",",,S","  -54",",,S","   13","H,,S"
"ARM00087852","2011-08-23","-46.517","-71.017","429.0","PERITO MORENO AIRPORT, AR",,,,,"  104",",,S","  -20",",,S","   52","H,,S"
"ARM00087852","2011-08-24","-46.517","-71.017","429.0","PERITO MORENO AIRPORT, AR",,,,,"   90",",,S","  -42",",,S","   29","H,,S"
"ARM00087852","2011-08-25","-46.517","-71.017","429.0","PERITO MORENO AIRPORT, AR",,,,,"   65",",,S","  -55",",,S","    3","H,,S"
"ARM00087852","2011-08-26","-46.517","-71.017","429.0","PERITO MORENO AIRPORT, AR","   30",",,S",,,"   75",",,S","  -40",",,S","   36","H,,S"
"ARM00087852","2011-08-27","-46.517","-71.017","429.0","PERITO MORENO AIRPORT, AR","    8",",,S",,,,,"   14",",,S","   56","H,,S"
"ARM00087852","2011-08-29","-46.517","-71.017","429.0","PERITO MORENO AIRPORT, AR","   61",",,S",,,"   90",",,S","  -10",",,S","   27","H,,S"
"ARM00087852","2011-08-30","-46.517","-71.017","429.0","PERITO MORENO AIRPORT, AR","    3",",,S",,,,,"   -3",",,S","   62","H,,S"
"ARM00087852","2011-08-31","-46.517","-71.017","429.0","PERITO MORENO AIRPORT, AR","    0",",,S",,,"   95",",,S","  -39",",,S","   34","H,,S"
"ARM00087852","2011-09-01","-46.517","-71.017","429.0","PERITO MORENO AIRPORT, AR",,,,,,,"  -10",",,S","   82","H,,S"
"ARM00087852","2011-09-02","-46.517","-71.017","429.0","PERITO MORENO AIRPORT, AR",,,,,,,"   -7",",,S","   80","H,,S"
"ARM00087852","2011-09-03","-46.517","-71.017","429.0","PERITO MORENO AIRPORT, AR",,,,,"  130",",,S","    7",",,S","   63","H,,S"
"ARM00087852","2011-09-04","-46.517","-71.017","429.0","PERITO MORENO AIRPORT, AR","    0",",,S",,,"   85",",,S","   -6",",,S","   27","H,,S"
"ARM00087852","2011-09-05","-46.517","-71.017","429.0","PERITO MORENO AIRPORT, AR","    0",",,S",,,,,"  -30",",,S","   39","H,,S"
"ARM00087852","2011-09-06","-46.517","-71.017","429.0","PERITO MORENO AIRPORT, AR",,,,,,,"   20",",,S","   69","H,,S"
"ARM00087852","2011-09-07","-46.517","-71.017","429.0","PERITO MORENO AIRPORT, AR",,,,,,,"   26",",,S","   95","H,,S"
"ARM00087852","2011-09-08","-46.517","-71.017","429.0","PERITO MORENO AIRPORT, AR",,,,,"  145",",,S","   40",",,S","   82","H,,S"
"ARM00087852","2013-07-11","-46.517","-71.017","429.0","PERITO MORENO AIRPORT, AR",,,,,"  105",",,S","  -24",",,S","   64","H,,S"
"ARM00087852","2014-09-04","-46.517","-71.017","429.0","PERITO MORENO AIRPORT, AR","   30",",,S",,,,,"    2",",,S","   57","H,,S"
"ARM00087852","2015-03-16","-46.517","-71.017","429.0","PERITO MORENO AIRPORT, AR","    5",",,S",,,"  200",",,S","   78",",,S","  142","H,,S"
"ARM00087852","2015-07-02","-46.517","-71.017","429.0","PERITO MORENO AIRPORT, AR","    0",",,S",,,,,"  -65",",,S","  -11","H,,S"
"ARM00087852","2015-08-13","-46.517","-71.017","429.0","PERITO MORENO AIRPORT, AR",,,,,"   78",",,S","  -70",",,S","   14","H,,S"
"ARM00087852","2015-08-20","-46.517","-71.017","429.0","PERITO MORENO AIRPORT, AR","   10",",,S",,,"   76",",,S","  -38",",,S","    4","H,,S"
"ARM00087852","2016-05-20","-46.517","-71.017","429.0","PERITO MORENO AIRPORT, AR",,,,,,,"  -30",",,S","   23","H,,S"
"ARM00087852","2016-06-20","-46.517","-71.017","429.0","PERITO MORENO AIRPORT, AR",,,,,,,"  -35",",,S","   -6","H,,S"
"ARM00087852","2016-07-12","-46.517","-71.017","429.0","PERITO MORENO AIRPORT, AR",,,,,"   95",",,S","  -26",",,S","   18","H,,S"
"ARM00087852","2016-08-01","-46.517","-71.017","429.0","PERITO MORENO AIRPORT, AR",,,,,"   76",",,S","  -38",",,S","    6","H,,S"
"ARM00087852","2016-10-31","-46.517","-71.017","429.0","PERITO MORENO AIRPORT, AR","    0",",,S",,,"  156",",,S","   40",",,S","   98","H,,S"
"ARM00087852","2016-12-25","-46.517","-71.017","429.0","PERITO MORENO AIRPORT, AR","    0",",,S",,,"  195",",,S","   70",",,S","  151","H,,S"
"ARM00087852","2017-02-16","-46.517","-71.017","429.0","PERITO MORENO AIRPORT, AR","    5",",,S",,,"  275",",,S","  132",",,S","  201","H,,S"
"ARM00087852","2017-03-01","-46.517","-71.017","429.0","PERITO MORENO AIRPORT, AR",,,,,"  210",",,S","   86",",,S","  135","H,,S"
"ARM00087852","2017-03-02","-46.517","-71.017","429.0","PERITO MORENO AIRPORT, AR",,,,,,,"   92",",,S","  144","H,,S"
"ARM00087852","2017-03-26","-46.517","-71.017","429.0","PERITO MORENO AIRPORT, AR","    5",",,S",,,"  225",",,S","   32",",,S","  112","H,,S"
"ARM00087852","2017-03-28","-46.517","-71.017","429.0","PERITO MORENO AIRPORT, AR","  109",",,S",,,"  165",",,S","   87",",,S","  124","H,,S"
"ARM00087852","2017-05-11","-46.517","-71.017","429.0","PERITO MORENO AIRPORT, AR",,,,,"  122",",,S","  -20",",,S","   43","H,,S"
"ARM00087852","2017-05-16","-46.517","-71.017","429.0","PERITO MORENO AIRPORT, AR",,,,,"  115",",,S","  -10",",,S","   53","H,,S"
"ARM00087852","2017-05-29","-46.517","-71.017","429.0","PERITO MORENO AIRPORT, AR",,,,,"   90",",,S","  -55",",,S","  -11","H,,S"
"ARM00087852","2017-06-16","-46.517","-71.017","429.0","PERITO MORENO AIRPORT, AR",,,"   10",",,S","   19",",,S","  -92",",,S","  -25","H,,S"
"ARM00087852","2019-06-13","-46.517","-71.017","429.0","PERITO MORENO AIRPORT, AR","   20",",,S","   10",",,S","   72",",,S","  -40",",,S","   16","H,,S"
"ARM00087852","2019-07-11","-46.517","-71.017","429.0","PERITO MORENO AIRPORT, AR","    3",",,S",,,,,"  -20",",,S","   17","H,,S"
"ARM00087852","2019-12-10","-46.517","-71.017","429.0","PERITO MORENO AIRPORT, AR",,,,,,,"  127",",,S","  197","H,,S"
"ARM00087852","2019-12-11","-46.517","-71.017","429.0","PERITO MORENO AIRPORT, AR","    0",",,S",,,"  230",",,S","   87",",,S","  138","H,,S"
"ARM00087852","2019-12-12","-46.517","-71.017","429.0","PERITO MORENO AIRPORT, AR","    0",",,S",,,,,"   69",",,S","  128","H,,S"
"ARM00087852","2019-12-13","-46.517","-71.017","429.0","PERITO MORENO AIRPORT, AR",,,,,,,"   90",",,S","  150","H,,S"
"ARM00087852","2019-12-14","-46.517","-71.017","429.0","PERITO MORENO AIRPORT, AR",,,,,"  195",",,S","   89",",,S","  158","H,,S"
"ARM00087852","2019-12-16","-46.517","-71.017","429.0","PERITO MORENO AIRPORT, AR",,,,,,,"   96",",,S","  149","H,,S"
"ARM00087852","2019-12-17","-46.517","-71.017","429.0","PERITO MORENO AIRPORT, AR",,,,,,,"  100",",,S","  176","H,,S"
"ARM00087852","2019-12-18","-46.517","-71.017","429.0","PERITO MORENO AIRPORT, AR","    0",",,S",,,"  161",",,S","  112",",,S","  149","H,,S"
"ARM00087852","2019-12-19","-46.517","-71.017","429.0","PERITO MORENO AIRPORT, AR",,,,,,,"   68",",,S","  146","H,,S"
"ARM00087852","2019-12-20","-46.517","-71.017","429.0","PERITO MORENO AIRPORT, AR",,,,,"  185",",,S","   86",",,S","  146","H,,S"
"ARM00087852","2019-12-21","-46.517","-71.017","429.0","PERITO MORENO AIRPORT, AR",,,,,,,"  105",",,S","  162","H,,S"
"ARM00087852","2019-12-23","-46.517","-71.017","429.0","PERITO MORENO AIRPORT, AR",,,,,"  175",",,S","   90",",,S","  155","H,,S"
"ARM00087852","2019-12-24","-46.517","-71.017","429.0","PERITO MORENO AIRPORT, AR",,,,,,,"   61",",,S","  133","H,,S"
"ARM00087852","2019-12-25","-46.517","-71.017","429.0","PERITO MORENO AIRPORT, AR",,,,,,,"   95",",,S","  153","H,,S"
"ARM00087852","2019-12-26","-46.517","-71.017","429.0","PERITO MORENO AIRPORT, AR",,,,,"  200",",,S","  100",",,S","  165","H,,S"
"ARM00087852","2019-12-27","-46.517","-71.017","429.0","PERITO MORENO AIRPORT, AR",,,,,,,"  120",",,S","  191","H,,S"
"ARM00087852","2019-12-28","-46.517","-71.017","429.0","PERITO MORENO AIRPORT, AR",,,,,"  210",",,S","   80",",,S","  148","H,,S"
"ARM00087852","2019-12-30","-46.517","-71.017","429.0","PERITO MORENO AIRPORT, AR",,,,,,,"   96",",,S","  188","H,,S"
"ARM00087852","2019-12-31","-46.517","-71.017","429.0","PERITO MORENO AIRPORT, AR",,,,,,,"   85",",,S","  188","H,,S"
"ARM00087852","2020-01-01","-46.517","-71.017","429.0","PERITO MORENO AIRPORT, AR",,,,,,,"   95",",,S","  210","H,,S"
"ARM00087852","2020-01-02","-46.517","-71.017","429.0","PERITO MORENO AIRPORT, AR",,,,,"  268",",,S","  150",",,S","  246","H,,S"
"ARM00087852","2020-01-03","-46.517","-71.017","429.0","PERITO MORENO AIRPORT, AR",,,,,"  270",",,S","  123",",,S","  225","H,,S"
"ARM00087852","2020-01-04","-46.517","-71.017","429.0","PERITO MORENO AIRPORT, AR",,,,,"  260",",,S","  102",",,S","  152","H,,S"
"ARM00087852","2020-01-06","-46.517","-71.017","429.0","PERITO MORENO AIRPORT, AR",,,,,,,"   96",",,S","  162","H,,S"
"ARM00087852","2020-01-07","-46.517","-71.017","429.0","PERITO MORENO AIRPORT, AR","    0",",,S",,,"  186",",,S","  109",",,S","  159","H,,S"
"ARM00087852","2020-01-08","-46.517","-71.017","429.0","PERITO MORENO AIRPORT, AR",,,,,"  183",",,S","   62",",,S","  122","H,,S"
"ARM00087852","2020-01-09","-46.517","-71.017","429.0","PERITO MORENO AIRPORT, AR",,,,,"  146",",,S","   41",",,S","  104","H,,S"
"ARM00087852","2020-01-10","-46.517","-71.017","429.0","PERITO MORENO AIRPORT, AR",,,,,,,"   78",",,S","  141","H,,S"
"ARM00087852","2020-01-13","-46.517","-71.017","429.0","PERITO MORENO AIRPORT, AR",,,,,,,"  116",",,S","  232","H,,S"
"ARM00087852","2020-01-14","-46.517","-71.017","429.0","PERITO MORENO AIRPORT, AR",,,,,"  284",",,S","  138",",,S","  164","H,,S"
"ARM00087852","2020-01-15","-46.517","-71.017","429.0","PERITO MORENO AIRPORT, AR",,,,,"  170",",,S","   56",",,S","  115","H,,S"
"ARM00087852","2020-01-16","-46.517","-71.017","429.0","PERITO MORENO AIRPORT, AR",,,,,,,"   79",",,S","  136","H,,S"
"ARM00087852","2020-01-17","-46.517","-71.017","429.0","PERITO MORENO AIRPORT, AR",,,,,,,"  106",",,S","  203","H,,S"
"ARM00087852","2020-01-18","-46.517","-71.017","429.0","PERITO MORENO AIRPORT, AR",,,,,"  243",",,S","   99",",,S","  179","H,,S"
"ARM00087852","2020-01-20","-46.517","-71.017","429.0","PERITO MORENO AIRPORT, AR",,,,,"  260",",,S","  123",",,S","  199","H,,S"
"ARM00087852","2020-01-21","-46.517","-71.017","429.0","PERITO MORENO AIRPORT, AR",,,,,"  258",",,S","  137",",,S","  221","H,,S"
"ARM00087852","2020-01-22","-46.517","-71.017","429.0","PERITO MORENO AIRPORT, AR",,,,,"  261",",,S","  136",",,S","  213","H,,S"
"ARM00087852","2020-01-23","-46.517","-71.017","429.0","PERITO MORENO AIRPORT, AR",,,,,"  262",",,S","  152",",,S","  181","H,,S"
"ARM00087852","2020-01-24","-46.517","-71.017","429.0","PERITO MORENO AIRPORT, AR",,,,,,,"  120",",,S","  182","H,,S"
"ARM00087852","2020-01-25","-46.517","-71.017","429.0","PERITO MORENO AIRPORT, AR",,,,,"  230",",,S","  125",",,S","  187","H,,S"
"ARM00087852","2020-01-27","-46.517","-71.017","429.0","PERITO MORENO AIRPORT, AR",,,,,,,"  114",",,S","  192","H,,S"
"ARM00087852","2020-01-28","-46.517","-71.017","429.0","PERITO MORENO AIRPORT, AR",,,,,"  241",",,S","   94",",,S","  150","H,,S"
"ARM00087852","2020-01-29","-46.517","-71.017","429.0","PERITO MORENO AIRPORT, AR",,,,,"  170",",,S","   78",",,S","  139","H,,S"
"ARM00087852","2020-02-01","-46.517","-71.017","429.0","PERITO MORENO AIRPORT, AR",,,,,"  210",",,S","  140",",,S","  154","H,,S"
"ARM00087852","2020-02-03","-46.517","-71.017","429.0","PERITO MORENO AIRPORT, AR",,,,,"  155",",,S","   78",",,S","  137","H,,S"
"ARM00087852","2020-02-04","-46.517","-71.017","429.0","PERITO MORENO AIRPORT, AR",,,,,"  160",",,S","   40",",,S","  131","H,,S"
"ARM00087852","2020-02-05","-46.517","-71.017","429.0","PERITO MORENO AIRPORT, AR",,,,,"  170",",,S","   50",",,S","  126","H,,S"
"ARM00087852","2020-02-06","-46.517","-71.017","429.0","PERITO MORENO AIRPORT, AR",,,,,"  179",",,S","   62",",,S","  125","H,,S"
"ARM00087852","2020-02-07","-46.517","-71.017","429.0","PERITO MORENO AIRPORT, AR","  119",",,S",,,,,"   87",",,S","  114","H,,S"
"ARM00087852","2020-02-08","-46.517","-71.017","429.0","PERITO MORENO AIRPORT, AR","   51",",,S",,,,,"   63",",,S","  157","H,,S"
"ARM00087852","2020-02-10","-46.517","-71.017","429.0","PERITO MORENO AIRPORT, AR",,,,,,,"   99",",,S","  207","H,,S"
"ARM00087852","2020-02-11","-46.517","-71.017","429.0","PERITO MORENO AIRPORT, AR",,,,,"  260",",,S","   90",",,S","  219","H,,S"
"ARM00087852","2020-02-12","-46.517","-71.017","429.0","PERITO MORENO AIRPORT, AR",,,,,"  265",",,S","  113",",,S","  164","H,,S"
"ARM00087852","2020-02-13","-46.517","-71.017","429.0","PERITO MORENO AIRPORT, AR",,,,,"  183",",,S","   85",",,S","  141","H,,S"
"ARM00087852","2020-02-14","-46.517","-71.017","429.0","PERITO MORENO AIRPORT, AR","   20",",,S",,,"  180",",,S","   89",",,S","  149","H,,S"
"ARM00087852","2020-02-15","-46.517","-71.017","429.0","PERITO MORENO AIRPORT, AR","    0",",,S",,,"  183",",,S","   96",",,S","  150","H,,S"
"ARM00087852","2020-02-17","-46.517","-71.017","429.0","PERITO MORENO AIRPORT, AR",,,,,,,"   70",",,S","  139","H,,S"
"ARM00087852","2020-02-18","-46.517","-71.017","429.0","PERITO MORENO AIRPORT, AR",,,,,"  170",",,S","  103",",,S","  147","H,,S"
"ARM00087852","2020-02-19","-46.517","-71.017","429.0","PERITO MORENO AIRPORT, AR",,,,,"  172",",,S","   75",",,S","  132","H,,S"
"ARM00087852","2020-02-20","-46.517","-71.017","429.0","PERITO MORENO AIRPORT, AR",,,,,,,"   33",",,S","  149","H,,S"
"ARM00087852","2020-02-21","-46.517","-71.017","429.0","PERITO MORENO AIRPORT, AR",,,,,,,"   32",",,S","  191","H,,S"
"ARM00087852","2020-02-22","-46.517","-71.017","429.0","PERITO MORENO AIRPORT, AR",,,,,"  286",",,S","   66",",,S","  203","H,,S"
"ARM00087852","2020-02-24","-46.517","-71.017","429.0","PERITO MORENO AIRPORT, AR",,,,,,,"  112",",,S","  164","H,,S"
"ARM00087852","2020-02-25","-46.517","-71.017","429.0","PERITO MORENO AIRPORT, AR",,,,,"  191",",,S","  100",",,S","  153","H,,S"
"ARM00087852","2020-02-26","-46.517","-71.017","429.0","PERITO MORENO AIRPORT, AR",,,,,"  210",",,S","  124",",,S","  155","H,,S"
"ARM00087852","2020-02-27","-46.517","-71.017","429.0","PERITO MORENO AIRPORT, AR",,,,,"  205",",,S","  100",",,S","  174","H,,S"
"ARM00087852","2020-02-28","-46.517","-71.017","429.0","PERITO MORENO AIRPORT, AR",,,,,,,"  117",",,S","  184","H,,S"
"ARM00087852","2020-02-29","-46.517","-71.017","429.0","PERITO MORENO AIRPORT, AR",,,,,"  248",",,S","  120",",,S","  199","H,,S"
"ARM00087852","2020-03-02","-46.517","-71.017","429.0","PERITO MORENO AIRPORT, AR",,,,,,,"  119",",,S","  192","H,,S"
"ARM00087852","2020-03-03","-46.517","-71.017","429.0","PERITO MORENO AIRPORT, AR",,,,,,,"   83",",,S","  176","H,,S"
"ARM00087852","2020-03-04","-46.517","-71.017","429.0","PERITO MORENO AIRPORT, AR",,,,,"  258",",,S","   98",",,S","  198","H,,S"
"ARM00087852","2020-03-05","-46.517","-71.017","429.0","PERITO MORENO AIRPORT, AR",,,,,"  251",",,S","   70",",,S","  192","H,,S"
"ARM00087852","2020-03-06","-46.517","-71.017","429.0","PERITO MORENO AIRPORT, AR","    3",",,S",,,"  264",",,S","  118",",,S","  184","H,,S"
"ARM00087852","2020-03-07","-46.517","-71.017","429.0","PERITO MORENO AIRPORT, AR","    0",",,S",,,"  250",",,S","   88",",,S","  142","H,,S"
"ARM00087852","2020-03-09","-46.517","-71.017","429.0","PERITO MORENO AIRPORT, AR",,,,,,,"   55",",,S","  152","H,,S"
"ARM00087852","2020-03-10","-46.517","-71.017","429.0","PERITO MORENO AIRPORT, AR",,,,,,,"   30",",,S","  142","H,,S"
"ARM00087852","2020-03-11","-46.517","-71.017","429.0","PERITO MORENO AIRPORT, AR",,,,,"  221",",,S","   76",",,S","  178","H,,S"
"ARM00087852","2020-03-12","-46.517","-71.017","429.0","PERITO MORENO AIRPORT, AR",,,,,"  197",",,S","   30",",,S","  126","H,,S"
"ARM00087852","2020-03-13","-46.517","-71.017","429.0","PERITO MORENO AIRPORT, AR",,,,,"  190",",,S","   55",",,S","  137","H,,S"
"ARM00087852","2020-03-14","-46.517","-71.017","429.0","PERITO MORENO AIRPORT, AR",,,,,,,"   94",",,S","  139","H,,S"
"ARM00087852","2020-03-16","-46.517","-71.017","429.0","PERITO MORENO AIRPORT, AR",,,,,,,"  138",",,S","  187","H,,S"
"ARM00087852","2020-03-17","-46.517","-71.017","429.0","PERITO MORENO AIRPORT, AR",,,,,"  220",",,S","   49",",,S","  127","H,,S"
"ARM00087852","2020-03-18","-46.517","-71.017","429.0","PERITO MORENO AIRPORT, AR",,,,,"  188",",,S","   75",",,S","  148","H,,S"
"ARM00087852","2020-03-19","-46.517","-71.017","429.0","PERITO MORENO AIRPORT, AR",,,,,"  193",",,S","  108",",,S","  150","H,,S"
"ARM00087852","2020-03-20","-46.517","-71.017","429.0","PERITO MORENO AIRPORT, AR",,,,,"  200",",,S","  110",",,S","  169","H,,S"
"ARM00087852","2020-03-21","-46.517","-71.017","429.0","PERITO MORENO AIRPORT, AR",,,,,"  206",",,S","  117",",,S","  164","H,,S"
"ARM00087852","2020-03-23","-46.517","-71.017","429.0","PERITO MORENO AIRPORT, AR",,,,,,,"  126",",,S","  194","H,,S"
"ARM00087852","2020-03-24","-46.517","-71.017","429.0","PERITO MORENO AIRPORT, AR",,,,,"  220",",,S","  134",",,S","  164","H,,S"
"ARM00087852","2020-03-25","-46.517","-71.017","429.0","PERITO MORENO AIRPORT, AR",,,,,,,"   79",",,S","  160","H,,S"
"ARM00087852","2020-03-26","-46.517","-71.017","429.0","PERITO MORENO AIRPORT, AR",,,,,,,"  113",",,S","  184","H,,S"
"ARM00087852","2020-03-27","-46.517","-71.017","429.0","PERITO MORENO AIRPORT, AR",,,,,"  215",",,S","  124",",,S","  161","H,,S"
"ARM00087852","2020-03-28","-46.517","-71.017","429.0","PERITO MORENO AIRPORT, AR","    0",",,S",,,"  190",",,S","   42",",,S","  119","H,,S"
"ARM00087852","2020-03-30","-46.517","-71.017","429.0","PERITO MORENO AIRPORT, AR",,,,,,,"   33",",,S","  131","H,,S"
"ARM00087852","2020-03-31","-46.517","-71.017","429.0","PERITO MORENO AIRPORT, AR",,,,,"  163",",,S","    2",",,S","   98","H,,S"
"ARM00087852","2020-04-01","-46.517","-71.017","429.0","PERITO MORENO AIRPORT, AR",,,,,,,"   10",",,S","  117","H,,S"
"ARM00087852","2020-04-02","-46.517","-71.017","429.0","PERITO MORENO AIRPORT, AR",,,,,"  170",",,S","   18",",,S","  139","H,,S"
"ARM00087852","2020-04-03","-46.517","-71.017","429.0","PERITO MORENO AIRPORT, AR",,,,,"  170",",,S","   85",",,S","  147","H,,S"
"ARM00087852","2020-04-04","-46.517","-71.017","429.0","PERITO MORENO AIRPORT, AR",,,,,"  170",",,S","   64",",,S","  113","H,,S"
"ARM00087852","2020-04-06","-46.517","-71.017","429.0","PERITO MORENO AIRPORT, AR","    0",",,S",,,,,"   38",",,S","  101","H,,S"
"ARM00087852","2020-04-07","-46.517","-71.017","429.0","PERITO MORENO AIRPORT, AR",,,,,,,"   58",",,S","  136","H,,S"
"ARM00087852","2020-04-08","-46.517","-71.017","429.0","PERITO MORENO AIRPORT, AR",,,,,,,"   25",",,S","  129","H,,S"
"ARM00087852","2020-04-09","-46.517","-71.017","429.0","PERITO MORENO AIRPORT, AR",,,,,"  215",",,S","   25",",,S","  154","H,,S"
"ARM00087852","2020-04-10","-46.517","-71.017","429.0","PERITO MORENO AIRPORT, AR",,,,,"  210",",,S","   70",",,S","  143","H,,S"
"ARM00087852","2020-04-11","-46.517","-71.017","429.0","PERITO MORENO AIRPORT, AR",,,,,"  160",",,S","   52",",,S","   95","H,,S"
"ARM00087852","2020-04-13","-46.517","-71.017","429.0","PERITO MORENO AIRPORT, AR",,,,,,,"   89",",,S","  124","H,,S"
"ARM00087852","2020-04-14","-46.517","-71.017","429.0","PERITO MORENO AIRPORT, AR",,,,,"  150",",,S","   16",",,S","  103","H,,S"
"ARM00087852","2020-04-15","-46.517","-71.017","429.0","PERITO MORENO AIRPORT, AR",,,,,,,"   16",",,S","  127","H,,S"
"ARM00087852","2020-04-16","-46.517","-71.017","429.0","PERITO MORENO AIRPORT, AR",,,,,,,"   45",",,S","  134","H,,S"
"ARM00087852","2020-04-17","-46.517","-71.017","429.0","PERITO MORENO AIRPORT, AR",,,,,"  215",",,S","   54",",,S","  156","H,,S"
"ARM00087852","2020-04-18","-46.517","-71.017","429.0","PERITO MORENO AIRPORT, AR",,,,,"  185",",,S","   54",",,S","  114","H,,S"
"ARM00087852","2020-04-20","-46.517","-71.017","429.0","PERITO MORENO AIRPORT, AR",,,,,,,"   60",",,S","   98","H,,S"
"ARM00087852","2020-04-21","-46.517","-71.017","429.0","PERITO MORENO AIRPORT, AR",,,,,,,"   50",",,S","   93","H,,S"
"ARM00087852","2020-04-22","-46.517","-71.017","429.0","PERITO MORENO AIRPORT, AR",,,,,,,,,"   91","H,,S"
"ARM00087852","2020-04-23","-46.517","-71.017","429.0","PERITO MORENO AIRPORT, AR",,,,,"  165",",,S","    8",",,S","   72","H,,S"
"ARM00087852","2020-04-24","-46.517","-71.017","429.0","PERITO MORENO AIRPORT, AR","    0",",,S",,,"  130",",,S","    0",",,S","   77","H,,S"
"ARM00087852","2020-04-25","-46.517","-71.017","429.0","PERITO MORENO AIRPORT, AR","   10",",,S",,,"  110",",,S","   23",",,S","   33","H,,S"
"ARM00087852","2020-04-27","-46.517","-71.017","429.0","PERITO MORENO AIRPORT, AR","    5",",,S",,,,,"   68",",,S","   90","H,,S"
"ARM00087852","2020-04-28","-46.517","-71.017","429.0","PERITO MORENO AIRPORT, AR","    0",",,S",,,,,"   76",",,S","   97","H,,S"
"ARM00087852","2020-04-29","-46.517","-71.017","429.0","PERITO MORENO AIRPORT, AR",,,,,"  122",",,S","    5",",,S","   70","H,,S"
"ARM00087852","2020-04-30","-46.517","-71.017","429.0","PERITO MORENO AIRPORT, AR",,,,,,,"    8",",,S","  103","H,,S"
"ARM00087852","2020-05-01","-46.517","-71.017","429.0","PERITO MORENO AIRPORT, AR",,,,,"  135",",,S","   -5",",,S","   72","H,,S"
"ARM00087852","2020-05-02","-46.517","-71.017","429.0","PERITO MORENO AIRPORT, AR",,,,,,,"   18",",,S","   99","H,,S"
"ARM00087852","2020-05-04","-46.517","-71.017","429.0","PERITO MORENO AIRPORT, AR",,,,,,,"    5",",,S","   77","H,,S"
"ARM00087852","2020-05-05","-46.517","-71.017","429.0","PERITO MORENO AIRPORT, AR","    0",",,S",,,"  105",",,S","  -24",",,S","   56","H,,S"
"ARM00087852","2020-05-06","-46.517","-71.017","429.0","PERITO MORENO AIRPORT, AR","    8",",,S",,,"  116",",,S","  -26",",,S","   65","H,,S"
"ARM00087852","2020-05-07","-46.517","-71.017","429.0","PERITO MORENO AIRPORT, AR","    5",",,S",,,,,"   28",",,S","  109","H,,S"
"ARM00087852","2020-05-08","-46.517","-71.017","429.0","PERITO MORENO AIRPORT, AR","    0",",,S",,,"  154",",,S","   76",",,S","  114","H,,S"
"ARM00087852","2020-05-09","-46.517","-71.017","429.0","PERITO MORENO AIRPORT, AR",,,,,,,"   44",",,S","   97","H,,S"
"ARM00087852","2020-05-11","-46.517","-71.017","429.0","PERITO MORENO AIRPORT, AR",,,,,,,"   62",",,S","   93","H,,S"
"ARM00087852","2020-05-12","-46.517","-71.017","429.0","PERITO MORENO AIRPORT, AR","    3",",,S",,,"  120",",,S",,,"   59","H,,S"
"ARM00087852","2020-05-13","-46.517","-71.017","429.0","PERITO MORENO AIRPORT, AR","    0",",,S",,,"   94",",,S","  -30",",,S","   31","H,,S"
"ARM00087852","2020-05-14","-46.517","-71.017","429.0","PERITO MORENO AIRPORT, AR","    5",",,S",,,,,"  -20",",,S","   69","H,,S"
"ARM00087852","2020-05-15","-46.517","-71.017","429.0","PERITO MORENO AIRPORT, AR","   41",",,S",,,,,"   12",",,S","   87","H,,S"
"ARM00087852","2020-05-16","-46.517","-71.017","429.0","PERITO MORENO AIRPORT, AR","   10",",,S",,,"  138",",,S","   40",",,S","  106","H,,S"
"ARM00087852","2020-05-18","-46.517","-71.017","429.0","PERITO MORENO AIRPORT, AR","   30",",,S",,,,,"   54",",,S","  114","H,,S"
"ARM00087852","2020-05-19","-46.517","-71.017","429.0","PERITO MORENO AIRPORT, AR","    0",",,S",,,"  125",",,S","   34",",,S","   63","H,,S"
"ARM00087852","2020-05-20","-46.517","-71.017","429.0","PERITO MORENO AIRPORT, AR",,,,,"   90",",,S","  -25",",,S","   46","H,,S"
"ARM00087852","2020-05-21","-46.517","-71.017","429.0","PERITO MORENO AIRPORT, AR",,,,,"   90",",,S","  -35",",,S","   41","H,,S"
"ARM00087852","2020-05-22","-46.517","-71.017","429.0","PERITO MORENO AIRPORT, AR",,,,,,,"  -38",",,S","   67","H,,S"
"ARM00087852","2020-05-23","-46.517","-71.017","429.0","PERITO MORENO AIRPORT, AR",,,,,"  130",",,S","   19",",,S","  101","H,,S"
"ARM00087852","2020-05-25","-46.517","-71.017","429.0","PERITO MORENO AIRPORT, AR","    3",",,S",,,,,"   50",",,S","   82","H,,S"
"ARM00087852","2020-05-26","-46.517","-71.017","429.0","PERITO MORENO AIRPORT, AR","    0",",,S",,,"  138",",,S","   38",",,S","  100","H,,S"
"ARM00087852","2020-05-27","-46.517","-71.017","429.0","PERITO MORENO AIRPORT, AR",,,,,"  125",",,S",,,"   82","H,,S"
"ARM00087852","2020-05-28","-46.517","-71.017","429.0","PERITO MORENO AIRPORT, AR",,,,,"  110",",,S","    8",",,S","   46","H,,S"
"ARM00087852","2020-05-29","-46.517","-71.017","429.0","PERITO MORENO AIRPORT, AR",,,,,"   87",",,S","  -65",",,S","    1","H,,S"
"ARM00087852","2020-05-30","-46.517","-71.017","429.0","PERITO MORENO AIRPORT, AR",,,,,,,"  -68",",,S","   -2","H,,S"
"ARM00087852","2020-06-01","-46.517","-71.017","429.0","PERITO MORENO AIRPORT, AR",,,,,,,"    9",",,S","  108","H,,S"
"ARM00087852","2020-06-02","-46.517","-71.017","429.0","PERITO MORENO AIRPORT, AR",,,,,"  140",",,S",,,"   54","H,,S"
"ARM00087852","2020-06-03","-46.517","-71.017","429.0","PERITO MORENO AIRPORT, AR",,,,,,,"  -25",",,S","   45","H,,S"
