"ASN00010622","2018-03-10","-33.9644","118.4889","286.0","ONGERUP, AS","    0",",,a",,,"  135",",,a",,,,,,,,,,,,,,
"ASN00010622","2018-03-11","-33.9644","118.4889","286.0","ONGERUP, AS","    0",",,a",,,,,,,,,,,,,,,,,,
"ASN00010622","2018-03-12","-33.9644","118.4889","286.0","ONGERUP, AS","    0",",,a",,,,,,,,,"    3",",,a",,,,,,,"  285",",,a"
"ASN00010622","2018-03-13","-33.9644","118.4889","286.0","ONGERUP, AS","    0",",,a","  329",",,a",,,,,"    3",",,a",,,,,,,"  135",",,a",,
"ASN00010622","2018-03-14","-33.9644","118.4889","286.0","ONGERUP, AS","    6",",,a","  310",",,a","  178",",,a",,,,,,,,,,,,,,
"ASN00010622","2018-03-15","-33.9644","118.4889","286.0","ONGERUP, AS","   12",",,a","  300",",,a","  176",",,a",,,,,,,,,,,,,,
"ASN00010622","2018-03-16","-33.9644","118.4889","286.0","ONGERUP, AS","    0",",,a","  225",",,a","  150",",,a",,,,,,,,,,,,,,
"ASN00010622","2018-03-17","-33.9644","118.4889","286.0","ONGERUP, AS","    0",",,a",,,"  110",",,a",,,,,,,,,,,,,,
"ASN00010622","2018-03-18","-33.9644","118.4889","286.0","ONGERUP, AS","    0",",,a",,,,,,,,,,,,,,,,,,
"ASN00010622","2018-03-19","-33.9644","118.4889","286.0","ONGERUP, AS","    0",",,a",,,,,,,,,"    3",",,a",,,,,,,"  265",",,a"
"ASN00010622","2018-03-20","-33.9644","118.4889","286.0","ONGERUP, AS","    0",",,a","  284",",,a",,,,,"    3",",,a",,,,,,,"   50",",,a",,
"ASN00010622","2018-03-21","-33.9644","118.4889","286.0","ONGERUP, AS","    0",",,a","  340",",,a","  142",",,a",,,,,,,,,,,,,,
"ASN00010622","2018-03-22","-33.9644","118.4889","286.0","ONGERUP, AS","    0",",,a","  345",",,a","  195",",,a",,,,,,,,,,,,,,
"ASN00010622","2018-03-23","-33.9644","118.4889","286.0","ONGERUP, AS","   10",",,a","  215",",,a","  150",",,a",,,,,,,,,,,,,,
"ASN00010622","2018-03-24","-33.9644","118.4889","286.0","ONGERUP, AS","    0",",,a",,,"  120",",,a",,,,,,,,,,,,,,
"ASN00010622","2018-03-26","-33.9644","118.4889","286.0","ONGERUP, AS",,,,,,,,,,,"    3",",,a",,,,,,,"  269",",,a"
"ASN00010622","2018-03-27","-33.9644","118.4889","286.0","ONGERUP, AS",,,"  222",",,a",,,"    3",",,a","    3",",,a",,,"    3",",,a","  133",",,a","  110",",,a",,
"ASN00010622","2018-03-28","-33.9644","118.4889","286.0","ONGERUP, AS","    3",",,a","  250",",,a","   79",",,a",,,,,,,,,,,,,,
"ASN00010622","2018-03-29","-33.9644","118.4889","286.0","ONGERUP, AS","    0",",,a",,,"  115",",,a",,,,,,,,,,,,,,
"ASN00010622","2018-03-30","-33.9644","118.4889","286.0","ONGERUP, AS","    0",",,a",,,,,,,,,"    2",",,a",,,,,,,"  310",",,a"
"ASN00010622","2018-03-31","-33.9644","118.4889","286.0","ONGERUP, AS","    0",",,a",,,,,,,"    2",",,a",,,,,,,"  150",",,a",,
"ASN00010622","2018-04-02","-33.9644","118.4889","286.0","ONGERUP, AS",,,,,,,,,,,"    3",",,a",,,,,,,"  257",",,a"
"ASN00010622","2018-04-03","-33.9644","118.4889","286.0","ONGERUP, AS",,,,,,,"    3",",,a","    3",",,a",,,"    3",",,a","    5",",,a","   85",",,a",,
"ASN00010622","2018-04-04","-33.9644","118.4889","286.0","ONGERUP, AS","    0",",,a",,,,,,,,,"    2",",,a",,,,,,,"  324",",,a"
"ASN00010622","2018-04-05","-33.9644","118.4889","286.0","ONGERUP, AS","    0",",,a","  233",",,a",,,,,"    2",",,a",,,,,,,"  145",",,a",,
"ASN00010622","2018-04-06","-33.9644","118.4889","286.0","ONGERUP, AS","    1",",,a","  225",",,a","  145",",,a",,,,,,,,,,,,,,
"ASN00010622","2018-04-07","-33.9644","118.4889","286.0","ONGERUP, AS","    0",",,a","  265",",,a","  146",",,a",,,,,,,,,,,,,,
"ASN00010622","2018-04-08","-33.9644","118.4889","286.0","ONGERUP, AS","    0",",,a",,,"  115",",,a",,,,,,,,,,,,,,
"ASN00010622","2018-04-09","-33.9644","118.4889","286.0","ONGERUP, AS",,,,,,,,,,,"    2",",,a",,,,,,,"  260",",,a"
"ASN00010622","2018-04-10","-33.9644","118.4889","286.0","ONGERUP, AS",,,"  196",",,a",,,"    2",",,a","    2",",,a",,,"    2",",,a","    4",",,a","  115",",,a",,
"ASN00010622","2018-04-11","-33.9644","118.4889","286.0","ONGERUP, AS","    0",",,a","  220",",,a","   72",",,a",,,,,,,,,,,,,,
"ASN00010622","2018-04-12","-33.9644","118.4889","286.0","ONGERUP, AS","    0",",,a","  240",",,a","   70",",,a",,,,,,,,,,,,,,
"ASN00010622","2018-04-13","-33.9644","118.4889","286.0","ONGERUP, AS","    4",",,a","  225",",,a","  105",",,a",,,,,,,,,,,,,,
"ASN00010622","2018-04-14","-33.9644","118.4889","286.0","ONGERUP, AS","    0",",,a",,,"   90",",,a",,,,,,,,,,,,,,
"ASN00010622","2018-04-15","-33.9644","118.4889","286.0","ONGERUP, AS","    0",",,a",,,,,,,,,,,,,,,,,,
"ASN00010622","2018-04-16","-33.9644","118.4889","286.0","ONGERUP, AS","    0",",,a",,,,,,,,,"    3",",,a",,,,,,,"  250",",,a"
"ASN00010622","2018-04-17","-33.9644","118.4889","286.0","ONGERUP, AS","    0",",,a","  257",",,a",,,,,"    3",",,a",,,,,,,"   58",",,a",,
"ASN00010622","2018-04-18","-33.9644","118.4889","286.0","ONGERUP, AS","    0",",,a","  227",",,a","  140",",,a",,,,,,,,,,,,,,
"ASN00010622","2018-04-19","-33.9644","118.4889","286.0","ONGERUP, AS","    0",",,a","  190",",,a","   58",",,a",,,,,,,,,,,,,,
"ASN00010622","2018-04-20","-33.9644","118.4889","286.0","ONGERUP, AS","    0",",,a","  230",",,a","   80",",,a",,,,,,,,,,,,,,
"ASN00010622","2018-04-21","-33.9644","118.4889","286.0","ONGERUP, AS","    0",",,a",,,"   80",",,a",,,,,,,,,,,,,,
"ASN00010622","2018-04-23","-33.9644","118.4889","286.0","ONGERUP, AS",,,,,,,,,,,"    3",",,a",,,,,,,"  279",",,a"
"ASN00010622","2018-04-24","-33.9644","118.4889","286.0","ONGERUP, AS",,,,,,,"    3",",,a","    3",",,a",,,"    3",",,a","  118",",,a","  105",",,a",,
"ASN00010622","2018-04-25","-33.9644","118.4889","286.0","ONGERUP, AS",,,,,,,,,,,"    2",",,a",,,,,,,"  220",",,a"
"ASN00010622","2018-04-26","-33.9644","118.4889","286.0","ONGERUP, AS",,,"  264",",,a",,,"    2",",,a","    2",",,a",,,"    2",",,a","    4",",,a","   70",",,a",,
"ASN00010622","2018-04-27","-33.9644","118.4889","286.0","ONGERUP, AS","    0",",,a","  220",",,a","  104",",,a",,,,,,,,,,,,,,
"ASN00010622","2018-04-28","-33.9644","118.4889","286.0","ONGERUP, AS","    3",",,a",,,"  105",",,a",,,,,,,,,,,,,,
"ASN00010622","2018-04-30","-33.9644","118.4889","286.0","ONGERUP, AS",,,,,,,,,,,"    3",",,a",,,,,,,"  274",",,a"
"ASN00010622","2018-05-01","-33.9644","118.4889","286.0","ONGERUP, AS","    0",",,a","  194",",,a",,,,,"    3",",,a",,,,,,,"   90",",,a",,
"ASN00010622","2018-05-02","-33.9644","118.4889","286.0","ONGERUP, AS","    0",",,a","  165",",,a","   56",",,a",,,,,,,,,,,,,,
"ASN00010622","2018-05-03","-33.9644","118.4889","286.0","ONGERUP, AS","    6",",,a","  185",",,a","   60",",,a",,,,,,,,,,,,,,
"ASN00010622","2018-05-04","-33.9644","118.4889","286.0","ONGERUP, AS","    0",",,a","  224",",,a","   30",",,a",,,,,,,,,,,,,,
"ASN00010622","2018-05-05","-33.9644","118.4889","286.0","ONGERUP, AS","    0",",,a",,,"   24",",,a",,,,,,,,,,,,,,
"ASN00010622","2018-05-06","-33.9644","118.4889","286.0","ONGERUP, AS","    0",",,a",,,,,,,,,,,,,,,,,,
"ASN00010622","2018-05-07","-33.9644","118.4889","286.0","ONGERUP, AS","    0",",,a","  245",",,a",,,,,,,,,,,,,,,,
"ASN00010622","2018-05-08","-33.9644","118.4889","286.0","ONGERUP, AS","    0",",,a","  213",",,a",,,,,"    3",",,a",,,,,,,"   20",",,a",,
"ASN00010622","2018-05-09","-33.9644","118.4889","286.0","ONGERUP, AS","    0",",,a","  216",",,a","   44",",,a",,,,,,,,,,,,,,
"ASN00010622","2018-05-10","-33.9644","118.4889","286.0","ONGERUP, AS","    4",",,a","  198",",,a","   90",",,a",,,,,,,,,,,,,,
"ASN00010622","2018-05-11","-33.9644","118.4889","286.0","ONGERUP, AS","    0",",,a","  230",",,a","   80",",,a",,,,,,,,,,,,,,
"ASN00010622","2018-05-12","-33.9644","118.4889","286.0","ONGERUP, AS","    0",",,a",,,"  110",",,a",,,,,,,,,,,,,,
"ASN00010622","2018-05-14","-33.9644","118.4889","286.0","ONGERUP, AS",,,,,,,,,,,"    3",",,a",,,,,,,"  275",",,a"
"ASN00010622","2018-05-15","-33.9644","118.4889","286.0","ONGERUP, AS",,,"  205",",,a",,,"    3",",,a","    3",",,a",,,"    1",",,a","    1",",,a","   75",",,a",,
"ASN00010622","2018-05-16","-33.9644","118.4889","286.0","ONGERUP, AS","    1",",,a","  234",",,a","   54",",,a",,,,,,,,,,,,,,
"ASN00010622","2018-05-17","-33.9644","118.4889","286.0","ONGERUP, AS","    0",",,a","  231",",,a","   40",",,a",,,,,,,,,,,,,,
"ASN00010622","2018-05-18","-33.9644","118.4889","286.0","ONGERUP, AS","    1",",,a","  220",",,a","   31",",,a",,,,,,,,,,,,,,
"ASN00010622","2018-05-19","-33.9644","118.4889","286.0","ONGERUP, AS","    1",",,a",,,"   45",",,a",,,,,,,,,,,,,,
"ASN00010622","2018-05-20","-33.9644","118.4889","286.0","ONGERUP, AS","    0",",,a",,,,,,,,,,,,,,,,,,
"ASN00010622","2018-05-21","-33.9644","118.4889","286.0","ONGERUP, AS","    0",",,a",,,,,,,,,"    3",",,a",,,,,,,"  226",",,a"
"ASN00010622","2018-05-22","-33.9644","118.4889","286.0","ONGERUP, AS","    0",",,a","  250",",,a",,,,,"    3",",,a",,,,,,,"   53",",,a",,
"ASN00010622","2018-05-23","-33.9644","118.4889","286.0","ONGERUP, AS","    0",",,a","  249",",,a","   66",",,a",,,,,,,,,,,,,,
"ASN00010622","2018-05-24","-33.9644","118.4889","286.0","ONGERUP, AS","    0",",,a","  260",",,a","   95",",,a",,,,,,,,,,,,,,
"ASN00010622","2018-05-25","-33.9644","118.4889","286.0","ONGERUP, AS","   17",",,a","  161",",,a","  120",",,a",,,,,,,,,,,,,,
"ASN00010622","2018-05-26","-33.9644","118.4889","286.0","ONGERUP, AS","   52",",,a",,,"   95",",,a",,,,,,,,,,,,,,
"ASN00010622","2018-05-28","-33.9644","118.4889","286.0","ONGERUP, AS",,,,,,,,,,,"    3",",,a",,,,,,,"  195",",,a"
"ASN00010622","2018-05-29","-33.9644","118.4889","286.0","ONGERUP, AS",,,"  189",",,a",,,"    3",",,a","    3",",,a",,,"    3",",,a","   21",",,a","   30",",,a",,
"ASN00010622","2018-05-30","-33.9644","118.4889","286.0","ONGERUP, AS","    2",",,a","  205",",,a","   48",",,a",,,,,,,,,,,,,,
"ASN00010622","2018-05-31","-33.9644","118.4889","286.0","ONGERUP, AS","    0",",,a","  175",",,a","   74",",,a",,,,,,,,,,,,,,
"ASN00010622","2018-06-01","-33.9644","118.4889","286.0","ONGERUP, AS","   60",",,a","  150",",,a","   20",",,a",,,,,,,,,,,,,,
"ASN00010622","2018-06-02","-33.9644","118.4889","286.0","ONGERUP, AS","    2",",,a",,,"   20",",,a",,,,,,,,,,,,,,
"ASN00010622","2018-06-04","-33.9644","118.4889","286.0","ONGERUP, AS",,,,,,,,,,,"    3",",,a",,,,,,,"  228",",,a"
"ASN00010622","2018-06-05","-33.9644","118.4889","286.0","ONGERUP, AS",,,"  185",",,a",,,"    3",",,a","    3",",,a",,,"    3",",,a","    5",",,a","   30",",,a",,
"ASN00010622","2018-06-06","-33.9644","118.4889","286.0","ONGERUP, AS","   38",",,a","  164",",,a","   75",",,a",,,,,,,,,,,,,,
"ASN00010622","2018-06-07","-33.9644","118.4889","286.0","ONGERUP, AS","    6",",,a","  154",",,a","   47",",,a",,,,,,,,,,,,,,
"ASN00010622","2018-06-08","-33.9644","118.4889","286.0","ONGERUP, AS","    1",",,a","  160",",,a","    0",",,a",,,,,,,,,,,,,,
"ASN00010622","2018-06-09","-33.9644","118.4889","286.0","ONGERUP, AS","    0",",,a",,,"   67",",,a",,,,,,,,,,,,,,
"ASN00010622","2018-06-11","-33.9644","118.4889","286.0","ONGERUP, AS",,,,,,,,,,,"    3",",,a",,,,,,,"  183",",,a"
"ASN00010622","2018-06-12","-33.9644","118.4889","286.0","ONGERUP, AS",,,"  150",",,a",,,"    3",",,a","    3",",,a",,,"    3",",,a","  118",",,a","   15",",,a",,
"ASN00010622","2018-06-13","-33.9644","118.4889","286.0","ONGERUP, AS","   14",",,a","  148",",,a","   60",",,a",,,,,,,,,,,,,,
"ASN00010622","2018-06-14","-33.9644","118.4889","286.0","ONGERUP, AS","    2",",,a","  184",",,a","   42",",,a",,,,,,,,,,,,,,
"ASN00010622","2018-06-15","-33.9644","118.4889","286.0","ONGERUP, AS","    1",",,a","  190",",,a","   73",",,a",,,,,,,,,,,,,,
"ASN00010622","2018-06-16","-33.9644","118.4889","286.0","ONGERUP, AS","    2",",,a",,,"   65",",,a",,,,,,,,,,,,,,
"ASN00010622","2018-06-18","-33.9644","118.4889","286.0","ONGERUP, AS",,,,,,,,,,,"    3",",,a",,,,,,,"  211",",,a"
"ASN00010622","2018-06-19","-33.9644","118.4889","286.0","ONGERUP, AS",,,"  163",",,a",,,"    3",",,a","    3",",,a",,,"    3",",,a","   67",",,a","   43",",,a",,
"ASN00010622","2018-06-20","-33.9644","118.4889","286.0","ONGERUP, AS","    5",",,a","  169",",,a","   89",",,a",,,,,,,,,,,,,,
"ASN00010622","2018-06-21","-33.9644","118.4889","286.0","ONGERUP, AS","    2",",,a","  185",",,a","   54",",,a",,,,,,,,,,,,,,
"ASN00010622","2018-06-22","-33.9644","118.4889","286.0","ONGERUP, AS","    4",",,a","  145",",,a","   84",",,a",,,,,,,,,,,,,,
"ASN00010622","2018-06-23","-33.9644","118.4889","286.0","ONGERUP, AS","    1",",,a",,,"   60",",,a",,,,,,,,,,,,,,
"ASN00010622","2018-06-25","-33.9644","118.4889","286.0","ONGERUP, AS",,,,,,,,,,,"    3",",,a",,,,,,,"  191",",,a"
"ASN00010622","2018-06-26","-33.9644","118.4889","286.0","ONGERUP, AS",,,"  180",",,a",,,"    3",",,a","    3",",,a",,,"    3",",,a","    4",",,a","   44",",,a",,
"ASN00010622","2018-06-27","-33.9644","118.4889","286.0","ONGERUP, AS","   10",",,a","  146",",,a","   95",",,a",,,,,,,,,,,,,,
"ASN00010622","2018-06-28","-33.9644","118.4889","286.0","ONGERUP, AS","   58",",,a","  142",",,a","   28",",,a",,,,,,,,,,,,,,
"ASN00010622","2018-06-29","-33.9644","118.4889","286.0","ONGERUP, AS","    4",",,a","  124",",,a","   31",",,a",,,,,,,,,,,,,,
"ASN00010622","2018-06-30","-33.9644","118.4889","286.0","ONGERUP, AS","    1",",,a",,,"   13",",,a",,,,,,,,,,,,,,
"ASN00010622","2018-07-02","-33.9644","118.4889","286.0","ONGERUP, AS",,,,,,,,,,,"    3",",,a",,,,,,,"  195",",,a"
"ASN00010622","2018-07-03","-33.9644","118.4889","286.0","ONGERUP, AS",,,"  169",",,a",,,"    3",",,a","    3",",,a",,,"    3",",,a","   20",",,a","   40",",,a",,
"ASN00010622","2018-07-04","-33.9644","118.4889","286.0","ONGERUP, AS","   32",",,a","  144",",,a","   56",",,a",,,,,,,,,,,,,,
"ASN00010622","2018-07-05","-33.9644","118.4889","286.0","ONGERUP, AS","   40",",,a","  129",",,a","   42",",,a",,,,,,,,,,,,,,
"ASN00010622","2018-07-06","-33.9644","118.4889","286.0","ONGERUP, AS","    2",",,a","  168",",,a","   30",",,a",,,,,,,,,,,,,,
"ASN00010622","2018-07-07","-33.9644","118.4889","286.0","ONGERUP, AS","    2",",,a",,,"   30",",,a",,,,,,,,,,,,,,
"ASN00010622","2018-07-09","-33.9644","118.4889","286.0","ONGERUP, AS",,,,,,,,,,,"    3",",,a",,,,,,,"  195",",,a"
"ASN00010622","2018-07-10","-33.9644","118.4889","286.0","ONGERUP, AS",,,"  200",",,a",,,"    3",",,a","    3",",,a",,,"    3",",,a","    2",",,a","    0",",,a",,
"ASN00010622","2018-07-11","-33.9644","118.4889","286.0","ONGERUP, AS","    0",",,a","  209",",,a","   40",",,a",,,,,,,,,,,,,,
"ASN00010622","2018-07-12","-33.9644","118.4889","286.0","ONGERUP, AS","    0",",,a","  210",",,a","   52",",,a",,,,,,,,,,,,,,
"ASN00010622","2018-07-13","-33.9644","118.4889","286.0","ONGERUP, AS","    6",",,a","  170",",,a","   81",",,a",,,,,,,,,,,,,,
"ASN00010622","2018-07-14","-33.9644","118.4889","286.0","ONGERUP, AS","    1",",,a",,,"   40",",,a",,,,,,,,,,,,,,
"ASN00010622","2018-07-16","-33.9644","118.4889","286.0","ONGERUP, AS",,,,,,,,,,,"    3",",,a",,,,,,,"  165",",,a"
"ASN00010622","2018-07-17","-33.9644","118.4889","286.0","ONGERUP, AS",,,"  166",",,a",,,"    3",",,a","    3",",,a",,,"    3",",,a","   72",",,a","   45",",,a",,
"ASN00010622","2018-07-18","-33.9644","118.4889","286.0","ONGERUP, AS","    2",",,a","  163",",,a","   69",",,a",,,,,,,,,,,,,,
"ASN00010622","2018-07-19","-33.9644","118.4889","286.0","ONGERUP, AS","    4",",,a","  144",",,a","   25",",,a",,,,,,,,,,,,,,
"ASN00010622","2018-07-20","-33.9644","118.4889","286.0","ONGERUP, AS","    0",",,a","  180",",,a","    5",",,a",,,,,,,,,,,,,,
"ASN00010622","2018-07-21","-33.9644","118.4889","286.0","ONGERUP, AS","    0",",,a",,,"   85",",,a",,,,,,,,,,,,,,
"ASN00010622","2018-07-23","-33.9644","118.4889","286.0","ONGERUP, AS",,,,,,,,,,,"    3",",,a",,,,,,,"  170",",,a"
"ASN00010622","2018-07-24","-33.9644","118.4889","286.0","ONGERUP, AS",,,"  177",",,a",,,"    3",",,a","    3",",,a",,,"    3",",,a","   84",",,a","   80",",,a",,
"ASN00010622","2018-07-25","-33.9644","118.4889","286.0","ONGERUP, AS","    2",",,a","  178",",,a","   71",",,a",,,,,,,,,,,,,,
"ASN00010622","2018-07-26","-33.9644","118.4889","286.0","ONGERUP, AS","   44",",,a","  173",",,a","   84",",,a",,,,,,,,,,,,,,
"ASN00010622","2018-07-27","-33.9644","118.4889","286.0","ONGERUP, AS","   16",",,a","  160",",,a","   99",",,a",,,,,,,,,,,,,,
"ASN00010622","2018-07-28","-33.9644","118.4889","286.0","ONGERUP, AS","    9",",,a",,,"   62",",,a",,,,,,,,,,,,,,
"ASN00010622","2018-07-30","-33.9644","118.4889","286.0","ONGERUP, AS",,,,,,,,,,,"    3",",,a",,,,,,,"  167",",,a"
"ASN00010622","2018-07-31","-33.9644","118.4889","286.0","ONGERUP, AS",,,"  165",",,a",,,"    3",",,a","    3",",,a",,,"    3",",,a","    5",",,a","   18",",,a",,
"ASN00010622","2018-08-01","-33.9644","118.4889","286.0","ONGERUP, AS","   10",",,a","  133",",,a","   74",",,a",,,,,,,,,,,,,,
"ASN00010622","2018-08-02","-33.9644","118.4889","286.0","ONGERUP, AS","   58",",,a","  122",",,a","   29",",,a",,,,,,,,,,,,,,
"ASN00010622","2018-08-03","-33.9644","118.4889","286.0","ONGERUP, AS","    6",",,a","  155",",,a","   60",",,a",,,,,,,,,,,,,,
"ASN00010622","2018-08-04","-33.9644","118.4889","286.0","ONGERUP, AS","   28",",,a",,,"   55",",,a",,,,,,,,,,,,,,
"ASN00010622","2018-08-06","-33.9644","118.4889","286.0","ONGERUP, AS",,,,,,,,,,,"    3",",,a",,,,,,,"  140",",,a"
"ASN00010622","2018-08-07","-33.9644","118.4889","286.0","ONGERUP, AS",,,"  175",",,a",,,"    3",",,a","    3",",,a",,,"    3",",,a","   65",",,a","   23",",,a",,
"ASN00010622","2018-08-08","-33.9644","118.4889","286.0","ONGERUP, AS","    3",",,a","  165",",,a","   76",",,a",,,,,,,,,,,,,,
"ASN00010622","2018-08-09","-33.9644","118.4889","286.0","ONGERUP, AS","   58",",,a","  123",",,a","   90",",,a",,,,,,,,,,,,,,
"ASN00010622","2018-08-10","-33.9644","118.4889","286.0","ONGERUP, AS","    6",",,a","  120",",,a","   23",",,a",,,,,,,,,,,,,,
"ASN00010622","2018-08-11","-33.9644","118.4889","286.0","ONGERUP, AS","    3",",,a",,,"   10",",,a",,,,,,,,,,,,,,
"ASN00010622","2018-08-13","-33.9644","118.4889","286.0","ONGERUP, AS",,,,,,,,,,,"    3",",,a",,,,,,,"  211",",,a"
"ASN00010622","2018-08-14","-33.9644","118.4889","286.0","ONGERUP, AS",,,"  177",",,a",,,"    3",",,a","    3",",,a",,,"    3",",,a","   10",",,a","   16",",,a",,
"ASN00010622","2018-08-15","-33.9644","118.4889","286.0","ONGERUP, AS","    6",",,a","  163",",,a","   39",",,a",,,,,,,,,,,,,,
"ASN00010622","2018-08-16","-33.9644","118.4889","286.0","ONGERUP, AS","    3",",,a","  175",",,a","   60",",,a",,,,,,,,,,,,,,
"ASN00010622","2018-08-17","-33.9644","118.4889","286.0","ONGERUP, AS","   32",",,a","  134",",,a","   60",",,a",,,,,,,,,,,,,,
"ASN00010622","2018-08-18","-33.9644","118.4889","286.0","ONGERUP, AS","    1",",,a",,,"  -10",",,a",,,,,,,,,,,,,,
"ASN00010622","2018-08-20","-33.9644","118.4889","286.0","ONGERUP, AS",,,,,,,,,,,"    3",",,a",,,,,,,"  215",",,a"
"ASN00010622","2018-08-21","-33.9644","118.4889","286.0","ONGERUP, AS",,,"  168",",,a",,,"    3",",,a","    3",",,a",,,"    3",",,a","   25",",,a","   20",",,a",,
"ASN00010622","2018-08-22","-33.9644","118.4889","286.0","ONGERUP, AS","   50",",,a","  126",",,a","   38",",,a",,,,,,,,,,,,,,
"ASN00010622","2018-08-23","-33.9644","118.4889","286.0","ONGERUP, AS","    2",",,a","  164",",,a","   63",",,a",,,,,,,,,,,,,,
"ASN00010622","2018-08-24","-33.9644","118.4889","286.0","ONGERUP, AS","    4",",,a","  165",",,a","   60",",,a",,,,,,,,,,,,,,
"ASN00010622","2018-08-25","-33.9644","118.4889","286.0","ONGERUP, AS","    1",",,a",,,"   12",",,a",,,,,,,,,,,,,,
"ASN00010622","2018-08-27","-33.9644","118.4889","286.0","ONGERUP, AS",,,,,,,,,,,"    3",",,a",,,,,,,"  215",",,a"
"ASN00010622","2018-08-28","-33.9644","118.4889","286.0","ONGERUP, AS",,,"  193",",,a",,,"    3",",,a","    3",",,a",,,"    3",",,a","    6",",,a","   40",",,a",,
"ASN00010622","2018-08-29","-33.9644","118.4889","286.0","ONGERUP, AS","  130",",,a","  146",",,a","   27",",,a",,,,,,,,,,,,,,
"ASN00010622","2018-08-30","-33.9644","118.4889","286.0","ONGERUP, AS","   60",",,a","  132",",,a","   67",",,a",,,,,,,,,,,,,,
"ASN00010622","2018-08-31","-33.9644","118.4889","286.0","ONGERUP, AS","    5",",,a","  145",",,a","   71",",,a",,,,,,,,,,,,,,
"ASN00010622","2018-09-01","-33.9644","118.4889","286.0","ONGERUP, AS","    5",",,a",,,"    5",",,a",,,,,,,,,,,,,,
"ASN00010622","2018-09-02","-33.9644","118.4889","286.0","ONGERUP, AS","    0",",,a",,,,,,,,,,,,,,,,,,
"ASN00010622","2018-09-03","-33.9644","118.4889","286.0","ONGERUP, AS","    0",",,a",,,,,,,,,"    3",",,a",,,,,,,"  200",",,a"
"ASN00010622","2018-09-04","-33.9644","118.4889","286.0","ONGERUP, AS","    5",",,a","  176",",,a",,,,,"    3",",,a",,,,,,,"   30",",,a",,
"ASN00010622","2018-09-05","-33.9644","118.4889","286.0","ONGERUP, AS","    9",",,a","  140",",,a","   36",",,a",,,,,,,,,,,,,,
"ASN00010622","2018-09-06","-33.9644","118.4889","286.0","ONGERUP, AS","   10",",,a","  145",",,a","   35",",,a",,,,,,,,,,,,,,
"ASN00010622","2018-09-07","-33.9644","118.4889","286.0","ONGERUP, AS","    1",",,a","  193",",,a","   49",",,a",,,,,,,,,,,,,,
"ASN00010622","2018-09-08","-33.9644","118.4889","286.0","ONGERUP, AS","    9",",,a",,,"   74",",,a",,,,,,,,,,,,,,
"ASN00010622","2018-09-09","-33.9644","118.4889","286.0","ONGERUP, AS","    0",",,a",,,,,,,,,,,,,,,,,,
"ASN00010622","2018-09-10","-33.9644","118.4889","286.0","ONGERUP, AS","    0",",,a",,,,,,,,,"    3",",,a",,,,,,,"  217",",,a"
"ASN00010622","2018-09-11","-33.9644","118.4889","286.0","ONGERUP, AS","   30",",,a","  150",",,a",,,,,"    3",",,a",,,,,,,"   17",",,a",,
"ASN00010622","2018-09-12","-33.9644","118.4889","286.0","ONGERUP, AS","    1",",,a","  162",",,a","   23",",,a",,,,,,,,,,,,,,
"ASN00010622","2018-09-13","-33.9644","118.4889","286.0","ONGERUP, AS","    0",",,a","  196",",,a","   95",",,a",,,,,,,,,,,,,,
"ASN00010622","2018-09-14","-33.9644","118.4889","286.0","ONGERUP, AS","   26",",,a","  130",",,a","   55",",,a",,,,,,,,,,,,,,
"ASN00010622","2018-09-15","-33.9644","118.4889","286.0","ONGERUP, AS","    5",",,a",,,"  -22",",,a",,,,,,,,,,,,,,
"ASN00010622","2018-09-16","-33.9644","118.4889","286.0","ONGERUP, AS","    0",",,a",,,,,,,,,,,,,,,,,,
"ASN00010622","2018-09-17","-33.9644","118.4889","286.0","ONGERUP, AS","    0",",,a",,,,,,,,,"    3",",,a",,,,,,,"  220",",,a"
"ASN00010622","2018-09-18","-33.9644","118.4889","286.0","ONGERUP, AS","    6",",,a","  179",",,a",,,,,"    3",",,a",,,,,,,"    3",",,a",,
"ASN00010622","2018-09-19","-33.9644","118.4889","286.0","ONGERUP, AS","    2",",,a","  203",",,a","   70",",,a",,,,,,,,,,,,,,
"ASN00010622","2018-09-20","-33.9644","118.4889","286.0","ONGERUP, AS","    0",",,a","  259",",,a","   72",",,a",,,,,,,,,,,,,,
"ASN00010622","2018-09-21","-33.9644","118.4889","286.0","ONGERUP, AS","    2",",,a","  242",",,a","   79",",,a",,,,,,,,,,,,,,
"ASN00010622","2018-09-22","-33.9644","118.4889","286.0","ONGERUP, AS","    0",",,a",,,"  166",",L,a",,,,,,,,,,,,,,
"ASN00010622","2018-09-23","-33.9644","118.4889","286.0","ONGERUP, AS","    0",",,a",,,,,,,,,,,,,,,,,,
"ASN00010622","2018-09-24","-33.9644","118.4889","286.0","ONGERUP, AS","    0",",,a",,,,,,,,,"    3",",,a",,,,,,,"  270",",,a"
"ASN00010622","2018-09-25","-33.9644","118.4889","286.0","ONGERUP, AS","    0",",,a","  215",",,a",,,,,"    4",",L,a",,,,,,,"   83",",L,a",,
"ASN00010622","2018-09-26","-33.9644","118.4889","286.0","ONGERUP, AS","    0",",,a","  202",",,a","   45",",,a",,,,,,,,,,,,,,
"ASN00010622","2018-09-27","-33.9644","118.4889","286.0","ONGERUP, AS","    0",",,a","  192",",,a","   14",",,a",,,,,,,,,,,,,,
"ASN00010622","2018-09-28","-33.9644","118.4889","286.0","ONGERUP, AS","    0",",,a","  186",",,a","   65",",,a",,,,,,,,,,,,,,
"ASN00010622","2018-09-29","-33.9644","118.4889","286.0","ONGERUP, AS","    0",",,a",,,"   64",",,a",,,,,,,,,,,,,,
"ASN00010622","2018-09-30","-33.9644","118.4889","286.0","ONGERUP, AS","    0",",,a",,,,,,,,,,,,,,,,,,
"ASN00010622","2018-10-01","-33.9644","118.4889","286.0","ONGERUP, AS",,,,,,,,,,,"    3",",,a",,,,,,,"  229",",,a"
"ASN00010622","2018-10-02","-33.9644","118.4889","286.0","ONGERUP, AS",,,"  151",",,a",,,"    2",",,a","    3",",,a",,,"    2",",,a","   82",",,a","   86",",,a",,
"ASN00010622","2018-10-03","-33.9644","118.4889","286.0","ONGERUP, AS","   20",",,a","  160",",,a","   75",",,a",,,,,,,,,,,,,,
"ASN00010622","2018-10-04","-33.9644","118.4889","286.0","ONGERUP, AS","   26",",,a","  166",",,a","   89",",,a",,,,,,,,,,,,,,
"ASN00010622","2018-10-05","-33.9644","118.4889","286.0","ONGERUP, AS","   61",",,a","  228",",,a","  116",",,a",,,,,,,,,,,,,,
"ASN00010622","2018-10-06","-33.9644","118.4889","286.0","ONGERUP, AS","    5",",,a",,,"  121",",,a",,,,,,,,,,,,,,
"ASN00010622","2018-10-08","-33.9644","118.4889","286.0","ONGERUP, AS",,,,,,,,,,,"    3",",,a",,,,,,,"  210",",,a"
"ASN00010622","2018-10-09","-33.9644","118.4889","286.0","ONGERUP, AS",,,"  253",",,a",,,"    3",",,a","    3",",,a",,,"    3",",,a","    2",",,a","   87",",,a",,
"ASN00010622","2018-10-10","-33.9644","118.4889","286.0","ONGERUP, AS","    0",",,a","  248",",,a","   91",",,a",,,,,,,,,,,,,,
"ASN00010622","2018-10-11","-33.9644","118.4889","286.0","ONGERUP, AS","    4",",,a","  246",",,a","   90",",,a",,,,,,,,,,,,,,
"ASN00010622","2018-10-12","-33.9644","118.4889","286.0","ONGERUP, AS","   14",",,a","  191",",,a","  134",",,a",,,,,,,,,,,,,,
"ASN00010622","2018-10-13","-33.9644","118.4889","286.0","ONGERUP, AS","    7",",,a",,,"  103",",,a",,,,,,,,,,,,,,
"ASN00010622","2018-10-15","-33.9644","118.4889","286.0","ONGERUP, AS",,,,,,,,,,,"    3",",,a",,,,,,,"  246",",,a"
"ASN00010622","2018-10-16","-33.9644","118.4889","286.0","ONGERUP, AS",,,"  273",",,a",,,"    3",",,a","    3",",,a",,,"    3",",,a","   23",",,a","   69",",,a",,
"ASN00010622","2018-10-17","-33.9644","118.4889","286.0","ONGERUP, AS","    0",",,a","  329",",,a","   94",",,a",,,,,,,,,,,,,,
"ASN00010622","2018-10-18","-33.9644","118.4889","286.0","ONGERUP, AS","    0",",,a",,,"  125",",,a",,,,,,,,,,,,,,
"ASN00010622","2018-10-19","-33.9644","118.4889","286.0","ONGERUP, AS","   20",",,a",,,"   43",",,a",,,,,"    2",",,a",,,,,,,"  182",",,a"
"ASN00010622","2018-10-20","-33.9644","118.4889","286.0","ONGERUP, AS","    0",",,a",,,"   55",",,a",,,,,,,,,,,,,,
"ASN00010622","2018-10-21","-33.9644","118.4889","286.0","ONGERUP, AS","    0",",,a",,,,,,,,,,,,,,,,,,
"ASN00010622","2018-10-22","-33.9644","118.4889","286.0","ONGERUP, AS","    0",",,a",,,,,,,,,"    3",",,a",,,,,,,"  240",",,a"
"ASN00010622","2018-10-23","-33.9644","118.4889","286.0","ONGERUP, AS","    0",",,a","  222",",,a",,,,,"    3",",,a",,,,,,,"   80",",,a",,
"ASN00010622","2018-10-24","-33.9644","118.4889","286.0","ONGERUP, AS","    0",",,a","  249",",,a","   71",",,a",,,,,,,,,,,,,,
"ASN00010622","2018-10-25","-33.9644","118.4889","286.0","ONGERUP, AS","    0",",,a","  226",",,a","  106",",,a",,,,,,,,,,,,,,
"ASN00010622","2018-10-26","-33.9644","118.4889","286.0","ONGERUP, AS","    0",",,a","  220",",,a","  125",",,a",,,,,,,,,,,,,,
"ASN00010622","2018-10-27","-33.9644","118.4889","286.0","ONGERUP, AS","    0",",,a",,,"  114",",,a",,,,,,,,,,,,,,
"ASN00010622","2018-10-29","-33.9644","118.4889","286.0","ONGERUP, AS",,,,,,,,,,,"    3",",,a",,,,,,,"  289",",,a"
"ASN00010622","2018-10-30","-33.9644","118.4889","286.0","ONGERUP, AS",,,"  183",",,a",,,"    3",",,a","    3",",,a",,,"    3",",,a","   24",",,a","   77",",,a",,
"ASN00010622","2018-10-31","-33.9644","118.4889","286.0","ONGERUP, AS","    0",",,a","  217",",,a","   79",",,a",,,,,,,,,,,,,,
"ASN00010622","2018-11-01","-33.9644","118.4889","286.0","ONGERUP, AS","    0",",,a","  250",",,a","   90",",,a",,,,,,,,,,,,,,
"ASN00010622","2018-11-02","-33.9644","118.4889","286.0","ONGERUP, AS","    0",",,a","  233",",,a","   60",",,a",,,,,,,,,,,,,,
"ASN00010622","2018-11-03","-33.9644","118.4889","286.0","ONGERUP, AS","   86",",,a",,,"  119",",,a",,,,,,,,,,,,,,
"ASN00010622","2018-11-05","-33.9644","118.4889","286.0","ONGERUP, AS",,,,,,,,,,,"    3",",,a",,,,,,,"  270",",,a"
"ASN00010622","2018-11-06","-33.9644","118.4889","286.0","ONGERUP, AS",,,"  172",",,a",,,"    3",",,a","    3",",,a",,,"    3",",,a","   27",",,a","   35",",,a",,
"ASN00010622","2018-11-07","-33.9644","118.4889","286.0","ONGERUP, AS","    0",",,a","  233",",,a","    3",",,a",,,,,,,,,,,,,,
"ASN00010622","2018-11-08","-33.9644","118.4889","286.0","ONGERUP, AS","    0",",,a","  260",",,a","   43",",,a",,,,,,,,,,,,,,
"ASN00010622","2018-11-09","-33.9644","118.4889","286.0","ONGERUP, AS","    0",",,a","  268",",,a","  115",",,a",,,,,,,,,,,,,,
"ASN00010622","2018-11-10","-33.9644","118.4889","286.0","ONGERUP, AS","    0",",,a",,,"  131",",,a",,,,,,,,,,,,,,
"ASN00010622","2018-11-11","-33.9644","118.4889","286.0","ONGERUP, AS","    0",",,a",,,,,,,,,,,,,,,,,,
"ASN00010622","2018-11-12","-33.9644","118.4889","286.0","ONGERUP, AS","    0",",,a",,,,,,,,,"    3",",,a",,,,,,,"  262",",,a"
"ASN00010622","2018-11-13","-33.9644","118.4889","286.0","ONGERUP, AS","    0",",,a","  253",",,a",,,,,"    3",",,a",,,,,,,"   67",",,a",,
"ASN00010622","2018-11-14","-33.9644","118.4889","286.0","ONGERUP, AS","    0",",,a","  276",",,a","  102",",,a",,,,,,,,,,,,,,
"ASN00010622","2018-11-15","-33.9644","118.4889","286.0","ONGERUP, AS","    0",",,a","  321",",,a","  106",",,a",,,,,,,,,,,,,,
"ASN00010622","2018-11-16","-33.9644","118.4889","286.0","ONGERUP, AS","    0",",,a","  295",",,a","  111",",,a",,,,,,,,,,,,,,
"ASN00010622","2018-11-17","-33.9644","118.4889","286.0","ONGERUP, AS","    4",",,a",,,"  151",",,a",,,,,,,,,,,,,,
"ASN00010622","2018-11-18","-33.9644","118.4889","286.0","ONGERUP, AS","    0",",,a",,,,,,,,,,,,,,,,,,
"ASN00010622","2018-11-19","-33.9644","118.4889","286.0","ONGERUP, AS","    0",",,a",,,,,,,,,"    3",",,a",,,,,,,"  356",",,a"
"ASN00010622","2018-11-20","-33.9644","118.4889","286.0","ONGERUP, AS","    0",",,a","  184",",,a",,,,,"    3",",,a",,,,,,,"   36",",,a",,
"ASN00010622","2018-11-21","-33.9644","118.4889","286.0","ONGERUP, AS","   16",",,a","  198",",,a","   96",",,a",,,,,,,,,,,,,,
"ASN00010622","2018-11-22","-33.9644","118.4889","286.0","ONGERUP, AS","    0",",,a","  240",",,a","   74",",,a",,,,,,,,,,,,,,
"ASN00010622","2018-11-23","-33.9644","118.4889","286.0","ONGERUP, AS","   47",",,a","  178",",,a","  125",",,a",,,,,,,,,,,,,,
"ASN00010622","2018-11-24","-33.9644","118.4889","286.0","ONGERUP, AS","   42",",,a",,,"   76",",,a",,,,,,,,,,,,,,
"ASN00010622","2018-11-26","-33.9644","118.4889","286.0","ONGERUP, AS",,,,,,,,,,,"    3",",,a",,,,,,,"  258",",,a"
"ASN00010622","2018-11-27","-33.9644","118.4889","286.0","ONGERUP, AS",,,"  252",",,a",,,"    3",",,a","    3",",,a",,,"    3",",,a","   44",",,a","   34",",,a",,
"ASN00010622","2018-11-28","-33.9644","118.4889","286.0","ONGERUP, AS","    0",",,a","  290",",,a","  108",",,a",,,,,,,,,,,,,,
"ASN00010622","2018-11-29","-33.9644","118.4889","286.0","ONGERUP, AS","    0",",,a","  240",",,a","   91",",,a",,,,,,,,,,,,,,
"ASN00010622","2018-11-30","-33.9644","118.4889","286.0","ONGERUP, AS","    0",",,a","  260",",,a","  100",",,a",,,,,,,,,,,,,,
"ASN00010622","2018-12-01","-33.9644","118.4889","286.0","ONGERUP, AS","    0",",,a",,,"   85",",,a",,,,,,,,,,,,,,
"ASN00010622","2018-12-02","-33.9644","118.4889","286.0","ONGERUP, AS","    0",",,a",,,,,,,,,,,,,,,,,,
"ASN00010622","2018-12-03","-33.9644","118.4889","286.0","ONGERUP, AS","    0",",,a",,,,,,,,,"    3",",,a",,,,,,,"  360",",,a"
"ASN00010622","2018-12-04","-33.9644","118.4889","286.0","ONGERUP, AS","    0",",,a","  352",",,a",,,,,"    3",",,a",,,,,,,"   70",",,a",,
"ASN00010622","2018-12-05","-33.9644","118.4889","286.0","ONGERUP, AS","    0",",,a","  277",",,a","  125",",,a",,,,,,,,,,,,,,
"ASN00010622","2018-12-06","-33.9644","118.4889","286.0","ONGERUP, AS","   28",",,a","  175",",,a","  119",",,a",,,,,,,,,,,,,,
"ASN00010622","2018-12-07","-33.9644","118.4889","286.0","ONGERUP, AS","   46",",,a","  255",",,a","   75",",,a",,,,,,,,,,,,,,
"ASN00010622","2018-12-08","-33.9644","118.4889","286.0","ONGERUP, AS","    0",",,a",,,"   97",",,a",,,,,,,,,,,,,,
"ASN00010622","2018-12-10","-33.9644","118.4889","286.0","ONGERUP, AS",,,,,,,,,,,"    3",",,a",,,,,,,"  320",",,a"
"ASN00010622","2018-12-11","-33.9644","118.4889","286.0","ONGERUP, AS",,,"  308",",,a",,,"    3",",,a","    3",",,a",,,"    3",",,a","   16",",,a","  116",",,a",,
"ASN00010622","2018-12-12","-33.9644","118.4889","286.0","ONGERUP, AS","   12",",,a","  239",",,a","  135",",,a",,,,,,,,,,,,,,
"ASN00010622","2018-12-13","-33.9644","118.4889","286.0","ONGERUP, AS","    0",",,a","  301",",,a","   76",",,a",,,,,,,,,,,,,,
"ASN00010622","2018-12-14","-33.9644","118.4889","286.0","ONGERUP, AS","    0",",,a","  357",",,a","  105",",,a",,,,,,,,,,,,,,
"ASN00010622","2018-12-15","-33.9644","118.4889","286.0","ONGERUP, AS","    0",",,a",,,"  164",",,a",,,,,,,,,,,,,,
"ASN00010622","2018-12-17","-33.9644","118.4889","286.0","ONGERUP, AS",,,"  197",",,a",,,,,,,,,,,,,,,,
"ASN00010622","2018-12-18","-33.9644","118.4889","286.0","ONGERUP, AS",,,"  219",",,a","  117",",,a","    3",",,a",,,,,"    3",",,a","   62",",,a",,,,
"ASN00010622","2018-12-19","-33.9644","118.4889","286.0","ONGERUP, AS","    2",",,a","  255",",,a","   84",",,a",,,,,,,,,,,,,,
"ASN00010622","2018-12-20","-33.9644","118.4889","286.0","ONGERUP, AS","    0",",,a","  270",",,a","   91",",,a",,,,,,,,,,,,,,
"ASN00010622","2018-12-21","-33.9644","118.4889","286.0","ONGERUP, AS","    0",",,a","  360",",,a","  117",",,a",,,,,,,,,,,,,,
"ASN00010622","2018-12-22","-33.9644","118.4889","286.0","ONGERUP, AS","    0",",,a",,,"  125",",,a",,,,,,,,,,,,,,
"ASN00010622","2019-01-01","-33.9644","118.4889","286.0","ONGERUP, AS","    0",",,a",,,,,,,,,"   11",",,a",,,,,,,"  384",",,a"
"ASN00010622","2019-01-02","-33.9644","118.4889","286.0","ONGERUP, AS","    0",",,a","  257",",,a",,,,,"   11",",,a",,,,,,,"   69",",,a",,
"ASN00010622","2019-01-03","-33.9644","118.4889","286.0","ONGERUP, AS","    0",",,a","  257",",,a","  145",",,a",,,,,,,,,,,,,,
"ASN00010622","2019-01-04","-33.9644","118.4889","286.0","ONGERUP, AS","    0",",,a","  265",",,a","   65",",,a",,,,,,,,,,,,,,
"ASN00010622","2019-01-05","-33.9644","118.4889","286.0","ONGERUP, AS","    0",",,a",,,"   85",",,a",,,,,,,,,,,,,,
"ASN00010622","2019-01-06","-33.9644","118.4889","286.0","ONGERUP, AS","    0",",,a",,,,,,,,,,,,,,,,,,
"ASN00010622","2019-01-07","-33.9644","118.4889","286.0","ONGERUP, AS","    0",",,a",,,,,,,,,"    3",",,a",,,,,,,"  325",",,a"
"ASN00010622","2019-01-08","-33.9644","118.4889","286.0","ONGERUP, AS","    0",",,a","  249",",,a",,,,,"    3",",,a",,,,,,,"  131",",,a",,
"ASN00010622","2019-01-09","-33.9644","118.4889","286.0","ONGERUP, AS","    0",",,a","  296",",,a","  148",",,a",,,,,,,,,,,,,,
"ASN00010622","2019-01-10","-33.9644","118.4889","286.0","ONGERUP, AS","    0",",,a","  360",",,a","  154",",,a",,,,,,,,,,,,,,
"ASN00010622","2019-01-11","-33.9644","118.4889","286.0","ONGERUP, AS","    0",",,a","  308",",,a","  109",",,a",,,,,,,,,,,,,,
"ASN00010622","2019-01-12","-33.9644","118.4889","286.0","ONGERUP, AS","    0",",,a",,,"   55",",,a",,,,,,,,,,,,,,
"ASN00010622","2019-01-13","-33.9644","118.4889","286.0","ONGERUP, AS","    0",",,a",,,,,,,,,,,,,,,,,,
"ASN00010622","2019-01-14","-33.9644","118.4889","286.0","ONGERUP, AS","    0",",,a",,,,,,,,,"    3",",,a",,,,,,,"  396",",,a"
"ASN00010622","2019-01-15","-33.9644","118.4889","286.0","ONGERUP, AS","    0",",,a","  257",",,a",,,,,"    3",",,a",,,,,,,"  116",",,a",,
"ASN00010622","2019-01-16","-33.9644","118.4889","286.0","ONGERUP, AS","    0",",,a","  300",",,a","  100",",,a",,,,,,,,,,,,,,
"ASN00010622","2019-01-17","-33.9644","118.4889","286.0","ONGERUP, AS","    0",",,a","  269",",,a","  105",",,a",,,,,,,,,,,,,,
"ASN00010622","2019-01-18","-33.9644","118.4889","286.0","ONGERUP, AS","    0",",,a","  304",",,a","   91",",,a",,,,,,,,,,,,,,
"ASN00010622","2019-01-19","-33.9644","118.4889","286.0","ONGERUP, AS","    0",",,a",,,"  118",",,a",,,,,,,,,,,,,,
"ASN00010622","2019-01-21","-33.9644","118.4889","286.0","ONGERUP, AS",,,,,,,,,,,"    3",",,a",,,,,,,"  425",",,a"
"ASN00010622","2019-01-22","-33.9644","118.4889","286.0","ONGERUP, AS",,,"  222",",,a",,,"    3",",,a","    3",",,a",,,"    3",",,a","    1",",,a","  149",",,a",,
"ASN00010622","2019-01-23","-33.9644","118.4889","286.0","ONGERUP, AS","   12",",,a","  267",",,a","  164",",,a",,,,,,,,,,,,,,
"ASN00010622","2019-01-24","-33.9644","118.4889","286.0","ONGERUP, AS","    0",",,a","  205",",,a","  134",",,a",,,,,,,,,,,,,,
"ASN00010622","2019-01-25","-33.9644","118.4889","286.0","ONGERUP, AS","    0",",,a",,,"  130",",,a",,,,,,,,,,,,,,
"ASN00010622","2019-01-26","-33.9644","118.4889","286.0","ONGERUP, AS","    0",",,a",,,,,,,,,,,,,,,,,,
"ASN00010622","2019-01-27","-33.9644","118.4889","286.0","ONGERUP, AS","    0",",,a",,,,,,,,,,,,,,,,,,
"ASN00010622","2019-01-28","-33.9644","118.4889","286.0","ONGERUP, AS","    0",",,a",,,,,,,,,"    4",",,a",,,,,,,"  386",",,a"
"ASN00010622","2019-01-29","-33.9644","118.4889","286.0","ONGERUP, AS","    0",",,a","  301",",,a",,,,,"    4",",,a",,,,,,,"   66",",,a",,
"ASN00010622","2019-01-30","-33.9644","118.4889","286.0","ONGERUP, AS","    0",",,a","  249",",,a","   94",",,a",,,,,,,,,,,,,,
"ASN00010622","2019-01-31","-33.9644","118.4889","286.0","ONGERUP, AS","    0",",,a","  312",",,a","  105",",,a",,,,,,,,,,,,,,
"ASN00010622","2019-02-01","-33.9644","118.4889","286.0","ONGERUP, AS","    0",",,a","  395",",,a","  132",",,a",,,,,,,,,,,,,,
"ASN00010622","2019-02-02","-33.9644","118.4889","286.0","ONGERUP, AS","    0",",,a",,,"  156",",,a",,,,,,,,,,,,,,
"ASN00010622","2019-02-04","-33.9644","118.4889","286.0","ONGERUP, AS",,,,,,,,,,,"    3",",,a",,,,,,,"  263",",,a"
"ASN00010622","2019-02-05","-33.9644","118.4889","286.0","ONGERUP, AS",,,"  310",",,a",,,"    3",",,a","    3",",,a",,,"    3",",,a","    6",",,a","  121",",,a",,
"ASN00010622","2019-02-06","-33.9644","118.4889","286.0","ONGERUP, AS","    0",",,a","  318",",,a","  145",",,a",,,,,,,,,,,,,,
"ASN00010622","2019-02-07","-33.9644","118.4889","286.0","ONGERUP, AS","    0",",,a","  265",",,a","  163",",,a",,,,,,,,,,,,,,
"ASN00010622","2019-02-08","-33.9644","118.4889","286.0","ONGERUP, AS","    0",",,a","  257",",,a","  149",",,a",,,,,,,,,,,,,,
"ASN00010622","2019-02-09","-33.9644","118.4889","286.0","ONGERUP, AS","    0",",,a",,,"  110",",,a",,,,,,,,,,,,,,
"ASN00010622","2019-02-10","-33.9644","118.4889","286.0","ONGERUP, AS","    0",",,a",,,,,,,,,,,,,,,,,,
"ASN00010622","2019-02-11","-33.9644","118.4889","286.0","ONGERUP, AS","    0",",,a",,,,,,,,,"    3",",,a",,,,,,,"  323",",,a"
"ASN00010622","2019-02-12","-33.9644","118.4889","286.0","ONGERUP, AS","    0",",,a","  228",",,a",,,,,"    3",",,a",,,,,,,"   85",",,a",,
"ASN00010622","2019-02-13","-33.9644","118.4889","286.0","ONGERUP, AS","    0",",,a","  308",",,a","   91",",,a",,,,,,,,,,,,,,
"ASN00010622","2019-02-14","-33.9644","118.4889","286.0","ONGERUP, AS","    0",",,a","  341",",,a","  120",",,a",,,,,,,,,,,,,,
"ASN00010622","2019-02-15","-33.9644","118.4889","286.0","ONGERUP, AS","    0",",,a","  344",",,a","  163",",,a",,,,,,,,,,,,,,
"ASN00010622","2019-02-16","-33.9644","118.4889","286.0","ONGERUP, AS","    0",",,a",,,"  153",",,a",,,,,,,,,,,,,,
"ASN00010622","2019-02-17","-33.9644","118.4889","286.0","ONGERUP, AS","    0",",,a",,,,,,,,,,,,,,,,,,
"ASN00010622","2019-02-18","-33.9644","118.4889","286.0","ONGERUP, AS","    0",",,a",,,,,,,,,"    3",",,a",,,,,,,"  283",",,a"
"ASN00010622","2019-02-19","-33.9644","118.4889","286.0","ONGERUP, AS","    0",",,a","  309",",,a",,,,,"    3",",,a",,,,,,,"  116",",,a",,
"ASN00010622","2019-02-20","-33.9644","118.4889","286.0","ONGERUP, AS","    0",",,a","  346",",,a","  155",",,a",,,,,,,,,,,,,,
"ASN00010622","2019-02-21","-33.9644","118.4889","286.0","ONGERUP, AS","    0",",,a","  364",",,a","  143",",,a",,,,,,,,,,,,,,
"ASN00010622","2019-02-22","-33.9644","118.4889","286.0","ONGERUP, AS","    0",",,a","  336",",,a","  171",",,a",,,,,,,,,,,,,,
"ASN00010622","2019-02-23","-33.9644","118.4889","286.0","ONGERUP, AS","    0",",,a",,,"  141",",,a",,,,,,,,,,,,,,
"ASN00010622","2019-02-24","-33.9644","118.4889","286.0","ONGERUP, AS","    0",",,a",,,,,,,,,,,,,,,,,,
"ASN00010622","2019-02-25","-33.9644","118.4889","286.0","ONGERUP, AS","    0",",,a",,,,,,,,,"    3",",,a",,,,,,,"  331",",,a"
"ASN00010622","2019-02-26","-33.9644","118.4889","286.0","ONGERUP, AS","    0",",,a","  348",",,a",,,,,"    3",",,a",,,,,,,"  136",",,a",,
"ASN00010622","2019-02-27","-33.9644","118.4889","286.0","ONGERUP, AS","    0",",,a","  277",",,a","  176",",,a",,,,,,,,,,,,,,
"ASN00010622","2019-02-28","-33.9644","118.4889","286.0","ONGERUP, AS","    0",",,a","  357",",,a","  147",",,a",,,,,,,,,,,,,,
"ASN00010622","2019-03-01","-33.9644","118.4889","286.0","ONGERUP, AS","    0",",,a","  248",",,a","  149",",,a",,,,,,,,,,,,,,
"ASN00010622","2019-03-02","-33.9644","118.4889","286.0","ONGERUP, AS","    0",",,a",,,"   71",",,a",,,,,,,,,,,,,,
"ASN00010622","2019-03-04","-33.9644","118.4889","286.0","ONGERUP, AS",,,,,,,,,,,"    3",",,a",,,,,,,"  309",",,a"
"ASN00010622","2019-03-05","-33.9644","118.4889","286.0","ONGERUP, AS",,,"  225",",,a",,,"    3",",,a","    3",",,a",,,"    3",",,a","   14",",,a","  110",",,a",,
"ASN00010622","2019-03-06","-33.9644","118.4889","286.0","ONGERUP, AS","    0",",,a","  280",",,a","  102",",,a",,,,,,,,,,,,,,
"ASN00010622","2019-03-07","-33.9644","118.4889","286.0","ONGERUP, AS","   48",",,a","  218",",,a","  178",",,a",,,,,,,,,,,,,,
"ASN00010622","2019-03-08","-33.9644","118.4889","286.0","ONGERUP, AS","  215",",,a","  216",",,a","  156",",,a",,,,,,,,,,,,,,
"ASN00010622","2019-03-09","-33.9644","118.4889","286.0","ONGERUP, AS","    6",",,a",,,"  166",",,a",,,,,,,,,,,,,,
"ASN00010622","2019-03-11","-33.9644","118.4889","286.0","ONGERUP, AS",,,,,,,,,,,"    3",",,a",,,,,,,"  249",",,a"
"ASN00010622","2019-03-12","-33.9644","118.4889","286.0","ONGERUP, AS",,,"  294",",,a",,,"    3",",,a","    3",",,a",,,"    3",",,a","   20",",,a","   92",",,a",,
"ASN00010622","2019-03-13","-33.9644","118.4889","286.0","ONGERUP, AS","    0",",,a","  269",",,a","  136",",,a",,,,,,,,,,,,,,
"ASN00010622","2019-03-14","-33.9644","118.4889","286.0","ONGERUP, AS","    8",",,a","  255",",,a","  130",",,a",,,,,,,,,,,,,,
"ASN00010622","2019-03-15","-33.9644","118.4889","286.0","ONGERUP, AS","    0",",,a","  330",",,a","  130",",,a",,,,,,,,,,,,,,
"ASN00010622","2019-03-16","-33.9644","118.4889","286.0","ONGERUP, AS","    0",",,a",,,"  147",",,a",,,,,,,,,,,,,,
"ASN00010622","2019-03-18","-33.9644","118.4889","286.0","ONGERUP, AS",,,,,,,,,,,"    3",",,a",,,,,,,"  294",",,a"
"ASN00010622","2019-03-19","-33.9644","118.4889","286.0","ONGERUP, AS",,,"  325",",,a",,,"    3",",,a","    3",",,a",,,"    3",",,a","   60",",,a","  171",",,a",,
"ASN00010622","2019-03-20","-33.9644","118.4889","286.0","ONGERUP, AS","    2",",,a","  323",",,a","  156",",,a",,,,,,,,,,,,,,
"ASN00010622","2019-03-21","-33.9644","118.4889","286.0","ONGERUP, AS","    2",",,a","  227",",,a","  182",",,a",,,,,,,,,,,,,,
"ASN00010622","2019-03-22","-33.9644","118.4889","286.0","ONGERUP, AS","   34",",,a","  225",",,a","  173",",,a",,,,,,,,,,,,,,
"ASN00010622","2019-03-23","-33.9644","118.4889","286.0","ONGERUP, AS","    8",",,a",,,"   96",",,a",,,,,,,,,,,,,,
"ASN00010622","2019-03-24","-33.9644","118.4889","286.0","ONGERUP, AS","    0",",,a",,,,,,,,,,,,,,,,,,
"ASN00010622","2019-03-25","-33.9644","118.4889","286.0","ONGERUP, AS","    0",",,a",,,,,,,,,"    3",",,a",,,,,,,"  225",",,a"
"ASN00010622","2019-03-26","-33.9644","118.4889","286.0","ONGERUP, AS","    0",",,a","  290",",,a",,,,,"    3",",,a",,,,,,,"   71",",,a",,
"ASN00010622","2019-03-27","-33.9644","118.4889","286.0","ONGERUP, AS","    0",",,a","  307",",,a","  141",",,a",,,,,,,,,,,,,,
"ASN00010622","2019-03-28","-33.9644","118.4889","286.0","ONGERUP, AS","    0",",,a","  207",",,a","  124",",,a",,,,,,,,,,,,,,
"ASN00010622","2019-03-29","-33.9644","118.4889","286.0","ONGERUP, AS","    0",",,a","  208",",,a","  118",",,a",,,,,,,,,,,,,,
"ASN00010622","2019-03-30","-33.9644","118.4889","286.0","ONGERUP, AS","    0",",,a",,,"   85",",,a",,,,,,,,,,,,,,
"ASN00010622","2019-03-31","-33.9644","118.4889","286.0","ONGERUP, AS","    0",",,a",,,,,,,,,,,,,,,,,,
"ASN00010622","2019-04-01","-33.9644","118.4889","286.0","ONGERUP, AS",,,,,,,,,,,"    3",",,a",,,,,,,"  320",",,a"
"ASN00010622","2019-04-02","-33.9644","118.4889","286.0","ONGERUP, AS",,,"  196",",,a",,,"    2",",,a","    3",",,a",,,"    2",",,a","   10",",,a","  103",",,a",,
"ASN00010622","2019-04-03","-33.9644","118.4889","286.0","ONGERUP, AS","   12",",,a","  223",",,a","  135",",,a",,,,,,,,,,,,,,
"ASN00010622","2019-04-04","-33.9644","118.4889","286.0","ONGERUP, AS","    0",",,a","  227",",,a","  145",",,a",,,,,,,,,,,,,,
"ASN00010622","2019-04-05","-33.9644","118.4889","286.0","ONGERUP, AS","    2",",,a","  193",",,a","   67",",,a",,,,,,,,,,,,,,
"ASN00010622","2019-04-06","-33.9644","118.4889","286.0","ONGERUP, AS","    0",",,a",,,"   31",",,a",,,,,,,,,,,,,,
"ASN00010622","2019-04-07","-33.9644","118.4889","286.0","ONGERUP, AS","    0",",,a",,,,,,,,,,,,,,,,,,
"ASN00010622","2019-04-08","-33.9644","118.4889","286.0","ONGERUP, AS","    0",",,a",,,,,,,,,"    3",",,a",,,,,,,"  240",",,a"
"ASN00010622","2019-04-09","-33.9644","118.4889","286.0","ONGERUP, AS","    0",",,a","  277",",,a",,,,,"    3",",,a",,,,,,,"   54",",,a",,
"ASN00010622","2019-04-10","-33.9644","118.4889","286.0","ONGERUP, AS","    0",",,a","  355",",,a","  143",",,a",,,,,,,,,,,,,,
"ASN00010622","2019-04-11","-33.9644","118.4889","286.0","ONGERUP, AS","    1",",,a","  270",",,a","  127",",,a",,,,,,,,,,,,,,
"ASN00010622","2019-04-12","-33.9644","118.4889","286.0","ONGERUP, AS","    0",",,a","  233",",,a","  105",",,a",,,,,,,,,,,,,,
"ASN00010622","2019-04-13","-33.9644","118.4889","286.0","ONGERUP, AS","    0",",,a",,,"  116",",,a",,,,,,,,,,,,,,
"ASN00010622","2019-04-15","-33.9644","118.4889","286.0","ONGERUP, AS",,,,,,,,,,,"    3",",,a",,,,,,,"  295",",,a"
"ASN00010622","2019-04-16","-33.9644","118.4889","286.0","ONGERUP, AS",,,"  204",",,a",,,"    3",",,a","    3",",,a",,,"    3",",,a","   76",",,a","  134",",,a",,
"ASN00010622","2019-04-17","-33.9644","118.4889","286.0","ONGERUP, AS","    4",",,a","  206",",,a","   63",",,a",,,,,,,,,,,,,,
"ASN00010622","2019-04-18","-33.9644","118.4889","286.0","ONGERUP, AS","    0",",,a","  277",",,a","   83",",,a",,,,,,,,,,,,,,
"ASN00010622","2019-04-19","-33.9644","118.4889","286.0","ONGERUP, AS","   54",",,a","  120",",,a","   74",",,a",,,,,,,,,,,,,,
"ASN00010622","2019-04-20","-33.9644","118.4889","286.0","ONGERUP, AS","   26",",,a",,,"   31",",,a",,,,,,,,,,,,,,
"ASN00010622","2019-04-22","-33.9644","118.4889","286.0","ONGERUP, AS",,,,,,,,,,,"    3",",,a",,,,,,,"  247",",,a"
"ASN00010622","2019-04-23","-33.9644","118.4889","286.0","ONGERUP, AS",,,"  256",",,a",,,"    3",",,a","    3",",,a",,,"    3",",,a","    1",",,a","   19",",,a",,
"ASN00010622","2019-04-24","-33.9644","118.4889","286.0","ONGERUP, AS","    0",",,a",,,"  112",",,a",,,,,,,,,,,,,,
"ASN00010622","2019-04-25","-33.9644","118.4889","286.0","ONGERUP, AS",,,,,,,,,,,"    2",",,a",,,,,,,"  245",",,a"
"ASN00010622","2019-04-26","-33.9644","118.4889","286.0","ONGERUP, AS",,,"  251",",,a",,,"    2",",,a","    2",",,a",,,"    2",",,a","    2",",,a","   74",",,a",,
"ASN00010622","2019-04-27","-33.9644","118.4889","286.0","ONGERUP, AS","    0",",,a",,,"   70",",,a",,,,,,,,,,,,,,
"ASN00010622","2019-04-29","-33.9644","118.4889","286.0","ONGERUP, AS",,,,,,,,,,,"    3",",,a",,,,,,,"  283",",,a"
"ASN00010622","2019-04-30","-33.9644","118.4889","286.0","ONGERUP, AS",,,"  166",",,a",,,"    3",",,a","    3",",,a",,,"    3",",,a","   10",",,a","   70",",,a",,
"ASN00010622","2019-05-01","-33.9644","118.4889","286.0","ONGERUP, AS","   13",",,a","  145",",,a","   55",",,a",,,,,,,,,,,,,,
"ASN00010622","2019-05-02","-33.9644","118.4889","286.0","ONGERUP, AS","    1",",,a","  163",",,a","   62",",,a",,,,,,,,,,,,,,
"ASN00010622","2019-05-03","-33.9644","118.4889","286.0","ONGERUP, AS","    0",",,a","  215",",,a","   13",",,a",,,,,,,,,,,,,,
"ASN00010622","2019-05-04","-33.9644","118.4889","286.0","ONGERUP, AS","    0",",,a",,,"  112",",,a",,,,,,,,,,,,,,
"ASN00010622","2019-05-06","-33.9644","118.4889","286.0","ONGERUP, AS",,,,,,,,,,,"    3",",,a",,,,,,,"  246",",,a"
"ASN00010622","2019-05-07","-33.9644","118.4889","286.0","ONGERUP, AS",,,"  199",",,a",,,"    3",",,a","    3",",,a",,,"    3",",,a","   18",",,a","   60",",,a",,
"ASN00010622","2019-05-08","-33.9644","118.4889","286.0","ONGERUP, AS","    7",",,a","  194",",,a","  114",",,a",,,,,,,,,,,,,,
"ASN00010622","2019-05-09","-33.9644","118.4889","286.0","ONGERUP, AS","    0",",,a","  189",",,a","   27",",,a",,,,,,,,,,,,,,
"ASN00010622","2019-05-10","-33.9644","118.4889","286.0","ONGERUP, AS","    0",",,a","  232",",,a","   12",",,a",,,,,,,,,,,,,,
"ASN00010622","2019-05-11","-33.9644","118.4889","286.0","ONGERUP, AS","    0",",,a",,,"   45",",,a",,,,,,,,,,,,,,
"ASN00010622","2019-05-13","-33.9644","118.4889","286.0","ONGERUP, AS",,,,,,,,,,,"    3",",,a",,,,,,,"  244",",,a"
"ASN00010622","2019-05-14","-33.9644","118.4889","286.0","ONGERUP, AS",,,"  240",",,a",,,"    3",",,a","    3",",,a",,,"    3",",,a","    2",",,a","   56",",,a",,
"ASN00010622","2019-05-15","-33.9644","118.4889","286.0","ONGERUP, AS","    0",",,a","  276",",,a","   69",",,a",,,,,,,,,,,,,,
"ASN00010622","2019-05-16","-33.9644","118.4889","286.0","ONGERUP, AS","   50",",,a","  118",",,a","  102",",,a",,,,,,,,,,,,,,
"ASN00010622","2019-05-17","-33.9644","118.4889","286.0","ONGERUP, AS","   68",",,a","  131",",,a","   32",",,a",,,,,,,,,,,,,,
"ASN00010622","2019-05-18","-33.9644","118.4889","286.0","ONGERUP, AS","   18",",,a",,,"   39",",,a",,,,,,,,,,,,,,
"ASN00010622","2019-05-20","-33.9644","118.4889","286.0","ONGERUP, AS",,,,,,,,,,,"    3",",,a",,,,,,,"  202",",,a"
"ASN00010622","2019-05-21","-33.9644","118.4889","286.0","ONGERUP, AS",,,"  198",",,a",,,"    3",",,a","    3",",,a",,,"    3",",,a","    3",",,a","   30",",,a",,
"ASN00010622","2019-05-22","-33.9644","118.4889","286.0","ONGERUP, AS","    1",",,a","  209",",,a","   34",",,a",,,,,,,,,,,,,,
"ASN00010622","2019-05-23","-33.9644","118.4889","286.0","ONGERUP, AS","    0",",,a","  204",",,a","   53",",,a",,,,,,,,,,,,,,
"ASN00010622","2019-05-24","-33.9644","118.4889","286.0","ONGERUP, AS","    1",",,a","  186",",,a","   60",",,a",,,,,,,,,,,,,,
"ASN00010622","2019-05-25","-33.9644","118.4889","286.0","ONGERUP, AS","    1",",,a",,,"   69",",,a",,,,,,,,,,,,,,
"ASN00010622","2019-05-27","-33.9644","118.4889","286.0","ONGERUP, AS",,,,,,,,,,,"    3",",,a",,,,,,,"  182",",,a"
"ASN00010622","2019-05-28","-33.9644","118.4889","286.0","ONGERUP, AS",,,"  175",",,a",,,"    3",",,a","    3",",,a",,,"    3",",,a","    1",",,a","   35",",,a",,
"ASN00010622","2019-05-29","-33.9644","118.4889","286.0","ONGERUP, AS","    1",",,a","  172",",,a","   74",",,a",,,,,,,,,,,,,,
"ASN00010622","2019-05-30","-33.9644","118.4889","286.0","ONGERUP, AS","    0",",,a","  209",",,a","   42",",,a",,,,,,,,,,,,,,
"ASN00010622","2019-05-31","-33.9644","118.4889","286.0","ONGERUP, AS","    0",",,a","  216",",,a","  107",",,a",,,,,,,,,,,,,,
"ASN00010622","2019-06-01","-33.9644","118.4889","286.0","ONGERUP, AS","    0",",,a",,,"   89",",,a",,,,,,,,,,,,,,
"ASN00010622","2019-06-02","-33.9644","118.4889","286.0","ONGERUP, AS","    0",",,a",,,,,,,,,,,,,,,,,,
"ASN00010622","2019-06-03","-33.9644","118.4889","286.0","ONGERUP, AS","    0",",,a",,,,,,,,,"    3",",,a",,,,,,,"  225",",,a"
"ASN00010622","2019-06-04","-33.9644","118.4889","286.0","ONGERUP, AS","    0",",,a","  207",",,a",,,,,"    3",",,a",,,,,,,"   35",",,a",,
"ASN00010622","2019-06-05","-33.9644","118.4889","286.0","ONGERUP, AS","    0",",,a","  212",",,a","   48",",,a",,,,,,,,,,,,,,
"ASN00010622","2019-06-06","-33.9644","118.4889","286.0","ONGERUP, AS","    0",",,a","  182",",,a","  104",",,a",,,,,,,,,,,,,,
"ASN00010622","2019-06-07","-33.9644","118.4889","286.0","ONGERUP, AS","   46",",,a","  155",",,a","   91",",,a",,,,,,,,,,,,,,
"ASN00010622","2019-06-08","-33.9644","118.4889","286.0","ONGERUP, AS","   54",",,a",,,"   55",",,a",,,,,,,,,,,,,,
"ASN00010622","2019-06-10","-33.9644","118.4889","286.0","ONGERUP, AS",,,,,,,,,,,"    3",",,a",,,,,,,"  162",",,a"
"ASN00010622","2019-06-11","-33.9644","118.4889","286.0","ONGERUP, AS",,,"  133",",,a",,,"    3",",,a","    3",",,a",,,"    3",",,a","  197",",,a","   48",",,a",,
"ASN00010622","2019-06-12","-33.9644","118.4889","286.0","ONGERUP, AS","    6",",,a","  149",",,a","   62",",,a",,,,,,,,,,,,,,
"ASN00010622","2019-06-13","-33.9644","118.4889","286.0","ONGERUP, AS","    5",",,a","  165",",,a","   76",",,a",,,,,,,,,,,,,,
"ASN00010622","2019-06-14","-33.9644","118.4889","286.0","ONGERUP, AS","    7",",,a","  156",",,a","   56",",,a",,,,,,,,,,,,,,
"ASN00010622","2019-06-15","-33.9644","118.4889","286.0","ONGERUP, AS","    3",",,a",,,"   66",",,a",,,,,,,,,,,,,,
"ASN00010622","2019-06-17","-33.9644","118.4889","286.0","ONGERUP, AS",,,,,,,,,,,"    3",",,a",,,,,,,"  166",",,a"
"ASN00010622","2019-06-18","-33.9644","118.4889","286.0","ONGERUP, AS",,,"  151",",,a",,,"    3",",,a","    3",",,a",,,"    3",",,a","   18",",,a","   23",",,a",,
"ASN00010622","2019-06-19","-33.9644","118.4889","286.0","ONGERUP, AS","    0",",,a","  169",",,a","    2",",,a",,,,,,,,,,,,,,
"ASN00010622","2019-06-20","-33.9644","118.4889","286.0","ONGERUP, AS","    0",",,a","  157",",,a","    8",",,a",,,,,,,,,,,,,,
"ASN00010622","2019-06-21","-33.9644","118.4889","286.0","ONGERUP, AS","    0",",,a","  215",",,a","   67",",,a",,,,,,,,,,,,,,
"ASN00010622","2019-06-22","-33.9644","118.4889","286.0","ONGERUP, AS","    0",",,a",,,"   88",",,a",,,,,,,,,,,,,,
"ASN00010622","2019-06-24","-33.9644","118.4889","286.0","ONGERUP, AS",,,,,,,,,,,"    3",",,a",,,,,,,"  219",",,a"
"ASN00010622","2019-06-25","-33.9644","118.4889","286.0","ONGERUP, AS",,,"  175",",,a",,,"    3",",,a","    3",",,a",,,"    3",",,a","  168",",,a","   73",",,a",,
"ASN00010622","2019-06-26","-33.9644","118.4889","286.0","ONGERUP, AS","    2",",,a","  187",",,a","   77",",,a",,,,,,,,,,,,,,
"ASN00010622","2019-06-27","-33.9644","118.4889","286.0","ONGERUP, AS","  100",",,a","  148",",,a","   86",",,a",,,,,,,,,,,,,,
"ASN00010622","2019-06-28","-33.9644","118.4889","286.0","ONGERUP, AS","   34",",,a","  124",",,a","   33",",,a",,,,,,,,,,,,,,
"ASN00010622","2019-06-29","-33.9644","118.4889","286.0","ONGERUP, AS","    1",",,a",,,"   11",",,a",,,,,,,,,,,,,,
"ASN00010622","2019-07-01","-33.9644","118.4889","286.0","ONGERUP, AS",,,,,,,,,,,"    3",",,a",,,,,,,"  155",",,a"
"ASN00010622","2019-07-02","-33.9644","118.4889","286.0","ONGERUP, AS",,,"  174",",,a",,,"    2",",,a","    3",",,a",,,"    2",",,a","   24",",,a","   65",",,a",,
"ASN00010622","2019-07-03","-33.9644","118.4889","286.0","ONGERUP, AS","    2",",,a","  186",",,a","   56",",,a",,,,,,,,,,,,,,
"ASN00010622","2019-07-04","-33.9644","118.4889","286.0","ONGERUP, AS","    0",",,a","  190",",,a","   95",",,a",,,,,,,,,,,,,,
"ASN00010622","2019-07-05","-33.9644","118.4889","286.0","ONGERUP, AS","  204",",,a","  114",",,a","   80",",,a",,,,,,,,,,,,,,
"ASN00010622","2019-07-06","-33.9644","118.4889","286.0","ONGERUP, AS","   38",",,a",,,"   40",",,a",,,,,,,,,,,,,,
"ASN00010622","2019-07-08","-33.9644","118.4889","286.0","ONGERUP, AS",,,,,,,,,,,"    3",",,a",,,,,,,"  178",",,a"
"ASN00010622","2019-07-09","-33.9644","118.4889","286.0","ONGERUP, AS",,,"  166",",,a",,,"    3",",,a","    3",",,a",,,"    3",",,a","   10",",,a","   36",",,a",,
"ASN00010622","2019-07-10","-33.9644","118.4889","286.0","ONGERUP, AS","    0",",,a","  164",",,a","   88",",,a",,,,,,,,,,,,,,
"ASN00010622","2019-07-11","-33.9644","118.4889","286.0","ONGERUP, AS","    0",",,a","  166",",,a","   65",",,a",,,,,,,,,,,,,,
"ASN00010622","2019-07-12","-33.9644","118.4889","286.0","ONGERUP, AS","    1",",,a","  174",",,a","   48",",,a",,,,,,,,,,,,,,
"ASN00010622","2019-07-13","-33.9644","118.4889","286.0","ONGERUP, AS","    1",",,a",,,"   72",",,a",,,,,,,,,,,,,,
"ASN00010622","2019-07-15","-33.9644","118.4889","286.0","ONGERUP, AS",,,,,,,,,,,"    3",",,a",,,,,,,"  175",",,a"
"ASN00010622","2019-07-16","-33.9644","118.4889","286.0","ONGERUP, AS",,,"  190",",,a",,,"    3",",,a","    3",",,a",,,"    3",",,a","    4",",,a","   64",",,a",,
"ASN00010622","2019-07-17","-33.9644","118.4889","286.0","ONGERUP, AS","    0",",,a","  198",",,a","   25",",,a",,,,,,,,,,,,,,
"ASN00010622","2019-07-18","-33.9644","118.4889","286.0","ONGERUP, AS","    0",",,a","  188",",,a","   90",",,a",,,,,,,,,,,,,,
"ASN00010622","2019-07-19","-33.9644","118.4889","286.0","ONGERUP, AS","    2",",,a","  183",",,a","   95",",,a",,,,,,,,,,,,,,
"ASN00010622","2019-07-20","-33.9644","118.4889","286.0","ONGERUP, AS","   74",",,a",,,"   50",",,a",,,,,,,,,,,,,,
"ASN00010622","2019-07-22","-33.9644","118.4889","286.0","ONGERUP, AS",,,,,,,,,,,"    3",",,a",,,,,,,"  169",",,a"
"ASN00010622","2019-07-23","-33.9644","118.4889","286.0","ONGERUP, AS",,,"  163",",,a",,,"    3",",,a","    3",",,a",,,"    3",",,a","    6",",,a","   62",",,a",,
"ASN00010622","2019-07-24","-33.9644","118.4889","286.0","ONGERUP, AS","    0",",,a","  177",",,a","   56",",,a",,,,,,,,,,,,,,
"ASN00010622","2019-07-25","-33.9644","118.4889","286.0","ONGERUP, AS","    8",",,a","  133",",,a","   80",",,a",,,,,,,,,,,,,,
"ASN00010622","2019-07-26","-33.9644","118.4889","286.0","ONGERUP, AS","    0",",,a","  117",",,a","   54",",,a",,,,,,,,,,,,,,
"ASN00010622","2019-07-27","-33.9644","118.4889","286.0","ONGERUP, AS","    0",",,a",,,"   50",",,a",,,,,,,,,,,,,,
"ASN00010622","2019-07-28","-33.9644","118.4889","286.0","ONGERUP, AS","    0",",,a",,,,,,,,,,,,,,,,,,
"ASN00010622","2019-07-29","-33.9644","118.4889","286.0","ONGERUP, AS","    0",",,a",,,,,,,,,"    3",",,a",,,,,,,"  172",",,a"
"ASN00010622","2019-07-30","-33.9644","118.4889","286.0","ONGERUP, AS","    0",",,a","  194",",,a",,,,,"    3",",,a",,,,,,,"   -9",",,a",,
"ASN00010622","2019-07-31","-33.9644","118.4889","286.0","ONGERUP, AS","    0",",,a","  200",",,a","   65",",,a",,,,,,,,,,,,,,
"ASN00010622","2019-08-01","-33.9644","118.4889","286.0","ONGERUP, AS","    0",",,a","  186",",,a","   33",",,a",,,,,,,,,,,,,,
"ASN00010622","2019-08-02","-33.9644","118.4889","286.0","ONGERUP, AS","    0",",,a","  200",",,a","   49",",,a",,,,,,,,,,,,,,
"ASN00010622","2019-08-03","-33.9644","118.4889","286.0","ONGERUP, AS","    0",",,a",,,"   89",",,a",,,,,,,,,,,,,,
"ASN00010622","2019-08-05","-33.9644","118.4889","286.0","ONGERUP, AS",,,,,,,,,,,"    3",",,a",,,,,,,"  212",",,a"
"ASN00010622","2019-08-06","-33.9644","118.4889","286.0","ONGERUP, AS",,,"  107",",,a",,,"    3",",,a","    3",",,a",,,"    3",",,a","   49",",,a","   67",",,a",,
"ASN00010622","2019-08-07","-33.9644","118.4889","286.0","ONGERUP, AS","   14",",,a","  127",",,a","   22",",,a",,,,,,,,,,,,,,
"ASN00010622","2019-08-08","-33.9644","118.4889","286.0","ONGERUP, AS","    5",",,a","  148",",,a","   48",",,a",,,,,,,,,,,,,,
"ASN00010622","2019-08-09","-33.9644","118.4889","286.0","ONGERUP, AS","   24",",,a","  166",",,a","   72",",,a",,,,,,,,,,,,,,
"ASN00010622","2019-08-10","-33.9644","118.4889","286.0","ONGERUP, AS","   62",",,a",,,"   82",",,a",,,,,,,,,,,,,,
"ASN00010622","2019-08-12","-33.9644","118.4889","286.0","ONGERUP, AS",,,,,,,,,,,"    3",",,a",,,,,,,"  206",",,a"
"ASN00010622","2019-08-13","-33.9644","118.4889","286.0","ONGERUP, AS",,,"  196",",,a",,,"    3",",,a","    3",",,a",,,"    3",",,a","    3",",,a","   35",",,a",,
"ASN00010622","2019-08-14","-33.9644","118.4889","286.0","ONGERUP, AS","    6",",,a","  150",",,a","   49",",,a",,,,,,,,,,,,,,
"ASN00010622","2019-08-15","-33.9644","118.4889","286.0","ONGERUP, AS","   97",",,a","  158",",,a","   29",",,a",,,,,,,,,,,,,,
"ASN00010622","2019-08-16","-33.9644","118.4889","286.0","ONGERUP, AS","    0",",,a","  162",",,a","   45",",,a",,,,,,,,,,,,,,
"ASN00010622","2019-08-17","-33.9644","118.4889","286.0","ONGERUP, AS","   80",",,a",,,"   49",",,a",,,,,,,,,,,,,,
"ASN00010622","2019-08-19","-33.9644","118.4889","286.0","ONGERUP, AS",,,,,,,,,,,"    3",",,a",,,,,,,"  176",",,a"
"ASN00010622","2019-08-20","-33.9644","118.4889","286.0","ONGERUP, AS",,,"  204",",,a",,,"    3",",,a","    3",",,a",,,"    3",",,a","    7",",,a","    9",",,a",,
"ASN00010622","2019-08-21","-33.9644","118.4889","286.0","ONGERUP, AS","    1",",,a","  217",",,a","   28",",,a",,,,,,,,,,,,,,
"ASN00010622","2019-08-22","-33.9644","118.4889","286.0","ONGERUP, AS","    0",",,a","  235",",,a","   53",",,a",,,,,,,,,,,,,,
"ASN00010622","2019-08-23","-33.9644","118.4889","286.0","ONGERUP, AS","   88",",,a","  132",",,a","   72",",,a",,,,,,,,,,,,,,
"ASN00010622","2019-08-24","-33.9644","118.4889","286.0","ONGERUP, AS","    8",",,a",,,"   15",",,a",,,,,,,,,,,,,,
"ASN00010622","2019-08-26","-33.9644","118.4889","286.0","ONGERUP, AS",,,,,,,,,,,"    3",",,a",,,,,,,"  174",",,a"
"ASN00010622","2019-08-27","-33.9644","118.4889","286.0","ONGERUP, AS",,,"  206",",,a",,,"    3",",,a","    3",",,a",,,"    3",",,a","    3",",,a","    5",",,a",,
"ASN00010622","2019-08-28","-33.9644","118.4889","286.0","ONGERUP, AS","    0",",,a","  264",",,a","   70",",,a",,,,,,,,,,,,,,
"ASN00010622","2019-08-29","-33.9644","118.4889","286.0","ONGERUP, AS","    0",",,a","  230",",,a","  108",",,a",,,,,,,,,,,,,,
"ASN00010622","2019-08-30","-33.9644","118.4889","286.0","ONGERUP, AS","   58",",,a","  165",",,a","  108",",,a",,,,,,,,,,,,,,
"ASN00010622","2019-08-31","-33.9644","118.4889","286.0","ONGERUP, AS","   46",",,a",,,"   85",",,a",,,,,,,,,,,,,,
"ASN00010622","2019-09-02","-33.9644","118.4889","286.0","ONGERUP, AS",,,,,,,,,,,"    3",",,a",,,,,,,"  190",",,a"
"ASN00010622","2019-09-03","-33.9644","118.4889","286.0","ONGERUP, AS",,,"  166",",,a",,,"    3",",,a","    3",",,a",,,"    3",",,a","   72",",,a","   55",",,a",,
"ASN00010622","2019-09-04","-33.9644","118.4889","286.0","ONGERUP, AS","    6",",,a","  133",",,a","   64",",,a",,,,,,,,,,,,,,
"ASN00010622","2019-09-05","-33.9644","118.4889","286.0","ONGERUP, AS","    4",",,a","  145",",,a","  -15",",,a",,,,,,,,,,,,,,
"ASN00010622","2019-09-06","-33.9644","118.4889","286.0","ONGERUP, AS","    0",",,a","  177",",,a","   -2",",,a",,,,,,,,,,,,,,
"ASN00010622","2019-09-07","-33.9644","118.4889","286.0","ONGERUP, AS","    0",",,a",,,"   -6",",,a",,,,,,,,,,,,,,
"ASN00010622","2019-09-10","-33.9644","118.4889","286.0","ONGERUP, AS",,,,,,,,,,,"    4",",,a",,,,,,,"  315",",,a"
"ASN00010622","2019-09-11","-33.9644","118.4889","286.0","ONGERUP, AS",,,"  240",",,a",,,"    4",",,a","    4",",,a",,,"    4",",,a","    2",",,a","   60",",,a",,
"ASN00010622","2019-09-12","-33.9644","118.4889","286.0","ONGERUP, AS","    0",",,a","  278",",,a","  103",",,a",,,,,,,,,,,,,,
"ASN00010622","2019-09-13","-33.9644","118.4889","286.0","ONGERUP, AS","    0",",,a","  280",",,a","  136",",,a",,,,,,,,,,,,,,
"ASN00010622","2019-09-14","-33.9644","118.4889","286.0","ONGERUP, AS","    0",",,a",,,"  139",",,a",,,,,,,,,,,,,,
"ASN00010622","2019-09-15","-33.9644","118.4889","286.0","ONGERUP, AS","    0",",,a",,,,,,,,,,,,,,,,,,
"ASN00010622","2019-09-16","-33.9644","118.4889","286.0","ONGERUP, AS","    0",",,a",,,,,,,,,"    3",",,a",,,,,,,"  233",",,a"
"ASN00010622","2019-09-17","-33.9644","118.4889","286.0","ONGERUP, AS","    0",",,a","  291",",,a",,,,,"    3",",,a",,,,,,,"   87",",,a",,
"ASN00010622","2019-09-18","-33.9644","118.4889","286.0","ONGERUP, AS","    0",",,a","  225",",,a","   96",",,a",,,,,,,,,,,,,,
"ASN00010622","2019-09-19","-33.9644","118.4889","286.0","ONGERUP, AS","   49",",,a",,,"   51",",,a",,,,,,,,,,,,,,
"ASN00010622","2019-09-23","-33.9644","118.4889","286.0","ONGERUP, AS",,,,,,,,,,,"    5",",,a",,,,,,,"  227",",,a"
"ASN00010622","2019-09-24","-33.9644","118.4889","286.0","ONGERUP, AS",,,"  286",",,a",,,"    5",",,a","    5",",,a",,,"    5",",,a","   20",",,a","    0",",,a",,
"ASN00010622","2019-09-25","-33.9644","118.4889","286.0","ONGERUP, AS","    0",",,a","  222",",,a","   46",",,a",,,,,,,,,,,,,,
"ASN00010622","2019-09-26","-33.9644","118.4889","286.0","ONGERUP, AS","    0",",,a","  201",",,a","   75",",,a",,,,,,,,,,,,,,
"ASN00010622","2019-09-27","-33.9644","118.4889","286.0","ONGERUP, AS","    2",",,a","  222",",,a","   86",",,a",,,,,,,,,,,,,,
"ASN00010622","2019-09-28","-33.9644","118.4889","286.0","ONGERUP, AS","    0",",,a",,,"   85",",,a",,,,,,,,,,,,,,
"ASN00010622","2019-09-30","-33.9644","118.4889","286.0","ONGERUP, AS",,,,,,,,,,,"    3",",,a",,,,,,,"  316",",,a"
"ASN00010622","2019-10-01","-33.9644","118.4889","286.0","ONGERUP, AS","    2",",,a","  234",",,a",,,,,"    3",",,a",,,,,,,"   80",",,a",,
"ASN00010622","2019-10-02","-33.9644","118.4889","286.0","ONGERUP, AS","    0",",,a","  248",",,a","  117",",,a",,,,,,,,,,,,,,
"ASN00010622","2019-10-03","-33.9644","118.4889","286.0","ONGERUP, AS","    0",",,a","  239",",,a","   60",",,a",,,,,,,,,,,,,,
"ASN00010622","2019-10-04","-33.9644","118.4889","286.0","ONGERUP, AS","    0",",,a","  248",",,a","  128",",,a",,,,,,,,,,,,,,
"ASN00010622","2019-10-05","-33.9644","118.4889","286.0","ONGERUP, AS","  196",",,a",,,"  110",",,a",,,,,,,,,,,,,,
"ASN00010622","2019-10-07","-33.9644","118.4889","286.0","ONGERUP, AS",,,,,,,,,,,"    3",",,a",,,,,,,"  240",",,a"
"ASN00010622","2019-10-08","-33.9644","118.4889","286.0","ONGERUP, AS",,,"  280",",,a",,,"    3",",,a","    3",",,a",,,"    3",",,a","    5",",,a","   46",",,a",,
"ASN00010622","2019-10-09","-33.9644","118.4889","286.0","ONGERUP, AS","    0",",,a","  268",",,a","  120",",,a",,,,,,,,,,,,,,
"ASN00010622","2019-10-10","-33.9644","118.4889","286.0","ONGERUP, AS","    0",",,a","  294",",,a","   75",",,a",,,,,,,,,,,,,,
"ASN00010622","2019-10-11","-33.9644","118.4889","286.0","ONGERUP, AS","    0",",,a","  229",",,a","   96",",,a",,,,,,,,,,,,,,
"ASN00010622","2019-10-12","-33.9644","118.4889","286.0","ONGERUP, AS","   92",",,a",,,"  109",",,a",,,,,,,,,,,,,,
"ASN00010622","2019-10-14","-33.9644","118.4889","286.0","ONGERUP, AS",,,,,,,,,,,"    3",",,a",,,,,,,"  215",",,a"
"ASN00010622","2019-10-15","-33.9644","118.4889","286.0","ONGERUP, AS",,,"  189",",,a",,,"    3",",,a","    3",",,a",,,"    3",",,a","   50",",,a","   33",",,a",,
"ASN00010622","2019-10-16","-33.9644","118.4889","286.0","ONGERUP, AS","    8",",,a","  189",",,a","   63",",,a",,,,,,,,,,,,,,
"ASN00010622","2019-10-17","-33.9644","118.4889","286.0","ONGERUP, AS","    0",",,a","  225",",,a","   30",",,a",,,,,,,,,,,,,,
"ASN00010622","2019-10-18","-33.9644","118.4889","286.0","ONGERUP, AS","    0",",,a","  205",",,a","   40",",,a",,,,,,,,,,,,,,
"ASN00010622","2019-10-19","-33.9644","118.4889","286.0","ONGERUP, AS","    0",",,a",,,"   55",",,a",,,,,,,,,,,,,,
"ASN00010622","2019-10-20","-33.9644","118.4889","286.0","ONGERUP, AS","    0",",,a",,,,,,,,,,,,,,,,,,
"ASN00010622","2019-10-21","-33.9644","118.4889","286.0","ONGERUP, AS","    0",",,a",,,,,,,,,"    3",",,a",,,,,,,"  335",",,a"
"ASN00010622","2019-10-22","-33.9644","118.4889","286.0","ONGERUP, AS","    0",",,a",,,,,,,"    3",",,a",,,,,,,"  110",",,a",,
"ASN00010622","2019-10-23","-33.9644","118.4889","286.0","ONGERUP, AS","    0",",,a","  245",",,a",,,,,,,,,,,,,,,,
"ASN00010622","2019-10-24","-33.9644","118.4889","286.0","ONGERUP, AS","   45",",,a",,,"   83",",,a",,,,,,,,,,,,,,
"ASN00010622","2019-10-25","-33.9644","118.4889","286.0","ONGERUP, AS","    0",",,a","  243",",,a",,,,,,,,,,,,,,,,
"ASN00010622","2019-10-26","-33.9644","118.4889","286.0","ONGERUP, AS","    0",",,a",,,"  130",",,a",,,,,,,,,,,,,,
"ASN00010622","2019-10-27","-33.9644","118.4889","286.0","ONGERUP, AS","    0",",,a",,,,,,,,,,,,,,,,,,
"ASN00010622","2019-10-28","-33.9644","118.4889","286.0","ONGERUP, AS","    0",",,a",,,,,,,,,,,,,,,,,,
"ASN00010622","2019-10-29","-33.9644","118.4889","286.0","ONGERUP, AS","    0",",,a","  247",",,a",,,,,,,,,,,,,,,,
"ASN00010622","2019-10-30","-33.9644","118.4889","286.0","ONGERUP, AS","    0",",,a",,,"   96",",,a",,,,,,,,,,,,,,
"ASN00010622","2019-10-31","-33.9644","118.4889","286.0","ONGERUP, AS","    6",",,a","  166",",,a",,,,,,,,,,,,,,,,
"ASN00010622","2019-11-01","-33.9644","118.4889","286.0","ONGERUP, AS","    4",",,a","  191",",,a","   61",",,a",,,,,,,,,,,,,,
"ASN00010622","2019-11-02","-33.9644","118.4889","286.0","ONGERUP, AS","   10",",,a",,,"   80",",,a",,,,,,,,,,,,,,
"ASN00010622","2019-11-03","-33.9644","118.4889","286.0","ONGERUP, AS","    0",",,a",,,,,,,,,,,,,,,,,,
"ASN00010622","2019-11-04","-33.9644","118.4889","286.0","ONGERUP, AS","    0",",,a",,,,,,,,,"    3",",,a",,,,,,,"  291",",,a"
"ASN00010622","2019-11-05","-33.9644","118.4889","286.0","ONGERUP, AS","    0",",,a",,,,,,,"    3",",,a",,,,,,,"   55",",,a",,
"ASN00010622","2019-11-06","-33.9644","118.4889","286.0","ONGERUP, AS","    0",",,a","  245",",,a",,,,,,,,,,,,,,,,
"ASN00010622","2019-11-07","-33.9644","118.4889","286.0","ONGERUP, AS","    0",",,a","  263",",,a","   58",",,a",,,,,,,,,,,,,,
"ASN00010622","2019-11-08","-33.9644","118.4889","286.0","ONGERUP, AS","    4",",,a","  263",",,a","  103",",,a",,,,,,,,,,,,,,
"ASN00010622","2019-11-09","-33.9644","118.4889","286.0","ONGERUP, AS","    0",",,a",,,"   95",",,a",,,,,,,,,,,,,,
"ASN00010622","2019-11-10","-33.9644","118.4889","286.0","ONGERUP, AS","    0",",,a",,,,,,,,,,,,,,,,,,
"ASN00010622","2019-11-11","-33.9644","118.4889","286.0","ONGERUP, AS","    0",",,a",,,,,,,,,"    3",",,a",,,,,,,"  372",",,a"
"ASN00010622","2019-11-12","-33.9644","118.4889","286.0","ONGERUP, AS","    0",",,a","  232",",,a",,,,,"    3",",,a",,,,,,,"   76",",,a",,
"ASN00010622","2019-11-13","-33.9644","118.4889","286.0","ONGERUP, AS","    0",",,a","  322",",,a","   93",",,a",,,,,,,,,,,,,,
"ASN00010622","2019-11-14","-33.9644","118.4889","286.0","ONGERUP, AS","    0",",,a","  192",",,a","   87",",,a",,,,,,,,,,,,,,
"ASN00010622","2019-11-15","-33.9644","118.4889","286.0","ONGERUP, AS","    0",",,a","  280",",,a","  130",",,a",,,,,,,,,,,,,,
"ASN00010622","2019-11-16","-33.9644","118.4889","286.0","ONGERUP, AS","    0",",,a",,,"  130",",,a",,,,,,,,,,,,,,
"ASN00010622","2019-11-17","-33.9644","118.4889","286.0","ONGERUP, AS","    0",",,a",,,,,,,,,"    2",",,a",,,,,,,"  389",",,a"
"ASN00010622","2019-11-18","-33.9644","118.4889","286.0","ONGERUP, AS","    0",",,a","  278",",,a",,,,,"    2",",,a",,,,,,,"  123",",,a",,
"ASN00010622","2019-11-19","-33.9644","118.4889","286.0","ONGERUP, AS","    0",",,a","  300",",,a","  130",",,a",,,,,,,,,,,,,,
"ASN00010622","2019-11-20","-33.9644","118.4889","286.0","ONGERUP, AS","    6",",,a","  183",",,a","  104",",,a",,,,,,,,,,,,,,
"ASN00010622","2019-11-21","-33.9644","118.4889","286.0","ONGERUP, AS","    1",",,a","  253",",,a","   32",",,a",,,,,,,,,,,,,,
"ASN00010622","2019-11-22","-33.9644","118.4889","286.0","ONGERUP, AS","    0",",,a","  252",",,a","  113",",,a",,,,,,,,,,,,,,
"ASN00010622","2019-11-23","-33.9644","118.4889","286.0","ONGERUP, AS","    0",",,a",,,"   95",",,a",,,,,,,,,,,,,,
"ASN00010622","2019-11-24","-33.9644","118.4889","286.0","ONGERUP, AS","    0",",,a",,,,,,,,,,,,,,,,,,
"ASN00010622","2019-11-25","-33.9644","118.4889","286.0","ONGERUP, AS","    0",",,a",,,,,,,,,"    3",",,a",,,,,,,"  296",",,a"
"ASN00010622","2019-11-26","-33.9644","118.4889","286.0","ONGERUP, AS","    0",",,a","  316",",,a",,,,,"    3",",,a",,,,,,,"   53",",,a",,
"ASN00010622","2019-11-27","-33.9644","118.4889","286.0","ONGERUP, AS","    0",",,a","  252",",,a","  108",",,a",,,,,,,,,,,,,,
"ASN00010622","2019-11-28","-33.9644","118.4889","286.0","ONGERUP, AS","    6",",,a","  211",",,a","   91",",,a",,,,,,,,,,,,,,
"ASN00010622","2019-11-29","-33.9644","118.4889","286.0","ONGERUP, AS","    0",",,a","  200",",,a","   96",",,a",,,,,,,,,,,,,,
"ASN00010622","2019-11-30","-33.9644","118.4889","286.0","ONGERUP, AS","    0",",,a",,,"  120",",,a",,,,,,,,,,,,,,
"ASN00010622","2019-12-02","-33.9644","118.4889","286.0","ONGERUP, AS",,,,,,,,,,,"    3",",,a",,,,,,,"  312",",,a"
"ASN00010622","2019-12-03","-33.9644","118.4889","286.0","ONGERUP, AS",,,"  390",",,a",,,"    3",",,a","    3",",,a",,,"    3",",,a","    2",",,a","   90",",,a",,
"ASN00010622","2019-12-04","-33.9644","118.4889","286.0","ONGERUP, AS","    2",",,a","  375",",,a","  202",",,a",,,,,,,,,,,,,,
"ASN00010622","2019-12-05","-33.9644","118.4889","286.0","ONGERUP, AS","    0",",,a","  306",",,a","  119",",,a",,,,,,,,,,,,,,
"ASN00010622","2019-12-06","-33.9644","118.4889","286.0","ONGERUP, AS","    0",",,a","  405",",,a","  115",",,a",,,,,,,,,,,,,,
"ASN00010622","2019-12-07","-33.9644","118.4889","286.0","ONGERUP, AS","    2",",,a",,,"  175",",,a",,,,,,,,,,,,,,
"ASN00010622","2019-12-08","-33.9644","118.4889","286.0","ONGERUP, AS","    0",",,a",,,,,,,,,,,,,,,,,,
"ASN00010622","2019-12-09","-33.9644","118.4889","286.0","ONGERUP, AS","    0",",,a",,,,,,,,,"    3",",,a",,,,,,,"  339",",,a"
"ASN00010622","2019-12-10","-33.9644","118.4889","286.0","ONGERUP, AS","    0",",,a","  291",",,a",,,,,"    3",",,a",,,,,,,"   64",",,a",,
"ASN00010622","2019-12-11","-33.9644","118.4889","286.0","ONGERUP, AS","    0",",,a","  274",",,a","  118",",,a",,,,,,,,,,,,,,
"ASN00010622","2019-12-12","-33.9644","118.4889","286.0","ONGERUP, AS","    0",",,a","  338",",,a","  149",",,a",,,,,,,,,,,,,,
"ASN00010622","2019-12-13","-33.9644","118.4889","286.0","ONGERUP, AS","    0",",,a","  390",",,a","  132",",,a",,,,,,,,,,,,,,
"ASN00010622","2019-12-14","-33.9644","118.4889","286.0","ONGERUP, AS","    0",",,a",,,"  155",",,a",,,,,,,,,,,,,,
"ASN00010622","2019-12-15","-33.9644","118.4889","286.0","ONGERUP, AS","    0",",,a",,,,,,,,,,,,,,,,,,
"ASN00010622","2019-12-16","-33.9644","118.4889","286.0","ONGERUP, AS","    0",",,a",,,,,,,,,"    3",",,a",,,,,,,"  426",",,a"
"ASN00010622","2019-12-17","-33.9644","118.4889","286.0","ONGERUP, AS","    0",",,a","  320",",,a",,,,,"    3",",,a",,,,,,,"  138",",,a",,
"ASN00010622","2019-12-18","-33.9644","118.4889","286.0","ONGERUP, AS","    0",",,a","  353",",,a","  148",",,a",,,,,,,,,,,,,,
"ASN00010622","2019-12-19","-33.9644","118.4889","286.0","ONGERUP, AS","    0",",,a","  316",",,a","  157",",,a",,,,,,,,,,,,,,
"ASN00010622","2019-12-20","-33.9644","118.4889","286.0","ONGERUP, AS","    0",",,a","  275",",,a","  117",",,a",,,,,,,,,,,,,,
"ASN00010622","2019-12-21","-33.9644","118.4889","286.0","ONGERUP, AS","    0",",,a",,,"  139",",,a",,,,,,,,,,,,,,
"ASN00010622","2020-01-01","-33.9644","118.4889","286.0","ONGERUP, AS","    0",",,a",,,,,,,,,,,,,,,,,,
"ASN00010622","2020-01-02","-33.9644","118.4889","286.0","ONGERUP, AS","    0",",,a",,,,,,,,,,,,,,,,,,
"ASN00010622","2020-01-03","-33.9644","118.4889","286.0","ONGERUP, AS","    0",",,a",,,,,,,,,,,,,,,,,,
"ASN00010622","2020-01-04","-33.9644","118.4889","286.0","ONGERUP, AS","    0",",,a",,,,,,,,,,,,,,,,,,
"ASN00010622","2020-01-05","-33.9644","118.4889","286.0","ONGERUP, AS","    0",",,a",,,,,,,,,,,,,,,,,,
"ASN00010622","2020-01-06","-33.9644","118.4889","286.0","ONGERUP, AS","    0",",,a",,,,,,,,,,,,,,,,,,
"ASN00010622","2020-01-07","-33.9644","118.4889","286.0","ONGERUP, AS","    0",",,a","  380",",,a",,,,,,,,,,,,,,,,
"ASN00010622","2020-01-08","-33.9644","118.4889","286.0","ONGERUP, AS","    0",",,a","  334",",,a","  133",",,a",,,,,,,,,,,,,,
"ASN00010622","2020-01-09","-33.9644","118.4889","286.0","ONGERUP, AS","    0",",,a","  273",",,a","  125",",,a",,,,,,,,,,,,,,
"ASN00010622","2020-01-10","-33.9644","118.4889","286.0","ONGERUP, AS","    0",",,a","  251",",,a","  107",",,a",,,,,,,,,,,,,,
"ASN00010622","2020-01-11","-33.9644","118.4889","286.0","ONGERUP, AS","    0",",,a",,,"  129",",,a",,,,,,,,,,,,,,
"ASN00010622","2020-01-12","-33.9644","118.4889","286.0","ONGERUP, AS","    0",",,a",,,,,,,,,,,,,,,,,,
"ASN00010622","2020-01-13","-33.9644","118.4889","286.0","ONGERUP, AS","    0",",,a",,,,,,,,,"    3",",,a",,,,,,,"  373",",,a"
"ASN00010622","2020-01-14","-33.9644","118.4889","286.0","ONGERUP, AS","    0",",,a","  276",",,a",,,,,"    3",",,a",,,,,,,"  144",",,a",,
"ASN00010622","2020-01-15","-33.9644","118.4889","286.0","ONGERUP, AS","    0",",,a","  216",",,a","  151",",,a",,,,,,,,,,,,,,
"ASN00010622","2020-01-16","-33.9644","118.4889","286.0","ONGERUP, AS","    1",",,a","  291",",,a","  153",",,a",,,,,,,,,,,,,,
"ASN00010622","2020-01-17","-33.9644","118.4889","286.0","ONGERUP, AS","    0",",,a","  280",",,a","  176",",,a",,,,,,,,,,,,,,
"ASN00010622","2020-01-18","-33.9644","118.4889","286.0","ONGERUP, AS","    2",",,a",,,"  121",",,a",,,,,,,,,,,,,,
"ASN00010622","2020-01-19","-33.9644","118.4889","286.0","ONGERUP, AS","    0",",,a",,,,,,,,,,,,,,,,,,
"ASN00010622","2020-01-20","-33.9644","118.4889","286.0","ONGERUP, AS","    0",",,a",,,,,,,,,"    3",",,a",,,,,,,"  328",",,a"
"ASN00010622","2020-01-21","-33.9644","118.4889","286.0","ONGERUP, AS","    0",",,a","  254",",,a",,,,,"    3",",,a",,,,,,,"  129",",,a",,
"ASN00010622","2020-01-22","-33.9644","118.4889","286.0","ONGERUP, AS","    0",",,a","  260",",,a","  112",",,a",,,,,,,,,,,,,,
"ASN00010622","2020-01-23","-33.9644","118.4889","286.0","ONGERUP, AS","    2",",,a","  278",",,a","  137",",,a",,,,,,,,,,,,,,
"ASN00010622","2020-01-24","-33.9644","118.4889","286.0","ONGERUP, AS","    0",",,a","  315",",,a","  107",",,a",,,,,,,,,,,,,,
"ASN00010622","2020-01-25","-33.9644","118.4889","286.0","ONGERUP, AS","    0",",,a",,,"  145",",,a",,,,,,,,,,,,,,
"ASN00010622","2020-01-26","-33.9644","118.4889","286.0","ONGERUP, AS","    0",",,a",,,,,,,,,,,,,,,,,,
"ASN00010622","2020-01-27","-33.9644","118.4889","286.0","ONGERUP, AS","    0",",,a",,,,,,,,,"    3",",,a",,,,,,,"  387",",,a"
"ASN00010622","2020-01-28","-33.9644","118.4889","286.0","ONGERUP, AS","    0",",,a","  431",",,a",,,,,"    3",",,a",,,,,,,"  141",",,a",,
"ASN00010622","2020-01-29","-33.9644","118.4889","286.0","ONGERUP, AS","    0",",,a","  370",",,a","  152",",,a",,,,,,,,,,,,,,
"ASN00010622","2020-01-30","-33.9644","118.4889","286.0","ONGERUP, AS","    1",",,a","  218",",,a","  159",",,a",,,,,,,,,,,,,,
"ASN00010622","2020-01-31","-33.9644","118.4889","286.0","ONGERUP, AS","    0",",,a","  215",",,a","   82",",,a",,,,,,,,,,,,,,
"ASN00010622","2020-02-01","-33.9644","118.4889","286.0","ONGERUP, AS","    0",",,a",,,"   60",",,a",,,,,,,,,,,,,,
"ASN00010622","2020-02-02","-33.9644","118.4889","286.0","ONGERUP, AS","    0",",,a",,,,,,,,,,,,,,,,,,
"ASN00010622","2020-02-03","-33.9644","118.4889","286.0","ONGERUP, AS","    0",",,a",,,,,,,,,"    3",",,a",,,,,,,"  295",",,a"
"ASN00010622","2020-02-04","-33.9644","118.4889","286.0","ONGERUP, AS","    0",",,a","  331",",,a",,,,,"    3",",,a",,,,,,,"  118",",,a",,
"ASN00010622","2020-02-05","-33.9644","118.4889","286.0","ONGERUP, AS","   20",",,a","  386",",,a","  165",",,a",,,,,,,,,,,,,,
"ASN00010622","2020-02-06","-33.9644","118.4889","286.0","ONGERUP, AS","   56",",,a",,,"  185",",,a",,,,,,,,,,,,,,
"ASN00010622","2020-02-07","-33.9644","118.4889","286.0","ONGERUP, AS",,,,,,,,,,,"    2",",,a",,,,,,,"  410",",,a"
"ASN00010622","2020-02-08","-33.9644","118.4889","286.0","ONGERUP, AS",,,,,,,"    2",",,a","    2",",,a",,,,,"   10",",,a","  168",",,a",,
"ASN00010622","2020-02-10","-33.9644","118.4889","286.0","ONGERUP, AS",,,,,,,,,,,"    3",",,a",,,,,,,"  419",",,a"
"ASN00010622","2020-02-11","-33.9644","118.4889","286.0","ONGERUP, AS",,,"  216",",,a",,,"    3",",,a","    3",",,a",,,,,"   58",",,a","   86",",,a",,
"ASN00010622","2020-02-12","-33.9644","118.4889","286.0","ONGERUP, AS","    6",",,a","  299",",,a","  148",",,a",,,,,,,,,,,,,,
"ASN00010622","2020-02-13","-33.9644","118.4889","286.0","ONGERUP, AS","    0",",,a","  326",",,a","  160",",,a",,,,,,,,,,,,,,
"ASN00010622","2020-02-14","-33.9644","118.4889","286.0","ONGERUP, AS","    0",",,a","  313",",,a","  180",",,a",,,,,,,,,,,,,,
"ASN00010622","2020-02-15","-33.9644","118.4889","286.0","ONGERUP, AS","   32",",,a",,,"  172",",,a",,,,,,,,,,,,,,
"ASN00010622","2020-02-16","-33.9644","118.4889","286.0","ONGERUP, AS","    0",",,a",,,,,,,,,,,,,,,,,,
"ASN00010622","2020-02-17","-33.9644","118.4889","286.0","ONGERUP, AS","    0",",,a",,,,,,,,,"    3",",,a",,,,,,,"  375",",,a"
"ASN00010622","2020-02-18","-33.9644","118.4889","286.0","ONGERUP, AS","    0",",,a","  272",",,a",,,,,"    3",",,a",,,,,,,"  118",",,a",,
"ASN00010622","2020-02-19","-33.9644","118.4889","286.0","ONGERUP, AS","    0",",,a","  318",",,a","  137",",,a",,,,,,,,,,,,,,
"ASN00010622","2020-02-20","-33.9644","118.4889","286.0","ONGERUP, AS","    0",",,a","  296",",,a","  154",",,a",,,,,,,,,,,,,,
"ASN00010622","2020-02-21","-33.9644","118.4889","286.0","ONGERUP, AS","    0",",,a","  285",",,a","  134",",,a",,,,,,,,,,,,,,
"ASN00010622","2020-02-22","-33.9644","118.4889","286.0","ONGERUP, AS","    1",",,a",,,"  170",",,a",,,,,,,,,,,,,,
"ASN00010622","2020-02-24","-33.9644","118.4889","286.0","ONGERUP, AS",,,,,,,,,,,"    3",",,a",,,,,,,"  250",",,a"
"ASN00010622","2020-02-25","-33.9644","118.4889","286.0","ONGERUP, AS",,,"  217",",,a",,,"    3",",,a","    3",",,a",,,,,"  128",",,a","  164",",,a",,
"ASN00010622","2020-02-26","-33.9644","118.4889","286.0","ONGERUP, AS","    4",",,a","  251",",,a","  148",",,a",,,,,,,,,,,,,,
"ASN00010622","2020-02-27","-33.9644","118.4889","286.0","ONGERUP, AS","    2",",,a","  214",",,a","  163",",,a",,,,,,,,,,,,,,
"ASN00010622","2020-02-28","-33.9644","118.4889","286.0","ONGERUP, AS","   80",",,a","  245",",,a","  154",",,a",,,,,,,,,,,,,,
"ASN00010622","2020-02-29","-33.9644","118.4889","286.0","ONGERUP, AS","   86",",,a",,,"  174",",,a",,,,,,,,,,,,,,
"ASN00010622","2020-03-02","-33.9644","118.4889","286.0","ONGERUP, AS",,,,,,,,,,,"    3",",,a",,,,,,,"  318",",,a"
"ASN00010622","2020-03-03","-33.9644","118.4889","286.0","ONGERUP, AS",,,"  267",",,a",,,"    3",",,a","    3",",,a",,,,,"   32",",,a","  105",",,a",,
"ASN00010622","2020-03-04","-33.9644","118.4889","286.0","ONGERUP, AS","    0",",,a","  315",",,a","  127",",,a",,,,,,,,,,,,,,
"ASN00010622","2020-03-05","-33.9644","118.4889","286.0","ONGERUP, AS","    0",",,a","  332",",,a","  134",",,a",,,,,,,,,,,,,,
"ASN00010622","2020-03-06","-33.9644","118.4889","286.0","ONGERUP, AS","    3",",,a","  305",",,a","  171",",,a",,,,,,,,,,,,,,
"ASN00010622","2020-03-07","-33.9644","118.4889","286.0","ONGERUP, AS","    0",",,a",,,"  155",",,a",,,,,,,,,,,,,,
"ASN00010622","2020-03-09","-33.9644","118.4889","286.0","ONGERUP, AS",,,,,,,,,,,"    3",",,a",,,,,,,"  322",",,a"
"ASN00010622","2020-03-10","-33.9644","118.4889","286.0","ONGERUP, AS",,,"  283",",,a",,,"    3",",,a","    3",",,a",,,,,"    2",",,a","  124",",,a",,
"ASN00010622","2020-03-11","-33.9644","118.4889","286.0","ONGERUP, AS","    0",",,a","  316",",,a","  129",",,a",,,,,,,,,,,,,,
"ASN00010622","2020-03-12","-33.9644","118.4889","286.0","ONGERUP, AS","    0",",,a","  258",",,a","  147",",,a",,,,,,,,,,,,,,
"ASN00010622","2020-03-13","-33.9644","118.4889","286.0","ONGERUP, AS","    8",",,a","  220",",,a","  146",",,a",,,,,,,,,,,,,,
"ASN00010622","2020-03-14","-33.9644","118.4889","286.0","ONGERUP, AS","    6",",,a",,,"  149",",,a",,,,,,,,,,,,,,
"ASN00010622","2020-03-16","-33.9644","118.4889","286.0","ONGERUP, AS",,,,,,,,,,,"    3",",,a",,,,,,,"  293",",,a"
"ASN00010622","2020-03-17","-33.9644","118.4889","286.0","ONGERUP, AS",,,"  253",",,a",,,"    3",",,a","    3",",,a",,,,,"   33",",,a","  130",",,a",,
"ASN00010622","2020-03-18","-33.9644","118.4889","286.0","ONGERUP, AS","   42",",,a","  216",",,a","  100",",,a",,,,,,,,,,,,,,
"ASN00010622","2020-03-19","-33.9644","118.4889","286.0","ONGERUP, AS","    0",",,a","  233",",,a","   75",",,a",,,,,,,,,,,,,,
"ASN00010622","2020-03-20","-33.9644","118.4889","286.0","ONGERUP, AS","    0",",,a","  250",",,a","  143",",,a",,,,,,,,,,,,,,
"ASN00010622","2020-03-21","-33.9644","118.4889","286.0","ONGERUP, AS","    2",",,a",,,"  145",",,a",,,,,,,,,,,,,,
"ASN00010622","2020-03-23","-33.9644","118.4889","286.0","ONGERUP, AS",,,,,,,,,,,"    3",",,a",,,,,,,"  264",",,a"
"ASN00010622","2020-03-24","-33.9644","118.4889","286.0","ONGERUP, AS",,,"  296",",,a",,,"    3",",,a","    3",",,a",,,,,"   16",",,a","  116",",,a",,
"ASN00010622","2020-03-25","-33.9644","118.4889","286.0","ONGERUP, AS","    1",",,a","  316",",,a","  143",",,a",,,,,,,,,,,,,,
"ASN00010622","2020-03-26","-33.9644","118.4889","286.0","ONGERUP, AS","    0",",,a","  350",",,a","  153",",,a",,,,,,,,,,,,,,
"ASN00010622","2020-03-27","-33.9644","118.4889","286.0","ONGERUP, AS","   10",",,a",,,"  168",",,a",,,,,,,,,,,,,,
"ASN00010622","2020-03-30","-33.9644","118.4889","286.0","ONGERUP, AS",,,,,,,,,,,"    4",",,a",,,,,,,"  341",",,a"
"ASN00010622","2020-03-31","-33.9644","118.4889","286.0","ONGERUP, AS",,,"  252",",,a",,,"    4",",,a","    4",",,a",,,,,"    4",",,a","   66",",,a",,
"ASN00010622","2020-04-01","-33.9644","118.4889","286.0","ONGERUP, AS","    0",",,a","  264",",,a","  109",",,a",,,,,,,,,,,,,,
"ASN00010622","2020-04-02","-33.9644","118.4889","286.0","ONGERUP, AS","    0",",,a","  225",",,a","  146",",,a",,,,,,,,,,,,,,
"ASN00010622","2020-04-03","-33.9644","118.4889","286.0","ONGERUP, AS","    0",",,a",,,"  102",",,a",,,,,,,,,,,,,,
"ASN00010622","2020-04-06","-33.9644","118.4889","286.0","ONGERUP, AS",,,,,,,,,,,"    4",",,a",,,,,,,"  243",",,a"
"ASN00010622","2020-04-07","-33.9644","118.4889","286.0","ONGERUP, AS",,,"  295",",,a",,,"    4",",,a","    4",",,a",,,,,"   50",",,a","   39",",,a",,
"ASN00010622","2020-04-08","-33.9644","118.4889","286.0","ONGERUP, AS","    0",",,a","  330",",,a","  169",",,a",,,,,,,,,,,,,,
"ASN00010622","2020-04-09","-33.9644","118.4889","286.0","ONGERUP, AS","    0",",,a",,,"  153",",,a",,,,,,,,,,,,,,
"ASN00010622","2020-04-10","-33.9644","118.4889","286.0","ONGERUP, AS","    0",",,a",,,,,,,,,,,,,,,,,,
"ASN00010622","2020-04-11","-33.9644","118.4889","286.0","ONGERUP, AS","    0",",,a",,,,,,,,,,,,,,,,,,
"ASN00010622","2020-04-12","-33.9644","118.4889","286.0","ONGERUP, AS","    0",",,a",,,,,,,,,,,,,,,,,,
"ASN00010622","2020-04-13","-33.9644","118.4889","286.0","ONGERUP, AS","    0",",,a",,,,,,,,,"    5",",,a",,,,,,,"  358",",,a"
"ASN00010622","2020-04-14","-33.9644","118.4889","286.0","ONGERUP, AS","    0",",,a","  260",",,a",,,,,"    5",",,a",,,,,,,"  117",",,a",,
"ASN00010622","2020-04-15","-33.9644","118.4889","286.0","ONGERUP, AS","    0",",,a","  226",",,a","  105",",,a",,,,,,,,,,,,,,
"ASN00010622","2020-04-16","-33.9644","118.4889","286.0","ONGERUP, AS","    0",",,a","  212",",,a","   64",",,a",,,,,,,,,,,,,,
"ASN00010622","2020-04-17","-33.9644","118.4889","286.0","ONGERUP, AS","    0",",,a",,,"   83",",,a",,,,,,,,,,,,,,
"ASN00010622","2020-04-20","-33.9644","118.4889","286.0","ONGERUP, AS",,,,,,,,,,,"    4",",,a",,,,,,,"  285",",,a"
"ASN00010622","2020-04-21","-33.9644","118.4889","286.0","ONGERUP, AS",,,"  230",",,a",,,"    4",",,a","    4",",,a",,,,,"   80",",,a","   59",",,a",,
"ASN00010622","2020-04-22","-33.9644","118.4889","286.0","ONGERUP, AS","    4",",,a","  226",",,a","  127",",,a",,,,,,,,,,,,,,
"ASN00010622","2020-04-23","-33.9644","118.4889","286.0","ONGERUP, AS","    0",",,a","  243",",,a","  104",",,a",,,,,,,,,,,,,,
"ASN00010622","2020-04-24","-33.9644","118.4889","286.0","ONGERUP, AS","    0",",,a",,,"   89",",,a",,,,,,,,,,,,,,
"ASN00010622","2020-04-27","-33.9644","118.4889","286.0","ONGERUP, AS",,,,,,,,,,,"    4",",,a",,,,,,,"  256",",,a"
"ASN00010622","2020-04-28","-33.9644","118.4889","286.0","ONGERUP, AS",,,"  171",",,a",,,"    4",",,a","    4",",,a",,,,,"   14",",,a","   56",",,a",,
"ASN00010622","2020-04-29","-33.9644","118.4889","286.0","ONGERUP, AS","    0",",,a","  177",",,a","   52",",,a",,,,,,,,,,,,,,
"ASN00010622","2020-04-30","-33.9644","118.4889","286.0","ONGERUP, AS","    0",",,a","  185",",,a","   88",",,a",,,,,,,,,,,,,,
"ASN00010622","2020-05-01","-33.9644","118.4889","286.0","ONGERUP, AS","    0",",,a",,,"   64",",,a",,,,,,,,,,,,,,
"ASN00010622","2020-05-04","-33.9644","118.4889","286.0","ONGERUP, AS",,,,,,,,,,,"    4",",,a",,,,,,,"  292",",,a"
"ASN00010622","2020-05-05","-33.9644","118.4889","286.0","ONGERUP, AS",,,"  221",",,a",,,"    4",",,a","    4",",,a",,,,,"   30",",,a","   75",",,a",,
"ASN00010622","2020-05-06","-33.9644","118.4889","286.0","ONGERUP, AS","   52",",,a","  134",",,a","   75",",,a",,,,,,,,,,,,,,
"ASN00010622","2020-05-07","-33.9644","118.4889","286.0","ONGERUP, AS","    6",",,a","  190",",,a","   60",",,a",,,,,,,,,,,,,,
"ASN00010622","2020-05-08","-33.9644","118.4889","286.0","ONGERUP, AS","   60",",,a",,,"   72",",,a",,,,,,,,,,,,,,
"ASN00010622","2020-05-11","-33.9644","118.4889","286.0","ONGERUP, AS",,,,,,,,,,,"    4",",,a",,,,,,,"  220",",,a"
"ASN00010622","2020-05-12","-33.9644","118.4889","286.0","ONGERUP, AS",,,,,,,"    4",",,a","    4",",,a",,,,,"    6",",,a","    9",",,a",,
