"STATION","DATE","LATITUDE","LONGITUDE","ELEVATION","NAME","PRCP","PRCP_ATTRIBUTES","SNOW","SNOW_ATTRIBUTES","SNWD","SNWD_ATTRIBUTES","TMAX","TMAX_ATTRIBUTES","TMIN","TMIN_ATTRIBUTES","TAVG","TAVG_ATTRIBUTES","WDFG","WDFG_ATTRIBUTES","WSFG","WSFG_ATTRIBUTES"
"CA002201799","2018-07-03","61.3167","-117.6","162.0","FORT PROVIDENCE, NT CA",,,,,,,"  212",",,C","   73",",,C","  143",",,C","   35",",,C","  350",",,C"
"CA002201799","2018-07-04","61.3167","-117.6","162.0","FORT PROVIDENCE, NT CA",,,,,,,"  250",",,C","   45",",,C","  148",",,C","    0",",,C","    0",",,C"
"CA002201799","2018-07-05","61.3167","-117.6","162.0","FORT PROVIDENCE, NT CA",,,,,,,"  302",",,C","  129",",,C","  216",",,C","    0",",,C","    0",",,C"
"CA002201799","2018-07-06","61.3167","-117.6","162.0","FORT PROVIDENCE, NT CA",,,,,,,"  261",",,C","   94",",,C","  178",",,C","    1",",,C","  350",",,C"
"CA002201799","2018-07-07","61.3167","-117.6","162.0","FORT PROVIDENCE, NT CA",,,,,,,"  176",",,C","   92",",,C","  134",",,C","   32",",,C","  330",",,C"
"CA002201799","2018-07-08","61.3167","-117.6","162.0","FORT PROVIDENCE, NT CA",,,,,,,"  273",",,C","  113",",,C","  193",",,C","    0",",,C","    0",",,C"
"CA002201799","2018-07-09","61.3167","-117.6","162.0","FORT PROVIDENCE, NT CA",,,,,,,"  307",",,C","  139",",,C","  223",",,C","   19",",,C","  350",",,C"
"CA002201799","2018-07-10","61.3167","-117.6","162.0","FORT PROVIDENCE, NT CA",,,,,,,"  305",",,C","  130",",,C","  218",",,C","   25",",,C","  370",",,C"
"CA002201799","2018-07-11","61.3167","-117.6","162.0","FORT PROVIDENCE, NT CA",,,,,,,"  270",",,C","  153",",,C","  212",",,C","   24",",,C","  440",",,C"
"CA002201799","2018-07-12","61.3167","-117.6","162.0","FORT PROVIDENCE, NT CA",,,,,,,"  236",",,C","  137",",,C","  187",",,C","    0",",,C","    0",",,C"
"CA002201799","2018-07-13","61.3167","-117.6","162.0","FORT PROVIDENCE, NT CA",,,,,,,"  137",",,C","  100",",,C","  119",",,C","   32",",,C","  320",",,C"
"CA002201799","2018-07-14","61.3167","-117.6","162.0","FORT PROVIDENCE, NT CA",,,,,,,"  171",",,C","  106",",,C","  139",",,C","    0",",,C","    0",",,C"
"CA002201799","2018-07-15","61.3167","-117.6","162.0","FORT PROVIDENCE, NT CA",,,,,,,"  195",",,C","   52",",,C","  124",",,C","    0",",,C","    0",",,C"
"CA002201799","2018-07-16","61.3167","-117.6","162.0","FORT PROVIDENCE, NT CA",,,,,,,"  236",",,C","  144",",,C","  190",",,C","   29",",,C","  410",",,C"
"CA002201799","2018-07-17","61.3167","-117.6","162.0","FORT PROVIDENCE, NT CA",,,,,,,"  230",",,C","  120",",,C","  175",",,C","   34",",,C","  440",",,C"
"CA002201799","2018-07-18","61.3167","-117.6","162.0","FORT PROVIDENCE, NT CA",,,,,,,"  217",",,C","   67",",,C","  142",",,C",,,,
"CA002201799","2018-07-19","61.3167","-117.6","162.0","FORT PROVIDENCE, NT CA",,,,,,,"  220",",,C","   98",",,C","  159",",,C",,,,
"CA002201799","2018-07-20","61.3167","-117.6","162.0","FORT PROVIDENCE, NT CA",,,,,,,"  241",",,C","   54",",,C","  147",",,C",,,,
"CA002201799","2018-07-21","61.3167","-117.6","162.0","FORT PROVIDENCE, NT CA",,,,,,,"  231",",,C","   78",",,C","  155",",,C","   32",",,C","  350",",,C"
"CA002201799","2018-07-22","61.3167","-117.6","162.0","FORT PROVIDENCE, NT CA",,,,,,,"  201",",,C","  101",",,C","  151",",,C","    6",",,C","  360",",,C"
"CA002201799","2018-07-23","61.3167","-117.6","162.0","FORT PROVIDENCE, NT CA",,,,,,,"  219",",,C","   62",",,C","  141",",,C",,,,
"CA002201799","2018-07-24","61.3167","-117.6","162.0","FORT PROVIDENCE, NT CA",,,,,,,"  248",",,C","   53",",,C","  151",",,C",,,,
"CA002201799","2018-07-25","61.3167","-117.6","162.0","FORT PROVIDENCE, NT CA",,,,,,,"  295",",,C","   89",",,C","  192",",,C",,,,
"CA002201799","2018-07-26","61.3167","-117.6","162.0","FORT PROVIDENCE, NT CA",,,,,,,"  319",",,C","  107",",,C","  213",",,C",,,,
"CA002201799","2018-07-27","61.3167","-117.6","162.0","FORT PROVIDENCE, NT CA",,,,,,,"  340",",,C","  136",",,C","  238",",,C",,,,
"CA002201799","2018-07-28","61.3167","-117.6","162.0","FORT PROVIDENCE, NT CA",,,,,,,"  253",",,C","  146",",,C","  200",",,C","    2",",,C","  340",",,C"
"CA002201799","2018-07-29","61.3167","-117.6","162.0","FORT PROVIDENCE, NT CA",,,,,,,"  233",",,C","   94",",,C","  163",",,C",,,,
"CA002201799","2018-07-30","61.3167","-117.6","162.0","FORT PROVIDENCE, NT CA",,,,,,,"  183",",,C","  108",",,C","  146",",,C","   35",",,C","  310",",,C"
"CA002201799","2018-07-31","61.3167","-117.6","162.0","FORT PROVIDENCE, NT CA",,,,,,,"  282",",,C","   90",",,C","  186",",,C","   34",",,C","  360",",,C"
"CA002201799","2018-08-01","61.3167","-117.6","162.0","FORT PROVIDENCE, NT CA",,,,,,,"  256",",,C","  154",",,C","  205",",,C","   35",",,C","  340",",,C"
"CA002201799","2018-08-02","61.3167","-117.6","162.0","FORT PROVIDENCE, NT CA",,,,,,,"  320",",,C","  162",",,C","  241",",,C",,,,
"CA002201799","2018-08-03","61.3167","-117.6","162.0","FORT PROVIDENCE, NT CA",,,,,,,"  232",",,C","  137",",,C","  185",",,C","    1",",,C","  440",",,C"
"CA002201799","2018-08-04","61.3167","-117.6","162.0","FORT PROVIDENCE, NT CA",,,,,,,"  197",",,C","  112",",,C","  155",",,C",,,,
"CA002201799","2018-08-05","61.3167","-117.6","162.0","FORT PROVIDENCE, NT CA",,,,,,,"  225",",,C","  109",",,C","  167",",,C",,,,
"CA002201799","2018-08-06","61.3167","-117.6","162.0","FORT PROVIDENCE, NT CA",,,,,,,"  255",",,C","  112",",,C","  183",",,C","   32",",,C","  530",",,C"
"CA002201799","2018-08-07","61.3167","-117.6","162.0","FORT PROVIDENCE, NT CA",,,,,,,"  217",",,C","  133",",,C","  175",",,C","   32",",,C","  320",",,C"
"CA002201799","2018-08-08","61.3167","-117.6","162.0","FORT PROVIDENCE, NT CA",,,,,,,"  264",",,C","  135",",,C","  200",",,C","   26",",,C","  360",",,C"
"CA002201799","2018-08-09","61.3167","-117.6","162.0","FORT PROVIDENCE, NT CA",,,,,,,"  254",",,C","  128",",,C","  191",",,C",,,,
"CA002201799","2018-08-10","61.3167","-117.6","162.0","FORT PROVIDENCE, NT CA",,,,,,,"  195",",,C","   96",",,C","  146",",,C","   28",",,C","  500",",,C"
"CA002201799","2018-08-11","61.3167","-117.6","162.0","FORT PROVIDENCE, NT CA",,,,,,,"  190",",,C","   62",",,C","  126",",,C","   32",",,C","  340",",,C"
"CA002201799","2018-08-12","61.3167","-117.6","162.0","FORT PROVIDENCE, NT CA",,,,,,,"  238",",,C","   27",",,C","  133",",,C",,,,
"CA002201799","2018-08-13","61.3167","-117.6","162.0","FORT PROVIDENCE, NT CA",,,,,,,"  251",",,C","   66",",,C","  158",",,C","   25",",,C","  340",",,C"
"CA002201799","2018-08-14","61.3167","-117.6","162.0","FORT PROVIDENCE, NT CA",,,,,,,"  249",",,C","  111",",,C","  180",",,C","   30",",,C","  410",",,C"
"CA002201799","2018-08-15","61.3167","-117.6","162.0","FORT PROVIDENCE, NT CA",,,,,,,"  172",",,C","  100",",,C","  136",",,C","   32",",,C","  370",",,C"
"CA002201799","2018-08-16","61.3167","-117.6","162.0","FORT PROVIDENCE, NT CA",,,,,,,"  237",",,C","   86",",,C","  162",",,C",,,,
"CA002201799","2018-08-17","61.3167","-117.6","162.0","FORT PROVIDENCE, NT CA",,,,,,,"  231",",,C","   69",",,C","  150",",,C","   29",",,C","  370",",,C"
"CA002201799","2018-08-18","61.3167","-117.6","162.0","FORT PROVIDENCE, NT CA",,,,,,,"  212",",,C","   86",",,C","  149",",,C",,,,
"CA002201799","2018-08-19","61.3167","-117.6","162.0","FORT PROVIDENCE, NT CA",,,,,,,"  196",",,C","   57",",,C","  126",",,C",,,,
"CA002201799","2018-08-21","61.3167","-117.6","162.0","FORT PROVIDENCE, NT CA",,,,,,,"  227",",,C","   92",",,C","  160",",,C",,,,
"CA002201799","2018-08-22","61.3167","-117.6","162.0","FORT PROVIDENCE, NT CA",,,,,,,"  138",",,C","   67",",,C","  102",",,C","    3",",,C","  390",",,C"
"CA002201799","2018-08-23","61.3167","-117.6","162.0","FORT PROVIDENCE, NT CA",,,,,,,"  138",",,C","   62",",,C","  100",",,C",,,,
"CA002201799","2018-08-24","61.3167","-117.6","162.0","FORT PROVIDENCE, NT CA",,,,,,,"  168",",,C","   67",",,C","  117",",,C",,,,
"CA002201799","2018-08-25","61.3167","-117.6","162.0","FORT PROVIDENCE, NT CA",,,,,,,"  168",",,C","   66",",,C","  117",",,C",,,,
"CA002201799","2018-08-26","61.3167","-117.6","162.0","FORT PROVIDENCE, NT CA",,,,,,,"  173",",,C","   71",",,C","  122",",,C",,,,
"CA002201799","2018-08-27","61.3167","-117.6","162.0","FORT PROVIDENCE, NT CA",,,,,,,"  194",",,C","   87",",,C","  140",",,C","   20",",,C","  310",",,C"
"CA002201799","2018-08-28","61.3167","-117.6","162.0","FORT PROVIDENCE, NT CA",,,,,,,"  210",",,C","   43",",,C","  127",",,C","    5",",,C","  320",",,C"
"CA002201799","2018-08-29","61.3167","-117.6","162.0","FORT PROVIDENCE, NT CA",,,,,,,"  170",",,C","   41",",,C","  106",",,C",,,,
"CA002201799","2018-08-30","61.3167","-117.6","162.0","FORT PROVIDENCE, NT CA",,,,,,,"  148",",,C","   63",",,C","  106",",,C",,,,
"CA002201799","2018-08-31","61.3167","-117.6","162.0","FORT PROVIDENCE, NT CA",,,,,,,"  144",",,C","   57",",,C","  101",",,C",,,,
"CA002201799","2018-09-01","61.3167","-117.6","162.0","FORT PROVIDENCE, NT CA",,,,,,,"  120",",,C","   18",",,C","   69",",,C","   31",",,C","  370",",,C"
"CA002201799","2018-09-02","61.3167","-117.6","162.0","FORT PROVIDENCE, NT CA",,,,,,,"  181",",,C","  -25",",,C","   78",",,C","   35",",,C","  370",",,C"
"CA002201799","2018-09-03","61.3167","-117.6","162.0","FORT PROVIDENCE, NT CA",,,,,,,"   91",",,C","   -6",",,C","   43",",,C","   32",",,C","  340",",,C"
"CA002201799","2018-09-04","61.3167","-117.6","162.0","FORT PROVIDENCE, NT CA",,,,,,,"  135",",,C","   -8",",,C","   64",",,C","   33",",,C","  370",",,C"
"CA002201799","2018-09-05","61.3167","-117.6","162.0","FORT PROVIDENCE, NT CA",,,,,,,"  102",",,C","  -16",",,C","   43",",,C","   31",",,C","  380",",,C"
"CA002201799","2018-09-06","61.3167","-117.6","162.0","FORT PROVIDENCE, NT CA",,,,,,,"  145",",,C","  -32",",,C","   57",",,C",,,,
"CA002201799","2018-09-07","61.3167","-117.6","162.0","FORT PROVIDENCE, NT CA",,,,,,,"  117",",,C","   42",",,C","   79",",,C",,,,
"CA002201799","2018-09-08","61.3167","-117.6","162.0","FORT PROVIDENCE, NT CA",,,,,,,"   97",",,C","   14",",,C","   55",",,C","   33",",,C","  320",",,C"
"CA002201799","2018-09-09","61.3167","-117.6","162.0","FORT PROVIDENCE, NT CA",,,,,,,"  128",",,C","  -30",",,C","   49",",,C",,,,
"CA002201799","2018-09-10","61.3167","-117.6","162.0","FORT PROVIDENCE, NT CA",,,,,,,"  107",",,C","   -8",",,C","   49",",,C",,,,
"CA002201799","2018-09-11","61.3167","-117.6","162.0","FORT PROVIDENCE, NT CA",,,,,,,"   54",",,C","   -6",",,C","   24",",,C","   35",",,C","  340",",,C"
"CA002201799","2018-09-12","61.3167","-117.6","162.0","FORT PROVIDENCE, NT CA",,,,,,,"   67",",,C","  -25",",,C","   21",",,C",,,,
"CA002201799","2018-09-13","61.3167","-117.6","162.0","FORT PROVIDENCE, NT CA",,,,,,,"   94",",,C","  -45",",,C","   25",",,C",,,,
"CA002201799","2018-09-14","61.3167","-117.6","162.0","FORT PROVIDENCE, NT CA",,,,,,,"   37",",,C","  -25",",,C","    6",",,C",,,,
"CA002201799","2018-09-15","61.3167","-117.6","162.0","FORT PROVIDENCE, NT CA",,,,,,,"   74",",,C","  -46",",,C","   14",",,C",,,,
"CA002201799","2018-09-16","61.3167","-117.6","162.0","FORT PROVIDENCE, NT CA",,,,,,,"  104",",,C","  -65",",,C","   19",",,C",,,,
"CA002201799","2018-09-17","61.3167","-117.6","162.0","FORT PROVIDENCE, NT CA",,,,,,,"  128",",,C","  -36",",,C","   46",",,C","   28",",,C","  310",",,C"
"CA002201799","2018-09-18","61.3167","-117.6","162.0","FORT PROVIDENCE, NT CA",,,,,,,"   57",",,C","  -49",",,C","    4",",,C",,,,
"CA002201799","2018-09-19","61.3167","-117.6","162.0","FORT PROVIDENCE, NT CA",,,,,,,"   54",",,C","  -62",",,C","   -4",",,C","   32",",,C","  370",",,C"
"CA002201799","2018-09-20","61.3167","-117.6","162.0","FORT PROVIDENCE, NT CA",,,,,,,"   45",",,C","  -62",",,C","   -9",",,C",,,,
"CA002201799","2018-09-21","61.3167","-117.6","162.0","FORT PROVIDENCE, NT CA",,,,,,,"   90",",,C","  -88",",,C","    1",",,C",,,,
"CA002201799","2018-09-22","61.3167","-117.6","162.0","FORT PROVIDENCE, NT CA",,,,,,,"  130",",,C","  -35",",,C","   47",",,C","   19",",,C","  410",",,C"
"CA002201799","2018-09-23","61.3167","-117.6","162.0","FORT PROVIDENCE, NT CA",,,,,,,"  107",",,C","   -7",",,C","   50",",,C",,,,
"CA002201799","2018-09-24","61.3167","-117.6","162.0","FORT PROVIDENCE, NT CA",,,,,,,"  137",",,C","   -8",",,C","   65",",,C",,,,
"CA002201799","2018-09-25","61.3167","-117.6","162.0","FORT PROVIDENCE, NT CA",,,,,,,"   94",",,C","  -29",",,C","   33",",,C",,,,
"CA002201799","2018-09-26","61.3167","-117.6","162.0","FORT PROVIDENCE, NT CA",,,,,,,"   66",",,C","  -29",",,C","   19",",,C","   31",",,C","  350",",,C"
"CA002201799","2018-09-27","61.3167","-117.6","162.0","FORT PROVIDENCE, NT CA",,,,,,,"   66",",,C","  -40",",,C","   13",",,C","   28",",,C","  380",",,C"
"CA002201799","2018-09-28","61.3167","-117.6","162.0","FORT PROVIDENCE, NT CA",,,,,,,"   53",",,C","    9",",,C","   31",",,C","   32",",,C","  440",",,C"
"CA002201799","2018-09-29","61.3167","-117.6","162.0","FORT PROVIDENCE, NT CA",,,,,,,"   41",",,C","  -39",",,C","    1",",,C","   32",",,C","  340",",,C"
"CA002201799","2018-09-30","61.3167","-117.6","162.0","FORT PROVIDENCE, NT CA",,,,,,,"   16",",,C","  -81",",,C","  -33",",,C",,,,
"CA002201799","2018-10-01","61.3167","-117.6","162.0","FORT PROVIDENCE, NT CA",,,,,,,"   25",",,C","  -27",",,C","   -1",",,C","   35",",,C","  330",",,C"
"CA002201799","2018-10-02","61.3167","-117.6","162.0","FORT PROVIDENCE, NT CA",,,,,,,"   19",",,C","  -20",",,C","    0",",,C","   27",",,C","  390",",,C"
"CA002201799","2018-10-03","61.3167","-117.6","162.0","FORT PROVIDENCE, NT CA",,,,,,,"   -3",",,C","  -44",",,C","  -24",",,C",,,,
"CA002201799","2018-10-04","61.3167","-117.6","162.0","FORT PROVIDENCE, NT CA",,,,,,,"   -5",",,C","  -47",",,C","  -26",",,C",,,,
"CA002201799","2018-10-05","61.3167","-117.6","162.0","FORT PROVIDENCE, NT CA",,,,,,,"   -7",",,C","  -51",",,C","  -29",",,C",,,,
"CA002201799","2018-10-06","61.3167","-117.6","162.0","FORT PROVIDENCE, NT CA",,,,,,,"   14",",,C","  -88",",,C","  -37",",,C",,,,
"CA002201799","2018-10-07","61.3167","-117.6","162.0","FORT PROVIDENCE, NT CA",,,,,,,"   26",",,C","  -87",",,C","  -30",",,C",,,,
"CA002201799","2018-10-08","61.3167","-117.6","162.0","FORT PROVIDENCE, NT CA",,,,,,,"   29",",,C"," -147",",,C","  -59",",,C",,,,
"CA002201799","2018-10-09","61.3167","-117.6","162.0","FORT PROVIDENCE, NT CA",,,,,,,"   61",",,C"," -142",",,C","  -41",",,C",,,,
"CA002201799","2018-10-10","61.3167","-117.6","162.0","FORT PROVIDENCE, NT CA",,,,,,,"   41",",,C","  -58",",,C","   -8",",,C",,,,
"CA002201799","2018-10-11","61.3167","-117.6","162.0","FORT PROVIDENCE, NT CA",,,,,,,"    5",",,C","  -89",",,C","  -42",",,C",,,,
"CA002201799","2018-10-12","61.3167","-117.6","162.0","FORT PROVIDENCE, NT CA",,,,,,,"  -10",",,C","  -57",",,C","  -33",",,C",,,,
"CA002201799","2018-10-13","61.3167","-117.6","162.0","FORT PROVIDENCE, NT CA",,,,,,,"   81",",,C","  -73",",,C","    4",",,C",,,,
"CA002201799","2018-10-14","61.3167","-117.6","162.0","FORT PROVIDENCE, NT CA",,,,,,,"   78",",,C","  -23",",,C","   27",",,C",,,,
"CA002201799","2018-10-15","61.3167","-117.6","162.0","FORT PROVIDENCE, NT CA",,,,,,,"   69",",,C","  -41",",,C","   14",",,C",,,,
"CA002201799","2018-10-16","61.3167","-117.6","162.0","FORT PROVIDENCE, NT CA",,,,,,,"   40",",,C","  -51",",,C","   -5",",,C",,,,
"CA002201799","2018-10-17","61.3167","-117.6","162.0","FORT PROVIDENCE, NT CA",,,,,,,"   75",",,C","  -43",",,C","   16",",,C",,,,
"CA002201799","2018-10-18","61.3167","-117.6","162.0","FORT PROVIDENCE, NT CA",,,,,,,"   77",",,C","  -30",",,C","   24",",,C",,,,
"CA002201799","2018-10-19","61.3167","-117.6","162.0","FORT PROVIDENCE, NT CA",,,,,,,"    8",",,C","  -97",",,C","  -44",",,C","   13",",,C","  320",",,C"
"CA002201799","2018-10-20","61.3167","-117.6","162.0","FORT PROVIDENCE, NT CA",,,,,,,"  121",",,C","  -30",",,C","   45",",,C","   27",",,C","  360",",,C"
"CA002201799","2018-10-21","61.3167","-117.6","162.0","FORT PROVIDENCE, NT CA",,,,,,,"   45",",,C","  -14",",,C","   15",",,C","   31",",,C","  390",",,C"
"CA002201799","2018-10-22","61.3167","-117.6","162.0","FORT PROVIDENCE, NT CA",,,,,,,"   62",",,C","  -30",",,C","   16",",,C",,,,
"CA002201799","2018-10-23","61.3167","-117.6","162.0","FORT PROVIDENCE, NT CA",,,,,,,"   83",",,C","  -50",",,C","   16",",,C",,,,
"CA002201799","2018-10-24","61.3167","-117.6","162.0","FORT PROVIDENCE, NT CA",,,,,,,"   75",",,C","  -47",",,C","   14",",,C",,,,
"CA002201799","2018-10-25","61.3167","-117.6","162.0","FORT PROVIDENCE, NT CA",,,,,,,"   50",",,C","  -45",",,C","    3",",,C",,,,
"CA002201799","2018-10-26","61.3167","-117.6","162.0","FORT PROVIDENCE, NT CA",,,,,,,"   78",",,C","  -49",",,C","   15",",,C",,,,
"CA002201799","2018-10-27","61.3167","-117.6","162.0","FORT PROVIDENCE, NT CA",,,,,,,"   29",",,C","  -76",",,C","  -24",",,C",,,,
"CA002201799","2018-10-28","61.3167","-117.6","162.0","FORT PROVIDENCE, NT CA",,,,,,,"    4",",,C","  -37",",,C","  -17",",,C",,,,
"CA002201799","2018-10-29","61.3167","-117.6","162.0","FORT PROVIDENCE, NT CA",,,,,,,"    0",",,C","  -17",",,C","   -8",",,C",,,,
"CA002201799","2018-10-30","61.3167","-117.6","162.0","FORT PROVIDENCE, NT CA",,,,,,,"  -14",",,C","  -27",",,C","  -21",",,C",,,,
"CA002201799","2018-10-31","61.3167","-117.6","162.0","FORT PROVIDENCE, NT CA",,,,,,,"  -10",",,C","  -31",",,C","  -20",",,C",,,,
"CA002201799","2018-11-01","61.3167","-117.6","162.0","FORT PROVIDENCE, NT CA",,,,,,,"  -23",",,C","  -61",",,C","  -42",",,C",,,,
"CA002201799","2018-11-02","61.3167","-117.6","162.0","FORT PROVIDENCE, NT CA",,,,,,,"  -30",",,C","  -67",",,C","  -49",",,C",,,,
"CA002201799","2018-11-03","61.3167","-117.6","162.0","FORT PROVIDENCE, NT CA",,,,,,,"  -66",",,C"," -154",",,C"," -110",",,C",,,,
"CA002201799","2018-11-04","61.3167","-117.6","162.0","FORT PROVIDENCE, NT CA",,,,,,," -111",",,C"," -187",",,C"," -149",",,C",,,,
"CA002201799","2018-11-05","61.3167","-117.6","162.0","FORT PROVIDENCE, NT CA",,,,,,," -117",",,C"," -145",",,C"," -131",",,C",,,,
"CA002201799","2018-11-06","61.3167","-117.6","162.0","FORT PROVIDENCE, NT CA",,,,,,," -117",",,C"," -133",",,C"," -125",",,C",,,,
"CA002201799","2018-11-07","61.3167","-117.6","162.0","FORT PROVIDENCE, NT CA",,,,,,," -128",",,C"," -158",",,C"," -143",",,C",,,,
"CA002201799","2018-11-08","61.3167","-117.6","162.0","FORT PROVIDENCE, NT CA",,,,,,," -117",",,C"," -195",",,C"," -156",",,C",,,,
"CA002201799","2018-11-09","61.3167","-117.6","162.0","FORT PROVIDENCE, NT CA",,,,,,,"  -91",",,C"," -186",",,C"," -139",",,C",,,,
"CA002201799","2018-11-10","61.3167","-117.6","162.0","FORT PROVIDENCE, NT CA",,,,,,,"  -83",",,C"," -130",",,C"," -106",",,C",,,,
"CA002201799","2018-11-11","61.3167","-117.6","162.0","FORT PROVIDENCE, NT CA",,,,,,,"  -94",",,C"," -134",",,C"," -114",",,C",,,,
"CA002201799","2018-11-12","61.3167","-117.6","162.0","FORT PROVIDENCE, NT CA",,,,,,,"  -56",",,C"," -115",",,C","  -85",",,C",,,,
"CA002201799","2018-11-13","61.3167","-117.6","162.0","FORT PROVIDENCE, NT CA",,,,,,,"  -52",",,C","  -67",",,C","  -59",",,C",,,,
"CA002201799","2018-11-14","61.3167","-117.6","162.0","FORT PROVIDENCE, NT CA",,,,,,,"  -57",",,C"," -130",",,C","  -94",",,C",,,,
"CA002201799","2018-11-15","61.3167","-117.6","162.0","FORT PROVIDENCE, NT CA",,,,,,," -125",",,C"," -214",",,C"," -170",",,C",,,,
"CA002201799","2018-11-16","61.3167","-117.6","162.0","FORT PROVIDENCE, NT CA",,,,,,," -139",",,C"," -234",",,C"," -186",",,C",,,,
"CA002201799","2018-11-17","61.3167","-117.6","162.0","FORT PROVIDENCE, NT CA",,,,,,," -123",",,C"," -272",",,C"," -197",",,C",,,,
"CA002201799","2018-11-18","61.3167","-117.6","162.0","FORT PROVIDENCE, NT CA",,,,,,," -123",",,C"," -170",",,C"," -146",",,C",,,,
"CA002201799","2018-11-19","61.3167","-117.6","162.0","FORT PROVIDENCE, NT CA",,,,,,,"  -83",",,C"," -150",",,C"," -116",",,C",,,,
"CA002201799","2018-11-20","61.3167","-117.6","162.0","FORT PROVIDENCE, NT CA",,,,,,,"  -89",",,C"," -110",",,C","  -99",",,C",,,,
"CA002201799","2018-11-21","61.3167","-117.6","162.0","FORT PROVIDENCE, NT CA",,,,,,,"  -69",",,C"," -134",",,C"," -102",",,C",,,,
"CA002201799","2018-11-22","61.3167","-117.6","162.0","FORT PROVIDENCE, NT CA",,,,,,,"  -82",",,C"," -132",",,C"," -107",",,C",,,,
"CA002201799","2018-11-23","61.3167","-117.6","162.0","FORT PROVIDENCE, NT CA",,,,,,," -131",",,C"," -196",",,C"," -163",",,C",,,,
"CA002201799","2018-11-24","61.3167","-117.6","162.0","FORT PROVIDENCE, NT CA",,,,,,," -161",",,C"," -237",",,C"," -199",",,C",,,,
"CA002201799","2018-11-25","61.3167","-117.6","162.0","FORT PROVIDENCE, NT CA",,,,,,," -124",",,C"," -230",",,C"," -177",",,C",,,,
"CA002201799","2018-11-26","61.3167","-117.6","162.0","FORT PROVIDENCE, NT CA",,,,,,,"  -37",",,C"," -190",",,C"," -114",",,C",,,,
"CA002201799","2018-11-27","61.3167","-117.6","162.0","FORT PROVIDENCE, NT CA",,,,,,,"  -13",",,C","  -43",",,C","  -28",",,C",,,,
"CA002201799","2018-11-28","61.3167","-117.6","162.0","FORT PROVIDENCE, NT CA",,,,,,,"  -23",",,C","  -43",",,C","  -33",",,C",,,,
"CA002201799","2018-11-29","61.3167","-117.6","162.0","FORT PROVIDENCE, NT CA",,,,,,,"  -43",",,C","  -86",",,C","  -64",",,C",,,,
"CA002201799","2018-11-30","61.3167","-117.6","162.0","FORT PROVIDENCE, NT CA",,,,,,,"  -86",",,C","  -98",",,C","  -92",",,C",,,,
"CA002201799","2018-12-01","61.3167","-117.6","162.0","FORT PROVIDENCE, NT CA",,,,,,,"  -97",",,C"," -127",",,C"," -112",",,C",,,,
"CA002201799","2018-12-02","61.3167","-117.6","162.0","FORT PROVIDENCE, NT CA",,,,,,," -108",",,C"," -202",",,C"," -155",",,C",,,,
"CA002201799","2018-12-03","61.3167","-117.6","162.0","FORT PROVIDENCE, NT CA",,,,,,,"  -90",",,C"," -184",",,C"," -137",",,C",,,,
"CA002201799","2018-12-04","61.3167","-117.6","162.0","FORT PROVIDENCE, NT CA",,,,,,,"  -77",",,C"," -142",",,C"," -110",",,C",,,,
"CA002201799","2018-12-05","61.3167","-117.6","162.0","FORT PROVIDENCE, NT CA",,,,,,,"  -98",",,C"," -220",",,C"," -159",",,C",,,,
"CA002201799","2018-12-06","61.3167","-117.6","162.0","FORT PROVIDENCE, NT CA",,,,,,," -176",",,C"," -229",",,C"," -203",",,C",,,,
"CA002201799","2018-12-07","61.3167","-117.6","162.0","FORT PROVIDENCE, NT CA",,,,,,," -190",",,C"," -244",",,C"," -217",",,C",,,,
"CA002201799","2018-12-08","61.3167","-117.6","162.0","FORT PROVIDENCE, NT CA",,,,,,,"   12",",,C"," -205",",,C","  -97",",,C",,,,
"CA002201799","2018-12-09","61.3167","-117.6","162.0","FORT PROVIDENCE, NT CA",,,,,,,"    7",",,C","  -76",",,C","  -34",",,C",,,,
"CA002201799","2018-12-10","61.3167","-117.6","162.0","FORT PROVIDENCE, NT CA",,,,,,,"   35",",,C","  -89",",,C","  -27",",,C",,,,
"CA002201799","2018-12-11","61.3167","-117.6","162.0","FORT PROVIDENCE, NT CA",,,,,,,"  -12",",,C","  -90",",,C","  -51",",,C",,,,
"CA002201799","2018-12-12","61.3167","-117.6","162.0","FORT PROVIDENCE, NT CA",,,,,,,"  -68",",,C"," -169",",,C"," -119",",,C","   28",",,C","  330",",,C"
"CA002201799","2018-12-13","61.3167","-117.6","162.0","FORT PROVIDENCE, NT CA",,,,,,," -161",",,C"," -230",",,C"," -196",",,C",,,,
"CA002201799","2018-12-14","61.3167","-117.6","162.0","FORT PROVIDENCE, NT CA",,,,,,," -156",",,C"," -205",",,C"," -181",",,C",,,,
"CA002201799","2018-12-15","61.3167","-117.6","162.0","FORT PROVIDENCE, NT CA",,,,,,," -170",",,C"," -295",",,C"," -232",",,C",,,,
"CA002201799","2018-12-16","61.3167","-117.6","162.0","FORT PROVIDENCE, NT CA",,,,,,," -126",",,C"," -301",",,C"," -214",",,C",,,,
"CA002201799","2018-12-17","61.3167","-117.6","162.0","FORT PROVIDENCE, NT CA",,,,,,," -114",",,C"," -204",",,C"," -159",",,C",,,,
"CA002201799","2018-12-18","61.3167","-117.6","162.0","FORT PROVIDENCE, NT CA",,,,,,," -162",",,C"," -220",",,C"," -191",",,C",,,,
"CA002201799","2018-12-19","61.3167","-117.6","162.0","FORT PROVIDENCE, NT CA",,,,,,," -139",",,C"," -163",",,C"," -151",",,C",,,,
"CA002201799","2018-12-20","61.3167","-117.6","162.0","FORT PROVIDENCE, NT CA",,,,,,," -127",",,C"," -145",",,C"," -136",",,C",,,,
"CA002201799","2018-12-21","61.3167","-117.6","162.0","FORT PROVIDENCE, NT CA",,,,,,," -133",",,C"," -162",",,C"," -147",",,C",,,,
"CA002201799","2018-12-22","61.3167","-117.6","162.0","FORT PROVIDENCE, NT CA",,,,,,," -162",",,C"," -254",",,C"," -208",",,C",,,,
"CA002201799","2018-12-23","61.3167","-117.6","162.0","FORT PROVIDENCE, NT CA",,,,,,," -254",",,C"," -311",",,C"," -282",",,C",,,,
"CA002201799","2018-12-24","61.3167","-117.6","162.0","FORT PROVIDENCE, NT CA",,,,,,," -192",",,C"," -315",",,C"," -254",",,C",,,,
"CA002201799","2018-12-25","61.3167","-117.6","162.0","FORT PROVIDENCE, NT CA",,,,,,," -190",",,C"," -238",",,C"," -214",",,C",,,,
"CA002201799","2018-12-26","61.3167","-117.6","162.0","FORT PROVIDENCE, NT CA",,,,,,," -208",",,C"," -221",",,C"," -215",",,C",,,,
"CA002201799","2018-12-27","61.3167","-117.6","162.0","FORT PROVIDENCE, NT CA",,,,,,," -218",",,C"," -308",",,C"," -263",",,C",,,,
"CA002201799","2018-12-28","61.3167","-117.6","162.0","FORT PROVIDENCE, NT CA",,,,,,," -201",",,C"," -320",",,C"," -261",",,C",,,,
"CA002201799","2018-12-29","61.3167","-117.6","162.0","FORT PROVIDENCE, NT CA",,,,,,," -192",",,C"," -204",",,C"," -198",",,C",,,,
"CA002201799","2018-12-30","61.3167","-117.6","162.0","FORT PROVIDENCE, NT CA",,,,,,," -197",",,C"," -317",",,C"," -257",",,C",,,,
"CA002201799","2018-12-31","61.3167","-117.6","162.0","FORT PROVIDENCE, NT CA",,,,,,,"  -38",",,C"," -314",",,C"," -176",",,C",,,,
"CA002201799","2019-01-01","61.3167","-117.6","162.0","FORT PROVIDENCE, NT CA",,,,,,,"  -32",",,C"," -155",",,C","  -94",",,C",,,,
"CA002201799","2019-01-02","61.3167","-117.6","162.0","FORT PROVIDENCE, NT CA",,,,,,,"   -1",",,C"," -112",",,C","  -57",",,C","   26",",,C","  310",",,C"
"CA002201799","2019-01-03","61.3167","-117.6","162.0","FORT PROVIDENCE, NT CA",,,,,,,"  -35",",,C"," -128",",,C","  -81",",,C","   31",",,C","  330",",,C"
"CA002201799","2019-01-04","61.3167","-117.6","162.0","FORT PROVIDENCE, NT CA",,,,,,,"  -98",",,C"," -185",",,C"," -142",",,C",,,,
"CA002201799","2019-01-05","61.3167","-117.6","162.0","FORT PROVIDENCE, NT CA",,,,,,," -126",",,C"," -140",",,C"," -133",",,C",,,,
"CA002201799","2019-01-06","61.3167","-117.6","162.0","FORT PROVIDENCE, NT CA",,,,,,," -134",",,C"," -202",",,C"," -168",",,C","   35",",,C","  310",",,C"
"CA002201799","2019-01-07","61.3167","-117.6","162.0","FORT PROVIDENCE, NT CA",,,,,,," -202",",,C"," -241",",,C"," -221",",,C",,,,
"CA002201799","2019-01-08","61.3167","-117.6","162.0","FORT PROVIDENCE, NT CA",,,,,,," -215",",,C"," -288",",,C"," -251",",,C",,,,
"CA002201799","2019-01-09","61.3167","-117.6","162.0","FORT PROVIDENCE, NT CA",,,,,,," -247",",,C"," -376",",,C"," -312",",,C",,,,
"CA002201799","2019-01-10","61.3167","-117.6","162.0","FORT PROVIDENCE, NT CA",,,,,,," -198",",,C"," -315",",,C"," -256",",,C",,,,
"CA002201799","2019-01-11","61.3167","-117.6","162.0","FORT PROVIDENCE, NT CA",,,,,,," -147",",,C"," -256",",,C"," -202",",,C",,,,
"CA002201799","2019-01-12","61.3167","-117.6","162.0","FORT PROVIDENCE, NT CA",,,,,,," -178",",,C"," -245",",,C"," -211",",,C",,,,
"CA002201799","2019-01-13","61.3167","-117.6","162.0","FORT PROVIDENCE, NT CA",,,,,,," -243",",,C"," -327",",,C"," -285",",,C",,,,
"CA002201799","2019-01-14","61.3167","-117.6","162.0","FORT PROVIDENCE, NT CA",,,,,,," -224",",,C"," -321",",,C"," -273",",,C",,,,
"CA002201799","2019-01-15","61.3167","-117.6","162.0","FORT PROVIDENCE, NT CA",,,,,,," -233",",,C"," -323",",,C"," -278",",,C",,,,
"CA002201799","2019-01-16","61.3167","-117.6","162.0","FORT PROVIDENCE, NT CA",,,,,,," -232",",,C"," -370",",,C"," -301",",,C",,,,
"CA002201799","2019-01-17","61.3167","-117.6","162.0","FORT PROVIDENCE, NT CA",,,,,,," -271",",,C"," -376",",,C"," -324",",,C",,,,
"CA002201799","2019-01-18","61.3167","-117.6","162.0","FORT PROVIDENCE, NT CA",,,,,,," -255",",,C"," -316",",,C"," -285",",,C",,,,
"CA002201799","2019-01-19","61.3167","-117.6","162.0","FORT PROVIDENCE, NT CA",,,,,,," -180",",,C"," -255",",,C"," -217",",,C",,,,
"CA002201799","2019-01-20","61.3167","-117.6","162.0","FORT PROVIDENCE, NT CA",,,,,,," -174",",,C"," -195",",,C"," -184",",,C",,,,
"CA002201799","2019-01-21","61.3167","-117.6","162.0","FORT PROVIDENCE, NT CA",,,,,,," -185",",,C"," -305",",,C"," -245",",,C",,,,
"CA002201799","2019-01-22","61.3167","-117.6","162.0","FORT PROVIDENCE, NT CA",,,,,,," -241",",,C"," -330",",,C"," -285",",,C",,,,
"CA002201799","2019-01-23","61.3167","-117.6","162.0","FORT PROVIDENCE, NT CA",,,,,,," -247",",,C"," -350",",,C"," -298",",,C",,,,
"CA002201799","2019-01-24","61.3167","-117.6","162.0","FORT PROVIDENCE, NT CA",,,,,,," -261",",,C"," -338",",,C"," -299",",,C",,,,
"CA002201799","2019-01-25","61.3167","-117.6","162.0","FORT PROVIDENCE, NT CA",,,,,,," -171",",,C"," -284",",,C"," -227",",,C",,,,
"CA002201799","2019-01-26","61.3167","-117.6","162.0","FORT PROVIDENCE, NT CA",,,,,,," -136",",,C"," -204",",,C"," -170",",,C",,,,
"CA002201799","2019-01-27","61.3167","-117.6","162.0","FORT PROVIDENCE, NT CA",,,,,,,"  -71",",,C"," -271",",,C"," -171",",,C","    1",",,C","  360",",,C"
"CA002201799","2019-01-28","61.3167","-117.6","162.0","FORT PROVIDENCE, NT CA",,,,,,," -245",",,C"," -355",",,C"," -300",",,C",,,,
"CA002201799","2019-01-29","61.3167","-117.6","162.0","FORT PROVIDENCE, NT CA",,,,,,," -194",",,C"," -245",",,C"," -219",",,C",,,,
"CA002201799","2019-01-30","61.3167","-117.6","162.0","FORT PROVIDENCE, NT CA",,,,,,," -197",",,C"," -239",",,C"," -218",",,C",,,,
"CA002201799","2019-01-31","61.3167","-117.6","162.0","FORT PROVIDENCE, NT CA",,,,,,," -201",",,C"," -282",",,C"," -242",",,C","   28",",,C","  340",",,C"
"CA002201799","2019-02-01","61.3167","-117.6","162.0","FORT PROVIDENCE, NT CA",,,,,,," -264",",,C"," -370",",,C"," -317",",,C",,,,
"CA002201799","2019-02-02","61.3167","-117.6","162.0","FORT PROVIDENCE, NT CA",,,,,,," -311",",,C"," -364",",,C"," -338",",,C",,,,
"CA002201799","2019-02-03","61.3167","-117.6","162.0","FORT PROVIDENCE, NT CA",,,,,,," -254",",,C"," -407",",,C"," -331",",,C",,,,
"CA002201799","2019-02-04","61.3167","-117.6","162.0","FORT PROVIDENCE, NT CA",,,,,,," -259",",,C"," -399",",,C"," -329",",,C",,,,
"CA002201799","2019-02-05","61.3167","-117.6","162.0","FORT PROVIDENCE, NT CA",,,,,,," -291",",,C"," -406",",,C"," -349",",,C",,,,
"CA002201799","2019-02-06","61.3167","-117.6","162.0","FORT PROVIDENCE, NT CA",,,,,,," -289",",,C"," -424",",,C"," -356",",,C",,,,
"CA002201799","2019-02-07","61.3167","-117.6","162.0","FORT PROVIDENCE, NT CA",,,,,,," -298",",,C"," -400",",,C"," -349",",,C",,,,
"CA002201799","2019-02-08","61.3167","-117.6","162.0","FORT PROVIDENCE, NT CA",,,,,,," -267",",,C"," -394",",,C"," -331",",,C",,,,
"CA002201799","2019-02-09","61.3167","-117.6","162.0","FORT PROVIDENCE, NT CA",,,,,,," -127",",,C"," -348",",,C"," -238",",,C",,,,
"CA002201799","2019-02-10","61.3167","-117.6","162.0","FORT PROVIDENCE, NT CA",,,,,,,"  -77",",,C"," -165",",,C"," -121",",,C",,,,
"CA002201799","2019-02-11","61.3167","-117.6","162.0","FORT PROVIDENCE, NT CA",,,,,,," -105",",,C"," -170",",,C"," -137",",,C",,,,
"CA002201799","2019-02-12","61.3167","-117.6","162.0","FORT PROVIDENCE, NT CA",,,,,,," -152",",,C"," -217",",,C"," -184",",,C",,,,
"CA002201799","2019-02-13","61.3167","-117.6","162.0","FORT PROVIDENCE, NT CA",,,,,,," -158",",,C"," -283",",,C"," -221",",,C",,,,
"CA002201799","2019-02-14","61.3167","-117.6","162.0","FORT PROVIDENCE, NT CA",,,,,,," -121",",,C"," -254",",,C"," -187",",,C",,,,
"CA002201799","2019-02-15","61.3167","-117.6","162.0","FORT PROVIDENCE, NT CA",,,,,,," -149",",,C"," -203",",,C"," -176",",,C",,,,
"CA002201799","2019-02-16","61.3167","-117.6","162.0","FORT PROVIDENCE, NT CA",,,,,,," -203",",,C"," -276",",,C"," -239",",,C",,,,
"CA002201799","2019-02-17","61.3167","-117.6","162.0","FORT PROVIDENCE, NT CA",,,,,,," -203",",,C"," -338",",,C"," -271",",,C",,,,
"CA002201799","2019-02-18","61.3167","-117.6","162.0","FORT PROVIDENCE, NT CA",,,,,,," -157",",,C"," -295",",,C"," -226",",,C",,,,
"CA002201799","2019-02-19","61.3167","-117.6","162.0","FORT PROVIDENCE, NT CA",,,,,,," -179",",,C"," -279",",,C"," -229",",,C",,,,
"CA002201799","2019-02-20","61.3167","-117.6","162.0","FORT PROVIDENCE, NT CA",,,,,,," -110",",,C"," -288",",,C"," -199",",,C",,,,
"CA002201799","2019-02-21","61.3167","-117.6","162.0","FORT PROVIDENCE, NT CA",,,,,,," -120",",,C"," -205",",,C"," -163",",,C",,,,
"CA002201799","2019-02-22","61.3167","-117.6","162.0","FORT PROVIDENCE, NT CA",,,,,,," -148",",,C"," -214",",,C"," -181",",,C","   32",",,C","  310",",,C"
"CA002201799","2019-02-23","61.3167","-117.6","162.0","FORT PROVIDENCE, NT CA",,,,,,," -190",",,C"," -320",",,C"," -255",",,C",,,,
"CA002201799","2019-02-24","61.3167","-117.6","162.0","FORT PROVIDENCE, NT CA",,,,,,," -162",",,C"," -335",",,C"," -248",",,C",,,,
"CA002201799","2019-02-25","61.3167","-117.6","162.0","FORT PROVIDENCE, NT CA",,,,,,,"  -80",",,C"," -287",",,C"," -184",",,C",,,,
"CA002201799","2019-02-26","61.3167","-117.6","162.0","FORT PROVIDENCE, NT CA",,,,,,,"  -43",",,C"," -201",",,C"," -122",",,C",,,,
"CA002201799","2019-02-27","61.3167","-117.6","162.0","FORT PROVIDENCE, NT CA",,,,,,,"  -51",",,C"," -161",",,C"," -106",",,C","   32",",,C","  340",",,C"
"CA002201799","2019-02-28","61.3167","-117.6","162.0","FORT PROVIDENCE, NT CA",,,,,,," -161",",,C"," -297",",,C"," -229",",,C",,,,
"CA002201799","2019-03-01","61.3167","-117.6","162.0","FORT PROVIDENCE, NT CA",,,,,,," -209",",,C"," -359",",,C"," -284",",,C",,,,
"CA002201799","2019-03-02","61.3167","-117.6","162.0","FORT PROVIDENCE, NT CA",,,,,,," -137",",,C"," -353",",,C"," -245",",,C",,,,
"CA002201799","2019-03-03","61.3167","-117.6","162.0","FORT PROVIDENCE, NT CA",,,,,,,"  -77",",,C"," -311",",,C"," -194",",,C",,,,
"CA002201799","2019-03-04","61.3167","-117.6","162.0","FORT PROVIDENCE, NT CA",,,,,,,"  -64",",,C"," -262",",,C"," -163",",,C",,,,
"CA002201799","2019-03-05","61.3167","-117.6","162.0","FORT PROVIDENCE, NT CA",,,,,,,"  -62",",,C"," -186",",,C"," -124",",,C",,,,
"CA002201799","2019-03-06","61.3167","-117.6","162.0","FORT PROVIDENCE, NT CA",,,,,,,"  -16",",,C"," -226",",,C"," -121",",,C",,,,
"CA002201799","2019-03-07","61.3167","-117.6","162.0","FORT PROVIDENCE, NT CA",,,,,,,"  -37",",,C"," -243",",,C"," -140",",,C",,,,
"CA002201799","2019-03-08","61.3167","-117.6","162.0","FORT PROVIDENCE, NT CA",,,,,,,"  -45",",,C"," -222",",,C"," -134",",,C",,,,
"CA002201799","2019-03-09","61.3167","-117.6","162.0","FORT PROVIDENCE, NT CA",,,,,,,"  -22",",,C"," -139",",,C","  -81",",,C",,,,
"CA002201799","2019-03-10","61.3167","-117.6","162.0","FORT PROVIDENCE, NT CA",,,,,,,"   30",",,C"," -192",",,C","  -81",",,C",,,,
"CA002201799","2019-03-11","61.3167","-117.6","162.0","FORT PROVIDENCE, NT CA",,,,,,,"   54",",,C","  -43",",,C","    6",",,C",,,,
"CA002201799","2019-03-12","61.3167","-117.6","162.0","FORT PROVIDENCE, NT CA",,,,,,,"  -19",",,C","  -86",",,C","  -52",",,C",,,,
"CA002201799","2019-03-13","61.3167","-117.6","162.0","FORT PROVIDENCE, NT CA",,,,,,,"  -42",",,C"," -180",",,C"," -111",",,C",,,,
"CA002201799","2019-03-14","61.3167","-117.6","162.0","FORT PROVIDENCE, NT CA",,,,,,,"   38",",,C"," -156",",,C","  -59",",,C",,,,
"CA002201799","2019-03-15","61.3167","-117.6","162.0","FORT PROVIDENCE, NT CA",,,,,,,"   49",",,C","  -62",",,C","   -6",",,C","   30",",,C","  310",",,C"
"CA002201799","2019-03-16","61.3167","-117.6","162.0","FORT PROVIDENCE, NT CA",,,,,,,"   77",",,C"," -131",",,C","  -27",",,C",,,,
"CA002201799","2019-03-17","61.3167","-117.6","162.0","FORT PROVIDENCE, NT CA",,,,,,,"  101",",,C","  -21",",,C","   40",",,C","   30",",,C","  380",",,C"
"CA002201799","2019-03-18","61.3167","-117.6","162.0","FORT PROVIDENCE, NT CA",,,,,,,"  135",",,C","  -26",",,C","   55",",,C",,,,
"CA002201799","2019-03-19","61.3167","-117.6","162.0","FORT PROVIDENCE, NT CA",,,,,,,"  161",",,C","  -12",",,C","   74",",,C",,,,
"CA002201799","2019-03-20","61.3167","-117.6","162.0","FORT PROVIDENCE, NT CA",,,,,,,"  127",",,C","  -24",",,C","   52",",,C",,,,
"CA002201799","2019-03-21","61.3167","-117.6","162.0","FORT PROVIDENCE, NT CA",,,,,,,"  141",",,C","  -24",",,C","   59",",,C",,,,
"CA002201799","2019-03-22","61.3167","-117.6","162.0","FORT PROVIDENCE, NT CA",,,,,,,"   84",",,C","  -29",",,C","   28",",,C",,,,
"CA002201799","2019-03-23","61.3167","-117.6","162.0","FORT PROVIDENCE, NT CA",,,,,,,"  -11",",,C"," -102",",,C","  -57",",,C","    6",",,C","  310",",,C"
"CA002201799","2019-03-24","61.3167","-117.6","162.0","FORT PROVIDENCE, NT CA",,,,,,,"   82",",,C","  -95",",,C","   -7",",,C",,,,
"CA002201799","2019-03-25","61.3167","-117.6","162.0","FORT PROVIDENCE, NT CA",,,,,,,"   68",",,C","  -29",",,C","   19",",,C",,,,
"CA002201799","2019-03-26","61.3167","-117.6","162.0","FORT PROVIDENCE, NT CA",,,,,,,"   68",",,C","   -3",",,C","   33",",,C",,,,
"CA002201799","2019-03-27","61.3167","-117.6","162.0","FORT PROVIDENCE, NT CA",,,,,,,"   81",",,C","  -34",",,C","   24",",,C",,,,
"CA002201799","2019-03-28","61.3167","-117.6","162.0","FORT PROVIDENCE, NT CA",,,,,,,"   54",",,C","  -36",",,C","    9",",,C","   32",",,C","  320",",,C"
"CA002201799","2019-03-29","61.3167","-117.6","162.0","FORT PROVIDENCE, NT CA",,,,,,,"   29",",,C","  -55",",,C","  -13",",,C",,,,
"CA002201799","2019-03-30","61.3167","-117.6","162.0","FORT PROVIDENCE, NT CA",,,,,,,"   53",",,C","  -30",",,C","   12",",,C",,,,
"CA002201799","2019-03-31","61.3167","-117.6","162.0","FORT PROVIDENCE, NT CA",,,,,,,"   70",",,C","  -21",",,C","   24",",,C","   31",",,C","  530",",,C"
"CA002201799","2019-04-01","61.3167","-117.6","162.0","FORT PROVIDENCE, NT CA",,,,,,,"   36",",,C","  -36",",,C","    0",",,C","   32",",,C","  460",",,C"
"CA002201799","2019-04-02","61.3167","-117.6","162.0","FORT PROVIDENCE, NT CA",,,,,,,"  -36",",,C"," -131",",,C","  -83",",,C","    1",",,C","  320",",,C"
"CA002201799","2019-04-03","61.3167","-117.6","162.0","FORT PROVIDENCE, NT CA",,,,,,,"  -89",",,C"," -175",",,C"," -132",",,C","   32",",,C","  330",",,C"
"CA002201799","2019-04-04","61.3167","-117.6","162.0","FORT PROVIDENCE, NT CA",,,,,,,"  -74",",,C"," -196",",,C"," -135",",,C",,,,
"CA002201799","2019-04-05","61.3167","-117.6","162.0","FORT PROVIDENCE, NT CA",,,,,,,"  -22",",,C"," -207",",,C"," -115",",,C",,,,
"CA002201799","2019-04-06","61.3167","-117.6","162.0","FORT PROVIDENCE, NT CA",,,,,,,"  -30",",,C"," -104",",,C","  -67",",,C",,,,
"CA002201799","2019-04-07","61.3167","-117.6","162.0","FORT PROVIDENCE, NT CA",,,,,,,"   47",",,C","  -35",",,C","    6",",,C",,,,
"CA002201799","2019-04-08","61.3167","-117.6","162.0","FORT PROVIDENCE, NT CA",,,,,,,"  129",",,C","  -13",",,C","   58",",,C",,,,
"CA002201799","2019-04-09","61.3167","-117.6","162.0","FORT PROVIDENCE, NT CA",,,,,,,"  161",",,C","  -37",",,C","   62",",,C",,,,
"CA002201799","2019-04-10","61.3167","-117.6","162.0","FORT PROVIDENCE, NT CA",,,,,,,"  148",",,C","  -35",",,C","   57",",,C",,,,
"CA002201799","2019-04-11","61.3167","-117.6","162.0","FORT PROVIDENCE, NT CA",,,,,,,"  130",",,C","   -1",",,C","   64",",,C",,,,
"CA002201799","2019-04-12","61.3167","-117.6","162.0","FORT PROVIDENCE, NT CA",,,,,,,"  148",",,C","  -21",",,C","   63",",,C","   24",",,C","  340",",,C"
"CA002201799","2019-04-13","61.3167","-117.6","162.0","FORT PROVIDENCE, NT CA",,,,,,,"  135",",,C","   -1",",,C","   67",",,C",,,,
"CA002201799","2019-04-14","61.3167","-117.6","162.0","FORT PROVIDENCE, NT CA",,,,,,,"   37",",,C","  -28",",,C","    4",",,C",,,,
"CA002201799","2019-04-15","61.3167","-117.6","162.0","FORT PROVIDENCE, NT CA",,,,,,,"   10",",,C","  -43",",,C","  -17",",,C",,,,
"CA002201799","2019-04-16","61.3167","-117.6","162.0","FORT PROVIDENCE, NT CA",,,,,,,"   93",",,C","  -30",",,C","   32",",,C",,,,
"CA002201799","2019-04-17","61.3167","-117.6","162.0","FORT PROVIDENCE, NT CA",,,,,,,"  129",",,C","  -37",",,C","   46",",,C",,,,
"CA002201799","2019-04-18","61.3167","-117.6","162.0","FORT PROVIDENCE, NT CA",,,,,,,"  111",",,C","  -11",",,C","   50",",,C",,,,
"CA002201799","2019-04-19","61.3167","-117.6","162.0","FORT PROVIDENCE, NT CA",,,,,,,"  120",",,C","  -32",",,C","   44",",,C",,,,
"CA002201799","2019-04-20","61.3167","-117.6","162.0","FORT PROVIDENCE, NT CA",,,,,,,"   46",",,C","  -16",",,C","   15",",,C",,,,
"CA002201799","2019-04-21","61.3167","-117.6","162.0","FORT PROVIDENCE, NT CA",,,,,,,"  107",",,C","  -42",",,C","   33",",,C",,,,
"CA002201799","2019-04-22","61.3167","-117.6","162.0","FORT PROVIDENCE, NT CA",,,,,,,"  168",",,C","  -48",",,C","   60",",,C",,,,
"CA002201799","2019-04-23","61.3167","-117.6","162.0","FORT PROVIDENCE, NT CA",,,,,,,"  114",",,C","    2",",,C","   58",",,C","   28",",,C","  390",",,C"
"CA002201799","2019-04-24","61.3167","-117.6","162.0","FORT PROVIDENCE, NT CA",,,,,,,"  129",",,C","  -33",",,C","   48",",,C","   35",",,C","  330",",,C"
"CA002201799","2019-04-25","61.3167","-117.6","162.0","FORT PROVIDENCE, NT CA",,,,,,,"   34",",,C","  -26",",,C","    4",",,C","   31",",,C","  350",",,C"
"CA002201799","2019-04-26","61.3167","-117.6","162.0","FORT PROVIDENCE, NT CA",,,,,,,"   47",",,C","  -39",",,C","    4",",,C",,,,
"CA002201799","2019-04-27","61.3167","-117.6","162.0","FORT PROVIDENCE, NT CA",,,,,,,"   53",",,C","  -84",",,C","  -15",",,C","   32",",,C","  380",",,C"
"CA002201799","2019-04-28","61.3167","-117.6","162.0","FORT PROVIDENCE, NT CA",,,,,,,"   71",",,C","  -68",",,C","    2",",,C",,,,
"CA002201799","2019-04-29","61.3167","-117.6","162.0","FORT PROVIDENCE, NT CA",,,,,,,"   13",",,C","  -79",",,C","  -33",",,C","   33",",,C","  390",",,C"
"CA002201799","2019-04-30","61.3167","-117.6","162.0","FORT PROVIDENCE, NT CA",,,,,,,"  -18",",,C"," -127",",,C","  -73",",,C",,,,
"CA002201799","2019-05-01","61.3167","-117.6","162.0","FORT PROVIDENCE, NT CA",,,,,,,"    7",",,C","  -91",",,C","  -42",",,C",,,,
"CA002201799","2019-05-02","61.3167","-117.6","162.0","FORT PROVIDENCE, NT CA",,,,,,,"    5",",,C","  -71",",,C","  -33",",,C",,,,
"CA002201799","2019-05-03","61.3167","-117.6","162.0","FORT PROVIDENCE, NT CA",,,,,,,"  -20",",,C","  -93",",,C","  -57",",,C",,,,
"CA002201799","2019-05-04","61.3167","-117.6","162.0","FORT PROVIDENCE, NT CA",,,,,,,"   27",",,C","  -71",",,C","  -22",",,C",,,,
"CA002201799","2019-05-05","61.3167","-117.6","162.0","FORT PROVIDENCE, NT CA",,,,,,,"   82",",,C","  -81",",,C","    0",",,C",,,,
"CA002201799","2019-05-06","61.3167","-117.6","162.0","FORT PROVIDENCE, NT CA",,,,,,,"  105",",,C","  -40",",,C","   32",",,C","   14",",,C","  310",",,C"
"CA002201799","2019-05-07","61.3167","-117.6","162.0","FORT PROVIDENCE, NT CA",,,,,,,"  156",",,C","  -14",",,C","   71",",,C",,,,
"CA002201799","2019-05-08","61.3167","-117.6","162.0","FORT PROVIDENCE, NT CA",,,,,,,"  194",",,C","  -18",",,C","   88",",,C",,,,
"CA002201799","2019-05-09","61.3167","-117.6","162.0","FORT PROVIDENCE, NT CA",,,,,,,"  214",",,C","   32",",,C","  123",",,C","   31",",,C","  510",",,C"
"CA002201799","2019-05-10","61.3167","-117.6","162.0","FORT PROVIDENCE, NT CA",,,,,,,"  139",",,C","   49",",,C","   94",",,C","   35",",,C","  420",",,C"
"CA002201799","2019-05-11","61.3167","-117.6","162.0","FORT PROVIDENCE, NT CA",,,,,,,"  137",",,C","   15",",,C","   76",",,C","   12",",,C","  340",",,C"
"CA002201799","2019-05-12","61.3167","-117.6","162.0","FORT PROVIDENCE, NT CA",,,,,,,"   71",",,C","    9",",,C","   40",",,C",,,,
"CA002201799","2019-05-13","61.3167","-117.6","162.0","FORT PROVIDENCE, NT CA",,,,,,,"   88",",,C","  -11",",,C","   38",",,C",,,,
"CA002201799","2019-05-14","61.3167","-117.6","162.0","FORT PROVIDENCE, NT CA",,,,,,,"  120",",,C","  -44",",,C","   38",",,C",,,,
"CA002201799","2019-05-15","61.3167","-117.6","162.0","FORT PROVIDENCE, NT CA",,,,,,,"   63",",,C","  -54",",,C","    4",",,C",,,,
"CA002201799","2019-05-16","61.3167","-117.6","162.0","FORT PROVIDENCE, NT CA",,,,,,,"  129",",,C","  -51",",,C","   39",",,C","   11",",,C","  310",",,C"
"CA002201799","2019-05-17","61.3167","-117.6","162.0","FORT PROVIDENCE, NT CA",,,,,,,"  202",",,C","    0",",,C","  101",",,C","    9",",,C","  310",",,C"
"CA002201799","2019-05-18","61.3167","-117.6","162.0","FORT PROVIDENCE, NT CA",,,,,,,"  222",",,C","   61",",,C","  142",",,C",,,,
"CA002201799","2019-05-19","61.3167","-117.6","162.0","FORT PROVIDENCE, NT CA",,,,,,,"  245",",,C","   43",",,C","  144",",,C","   15",",,C","  340",",,C"
"CA002201799","2019-05-20","61.3167","-117.6","162.0","FORT PROVIDENCE, NT CA",,,,,,,"  243",",,C","   16",",,C","  129",",,C",,,,
"CA002201799","2019-05-21","61.3167","-117.6","162.0","FORT PROVIDENCE, NT CA",,,,,,,"  168",",,C","   43",",,C","  106",",,C",,,,
"CA002201799","2019-05-22","61.3167","-117.6","162.0","FORT PROVIDENCE, NT CA",,,,,,,"  141",",,C","    9",",,C","   75",",,C",,,,
"CA002201799","2019-05-23","61.3167","-117.6","162.0","FORT PROVIDENCE, NT CA",,,,,,,"   83",",,C","  -19",",,C","   32",",,C",,,,
"CA002201799","2019-05-24","61.3167","-117.6","162.0","FORT PROVIDENCE, NT CA",,,,,,,"  116",",,C","  -38",",,C","   39",",,C",,,,
"CA002201799","2019-05-25","61.3167","-117.6","162.0","FORT PROVIDENCE, NT CA",,,,,,,"  160",",,C","  -53",",,C","   53",",,C",,,,
"CA002201799","2019-05-26","61.3167","-117.6","162.0","FORT PROVIDENCE, NT CA",,,,,,,"  257",",,C","   10",",,C","  133",",,C",,,,
"CA002201799","2019-05-27","61.3167","-117.6","162.0","FORT PROVIDENCE, NT CA",,,,,,,"  209",",,C","   34",",,C","  122",",,C","   12",",,C","  340",",,C"
"CA002201799","2019-05-28","61.3167","-117.6","162.0","FORT PROVIDENCE, NT CA",,,,,,,"  243",",,C","   26",",,C","  134",",,C",,,,
"CA002201799","2019-05-29","61.3167","-117.6","162.0","FORT PROVIDENCE, NT CA",,,,,,,"  156",",,C","   40",",,C","   98",",,C","    5",",,C","  330",",,C"
"CA002201799","2019-05-30","61.3167","-117.6","162.0","FORT PROVIDENCE, NT CA",,,,,,,"  132",",,C","   15",",,C","   73",",,C",,,,
"CA002201799","2019-05-31","61.3167","-117.6","162.0","FORT PROVIDENCE, NT CA",,,,,,,"  144",",,C","   -9",",,C","   67",",,C",,,,
"CA002201799","2019-06-01","61.3167","-117.6","162.0","FORT PROVIDENCE, NT CA",,,,,,,"  115",",,C","   75",",,C","   95",",,C",,,,
"CA002201799","2019-06-02","61.3167","-117.6","162.0","FORT PROVIDENCE, NT CA",,,,,,,"   76",",,C","   55",",,C","   66",",,C",,,,
"CA002201799","2019-06-03","61.3167","-117.6","162.0","FORT PROVIDENCE, NT CA",,,,,,,"   93",",,C","   28",",,C","   60",",,C",,,,
"CA002201799","2019-06-04","61.3167","-117.6","162.0","FORT PROVIDENCE, NT CA",,,,,,,"  106",",,C","   30",",,C","   68",",,C",,,,
"CA002201799","2019-06-05","61.3167","-117.6","162.0","FORT PROVIDENCE, NT CA",,,,,,,"  123",",,C","   46",",,C","   85",",,C",,,,
"CA002201799","2019-06-06","61.3167","-117.6","162.0","FORT PROVIDENCE, NT CA",,,,,,,"  110",",,C","   51",",,C","   81",",,C","   35",",,C","  320",",,C"
"CA002201799","2019-06-07","61.3167","-117.6","162.0","FORT PROVIDENCE, NT CA",,,,,,,"  114",",,C","   34",",,C","   74",",,C",,,,
"CA002201799","2019-06-08","61.3167","-117.6","162.0","FORT PROVIDENCE, NT CA",,,,,,,"  145",",,C","  -13",",,C","   66",",,C",,,,
"CA002201799","2019-06-09","61.3167","-117.6","162.0","FORT PROVIDENCE, NT CA",,,,,,,"  176",",,C","  -19",",,C","   78",",,C","   31",",,C","  380",",,C"
"CA002201799","2019-06-10","61.3167","-117.6","162.0","FORT PROVIDENCE, NT CA",,,,,,,"  204",",,C","  -17",",,C","   93",",,C",,,,
"CA002201799","2019-06-11","61.3167","-117.6","162.0","FORT PROVIDENCE, NT CA",,,,,,,"  259",",,C","  109",",,C","  184",",,C",,,,
"CA002201799","2019-06-12","61.3167","-117.6","162.0","FORT PROVIDENCE, NT CA",,,,,,,"  266",",,C","   83",",,C","  174",",,C","   24",",,C","  330",",,C"
"CA002201799","2019-06-13","61.3167","-117.6","162.0","FORT PROVIDENCE, NT CA",,,,,,,"  265",",,C","   90",",,C","  177",",,C","   34",",,C","  370",",,C"
"CA002201799","2019-06-14","61.3167","-117.6","162.0","FORT PROVIDENCE, NT CA",,,,,,,"  243",",,C","  111",",,C","  177",",,C",,,,
"CA002201799","2019-06-15","61.3167","-117.6","162.0","FORT PROVIDENCE, NT CA",,,,,,,"  283",",,C","   43",",,C","  163",",,C",,,,
"CA002201799","2019-06-16","61.3167","-117.6","162.0","FORT PROVIDENCE, NT CA",,,,,,,"  311",",,C","  123",",,C","  217",",,C",,,,
"CA002201799","2019-06-17","61.3167","-117.6","162.0","FORT PROVIDENCE, NT CA",,,,,,,"  307",",,C","  165",",,C","  236",",,C",,,,
"CA002201799","2019-06-18","61.3167","-117.6","162.0","FORT PROVIDENCE, NT CA",,,,,,,"  242",",,C","  138",",,C","  190",",,C","   25",",,C","  420",",,C"
"CA002201799","2019-06-19","61.3167","-117.6","162.0","FORT PROVIDENCE, NT CA",,,,,,,"  182",",,C","  109",",,C","  145",",,C",,,,
"CA002201799","2019-06-20","61.3167","-117.6","162.0","FORT PROVIDENCE, NT CA",,,,,,,"  141",",,C","   74",",,C","  107",",,C",,,,
"CA002201799","2019-06-21","61.3167","-117.6","162.0","FORT PROVIDENCE, NT CA",,,,,,,"  175",",,C","   88",",,C","  131",",,C",,,,
"CA002201799","2019-06-22","61.3167","-117.6","162.0","FORT PROVIDENCE, NT CA",,,,,,,"  176",",,C","   95",",,C","  135",",,C",,,,
"CA002201799","2019-06-23","61.3167","-117.6","162.0","FORT PROVIDENCE, NT CA",,,,,,,"  233",",,C","   91",",,C","  162",",,C",,,,
"CA002201799","2019-06-24","61.3167","-117.6","162.0","FORT PROVIDENCE, NT CA",,,,,,,"  231",",,C","  106",",,C","  169",",,C","   32",",,C","  310",",,C"
"CA002201799","2019-06-25","61.3167","-117.6","162.0","FORT PROVIDENCE, NT CA",,,,,,,"  238",",,C","   98",",,C","  168",",,C",,,,
"CA002201799","2019-06-26","61.3167","-117.6","162.0","FORT PROVIDENCE, NT CA",,,,,,,"  178",",,C","   77",",,C","  127",",,C",,,,
"CA002201799","2019-06-27","61.3167","-117.6","162.0","FORT PROVIDENCE, NT CA",,,,,,,"  207",",,C","   87",",,C","  147",",,C",,,,
"CA002201799","2019-06-28","61.3167","-117.6","162.0","FORT PROVIDENCE, NT CA",,,,,,,"  219",",,C","   35",",,C","  127",",,C",,,,
"CA002201799","2019-06-29","61.3167","-117.6","162.0","FORT PROVIDENCE, NT CA",,,,,,,"  246",",,C","   52",",,C","  149",",,C","   32",",,C","  330",",,C"
"CA002201799","2019-06-30","61.3167","-117.6","162.0","FORT PROVIDENCE, NT CA",,,,,,,"  170",",,C","   95",",,C","  132",",,C","   30",",,C","  350",",,C"
"CA002201799","2019-07-01","61.3167","-117.6","162.0","FORT PROVIDENCE, NT CA",,,,,,,"  128",",,C","   70",",,C","   99",",,C","   30",",,C","  470",",,C"
"CA002201799","2019-07-02","61.3167","-117.6","162.0","FORT PROVIDENCE, NT CA",,,,,,,"  214",",,C","  110",",,C","  162",",,C","   30",",,C","  450",",,C"
"CA002201799","2019-07-03","61.3167","-117.6","162.0","FORT PROVIDENCE, NT CA",,,,,,,"  217",",,C","  117",",,C","  167",",,C","   31",",,C","  360",",,C"
"CA002201799","2019-07-04","61.3167","-117.6","162.0","FORT PROVIDENCE, NT CA",,,,,,,"  220",",,C","  110",",,C","  165",",,C",,,,
"CA002201799","2019-07-05","61.3167","-117.6","162.0","FORT PROVIDENCE, NT CA",,,,,,,"  242",",,C","   66",",,C","  154",",,C",,,,
"CA002201799","2019-07-06","61.3167","-117.6","162.0","FORT PROVIDENCE, NT CA",,,,,,,"  178",",,C","  123",",,C","  151",",,C",,,,
"CA002201799","2019-07-07","61.3167","-117.6","162.0","FORT PROVIDENCE, NT CA",,,,,,,"  161",",,C","   85",",,C","  123",",,C","   29",",,C","  420",",,C"
"CA002201799","2019-07-08","61.3167","-117.6","162.0","FORT PROVIDENCE, NT CA",,,,,,,"  150",",,C","   59",",,C","  104",",,C",,,,
"CA002201799","2019-07-09","61.3167","-117.6","162.0","FORT PROVIDENCE, NT CA",,,,,,,"  183",",,C","   80",",,C","  131",",,C",,,,
"CA002201799","2019-07-10","61.3167","-117.6","162.0","FORT PROVIDENCE, NT CA",,,,,,,"  242",",,C","   55",",,C","  149",",,C",,,,
"CA002201799","2019-07-11","61.3167","-117.6","162.0","FORT PROVIDENCE, NT CA",,,,,,,"  279",",,C","   79",",,C","  179",",,C","   36",",,C","  370",",,C"
"CA002201799","2019-07-12","61.3167","-117.6","162.0","FORT PROVIDENCE, NT CA",,,,,,,"  182",",,C","  111",",,C","  146",",,C",,,,
"CA002201799","2019-07-13","61.3167","-117.6","162.0","FORT PROVIDENCE, NT CA",,,,,,,"  217",",,C","   92",",,C","  155",",,C",,,,
"CA002201799","2019-07-14","61.3167","-117.6","162.0","FORT PROVIDENCE, NT CA",,,,,,,"  243",",,C","   75",",,C","  159",",,C",,,,
"CA002201799","2019-07-15","61.3167","-117.6","162.0","FORT PROVIDENCE, NT CA",,,,,,,"  293",",,C","  107",",,C","  200",",,C",,,,
"CA002201799","2019-07-16","61.3167","-117.6","162.0","FORT PROVIDENCE, NT CA",,,,,,,"  306",",,C","  107",",,C","  206",",,C",,,,
"CA002201799","2019-07-17","61.3167","-117.6","162.0","FORT PROVIDENCE, NT CA",,,,,,,"  303",",,C","  120",",,C","  211",",,C",,,,
"CA002201799","2019-07-18","61.3167","-117.6","162.0","FORT PROVIDENCE, NT CA",,,,,,,"  257",",,C","  121",",,C","  189",",,C",,,,
"CA002201799","2019-07-19","61.3167","-117.6","162.0","FORT PROVIDENCE, NT CA",,,,,,,"  242",",,C","   58",",,C","  150",",,C",,,,
"CA002201799","2019-07-20","61.3167","-117.6","162.0","FORT PROVIDENCE, NT CA",,,,,,,"  303",",,C","   90",",,C","  197",",,C",,,,
"CA002201799","2019-07-21","61.3167","-117.6","162.0","FORT PROVIDENCE, NT CA",,,,,,,"  323",",,C","  130",",,C","  227",",,C",,,,
"CA002201799","2019-07-22","61.3167","-117.6","162.0","FORT PROVIDENCE, NT CA",,,,,,,"  324",",,C","  142",",,C","  233",",,C",,,,
"CA002201799","2019-07-23","61.3167","-117.6","162.0","FORT PROVIDENCE, NT CA",,,,,,,"  287",",,C","  149",",,C","  218",",,C",,,,
"CA002201799","2019-07-24","61.3167","-117.6","162.0","FORT PROVIDENCE, NT CA",,,,,,,"  285",",,C","  114",",,C","  199",",,C",,,,
"CA002201799","2019-07-25","61.3167","-117.6","162.0","FORT PROVIDENCE, NT CA",,,,,,,"  286",",,C","  122",",,C","  204",",,C",,,,
"CA002201799","2019-07-26","61.3167","-117.6","162.0","FORT PROVIDENCE, NT CA",,,,,,,"  194",",,C","  131",",,C","  162",",,C",,,,
"CA002201799","2019-07-27","61.3167","-117.6","162.0","FORT PROVIDENCE, NT CA",,,,,,,"  191",",,C","  112",",,C","  151",",,C",,,,
"CA002201799","2019-07-28","61.3167","-117.6","162.0","FORT PROVIDENCE, NT CA",,,,,,,"  197",",,C","   69",",,C","  133",",,C",,,,
"CA002201799","2019-07-29","61.3167","-117.6","162.0","FORT PROVIDENCE, NT CA",,,,,,,"  231",",,C","   87",",,C","  159",",,C",,,,
"CA002201799","2019-07-30","61.3167","-117.6","162.0","FORT PROVIDENCE, NT CA",,,,,,,"  202",",,C","  100",",,C","  151",",,C","   30",",,C","  310",",,C"
"CA002201799","2019-07-31","61.3167","-117.6","162.0","FORT PROVIDENCE, NT CA",,,,,,,"  236",",,C","   42",",,C","  139",",,C",,,,
"CA002201799","2019-08-01","61.3167","-117.6","162.0","FORT PROVIDENCE, NT CA",,,,,,,"  247",",,C","   76",",,C","  161",",,C",,,,
"CA002201799","2019-08-02","61.3167","-117.6","162.0","FORT PROVIDENCE, NT CA",,,,,,,"  228",",,C","  116",",,C","  172",",,C",,,,
"CA002201799","2019-08-03","61.3167","-117.6","162.0","FORT PROVIDENCE, NT CA",,,,,,,"  227",",,C","  116",",,C","  171",",,C",,,,
"CA002201799","2019-08-04","61.3167","-117.6","162.0","FORT PROVIDENCE, NT CA",,,,,,,"  269",",,C","  151",",,C","  210",",,C","   32",",,C","  370",",,C"
"CA002201799","2019-08-05","61.3167","-117.6","162.0","FORT PROVIDENCE, NT CA",,,,,,,"  183",",,C","   97",",,C","  140",",,C","   31",",,C","  450",",,C"
"CA002201799","2019-08-06","61.3167","-117.6","162.0","FORT PROVIDENCE, NT CA",,,,,,,"  193",",,C","   76",",,C","  135",",,C",,,,
"CA002201799","2019-08-07","61.3167","-117.6","162.0","FORT PROVIDENCE, NT CA",,,,,,,"  132",",,C","  102",",,C","  117",",,C",,,,
"CA002201799","2019-08-08","61.3167","-117.6","162.0","FORT PROVIDENCE, NT CA",,,,,,,"  150",",,C","   87",",,C","  118",",,C",,,,
"CA002201799","2019-08-09","61.3167","-117.6","162.0","FORT PROVIDENCE, NT CA",,,,,,,"  159",",,C","   92",",,C","  125",",,C","   31",",,C","  450",",,C"
"CA002201799","2019-08-10","61.3167","-117.6","162.0","FORT PROVIDENCE, NT CA",,,,,,,"  197",",,C","   56",",,C","  126",",,C",,,,
"CA002201799","2019-08-11","61.3167","-117.6","162.0","FORT PROVIDENCE, NT CA",,,,,,,"  238",",,C","   34",",,C","  136",",,C",,,,
"CA002201799","2019-08-12","61.3167","-117.6","162.0","FORT PROVIDENCE, NT CA",,,,,,,"  254",",,C","   58",",,C","  156",",,C","   34",",,C","  340",",,C"
"CA002201799","2019-08-13","61.3167","-117.6","162.0","FORT PROVIDENCE, NT CA",,,,,,,"  212",",,C","   46",",,C","  129",",,C",,,,
"CA002201799","2019-08-14","61.3167","-117.6","162.0","FORT PROVIDENCE, NT CA",,,,,,,"  247",",,C","   60",",,C","  154",",,C",,,,
"CA002201799","2019-08-15","61.3167","-117.6","162.0","FORT PROVIDENCE, NT CA",,,,,,,"  165",",,C","  116",",,C","  140",",,C",,,,
"CA002201799","2019-08-16","61.3167","-117.6","162.0","FORT PROVIDENCE, NT CA",,,,,,,"  148",",,C","   28",",,C","   88",",,C","   30",",,C","  500",",,C"
"CA002201799","2019-08-17","61.3167","-117.6","162.0","FORT PROVIDENCE, NT CA",,,,,,,"  165",",,C","  -21",",,C","   72",",,C","   35",",,C","  330",",,C"
"CA002201799","2019-08-18","61.3167","-117.6","162.0","FORT PROVIDENCE, NT CA",,,,,,,"  114",",,C","   54",",,C","   84",",,C","   30",",,C","  360",",,C"
"CA002201799","2019-08-19","61.3167","-117.6","162.0","FORT PROVIDENCE, NT CA",,,,,,,"  119",",,C","   62",",,C","   91",",,C",,,,
"CA002201799","2019-08-20","61.3167","-117.6","162.0","FORT PROVIDENCE, NT CA",,,,,,,"  174",",,C","   29",",,C","  101",",,C",,,,
"CA002201799","2019-08-21","61.3167","-117.6","162.0","FORT PROVIDENCE, NT CA",,,,,,,"  250",",,C","  130",",,C","  190",",,C","   21",",,C","  550",",,C"
"CA002201799","2019-08-22","61.3167","-117.6","162.0","FORT PROVIDENCE, NT CA",,,,,,,"  171",",,C","   48",",,C","  109",",,C","   31",",,C","  440",",,C"
"CA002201799","2019-08-23","61.3167","-117.6","162.0","FORT PROVIDENCE, NT CA",,,,,,,"  174",",,C","   26",",,C","  100",",,C",,,,
"CA002201799","2019-08-24","61.3167","-117.6","162.0","FORT PROVIDENCE, NT CA",,,,,,,"  209",",,C","   17",",,C","  113",",,C",,,,
"CA002201799","2019-08-25","61.3167","-117.6","162.0","FORT PROVIDENCE, NT CA",,,,,,,"  208",",,C","   73",",,C","  140",",,C",,,,
"CA002201799","2019-08-26","61.3167","-117.6","162.0","FORT PROVIDENCE, NT CA",,,,,,,"  184",",,C","   95",",,C","  139",",,C",,,,
"CA002201799","2019-08-27","61.3167","-117.6","162.0","FORT PROVIDENCE, NT CA",,,,,,,"  200",",,C","   23",",,C","  111",",,C",,,,
"CA002201799","2019-08-28","61.3167","-117.6","162.0","FORT PROVIDENCE, NT CA",,,,,,,"  218",",,C","   52",",,C","  135",",,C",,,,
"CA002201799","2019-08-29","61.3167","-117.6","162.0","FORT PROVIDENCE, NT CA",,,,,,,"  176",",,C","   45",",,C","  110",",,C",,,,
"CA002201799","2019-08-30","61.3167","-117.6","162.0","FORT PROVIDENCE, NT CA",,,,,,,"  101",",,C","   45",",,C","   73",",,C",,,,
"CA002201799","2019-08-31","61.3167","-117.6","162.0","FORT PROVIDENCE, NT CA",,,,,,,"  123",",,C","   36",",,C","   79",",,C",,,,
"CA002201799","2019-09-01","61.3167","-117.6","162.0","FORT PROVIDENCE, NT CA",,,,,,,"  151",",,C","  -11",",,C","   70",",,C",,,,
"CA002201799","2019-09-02","61.3167","-117.6","162.0","FORT PROVIDENCE, NT CA",,,,,,,"  143",",,C","   76",",,C","  110",",,C",,,,
"CA002201799","2019-09-03","61.3167","-117.6","162.0","FORT PROVIDENCE, NT CA",,,,,,,"  175",",,C","   85",",,C","  130",",,C",,,,
"CA002201799","2019-09-04","61.3167","-117.6","162.0","FORT PROVIDENCE, NT CA",,,,,,,"  150",",,C","   77",",,C","  113",",,C",,,,
"CA002201799","2019-09-05","61.3167","-117.6","162.0","FORT PROVIDENCE, NT CA",,,,,,,"  176",",,C","   59",",,C","  117",",,C",,,,
"CA002201799","2019-09-06","61.3167","-117.6","162.0","FORT PROVIDENCE, NT CA",,,,,,,"  164",",,C","   12",",,C","   88",",,C",,,,
"CA002201799","2019-09-07","61.3167","-117.6","162.0","FORT PROVIDENCE, NT CA",,,,,,,"  169",",,C","   34",",,C","  102",",,C",,,,
"CA002201799","2019-09-08","61.3167","-117.6","162.0","FORT PROVIDENCE, NT CA",,,,,,,"  172",",,C","   -5",",,C","   83",",,C",,,,
"CA002201799","2019-09-09","61.3167","-117.6","162.0","FORT PROVIDENCE, NT CA",,,,,,,"  189",",,C","   -5",",,C","   92",",,C",,,,
"CA002201799","2019-09-10","61.3167","-117.6","162.0","FORT PROVIDENCE, NT CA",,,,,,,"  198",",,C","   29",",,C","  113",",,C",,,,
"CA002201799","2019-09-11","61.3167","-117.6","162.0","FORT PROVIDENCE, NT CA",,,,,,,"  204",",,C","   52",",,C","  128",",,C",,,,
"CA002201799","2019-09-12","61.3167","-117.6","162.0","FORT PROVIDENCE, NT CA",,,,,,,"  227",",,C","   51",",,C","  139",",,C",,,,
"CA002201799","2019-09-13","61.3167","-117.6","162.0","FORT PROVIDENCE, NT CA",,,,,,,"  169",",,C","   78",",,C","  124",",,C",,,,
"CA002201799","2019-09-14","61.3167","-117.6","162.0","FORT PROVIDENCE, NT CA",,,,,,,"  198",",,C","  107",",,C","  153",",,C",,,,
"CA002201799","2019-09-15","61.3167","-117.6","162.0","FORT PROVIDENCE, NT CA",,,,,,,"  125",",,C","   80",",,C","  102",",,C","   35",",,C","  330",",,C"
"CA002201799","2019-09-16","61.3167","-117.6","162.0","FORT PROVIDENCE, NT CA",,,,,,,"  100",",,C","   49",",,C","   74",",,C",,,,
"CA002201799","2019-09-17","61.3167","-117.6","162.0","FORT PROVIDENCE, NT CA",,,,,,,"  112",",,C","   52",",,C","   82",",,C","   29",",,C","  320",",,C"
"CA002201799","2019-09-18","61.3167","-117.6","162.0","FORT PROVIDENCE, NT CA",,,,,,,"  139",",,C","  -20",",,C","   60",",,C",,,,
"CA002201799","2019-09-19","61.3167","-117.6","162.0","FORT PROVIDENCE, NT CA",,,,,,,"  181",",,C","   60",",,C","  121",",,C",,,,
"CA002201799","2019-09-20","61.3167","-117.6","162.0","FORT PROVIDENCE, NT CA",,,,,,,"  154",",,C","   53",",,C","  104",",,C",,,,
"CA002201799","2019-09-21","61.3167","-117.6","162.0","FORT PROVIDENCE, NT CA",,,,,,,"  227",",,C","   53",",,C","  140",",,C",,,,
"CA002201799","2019-09-22","61.3167","-117.6","162.0","FORT PROVIDENCE, NT CA",,,,,,,"  185",",,C","   93",",,C","  139",",,C","   29",",,C","  370",",,C"
"CA002201799","2019-09-23","61.3167","-117.6","162.0","FORT PROVIDENCE, NT CA",,,,,,,"  108",",,C","    8",",,C","   58",",,C",,,,
"CA002201799","2019-09-24","61.3167","-117.6","162.0","FORT PROVIDENCE, NT CA",,,,,,,"  136",",,C","   -1",",,C","   68",",,C",,,,
"CA002201799","2019-09-25","61.3167","-117.6","162.0","FORT PROVIDENCE, NT CA",,,,,,,"  110",",,C","    4",",,C","   57",",,C",,,,
"CA002201799","2019-09-26","61.3167","-117.6","162.0","FORT PROVIDENCE, NT CA",,,,,,,"   70",",,C","  -19",",,C","   26",",,C",,,,
"CA002201799","2019-09-27","61.3167","-117.6","162.0","FORT PROVIDENCE, NT CA",,,,,,,"   49",",,C","  -15",",,C","   17",",,C","   31",",,C","  340",",,C"
"CA002201799","2019-09-28","61.3167","-117.6","162.0","FORT PROVIDENCE, NT CA",,,,,,,"   82",",,C","  -17",",,C","   32",",,C",,,,
"CA002201799","2019-09-29","61.3167","-117.6","162.0","FORT PROVIDENCE, NT CA",,,,,,,"  111",",,C","  -17",",,C","   47",",,C","   21",",,C","  370",",,C"
"CA002201799","2019-09-30","61.3167","-117.6","162.0","FORT PROVIDENCE, NT CA",,,,,,,"  106",",,C","   23",",,C","   64",",,C",,,,
"CA002201799","2019-10-01","61.3167","-117.6","162.0","FORT PROVIDENCE, NT CA",,,,,,,"  149",",,C","  -28",",,C","   60",",,C",,,,
"CA002201799","2019-10-02","61.3167","-117.6","162.0","FORT PROVIDENCE, NT CA",,,,,,,"  194",",,C","   -3",",,C","   96",",,C",,,,
"CA002201799","2019-10-03","61.3167","-117.6","162.0","FORT PROVIDENCE, NT CA",,,,,,,"  175",",,C","    9",",,C","   92",",,C",,,,
"CA002201799","2019-10-04","61.3167","-117.6","162.0","FORT PROVIDENCE, NT CA",,,,,,,"   93",",,C","   40",",,C","   67",",,C",,,,
"CA002201799","2019-10-05","61.3167","-117.6","162.0","FORT PROVIDENCE, NT CA",,,,,,,"   80",",,C","  -15",",,C","   32",",,C",,,,
"CA002201799","2019-10-06","61.3167","-117.6","162.0","FORT PROVIDENCE, NT CA",,,,,,,"   50",",,C","  -16",",,C","   17",",,C",,,,
"CA002201799","2019-10-07","61.3167","-117.6","162.0","FORT PROVIDENCE, NT CA",,,,,,,"   22",",,C","   -6",",,C","    8",",,C","   34",",,C","  470",",,C"
"CA002201799","2019-10-08","61.3167","-117.6","162.0","FORT PROVIDENCE, NT CA",,,,,,,"   20",",,C","  -31",",,C","   -6",",,C","   32",",,C","  440",",,C"
"CA002201799","2019-10-09","61.3167","-117.6","162.0","FORT PROVIDENCE, NT CA",,,,,,,"   39",",,C","  -64",",,C","  -12",",,C",,,,
"CA002201799","2019-10-10","61.3167","-117.6","162.0","FORT PROVIDENCE, NT CA",,,,,,,"   55",",,C","  -39",",,C","    8",",,C",,,,
"CA002201799","2019-10-11","61.3167","-117.6","162.0","FORT PROVIDENCE, NT CA",,,,,,,"   88",",,C","   -4",",,C","   42",",,C",,,,
"CA002201799","2019-10-12","61.3167","-117.6","162.0","FORT PROVIDENCE, NT CA",,,,,,,"  111",",,C","    1",",,C","   56",",,C","   27",",,C","  310",",,C"
"CA002201799","2019-10-13","61.3167","-117.6","162.0","FORT PROVIDENCE, NT CA",,,,,,,"   36",",,C","  -12",",,C","   12",",,C",,,,
"CA002201799","2019-10-14","61.3167","-117.6","162.0","FORT PROVIDENCE, NT CA",,,,,,,"   23",",,C","  -34",",,C","   -6",",,C",,,,
"CA002201799","2019-10-15","61.3167","-117.6","162.0","FORT PROVIDENCE, NT CA",,,,,,,"   35",",,C","  -10",",,C","   13",",,C",,,,
"CA002201799","2019-10-16","61.3167","-117.6","162.0","FORT PROVIDENCE, NT CA",,,,,,,"   16",",,C","    2",",,C","    9",",,C",,,,
"CA002201799","2019-10-17","61.3167","-117.6","162.0","FORT PROVIDENCE, NT CA",,,,,,,"   17",",,C","   -9",",,C","    4",",,C",,,,
"CA002201799","2019-10-18","61.3167","-117.6","162.0","FORT PROVIDENCE, NT CA",,,,,,,"    3",",,C","  -19",",,C","   -8",",,C",,,,
"CA002201799","2019-10-19","61.3167","-117.6","162.0","FORT PROVIDENCE, NT CA",,,,,,,"   -3",",,C","  -26",",,C","  -14",",,C",,,,
"CA002201799","2019-10-20","61.3167","-117.6","162.0","FORT PROVIDENCE, NT CA",,,,,,,"   -2",",,C","  -21",",,C","  -11",",,C",,,,
"CA002201799","2019-10-21","61.3167","-117.6","162.0","FORT PROVIDENCE, NT CA",,,,,,,"   17",",,C","  -22",",,C","   -2",",,C",,,,
"CA002201799","2019-10-22","61.3167","-117.6","162.0","FORT PROVIDENCE, NT CA",,,,,,,"   24",",,C","  -47",",,C","  -11",",,C",,,,
"CA002201799","2019-10-23","61.3167","-117.6","162.0","FORT PROVIDENCE, NT CA",,,,,,,"   10",",,C","   -9",",,C","    0",",,C",,,,
"CA002201799","2019-10-24","61.3167","-117.6","162.0","FORT PROVIDENCE, NT CA",,,,,,,"   69",",,C","  -15",",,C","   27",",,C","   28",",,C","  340",",,C"
"CA002201799","2019-10-25","61.3167","-117.6","162.0","FORT PROVIDENCE, NT CA",,,,,,,"  -10",",,C","  -81",",,C","  -45",",,C","   33",",,C","  350",",,C"
"CA002201799","2019-10-26","61.3167","-117.6","162.0","FORT PROVIDENCE, NT CA",,,,,,,"   -2",",,C","  -99",",,C","  -51",",,C",,,,
"CA002201799","2019-10-27","61.3167","-117.6","162.0","FORT PROVIDENCE, NT CA",,,,,,,"  -13",",,C","  -72",",,C","  -42",",,C","   32",",,C","  440",",,C"
"CA002201799","2019-10-28","61.3167","-117.6","162.0","FORT PROVIDENCE, NT CA",,,,,,,"  -71",",,C"," -126",",,C","  -98",",,C",,,,
"CA002201799","2019-10-29","61.3167","-117.6","162.0","FORT PROVIDENCE, NT CA",,,,,,,"  -18",",,C"," -128",",,C","  -73",",,C",,,,
"CA002201799","2019-10-30","61.3167","-117.6","162.0","FORT PROVIDENCE, NT CA",,,,,,,"    8",",,C","  -58",",,C","  -25",",,C",,,,
"CA002201799","2019-10-31","61.3167","-117.6","162.0","FORT PROVIDENCE, NT CA",,,,,,,"   41",",,C","  -20",",,C","   11",",,C",,,,
"CA002201799","2019-11-01","61.3167","-117.6","162.0","FORT PROVIDENCE, NT CA",,,,,,,"    5",",,C","  -92",",,C","  -44",",,C",,,,
"CA002201799","2019-11-02","61.3167","-117.6","162.0","FORT PROVIDENCE, NT CA",,,,,,,"  -30",",,C","  -82",",,C","  -56",",,C",,,,
"CA002201799","2019-11-03","61.3167","-117.6","162.0","FORT PROVIDENCE, NT CA",,,,,,,"  -53",",,C"," -155",",,C"," -104",",,C",,,,
"CA002201799","2019-11-04","61.3167","-117.6","162.0","FORT PROVIDENCE, NT CA",,,,,,,"  -69",",,C"," -168",",,C"," -119",",,C",,,,
"CA002201799","2019-11-05","61.3167","-117.6","162.0","FORT PROVIDENCE, NT CA",,,,,,,"  -58",",,C"," -118",",,C","  -88",",,C",,,,
"CA002201799","2019-11-06","61.3167","-117.6","162.0","FORT PROVIDENCE, NT CA",,,,,,,"  -97",",,C"," -174",",,C"," -135",",,C",,,,
"CA002201799","2019-11-07","61.3167","-117.6","162.0","FORT PROVIDENCE, NT CA",,,,,,,"  -62",",,C"," -174",",,C"," -118",",,C",,,,
"CA002201799","2019-11-08","61.3167","-117.6","162.0","FORT PROVIDENCE, NT CA",,,,,,,"  -78",",,C"," -118",",,C","  -98",",,C","   31",",,C","  390",",,C"
"CA002201799","2019-11-09","61.3167","-117.6","162.0","FORT PROVIDENCE, NT CA",,,,,,," -117",",,C"," -203",",,C"," -160",",,C",,,,
"CA002201799","2019-11-10","61.3167","-117.6","162.0","FORT PROVIDENCE, NT CA",,,,,,," -117",",,C"," -178",",,C"," -148",",,C",,,,
"CA002201799","2019-11-11","61.3167","-117.6","162.0","FORT PROVIDENCE, NT CA",,,,,,," -110",",,C"," -221",",,C"," -166",",,C",,,,
"CA002201799","2019-11-12","61.3167","-117.6","162.0","FORT PROVIDENCE, NT CA",,,,,,,"  -73",",,C"," -125",",,C","  -99",",,C",,,,
"CA002201799","2019-11-13","61.3167","-117.6","162.0","FORT PROVIDENCE, NT CA",,,,,,,"  -77",",,C"," -206",",,C"," -141",",,C",,,,
"CA002201799","2019-11-14","61.3167","-117.6","162.0","FORT PROVIDENCE, NT CA",,,,,,," -136",",,C"," -202",",,C"," -169",",,C",,,,
"CA002201799","2019-11-15","61.3167","-117.6","162.0","FORT PROVIDENCE, NT CA",,,,,,," -117",",,C"," -169",",,C"," -143",",,C",,,,
"CA002201799","2019-11-16","61.3167","-117.6","162.0","FORT PROVIDENCE, NT CA",,,,,,," -136",",,C"," -174",",,C"," -155",",,C",,,,
"CA002201799","2019-11-17","61.3167","-117.6","162.0","FORT PROVIDENCE, NT CA",,,,,,," -117",",,C"," -152",",,C"," -134",",,C",,,,
"CA002201799","2019-11-18","61.3167","-117.6","162.0","FORT PROVIDENCE, NT CA",,,,,,," -125",",,C"," -230",",,C"," -178",",,C",,,,
"CA002201799","2019-11-19","61.3167","-117.6","162.0","FORT PROVIDENCE, NT CA",,,,,,," -175",",,C"," -281",",,C"," -228",",,C",,,,
"CA002201799","2019-11-20","61.3167","-117.6","162.0","FORT PROVIDENCE, NT CA",,,,,,,"  -87",",,C"," -182",",,C"," -134",",,C",,,,
"CA002201799","2019-11-21","61.3167","-117.6","162.0","FORT PROVIDENCE, NT CA",,,,,,,"   40",",,C"," -142",",,C","  -51",",,C",,,,
"CA002201799","2019-11-22","61.3167","-117.6","162.0","FORT PROVIDENCE, NT CA",,,,,,,"  -26",",,C"," -134",",,C","  -80",",,C",,,,
"CA002201799","2019-11-23","61.3167","-117.6","162.0","FORT PROVIDENCE, NT CA",,,,,,,"   -5",",,C","  -84",",,C","  -44",",,C",,,,
"CA002201799","2019-11-24","61.3167","-117.6","162.0","FORT PROVIDENCE, NT CA",,,,,,,"  -69",",,C"," -101",",,C","  -85",",,C",,,,
"CA002201799","2019-11-25","61.3167","-117.6","162.0","FORT PROVIDENCE, NT CA",,,,,,,"  -93",",,C"," -146",",,C"," -120",",,C",,,,
"CA002201799","2019-11-26","61.3167","-117.6","162.0","FORT PROVIDENCE, NT CA",,,,,,," -108",",,C"," -157",",,C"," -132",",,C",,,,
"CA002201799","2019-11-27","61.3167","-117.6","162.0","FORT PROVIDENCE, NT CA",,,,,,," -118",",,C"," -162",",,C"," -140",",,C",,,,
"CA002201799","2019-11-28","61.3167","-117.6","162.0","FORT PROVIDENCE, NT CA",,,,,,,"  -46",",,C"," -166",",,C"," -106",",,C",,,,
"CA002201799","2019-11-29","61.3167","-117.6","162.0","FORT PROVIDENCE, NT CA",,,,,,,"  -48",",,C"," -159",",,C"," -103",",,C",,,,
"CA002201799","2019-11-30","61.3167","-117.6","162.0","FORT PROVIDENCE, NT CA",,,,,,," -102",",,C"," -159",",,C"," -130",",,C",,,,
"CA002201799","2019-12-01","61.3167","-117.6","162.0","FORT PROVIDENCE, NT CA",,,,,,,"  -96",",,C"," -137",",,C"," -116",",,C",,,,
"CA002201799","2019-12-02","61.3167","-117.6","162.0","FORT PROVIDENCE, NT CA",,,,,,,"  -78",",,C"," -104",",,C","  -91",",,C",,,,
"CA002201799","2019-12-03","61.3167","-117.6","162.0","FORT PROVIDENCE, NT CA",,,,,,,"  -89",",,C"," -175",",,C"," -132",",,C","   32",",,C","  310",",,C"
"CA002201799","2019-12-04","61.3167","-117.6","162.0","FORT PROVIDENCE, NT CA",,,,,,," -175",",,C"," -287",",,C"," -231",",,C",,,,
"CA002201799","2019-12-05","61.3167","-117.6","162.0","FORT PROVIDENCE, NT CA",,,,,,," -200",",,C"," -288",",,C"," -244",",,C",,,,
"CA002201799","2019-12-06","61.3167","-117.6","162.0","FORT PROVIDENCE, NT CA",,,,,,," -225",",,C"," -301",",,C"," -263",",,C",,,,
"CA002201799","2019-12-07","61.3167","-117.6","162.0","FORT PROVIDENCE, NT CA",,,,,,," -228",",,C"," -329",",,C"," -278",",,C",,,,
"CA002201799","2019-12-08","61.3167","-117.6","162.0","FORT PROVIDENCE, NT CA",,,,,,," -214",",,C"," -334",",,C"," -274",",,C",,,,
"CA002201799","2019-12-09","61.3167","-117.6","162.0","FORT PROVIDENCE, NT CA",,,,,,," -311",",,C"," -381",",,C"," -346",",,C",,,,
"CA002201799","2019-12-10","61.3167","-117.6","162.0","FORT PROVIDENCE, NT CA",,,,,,," -295",",,C"," -381",",,C"," -338",",,C",,,,
"CA002201799","2019-12-11","61.3167","-117.6","162.0","FORT PROVIDENCE, NT CA",,,,,,," -323",",,C"," -381",",,C"," -352",",,C",,,,
"CA002201799","2019-12-12","61.3167","-117.6","162.0","FORT PROVIDENCE, NT CA",,,,,,," -324",",,C"," -389",",,C"," -356",",,C",,,,
"CA002201799","2019-12-13","61.3167","-117.6","162.0","FORT PROVIDENCE, NT CA",,,,,,," -245",",,C"," -382",",,C"," -314",",,C",,,,
"CA002201799","2019-12-14","61.3167","-117.6","162.0","FORT PROVIDENCE, NT CA",,,,,,," -249",",,C"," -325",",,C"," -287",",,C",,,,
"CA002201799","2019-12-15","61.3167","-117.6","162.0","FORT PROVIDENCE, NT CA",,,,,,," -243",",,C"," -328",",,C"," -285",",,C",,,,
"CA002201799","2019-12-16","61.3167","-117.6","162.0","FORT PROVIDENCE, NT CA",,,,,,," -237",",,C"," -370",",,C"," -303",",,C",,,,
"CA002201799","2019-12-17","61.3167","-117.6","162.0","FORT PROVIDENCE, NT CA",,,,,,," -238",",,C"," -317",",,C"," -278",",,C",,,,
"CA002201799","2019-12-18","61.3167","-117.6","162.0","FORT PROVIDENCE, NT CA",,,,,,," -252",",,C"," -309",",,C"," -280",",,C",,,,
"CA002201799","2019-12-19","61.3167","-117.6","162.0","FORT PROVIDENCE, NT CA",,,,,,," -208",",,C"," -252",",,C"," -230",",,C",,,,
"CA002201799","2019-12-20","61.3167","-117.6","162.0","FORT PROVIDENCE, NT CA",,,,,,," -222",",,C"," -243",",,C"," -232",",,C",,,,
"CA002201799","2019-12-21","61.3167","-117.6","162.0","FORT PROVIDENCE, NT CA",,,,,,," -209",",,C"," -227",",,C"," -218",",,C",,,,
"CA002201799","2019-12-22","61.3167","-117.6","162.0","FORT PROVIDENCE, NT CA",,,,,,," -216",",,C"," -332",",,C"," -274",",,C",,,,
"CA002201799","2019-12-23","61.3167","-117.6","162.0","FORT PROVIDENCE, NT CA",,,,,,," -156",",,C"," -254",",,C"," -205",",,C",,,,
"CA002201799","2019-12-24","61.3167","-117.6","162.0","FORT PROVIDENCE, NT CA",,,,,,,"  -89",",,C"," -190",",,C"," -140",",,C",,,,
"CA002201799","2019-12-25","61.3167","-117.6","162.0","FORT PROVIDENCE, NT CA",,,,,,," -189",",,C"," -243",",,C"," -216",",,C",,,,
"CA002201799","2019-12-26","61.3167","-117.6","162.0","FORT PROVIDENCE, NT CA",,,,,,," -134",",,C"," -236",",,C"," -185",",,C",,,,
"CA002201799","2019-12-27","61.3167","-117.6","162.0","FORT PROVIDENCE, NT CA",,,,,,," -147",",,C"," -246",",,C"," -197",",,C",,,,
"CA002201799","2019-12-28","61.3167","-117.6","162.0","FORT PROVIDENCE, NT CA",,,,,,," -192",",,C"," -262",",,C"," -227",",,C",,,,
"CA002201799","2019-12-29","61.3167","-117.6","162.0","FORT PROVIDENCE, NT CA",,,,,,," -211",",,C"," -243",",,C"," -227",",,C",,,,
"CA002201799","2019-12-30","61.3167","-117.6","162.0","FORT PROVIDENCE, NT CA",,,,,,," -153",",,C"," -248",",,C"," -200",",,C",,,,
"CA002201799","2019-12-31","61.3167","-117.6","162.0","FORT PROVIDENCE, NT CA",,,,,,," -179",",,C"," -211",",,C"," -195",",,C",,,,
"CA002201799","2020-01-01","61.3167","-117.6","162.0","FORT PROVIDENCE, NT CA",,,,,,," -153",",,C"," -179",",,C"," -166",",,C",,,,
"CA002201799","2020-01-02","61.3167","-117.6","162.0","FORT PROVIDENCE, NT CA",,,,,,," -149",",,C"," -178",",,C"," -163",",,C",,,,
"CA002201799","2020-01-03","61.3167","-117.6","162.0","FORT PROVIDENCE, NT CA",,,,,,," -174",",,C"," -289",",,C"," -231",",,C",,,,
"CA002201799","2020-01-04","61.3167","-117.6","162.0","FORT PROVIDENCE, NT CA",,,,,,," -162",",,C"," -270",",,C"," -216",",,C",,,,
"CA002201799","2020-01-05","61.3167","-117.6","162.0","FORT PROVIDENCE, NT CA",,,,,,," -209",",,C"," -297",",,C"," -253",",,C",,,,
"CA002201799","2020-01-06","61.3167","-117.6","162.0","FORT PROVIDENCE, NT CA",,,,,,," -240",",,C"," -308",",,C"," -274",",,C",,,,
"CA002201799","2020-01-07","61.3167","-117.6","162.0","FORT PROVIDENCE, NT CA",,,,,,," -285",",,C"," -335",",,C"," -310",",,C",,,,
"CA002201799","2020-01-08","61.3167","-117.6","162.0","FORT PROVIDENCE, NT CA",,,,,,," -270",",,C"," -329",",,C"," -299",",,C",,,,
"CA002201799","2020-01-09","61.3167","-117.6","162.0","FORT PROVIDENCE, NT CA",,,,,,," -281",",,C"," -320",",,C"," -301",",,C",,,,
"CA002201799","2020-01-10","61.3167","-117.6","162.0","FORT PROVIDENCE, NT CA",,,,,,," -284",",,C"," -366",",,C"," -325",",,C",,,,
"CA002201799","2020-01-11","61.3167","-117.6","162.0","FORT PROVIDENCE, NT CA",,,,,,," -313",",,C"," -375",",,C"," -344",",,C",,,,
"CA002201799","2020-01-12","61.3167","-117.6","162.0","FORT PROVIDENCE, NT CA",,,,,,," -373",",,C"," -425",",,C"," -399",",,C",,,,
"CA002201799","2020-01-13","61.3167","-117.6","162.0","FORT PROVIDENCE, NT CA",,,,,,," -348",",,C"," -417",",,C"," -382",",,C",,,,
"CA002201799","2020-01-14","61.3167","-117.6","162.0","FORT PROVIDENCE, NT CA",,,,,,," -328",",,C"," -402",",,C"," -365",",,C",,,,
"CA002201799","2020-01-15","61.3167","-117.6","162.0","FORT PROVIDENCE, NT CA",,,,,,," -314",",,C"," -386",",,C"," -350",",,C",,,,
"CA002201799","2020-01-16","61.3167","-117.6","162.0","FORT PROVIDENCE, NT CA",,,,,,," -327",",,C"," -391",",,C"," -359",",,C",,,,
"CA002201799","2020-01-17","61.3167","-117.6","162.0","FORT PROVIDENCE, NT CA",,,,,,," -264",",,C"," -376",",,C"," -320",",,C",,,,
"CA002201799","2020-01-18","61.3167","-117.6","162.0","FORT PROVIDENCE, NT CA",,,,,,," -284",",,C"," -350",",,C"," -317",",,C",,,,
"CA002201799","2020-01-19","61.3167","-117.6","162.0","FORT PROVIDENCE, NT CA",,,,,,," -204",",,C"," -347",",,C"," -276",",,C",,,,
"CA002201799","2020-01-20","61.3167","-117.6","162.0","FORT PROVIDENCE, NT CA",,,,,,," -164",",,C"," -274",",,C"," -219",",,C",,,,
"CA002201799","2020-01-21","61.3167","-117.6","162.0","FORT PROVIDENCE, NT CA",,,,,,," -155",",,C"," -210",",,C"," -183",",,C",,,,
"CA002201799","2020-01-22","61.3167","-117.6","162.0","FORT PROVIDENCE, NT CA",,,,,,," -137",",,C"," -217",",,C"," -177",",,C",,,,
"CA002201799","2020-01-23","61.3167","-117.6","162.0","FORT PROVIDENCE, NT CA",,,,,,," -117",",,C"," -226",",,C"," -171",",,C",,,,
"CA002201799","2020-01-24","61.3167","-117.6","162.0","FORT PROVIDENCE, NT CA",,,,,,," -112",",,C"," -132",",,C"," -122",",,C",,,,
"CA002201799","2020-01-25","61.3167","-117.6","162.0","FORT PROVIDENCE, NT CA",,,,,,," -113",",,C"," -144",",,C"," -129",",,C",,,,
"CA002201799","2020-01-26","61.3167","-117.6","162.0","FORT PROVIDENCE, NT CA",,,,,,," -123",",,C"," -180",",,C"," -152",",,C",,,,
"CA002201799","2020-01-27","61.3167","-117.6","162.0","FORT PROVIDENCE, NT CA",,,,,,," -145",",,C"," -181",",,C"," -163",",,C",,,,
"CA002201799","2020-01-28","61.3167","-117.6","162.0","FORT PROVIDENCE, NT CA",,,,,,," -157",",,C"," -263",",,C"," -210",",,C",,,,
"CA002201799","2020-01-29","61.3167","-117.6","162.0","FORT PROVIDENCE, NT CA",,,,,,," -110",",,C"," -258",",,C"," -184",",,C",,,,
"CA002201799","2020-01-30","61.3167","-117.6","162.0","FORT PROVIDENCE, NT CA",,,,,,," -180",",,C"," -247",",,C"," -214",",,C",,,,
"CA002201799","2020-01-31","61.3167","-117.6","162.0","FORT PROVIDENCE, NT CA",,,,,,," -189",",,C"," -300",",,C"," -244",",,C",,,,
"CA002201799","2020-02-01","61.3167","-117.6","162.0","FORT PROVIDENCE, NT CA",,,,,,," -207",",,C"," -304",",,C"," -255",",,C",,,,
"CA002201799","2020-02-02","61.3167","-117.6","162.0","FORT PROVIDENCE, NT CA",,,,,,," -222",",,C"," -251",",,C"," -236",",,C",,,,
"CA002201799","2020-02-03","61.3167","-117.6","162.0","FORT PROVIDENCE, NT CA",,,,,,," -215",",,C"," -305",",,C"," -260",",,C",,,,
"CA002201799","2020-02-04","61.3167","-117.6","162.0","FORT PROVIDENCE, NT CA",,,,,,," -234",",,C"," -340",",,C"," -287",",,C",,,,
"CA002201799","2020-02-05","61.3167","-117.6","162.0","FORT PROVIDENCE, NT CA",,,,,,," -176",",,C"," -252",",,C"," -214",",,C",,,,
"CA002201799","2020-02-06","61.3167","-117.6","162.0","FORT PROVIDENCE, NT CA",,,,,,," -180",",,C"," -211",",,C"," -195",",,C",,,,
"CA002201799","2020-02-07","61.3167","-117.6","162.0","FORT PROVIDENCE, NT CA",,,,,,," -153",",,C"," -193",",,C"," -173",",,C",,,,
"CA002201799","2020-02-08","61.3167","-117.6","162.0","FORT PROVIDENCE, NT CA",,,,,,," -131",",,C"," -207",",,C"," -169",",,C",,,,
"CA002201799","2020-02-09","61.3167","-117.6","162.0","FORT PROVIDENCE, NT CA",,,,,,,"  -97",",,C"," -217",",,C"," -157",",,C",,,,
"CA002201799","2020-02-10","61.3167","-117.6","162.0","FORT PROVIDENCE, NT CA",,,,,,,"  -53",",,C"," -120",",,C","  -87",",,C",,,,
"CA002201799","2020-02-11","61.3167","-117.6","162.0","FORT PROVIDENCE, NT CA",,,,,,," -120",",,C"," -322",",,C"," -221",",,C",,,,
"CA002201799","2020-02-12","61.3167","-117.6","162.0","FORT PROVIDENCE, NT CA",,,,,,," -219",",,C"," -342",",,C"," -280",",,C",,,,
"CA002201799","2020-02-13","61.3167","-117.6","162.0","FORT PROVIDENCE, NT CA",,,,,,," -209",",,C"," -229",",,C"," -219",",,C","   33",",,C","  340",",,C"
"CA002201799","2020-02-14","61.3167","-117.6","162.0","FORT PROVIDENCE, NT CA",,,,,,," -218",",,C"," -307",",,C"," -263",",,C","   29",",,C","  330",",,C"
"CA002201799","2020-02-15","61.3167","-117.6","162.0","FORT PROVIDENCE, NT CA",,,,,,," -258",",,C"," -360",",,C"," -309",",,C",,,,
"CA002201799","2020-02-16","61.3167","-117.6","162.0","FORT PROVIDENCE, NT CA",,,,,,," -267",",,C"," -345",",,C"," -306",",,C",,,,
"CA002201799","2020-02-17","61.3167","-117.6","162.0","FORT PROVIDENCE, NT CA",,,,,,," -236",",,C"," -391",",,C"," -313",",,C",,,,
"CA002201799","2020-02-18","61.3167","-117.6","162.0","FORT PROVIDENCE, NT CA",,,,,,," -168",",,C"," -343",",,C"," -255",",,C",,,,
"CA002201799","2020-02-19","61.3167","-117.6","162.0","FORT PROVIDENCE, NT CA",,,,,,,"   28",",,C"," -229",",,C"," -101",",,C","   25",",,C","  410",",,C"
"CA002201799","2020-02-20","61.3167","-117.6","162.0","FORT PROVIDENCE, NT CA",,,,,,,"   32",",,C","  -50",",,C","   -9",",,C","   23",",,C","  500",",,C"
"CA002201799","2020-02-21","61.3167","-117.6","162.0","FORT PROVIDENCE, NT CA",,,,,,,"   38",",,C"," -121",",,C","  -41",",,C",,,,
"CA002201799","2020-02-22","61.3167","-117.6","162.0","FORT PROVIDENCE, NT CA",,,,,,,"  -95",",,C"," -174",",,C"," -134",",,C",,,,
"CA002201799","2020-02-23","61.3167","-117.6","162.0","FORT PROVIDENCE, NT CA",,,,,,," -127",",,C"," -202",",,C"," -164",",,C",,,,
"CA002201799","2020-02-24","61.3167","-117.6","162.0","FORT PROVIDENCE, NT CA",,,,,,," -158",",,C"," -258",",,C"," -208",",,C",,,,
"CA002201799","2020-02-25","61.3167","-117.6","162.0","FORT PROVIDENCE, NT CA",,,,,,," -159",",,C"," -274",",,C"," -216",",,C",,,,
"CA002201799","2020-02-26","61.3167","-117.6","162.0","FORT PROVIDENCE, NT CA",,,,,,," -125",",,C"," -210",",,C"," -168",",,C",,,,
"CA002201799","2020-02-27","61.3167","-117.6","162.0","FORT PROVIDENCE, NT CA",,,,,,,"  -91",",,C"," -136",",,C"," -114",",,C",,,,
"CA002201799","2020-02-28","61.3167","-117.6","162.0","FORT PROVIDENCE, NT CA",,,,,,," -124",",,C"," -202",",,C"," -163",",,C",,,,
"CA002201799","2020-02-29","61.3167","-117.6","162.0","FORT PROVIDENCE, NT CA",,,,,,," -187",",,C"," -296",",,C"," -241",",,C",,,,
"CA002201799","2020-03-01","61.3167","-117.6","162.0","FORT PROVIDENCE, NT CA",,,,,,," -120",",,C"," -321",",,C"," -220",",,C",,,,
"CA002201799","2020-03-02","61.3167","-117.6","162.0","FORT PROVIDENCE, NT CA",,,,,,," -128",",,C"," -225",",,C"," -177",",,C",,,,
"CA002201799","2020-03-03","61.3167","-117.6","162.0","FORT PROVIDENCE, NT CA",,,,,,," -144",",,C"," -209",",,C"," -177",",,C",,,,
"CA002201799","2020-03-04","61.3167","-117.6","162.0","FORT PROVIDENCE, NT CA",,,,,,," -159",",,C"," -264",",,C"," -211",",,C",,,,
"CA002201799","2020-03-05","61.3167","-117.6","162.0","FORT PROVIDENCE, NT CA",,,,,,," -194",",,C"," -302",",,C"," -248",",,C",,,,
"CA002201799","2020-03-06","61.3167","-117.6","162.0","FORT PROVIDENCE, NT CA",,,,,,," -191",",,C"," -297",",,C"," -244",",,C",,,,
"CA002201799","2020-03-07","61.3167","-117.6","162.0","FORT PROVIDENCE, NT CA",,,,,,," -171",",,C"," -346",",,C"," -258",",,C",,,,
"CA002201799","2020-03-08","61.3167","-117.6","162.0","FORT PROVIDENCE, NT CA",,,,,,," -104",",,C"," -242",",,C"," -173",",,C",,,,
"CA002201799","2020-03-09","61.3167","-117.6","162.0","FORT PROVIDENCE, NT CA",,,,,,,"  -52",",,C"," -265",",,C"," -158",",,C",,,,
"CA002201799","2020-03-10","61.3167","-117.6","162.0","FORT PROVIDENCE, NT CA",,,,,,,"  -51",",,C"," -181",",,C"," -116",",,C",,,,
"CA002201799","2020-03-11","61.3167","-117.6","162.0","FORT PROVIDENCE, NT CA",,,,,,," -100",",,C"," -168",",,C"," -134",",,C",,,,
"CA002201799","2020-03-12","61.3167","-117.6","162.0","FORT PROVIDENCE, NT CA",,,,,,," -168",",,C"," -271",",,C"," -219",",,C","   33",",,C","  330",",,C"
"CA002201799","2020-03-13","61.3167","-117.6","162.0","FORT PROVIDENCE, NT CA",,,,,,," -147",",,C"," -329",",,C"," -238",",,C",,,,
"CA002201799","2020-03-14","61.3167","-117.6","162.0","FORT PROVIDENCE, NT CA",,,,,,,"  -54",",,C"," -265",",,C"," -159",",,C",,,,
"CA002201799","2020-03-15","61.3167","-117.6","162.0","FORT PROVIDENCE, NT CA",,,,,,,"    2",",,C","  -95",",,C","  -47",",,C","   31",",,C","  460",",,C"
"CA002201799","2020-03-16","61.3167","-117.6","162.0","FORT PROVIDENCE, NT CA",,,,,,,"  -85",",,C"," -180",",,C"," -132",",,C",,,,
"CA002201799","2020-03-17","61.3167","-117.6","162.0","FORT PROVIDENCE, NT CA",,,,,,,"  -69",",,C"," -222",",,C"," -146",",,C",,,,
"CA002201799","2020-03-18","61.3167","-117.6","162.0","FORT PROVIDENCE, NT CA",,,,,,," -104",",,C"," -245",",,C"," -174",",,C",,,,
"CA002201799","2020-03-19","61.3167","-117.6","162.0","FORT PROVIDENCE, NT CA",,,,,,,"    4",",,C"," -274",",,C"," -135",",,C",,,,
"CA002201799","2020-03-20","61.3167","-117.6","162.0","FORT PROVIDENCE, NT CA",,,,,,,"   44",",,C"," -169",",,C","  -63",",,C",,,,
"CA002201799","2020-03-21","61.3167","-117.6","162.0","FORT PROVIDENCE, NT CA",,,,,,,"   25",",,C","  -30",",,C","   -3",",,C","   31",",,C","  500",",,C"
"CA002201799","2020-03-22","61.3167","-117.6","162.0","FORT PROVIDENCE, NT CA",,,,,,,"   27",",,C"," -134",",,C","  -54",",,C",,,,
"CA002201799","2020-03-23","61.3167","-117.6","162.0","FORT PROVIDENCE, NT CA",,,,,,,"  -31",",,C"," -263",",,C"," -147",",,C","   35",",,C","  450",",,C"
"CA002201799","2020-03-24","61.3167","-117.6","162.0","FORT PROVIDENCE, NT CA",,,,,,,"  -50",",,C"," -293",",,C"," -172",",,C",,,,
"CA002201799","2020-03-25","61.3167","-117.6","162.0","FORT PROVIDENCE, NT CA",,,,,,,"   30",",,C"," -185",",,C","  -77",",,C",,,,
"CA002201799","2020-03-26","61.3167","-117.6","162.0","FORT PROVIDENCE, NT CA",,,,,,,"  -60",",,C"," -159",",,C"," -109",",,C","    2",",,C","  370",",,C"
"CA002201799","2020-03-27","61.3167","-117.6","162.0","FORT PROVIDENCE, NT CA",,,,,,," -132",",,C"," -236",",,C"," -184",",,C","    1",",,C","  380",",,C"
"CA002201799","2020-03-28","61.3167","-117.6","162.0","FORT PROVIDENCE, NT CA",,,,,,," -153",",,C"," -331",",,C"," -242",",,C",,,,
"CA002201799","2020-03-29","61.3167","-117.6","162.0","FORT PROVIDENCE, NT CA",,,,,,," -139",",,C"," -277",",,C"," -208",",,C",,,,
"CA002201799","2020-03-30","61.3167","-117.6","162.0","FORT PROVIDENCE, NT CA",,,,,,," -120",",,C"," -270",",,C"," -195",",,C",,,,
"CA002201799","2020-03-31","61.3167","-117.6","162.0","FORT PROVIDENCE, NT CA",,,,,,,"  -94",",,C"," -288",",,C"," -191",",,C",,,,
"CA002201799","2020-04-01","61.3167","-117.6","162.0","FORT PROVIDENCE, NT CA",,,,,,," -111",",,C"," -258",",,C"," -185",",,C",,,,
"CA002201799","2020-04-02","61.3167","-117.6","162.0","FORT PROVIDENCE, NT CA",,,,,,," -179",",,C"," -250",",,C"," -214",",,C",,,,
"CA002201799","2020-04-03","61.3167","-117.6","162.0","FORT PROVIDENCE, NT CA",,,,,,," -121",",,C"," -204",",,C"," -163",",,C",,,,
"CA002201799","2020-04-04","61.3167","-117.6","162.0","FORT PROVIDENCE, NT CA",,,,,,,"  -75",",,C"," -240",",,C"," -158",",,C",,,,
"CA002201799","2020-04-05","61.3167","-117.6","162.0","FORT PROVIDENCE, NT CA",,,,,,,"  -30",",,C"," -177",",,C"," -104",",,C",,,,
"CA002201799","2020-04-06","61.3167","-117.6","162.0","FORT PROVIDENCE, NT CA",,,,,,,"   21",",,C"," -210",",,C","  -94",",,C","   14",",,C","  390",",,C"
"CA002201799","2020-04-07","61.3167","-117.6","162.0","FORT PROVIDENCE, NT CA",,,,,,,"   -8",",,C"," -111",",,C","  -59",",,C",,,,
"CA002201799","2020-04-08","61.3167","-117.6","162.0","FORT PROVIDENCE, NT CA",,,,,,,"    6",",,C"," -158",",,C","  -76",",,C","   12",",,C","  370",",,C"
"CA002201799","2020-04-09","61.3167","-117.6","162.0","FORT PROVIDENCE, NT CA",,,,,,,"    2",",,C","  -55",",,C","  -27",",,C","   32",",,C","  390",",,C"
"CA002201799","2020-04-10","61.3167","-117.6","162.0","FORT PROVIDENCE, NT CA",,,,,,,"  -16",",,C","  -71",",,C","  -43",",,C","   32",",,C","  430",",,C"
"CA002201799","2020-04-11","61.3167","-117.6","162.0","FORT PROVIDENCE, NT CA",,,,,,,"  -20",",,C"," -176",",,C","  -98",",,C","   34",",,C","  320",",,C"
"CA002201799","2020-04-12","61.3167","-117.6","162.0","FORT PROVIDENCE, NT CA",,,,,,,"   -5",",,C"," -189",",,C","  -97",",,C",,,,
"CA002201799","2020-04-13","61.3167","-117.6","162.0","FORT PROVIDENCE, NT CA",,,,,,,"   63",",,C"," -120",",,C","  -28",",,C",,,,
"CA002201799","2020-04-14","61.3167","-117.6","162.0","FORT PROVIDENCE, NT CA",,,,,,,"   45",",,C","  -39",",,C","    3",",,C","   31",",,C","  340",",,C"
"CA002201799","2020-04-15","61.3167","-117.6","162.0","FORT PROVIDENCE, NT CA",,,,,,,"   69",",,C","  -12",",,C","   28",",,C",,,,
"CA002201799","2020-04-16","61.3167","-117.6","162.0","FORT PROVIDENCE, NT CA",,,,,,,"  124",",,C","  -60",",,C","   32",",,C",,,,
"CA002201799","2020-04-17","61.3167","-117.6","162.0","FORT PROVIDENCE, NT CA",,,,,,,"   62",",,C","  -17",",,C","   23",",,C","   32",",,C","  450",",,C"
"CA002201799","2020-04-18","61.3167","-117.6","162.0","FORT PROVIDENCE, NT CA",,,,,,,"  107",",,C","  -25",",,C","   41",",,C","   32",",,C","  350",",,C"
"CA002201799","2020-04-19","61.3167","-117.6","162.0","FORT PROVIDENCE, NT CA",,,,,,,"   58",",,C","  -25",",,C","   17",",,C",,,,
"CA002201799","2020-04-20","61.3167","-117.6","162.0","FORT PROVIDENCE, NT CA",,,,,,,"   20",",,C","  -45",",,C","  -13",",,C",,,,
"CA002201799","2020-04-21","61.3167","-117.6","162.0","FORT PROVIDENCE, NT CA",,,,,,,"   45",",,C","  -40",",,C","    3",",,C",,,,
"CA002201799","2020-04-22","61.3167","-117.6","162.0","FORT PROVIDENCE, NT CA",,,,,,,"   15",",,C","  -30",",,C","   -7",",,C",,,,
"CA002201799","2020-04-23","61.3167","-117.6","162.0","FORT PROVIDENCE, NT CA",,,,,,,"   25",",,C","  -35",",,C","   -5",",,C",,,,
"CA002201799","2020-04-24","61.3167","-117.6","162.0","FORT PROVIDENCE, NT CA",,,,,,,"    0",",,C","  -58",",,C","  -29",",,C",,,,
"CA002201799","2020-04-25","61.3167","-117.6","162.0","FORT PROVIDENCE, NT CA",,,,,,,"  -49",",,C","  -99",",,C","  -74",",,C",,,,
"CA002201799","2020-04-26","61.3167","-117.6","162.0","FORT PROVIDENCE, NT CA",,,,,,,"  -16",",,C"," -130",",,C","  -73",",,C",,,,
"CA002201799","2020-04-27","61.3167","-117.6","162.0","FORT PROVIDENCE, NT CA",,,,,,,"   96",",,C"," -123",",,C","  -13",",,C",,,,
"CA002201799","2020-04-28","61.3167","-117.6","162.0","FORT PROVIDENCE, NT CA",,,,,,,"  144",",,C","  -19",",,C","   63",",,C","   25",",,C","  350",",,C"
"CA002201799","2020-04-29","61.3167","-117.6","162.0","FORT PROVIDENCE, NT CA",,,,,,,"  154",",,C","   16",",,C","   85",",,C",,,,
"CA002201799","2020-04-30","61.3167","-117.6","162.0","FORT PROVIDENCE, NT CA",,,,,,,"   78",",,C","  -11",",,C","   34",",,C",,,,
"CA002201799","2020-05-01","61.3167","-117.6","162.0","FORT PROVIDENCE, NT CA",,,,,,,"  103",",,C","  -16",",,C","   44",",,C",,,,
"CA002201799","2020-05-02","61.3167","-117.6","162.0","FORT PROVIDENCE, NT CA",,,,,,,"  137",",,C","  -30",",,C","   53",",,C",,,,
"CA002201799","2020-05-03","61.3167","-117.6","162.0","FORT PROVIDENCE, NT CA",,,,,,,"  153",",,C","  -16",",,C","   69",",,C",,,,
"CA002201799","2020-05-04","61.3167","-117.6","162.0","FORT PROVIDENCE, NT CA",,,,,,,"  106",",,C","    5",",,C","   55",",,C","    4",",,C","  310",",,C"
"CA002201799","2020-05-05","61.3167","-117.6","162.0","FORT PROVIDENCE, NT CA",,,,,,,"  134",",,C","  -21",",,C","   57",",,C","   13",",,C","  330",",,C"
"CA002201799","2020-05-06","61.3167","-117.6","162.0","FORT PROVIDENCE, NT CA",,,,,,,"   95",",,C","    1",",,C","   48",",,C",,,,
"CA002201799","2020-05-07","61.3167","-117.6","162.0","FORT PROVIDENCE, NT CA",,,,,,,"  158",",,C","  -25",",,C","   67",",,C",,,,
"CA002201799","2020-05-08","61.3167","-117.6","162.0","FORT PROVIDENCE, NT CA",,,,,,,"   91",",,C","   18",",,C","   54",",,C",,,,
"CA002201799","2020-05-09","61.3167","-117.6","162.0","FORT PROVIDENCE, NT CA",,,,,,,"   69",",,C","  -20",",,C","   25",",,C",,,,
"CA002201799","2020-05-10","61.3167","-117.6","162.0","FORT PROVIDENCE, NT CA",,,,,,,"  109",",,C","  -53",",,C","   28",",,C",,,,
"CA002201799","2020-05-11","61.3167","-117.6","162.0","FORT PROVIDENCE, NT CA",,,,,,,"  168",",,C","  -13",",,C","   77",",,C",,,,
"CA002201799","2020-05-12","61.3167","-117.6","162.0","FORT PROVIDENCE, NT CA",,,,,,,"  158",",,C","   15",",,C","   87",",,C","   34",",,C","  440",",,C"
"CA002201799","2020-05-13","61.3167","-117.6","162.0","FORT PROVIDENCE, NT CA",,,,,,,"   47",",,C","  -58",",,C","   -5",",,C","   31",",,C","  510",",,C"
"CA002201799","2020-05-14","61.3167","-117.6","162.0","FORT PROVIDENCE, NT CA",,,,,,,"   55",",,C","  -72",",,C","   -9",",,C","   30",",,C","  350",",,C"
"CA002201799","2020-05-15","61.3167","-117.6","162.0","FORT PROVIDENCE, NT CA",,,,,,,"   96",",,C","  -29",",,C","   34",",,C","   32",",,C","  320",",,C"
"CA002201799","2020-05-16","61.3167","-117.6","162.0","FORT PROVIDENCE, NT CA",,,,,,,"   80",",,C","   -3",",,C","   38",",,C","   30",",,C","  320",",,C"
"CA002201799","2020-05-17","61.3167","-117.6","162.0","FORT PROVIDENCE, NT CA",,,,,,,"   88",",,C","  -28",",,C","   30",",,C",,,,
"CA002201799","2020-05-18","61.3167","-117.6","162.0","FORT PROVIDENCE, NT CA",,,,,,,"   20",",,C","   -8",",,C","    6",",,C",,,,
"CA002201799","2020-05-19","61.3167","-117.6","162.0","FORT PROVIDENCE, NT CA",,,,,,,"   80",",,C","    5",",,C","   42",",,C",,,,
"CA002201799","2020-05-20","61.3167","-117.6","162.0","FORT PROVIDENCE, NT CA",,,,,,,"  110",",,C","   -1",",,C","   54",",,C",,,,
"CA002201799","2020-05-21","61.3167","-117.6","162.0","FORT PROVIDENCE, NT CA",,,,,,,"  106",",,C","   23",",,C","   65",",,C",,,,
"CA002201799","2020-05-22","61.3167","-117.6","162.0","FORT PROVIDENCE, NT CA",,,,,,,"  144",",,C","   31",",,C","   88",",,C",,,,
"CA002201799","2020-05-23","61.3167","-117.6","162.0","FORT PROVIDENCE, NT CA",,,,,,,"  154",",,C","   32",",,C","   93",",,C",,,,
"CA002201799","2020-05-24","61.3167","-117.6","162.0","FORT PROVIDENCE, NT CA",,,,,,,"  116",",,C","   -8",",,C","   54",",,C",,,,
"CA002201799","2020-05-25","61.3167","-117.6","162.0","FORT PROVIDENCE, NT CA",,,,,,,"   98",",,C","   15",",,C","   56",",,C","   11",",,C","  320",",,C"
"CA002201799","2020-05-26","61.3167","-117.6","162.0","FORT PROVIDENCE, NT CA",,,,,,,"  140",",,C","   14",",,C","   77",",,C",,,,
"CA002201799","2020-05-27","61.3167","-117.6","162.0","FORT PROVIDENCE, NT CA",,,,,,,"  169",",,C","  -20",",,C","   74",",,C","   33",",,C","  310",",,C"
"CA002201799","2020-05-28","61.3167","-117.6","162.0","FORT PROVIDENCE, NT CA",,,,,,,"  180",",,C","    7",",,C","   93",",,C",,,,
"CA002201799","2020-05-29","61.3167","-117.6","162.0","FORT PROVIDENCE, NT CA",,,,,,,"  151",",,C","  -29",",,C","   61",",,C",,,,
"CA002201799","2020-05-30","61.3167","-117.6","162.0","FORT PROVIDENCE, NT CA",,,,,,,"  193",",,C","  -24",",,C","   84",",,C",,,,
"CA002201799","2020-05-31","61.3167","-117.6","162.0","FORT PROVIDENCE, NT CA",,,,,,,"  164",",,C","   56",",,C","  110",",,C","    8",",,C","  340",",,C"
"CA002201799","2020-06-01","61.3167","-117.6","162.0","FORT PROVIDENCE, NT CA",,,,,,,"  130",",,C","   40",",,C","   85",",,C",,,,
