"CHM00050632","2018-06-27","48.767","121.917","739.0","BUGT, CH","    0",",,S",,,,,,,"  164","H,,S"
"CHM00050632","2018-06-28","48.767","121.917","739.0","BUGT, CH","    0",",,S",,,,,,,"  188","H,,S"
"CHM00050632","2018-06-29","48.767","121.917","739.0","BUGT, CH",,,,,,,"   92",",,S","  171","H,,S"
"CHM00050632","2018-06-30","48.767","121.917","739.0","BUGT, CH",,,,,,,"   87",",,S","  187","H,,S"
"CHM00050632","2018-07-01","48.767","121.917","739.0","BUGT, CH","    3",",,S",,,,,"  107",",,S","  216","H,,S"
"CHM00050632","2018-07-02","48.767","121.917","739.0","BUGT, CH",,,,,"  282",",,S","  156",",,S","  231","H,,S"
"CHM00050632","2018-07-03","48.767","121.917","739.0","BUGT, CH","   13",",,S",,,,,,,"  211","H,,S"
"CHM00050632","2018-07-04","48.767","121.917","739.0","BUGT, CH","   89",",,S",,,"  235",",,S","  146",",,S","  186","H,,S"
"CHM00050632","2018-07-05","48.767","121.917","739.0","BUGT, CH","   38",",,S",,,"  197",",,S",,,"  171","H,,S"
"CHM00050632","2018-07-06","48.767","121.917","739.0","BUGT, CH","   36",",,S",,,,,,,"  152","H,,S"
"CHM00050632","2018-07-07","48.767","121.917","739.0","BUGT, CH","  140",",,S",,,,,"  124",",,S","  153","H,,S"
"CHM00050632","2018-07-08","48.767","121.917","739.0","BUGT, CH","    0",",,S",,,,,"  141",",,S","  187","H,,S"
"CHM00050632","2018-07-09","48.767","121.917","739.0","BUGT, CH","    0",",,S",,,,,,,"  160","H,,S"
"CHM00050632","2018-07-10","48.767","121.917","739.0","BUGT, CH",,,,,,,"   68",",,S","  171","H,,S"
"CHM00050632","2018-07-11","48.767","121.917","739.0","BUGT, CH","  114",",,S",,,,,"  112",",,S","  205","H,,S"
"CHM00050632","2018-07-12","48.767","121.917","739.0","BUGT, CH","   20",",,S",,,,,,,"  192","H,,S"
"CHM00050632","2018-07-13","48.767","121.917","739.0","BUGT, CH","   18",",,S",,,,,,,"  167","H,,S"
"CHM00050632","2018-07-14","48.767","121.917","739.0","BUGT, CH","    0",",,S",,,,,"   82",",,S","  184","H,,S"
"CHM00050632","2018-07-15","48.767","121.917","739.0","BUGT, CH",,,,,,,"  128",",,S","  202","H,,S"
"CHM00050632","2018-07-16","48.767","121.917","739.0","BUGT, CH","    8",",,S",,,,,"  126",",,S","  184","H,,S"
"CHM00050632","2018-07-17","48.767","121.917","739.0","BUGT, CH","   48",",,S",,,,,"  166",",,S","  227","H,,S"
"CHM00050632","2018-07-18","48.767","121.917","739.0","BUGT, CH",,,,,,,,,"  207","H,,S"
"CHM00050632","2018-07-19","48.767","121.917","739.0","BUGT, CH",,,,,,,"  167",",,S","  237","H,,S"
"CHM00050632","2018-07-20","48.767","121.917","739.0","BUGT, CH",,,,,,,"  170",",,S","  238","H,,S"
"CHM00050632","2018-07-21","48.767","121.917","739.0","BUGT, CH","  132",",,S",,,,,,,"  207","H,,S"
"CHM00050632","2018-07-22","48.767","121.917","739.0","BUGT, CH",,,,,,,,,"  205","H,,S"
"CHM00050632","2018-07-23","48.767","121.917","739.0","BUGT, CH",,,,,,,"  123",",,S","  192","H,,S"
"CHM00050632","2018-07-24","48.767","121.917","739.0","BUGT, CH","  251",",,S",,,,,"  125",",,S","  161","H,,S"
"CHM00050632","2018-07-25","48.767","121.917","739.0","BUGT, CH",,,,,,,,,"  168","H,,S"
"CHM00050632","2018-07-26","48.767","121.917","739.0","BUGT, CH",,,,,,,"   91",",,S","  188","H,,S"
"CHM00050632","2018-07-27","48.767","121.917","739.0","BUGT, CH",,,,,,,"  105",",,S","  209","H,,S"
"CHM00050632","2018-07-28","48.767","121.917","739.0","BUGT, CH",,,,,,,"  134",",,S","  229","H,,S"
"CHM00050632","2018-07-29","48.767","121.917","739.0","BUGT, CH","   28",",,S",,,,,,,"  191","H,,S"
"CHM00050632","2018-07-30","48.767","121.917","739.0","BUGT, CH",,,,,,,"  151",",,S","  206","H,,S"
"CHM00050632","2018-07-31","48.767","121.917","739.0","BUGT, CH",,,,,,,,,"  193","H,,S"
"CHM00050632","2018-08-01","48.767","121.917","739.0","BUGT, CH",,,,,,,"  117",",,S","  201","H,,S"
"CHM00050632","2018-08-02","48.767","121.917","739.0","BUGT, CH","  526",",,S",,,,,"  148",",,S","  207","H,,S"
"CHM00050632","2018-08-03","48.767","121.917","739.0","BUGT, CH","  185",",,S",,,,,,,"  166","H,,S"
"CHM00050632","2018-08-04","48.767","121.917","739.0","BUGT, CH","    0",",,S",,,,,,,"  162","H,,S"
"CHM00050632","2018-08-05","48.767","121.917","739.0","BUGT, CH","    0",",,S",,,,,,,"  175","H,,S"
"CHM00050632","2018-08-06","48.767","121.917","739.0","BUGT, CH",,,,,,,"  123",",,S","  183","H,,S"
"CHM00050632","2018-08-07","48.767","121.917","739.0","BUGT, CH",,,,,,,,,"  180","H,,S"
"CHM00050632","2018-08-08","48.767","121.917","739.0","BUGT, CH",,,,,,,"  122",",,S","  198","H,,S"
"CHM00050632","2018-08-09","48.767","121.917","739.0","BUGT, CH","    0",",,S",,,,,"  127",",,S","  192","H,,S"
"CHM00050632","2018-08-10","48.767","121.917","739.0","BUGT, CH",,,,,,,"  124",",,S","  182","H,,S"
"CHM00050632","2018-08-11","48.767","121.917","739.0","BUGT, CH","   99",",,S",,,,,,,"  143","H,,S"
"CHM00050632","2018-08-12","48.767","121.917","739.0","BUGT, CH","    0",",,S",,,,,,,"  163","H,,S"
"CHM00050632","2018-08-13","48.767","121.917","739.0","BUGT, CH","   15",",,S",,,,,"  125",",,S","  165","H,,S"
"CHM00050632","2018-08-14","48.767","121.917","739.0","BUGT, CH","    3",",,S",,,,,,,"  158","H,,S"
"CHM00050632","2018-08-15","48.767","121.917","739.0","BUGT, CH","    0",",,S",,,,,"  100",",,S","  166","H,,S"
"CHM00050632","2018-08-16","48.767","121.917","739.0","BUGT, CH","    3",",,S",,,,,"  105",",,S","  167","H,,S"
"CHM00050632","2018-08-17","48.767","121.917","739.0","BUGT, CH","   56",",,S",,,,,,,"  136","H,,S"
"CHM00050632","2018-08-18","48.767","121.917","739.0","BUGT, CH","    8",",,S",,,,,"   69",",,S","  141","H,,S"
"CHM00050632","2018-08-19","48.767","121.917","739.0","BUGT, CH",,,,,,,"   73",",,S","  185","H,,S"
"CHM00050632","2018-08-20","48.767","121.917","739.0","BUGT, CH","   13",",,S",,,,,"  130",",,S","  170","H,,S"
"CHM00050632","2018-08-21","48.767","121.917","739.0","BUGT, CH",,,,,,,,,"  162","H,,S"
"CHM00050632","2018-08-22","48.767","121.917","739.0","BUGT, CH",,,,,,,,,"  164","H,,S"
"CHM00050632","2018-08-23","48.767","121.917","739.0","BUGT, CH",,,,,,,"   86",",,S","  172","H,,S"
"CHM00050632","2018-08-24","48.767","121.917","739.0","BUGT, CH",,,,,,,"   91",",,S","  187","H,,S"
"CHM00050632","2018-08-25","48.767","121.917","739.0","BUGT, CH",,,,,,,,,"  162","H,,S"
"CHM00050632","2018-08-26","48.767","121.917","739.0","BUGT, CH",,,,,,,,,"  168","H,,S"
"CHM00050632","2018-08-27","48.767","121.917","739.0","BUGT, CH","  282",",,S",,,,,"  109",",,S","  170","H,,S"
"CHM00050632","2018-08-28","48.767","121.917","739.0","BUGT, CH","  114",",,S",,,,,"  114",",,S","  155","H,,S"
"CHM00050632","2018-08-29","48.767","121.917","739.0","BUGT, CH","  102",",,S",,,,,"  129",",,S","  155","H,,S"
"CHM00050632","2018-08-30","48.767","121.917","739.0","BUGT, CH","   64",",,S",,,,,,,"  147","H,,S"
"CHM00050632","2018-08-31","48.767","121.917","739.0","BUGT, CH","    0",",,S",,,,,"   73",",,S","  157","H,,S"
"CHM00050632","2018-09-01","48.767","121.917","739.0","BUGT, CH",,,,,,,"   79",",,S","  156","H,,S"
"CHM00050632","2018-09-02","48.767","121.917","739.0","BUGT, CH","  404",",,S",,,,,"  104",",,S","  140","H,,S"
"CHM00050632","2018-09-03","48.767","121.917","739.0","BUGT, CH","  155",",,S",,,,,,,"  146","H,,S"
"CHM00050632","2018-09-04","48.767","121.917","739.0","BUGT, CH","  107",",,S",,,,,,,"  121","H,,S"
"CHM00050632","2018-09-05","48.767","121.917","739.0","BUGT, CH","   84",",,S",,,,,,,"  102","H,,S"
"CHM00050632","2018-09-06","48.767","121.917","739.0","BUGT, CH","    0",",,S",,,,,"   56",",,S","   99","H,,S"
"CHM00050632","2018-09-07","48.767","121.917","739.0","BUGT, CH","    8",",,S",,,,,,,"   69","H,,S"
"CHM00050632","2018-09-08","48.767","121.917","739.0","BUGT, CH",,,,,,,,,"   30","H,,S"
"CHM00050632","2018-09-09","48.767","121.917","739.0","BUGT, CH",,,,,,,"  -59",",,S","   52","H,,S"
"CHM00050632","2018-09-10","48.767","121.917","739.0","BUGT, CH",,,,,,,"  -16",",,S","  106","H,,S"
"CHM00050632","2018-09-11","48.767","121.917","739.0","BUGT, CH","   46",",,S",,,,,"   46",",,S","  138","H,,S"
"CHM00050632","2018-09-12","48.767","121.917","739.0","BUGT, CH",,,,,,,,,"  113","H,,S"
"CHM00050632","2018-09-13","48.767","121.917","739.0","BUGT, CH",,,,,,,,,"  119","H,,S"
"CHM00050632","2018-09-14","48.767","121.917","739.0","BUGT, CH","   91",",,S",,,,,"   24",",,S","  113","H,,S"
"CHM00050632","2018-09-15","48.767","121.917","739.0","BUGT, CH",,,,,,,"   25",",,S","  105","H,,S"
"CHM00050632","2018-09-16","48.767","121.917","739.0","BUGT, CH",,,,,"  160",",,S",,,"  102","H,,S"
"CHM00050632","2018-09-19","48.767","121.917","739.0","BUGT, CH",,,,,,,"   11",",,S","  114","H,,S"
"CHM00050632","2018-09-20","48.767","121.917","739.0","BUGT, CH","   69",",,S",,,"  190",",,S",,,"  101","H,,S"
"CHM00050632","2018-09-21","48.767","121.917","739.0","BUGT, CH",,,,,,,"    0",",,S","   74","H,,S"
"CHM00050632","2018-09-22","48.767","121.917","739.0","BUGT, CH","   36",",,S",,,"  115",",,S","   30",",,S","   64","H,,S"
"CHM00050632","2018-09-23","48.767","121.917","739.0","BUGT, CH","   10",",,S",,,,,,,"   64","H,,S"
"CHM00050632","2018-09-25","48.767","121.917","739.0","BUGT, CH",,,,,,,,,"   88","H,,S"
"CHM00050632","2018-09-26","48.767","121.917","739.0","BUGT, CH",,,,,"  199",",,S","  -10",",,S","   94","H,,S"
"CHM00050632","2018-09-27","48.767","121.917","739.0","BUGT, CH",,,,,"  188",",,S","  -10",",,S","  124","H,,S"
"CHM00050632","2018-09-28","48.767","121.917","739.0","BUGT, CH","  157",",,S",,,,,,,"   89","H,,S"
"CHM00050632","2018-09-29","48.767","121.917","739.0","BUGT, CH","   30",",,S",,,"  105",",,S","   61",",,S","   90","H,,S"
"CHM00050632","2018-09-30","48.767","121.917","739.0","BUGT, CH",,,,,,,,,"   78","H,,S"
"CHM00050632","2018-10-01","48.767","121.917","739.0","BUGT, CH",,,,,,,"   -2",",,S","  106","H,,S"
"CHM00050632","2018-10-02","48.767","121.917","739.0","BUGT, CH",,,,,,,,,"   78","H,,S"
"CHM00050632","2018-10-03","48.767","121.917","739.0","BUGT, CH",,,,,"  217",",,S","  -22",",,S","  101","H,,S"
"CHM00050632","2018-10-04","48.767","121.917","739.0","BUGT, CH",,,,,,,"    3",",,S","  117","H,,S"
"CHM00050632","2018-10-05","48.767","121.917","739.0","BUGT, CH",,,,,,,,,"  101","H,,S"
"CHM00050632","2018-10-06","48.767","121.917","739.0","BUGT, CH",,,,,,,"  -37",",,S","   29","H,,S"
"CHM00050632","2018-10-07","48.767","121.917","739.0","BUGT, CH","    5",",,S",,,"   40",",,S","  -28",",,S","    3","H,,S"
"CHM00050632","2018-10-08","48.767","121.917","739.0","BUGT, CH",,,,,,,"  -26",",,S","   13","H,,S"
"CHM00050632","2018-10-09","48.767","121.917","739.0","BUGT, CH",,,,,,,"  -25",",,S","   11","H,,S"
"CHM00050632","2018-10-10","48.767","121.917","739.0","BUGT, CH",,,,,,,"  -24",",,S","   29","H,,S"
"CHM00050632","2018-10-11","48.767","121.917","739.0","BUGT, CH",,,,,,,"  -14",",,S","   70","H,,S"
"CHM00050632","2018-10-12","48.767","121.917","739.0","BUGT, CH",,,,,,,,,"   74","H,,S"
"CHM00050632","2018-10-13","48.767","121.917","739.0","BUGT, CH",,,,,,,"  -22",",,S","   64","H,,S"
"CHM00050632","2018-10-14","48.767","121.917","739.0","BUGT, CH",,,,,,,,,"   32","H,,S"
"CHM00050632","2018-10-15","48.767","121.917","739.0","BUGT, CH",,,,,,,,,"   -5","H,,S"
"CHM00050632","2018-10-16","48.767","121.917","739.0","BUGT, CH",,,,,,,"  -61",",,S","   11","H,,S"
"CHM00050632","2018-10-17","48.767","121.917","739.0","BUGT, CH",,,,,,,"  -57",",,S","   36","H,,S"
"CHM00050632","2018-10-18","48.767","121.917","739.0","BUGT, CH",,,,,"  144",",,S","  -23",",,S","   66","H,,S"
"CHM00050632","2018-10-19","48.767","121.917","739.0","BUGT, CH",,,,,,,"   16",",,S","  101","H,,S"
"CHM00050632","2018-10-20","48.767","121.917","739.0","BUGT, CH",,,,,"  176",",,S",,,"   57","H,,S"
"CHM00050632","2018-10-21","48.767","121.917","739.0","BUGT, CH",,,,,,,"  -48",",,S","   62","H,,S"
"CHM00050632","2018-10-22","48.767","121.917","739.0","BUGT, CH","    0",",,S",,,,,,,"   57","H,,S"
"CHM00050632","2018-10-23","48.767","121.917","739.0","BUGT, CH",,,,,,,"  -18",",,S","   17","H,,S"
"CHM00050632","2018-10-24","48.767","121.917","739.0","BUGT, CH",,,,,,,,,"   14","H,,S"
"CHM00050632","2018-10-25","48.767","121.917","739.0","BUGT, CH","   48",",,S",,,,,"  -86",",,S","    3","H,,S"
"CHM00050632","2018-10-26","48.767","121.917","739.0","BUGT, CH","   38",",,S",,,,,,,"  -21","H,,S"
"CHM00050632","2018-10-27","48.767","121.917","739.0","BUGT, CH","    0",",,S",,,,,"  -65",",,S","  -47","H,,S"
"CHM00050632","2018-10-28","48.767","121.917","739.0","BUGT, CH","    0",",,S","   30",",,S",,,"  -60",",,S","  -44","H,,S"
"CHM00050632","2018-10-29","48.767","121.917","739.0","BUGT, CH",,,"   10",",,S",,,"  -50",",,S","  -20","H,,S"
"CHM00050632","2018-10-30","48.767","121.917","739.0","BUGT, CH","  399",",,S",,,,,"  -53",",,S","   -1","H,,S"
"CHM00050632","2018-10-31","48.767","121.917","739.0","BUGT, CH","    0",",,S",,,,,"  -18",",,S","   13","H,,S"
"CHM00050632","2018-11-01","48.767","121.917","739.0","BUGT, CH","  201",",,S",,,,,,,"   16","H,,S"
"CHM00050632","2018-11-02","48.767","121.917","739.0","BUGT, CH","    0",",,S",,,,,"  -70",",,S","   41","H,,S"
"CHM00050632","2018-11-03","48.767","121.917","739.0","BUGT, CH",,,,,,,,,"  -47","H,,S"
"CHM00050632","2018-11-04","48.767","121.917","739.0","BUGT, CH",,,,,,,,," -110","H,,S"
"CHM00050632","2018-11-05","48.767","121.917","739.0","BUGT, CH",,,,,,," -173",",,S","  -68","H,,S"
"CHM00050632","2018-11-06","48.767","121.917","739.0","BUGT, CH",,,,,,,,,"  -70","H,,S"
"CHM00050632","2018-11-07","48.767","121.917","739.0","BUGT, CH",,,,,,," -151",",,S","  -64","H,,S"
"CHM00050632","2018-11-08","48.767","121.917","739.0","BUGT, CH",,,,,,," -133",",,S","  -47","H,,S"
"CHM00050632","2018-11-09","48.767","121.917","739.0","BUGT, CH",,,,,,," -114",",,S","  -35","H,,S"
"CHM00050632","2018-11-10","48.767","121.917","739.0","BUGT, CH",,,,,,,,,"  -70","H,,S"
"CHM00050632","2018-11-11","48.767","121.917","739.0","BUGT, CH",,,,,,," -135",",,S","  -63","H,,S"
"CHM00050632","2018-11-12","48.767","121.917","739.0","BUGT, CH",,,,,,," -133",",,S","  -60","H,,S"
"CHM00050632","2018-11-13","48.767","121.917","739.0","BUGT, CH",,,,,,," -131",",,S","  -50","H,,S"
"CHM00050632","2018-11-14","48.767","121.917","739.0","BUGT, CH",,,,,,,,,"  -72","H,,S"
"CHM00050632","2018-11-15","48.767","121.917","739.0","BUGT, CH",,,,,,,,," -124","H,,S"
"CHM00050632","2018-11-16","48.767","121.917","739.0","BUGT, CH",,,,,,," -167",",,S"," -101","H,,S"
"CHM00050632","2018-11-23","48.767","121.917","739.0","BUGT, CH",,,,,,," -166",",,S"," -107","H,,S"
"CHM00050632","2018-11-24","48.767","121.917","739.0","BUGT, CH",,,,,,," -145",",,S","  -83","H,,S"
"CHM00050632","2018-11-25","48.767","121.917","739.0","BUGT, CH",,,,,,," -124",",,S","  -55","H,,S"
"CHM00050632","2018-11-26","48.767","121.917","739.0","BUGT, CH",,,,,,,,,"  -78","H,,S"
"CHM00050632","2018-11-27","48.767","121.917","739.0","BUGT, CH","   10",",,S",,,,,,," -139","H,,S"
"CHM00050632","2018-11-28","48.767","121.917","739.0","BUGT, CH",,,"   20",",,S",,,,," -179","H,,S"
"CHM00050632","2018-11-29","48.767","121.917","739.0","BUGT, CH",,,,,,,,," -182","H,,S"
"CHM00050632","2018-11-30","48.767","121.917","739.0","BUGT, CH","    0",",,S",,,,," -230",",,S"," -159","H,,S"
"CHM00050632","2018-12-01","48.767","121.917","739.0","BUGT, CH",,,"   20",",,S",,," -211",",,S"," -135","H,,S"
"CHM00050632","2018-12-02","48.767","121.917","739.0","BUGT, CH","    0",",,S",,,,," -163",",,S","  -59","H,,S"
"CHM00050632","2018-12-03","48.767","121.917","739.0","BUGT, CH","   99",",K,S",,,,,,," -176","H,,S"
"CHM00050632","2018-12-04","48.767","121.917","739.0","BUGT, CH","   99",",K,S",,,,,,," -219","H,,S"
"CHM00050632","2018-12-05","48.767","121.917","739.0","BUGT, CH","   99",",K,S",,,,,,," -230","H,,S"
"CHM00050632","2018-12-06","48.767","121.917","739.0","BUGT, CH","   99",",K,S",,,,," -280",",,S"," -259","H,,S"
"CHM00050632","2018-12-07","48.767","121.917","739.0","BUGT, CH","   99",",K,S",,,,," -290",",,S"," -254","H,,S"
"CHM00050632","2018-12-08","48.767","121.917","739.0","BUGT, CH","   99",",K,S",,,,," -267",",,S"," -221","H,,S"
"CHM00050632","2018-12-09","48.767","121.917","739.0","BUGT, CH","   99",",K,S",,,,," -237",",,S"," -199","H,,S"
"CHM00050632","2018-12-10","48.767","121.917","739.0","BUGT, CH","   99",",K,S",,,,," -225",",,S"," -194","H,,S"
"CHM00050632","2018-12-11","48.767","121.917","739.0","BUGT, CH","   99",",K,S",,,,,,," -198","H,,S"
"CHM00050632","2018-12-12","48.767","121.917","739.0","BUGT, CH","    5",",,S",,,,," -249",",,S"," -192","H,,S"
"CHM00050632","2018-12-13","48.767","121.917","739.0","BUGT, CH","    5",",,S","   20",",,S",,," -228",",,S"," -199","H,,S"
"CHM00050632","2018-12-14","48.767","121.917","739.0","BUGT, CH","  201",",K,S",,,,,,," -162","H,,S"
"CHM00050632","2018-12-15","48.767","121.917","739.0","BUGT, CH","  201",",K,S",,,,," -226",",,S"," -132","H,,S"
"CHM00050632","2018-12-16","48.767","121.917","739.0","BUGT, CH","  201",",K,S",,,,," -151",",,S"," -116","H,,S"
"CHM00050632","2018-12-17","48.767","121.917","739.0","BUGT, CH","  201",",K,S",,,,,,," -142","H,,S"
"CHM00050632","2018-12-18","48.767","121.917","739.0","BUGT, CH","  201",",K,S",,,,," -200",",,S"," -121","H,,S"
"CHM00050632","2018-12-19","48.767","121.917","739.0","BUGT, CH","  201",",K,S",,,,," -164",",,S"," -108","H,,S"
"CHM00050632","2018-12-20","48.767","121.917","739.0","BUGT, CH","  201",",K,S",,,,,,," -128","H,,S"
"CHM00050632","2018-12-21","48.767","121.917","739.0","BUGT, CH","  201",",K,S",,,,," -191",",,S"," -117","H,,S"
"CHM00050632","2018-12-22","48.767","121.917","739.0","BUGT, CH","  201",",K,S",,,,,,," -176","H,,S"
"CHM00050632","2018-12-23","48.767","121.917","739.0","BUGT, CH","   99",",K,S",,,,,,," -196","H,,S"
"CHM00050632","2018-12-24","48.767","121.917","739.0","BUGT, CH","   99",",K,S",,,,," -254",",,S"," -171","H,,S"
"CHM00050632","2018-12-25","48.767","121.917","739.0","BUGT, CH","   99",",K,S",,,,,,," -245","H,,S"
"CHM00050632","2018-12-26","48.767","121.917","739.0","BUGT, CH","   99",",K,S",,,,," -282",",,S"," -267","H,,S"
"CHM00050632","2018-12-27","48.767","121.917","739.0","BUGT, CH","    0",",,S",,,,," -276",",,S"," -241","H,,S"
"CHM00050632","2018-12-28","48.767","121.917","739.0","BUGT, CH","   99",",K,S",,,,," -256",",,S"," -228","H,,S"
"CHM00050632","2018-12-29","48.767","121.917","739.0","BUGT, CH","   99",",K,S",,,,,,," -225","H,,S"
"CHM00050632","2018-12-30","48.767","121.917","739.0","BUGT, CH","   99",",K,S",,,,," -254",",,S"," -216","H,,S"
"CHM00050632","2018-12-31","48.767","121.917","739.0","BUGT, CH","   99",",K,S",,,,," -245",",,S"," -216","H,,S"
"CHM00050632","2019-01-01","48.767","121.917","739.0","BUGT, CH","   99",",K,S",,,,," -232",",,S"," -199","H,,S"
"CHM00050632","2019-01-02","48.767","121.917","739.0","BUGT, CH","   99",",K,S",,,,," -242",",,S"," -184","H,,S"
"CHM00050632","2019-01-03","48.767","121.917","739.0","BUGT, CH","    0",",,S",,,,," -228",",,S"," -166","H,,S"
"CHM00050632","2019-01-04","48.767","121.917","739.0","BUGT, CH",,,,,,,,," -203","H,,S"
"CHM00050632","2019-01-05","48.767","121.917","739.0","BUGT, CH","    0",",,S",,,,," -219",",,S"," -199","H,,S"
"CHM00050632","2019-01-06","48.767","121.917","739.0","BUGT, CH","    0",",,S",,,,," -229",",,S"," -190","H,,S"
"CHM00050632","2019-01-07","48.767","121.917","739.0","BUGT, CH","    0",",,S",,,,,,," -204","H,,S"
"CHM00050632","2019-01-08","48.767","121.917","739.0","BUGT, CH","    0",",,S",,,,," -241",",,S"," -160","H,,S"
"CHM00050632","2019-01-09","48.767","121.917","739.0","BUGT, CH","    0",",,S",,,,," -181",",,S"," -115","H,,S"
"CHM00050632","2019-01-10","48.767","121.917","739.0","BUGT, CH","    0",",,S",,,,,,," -148","H,,S"
"CHM00050632","2019-01-11","48.767","121.917","739.0","BUGT, CH",,,,,,," -217",",,S"," -141","H,,S"
"CHM00050632","2019-01-12","48.767","121.917","739.0","BUGT, CH",,,,,,," -204",",,S"," -140","H,,S"
"CHM00050632","2019-01-13","48.767","121.917","739.0","BUGT, CH",,,,,,,,," -151","H,,S"
"CHM00050632","2019-01-14","48.767","121.917","739.0","BUGT, CH",,,,,,,,," -179","H,,S"
"CHM00050632","2019-01-15","48.767","121.917","739.0","BUGT, CH",,,,,,," -238",",,S"," -190","H,,S"
"CHM00050632","2019-01-16","48.767","121.917","739.0","BUGT, CH",,,,,,,,," -201","H,,S"
"CHM00050632","2019-01-17","48.767","121.917","739.0","BUGT, CH",,,,,,," -252",",,S"," -206","H,,S"
"CHM00050632","2019-01-18","48.767","121.917","739.0","BUGT, CH",,,,,,," -238",",,S"," -152","H,,S"
"CHM00050632","2019-01-19","48.767","121.917","739.0","BUGT, CH",,,,,,,,," -170","H,,S"
"CHM00050632","2019-01-20","48.767","121.917","739.0","BUGT, CH",,,,,,," -197",",,S"," -140","H,,S"
"CHM00050632","2019-01-21","48.767","121.917","739.0","BUGT, CH",,,,,,," -152",",,S"," -103","H,,S"
"CHM00050632","2019-01-22","48.767","121.917","739.0","BUGT, CH",,,,,,,,," -120","H,,S"
"CHM00050632","2019-01-23","48.767","121.917","739.0","BUGT, CH",,,,,,," -179",",,S"," -150","H,,S"
"CHM00050632","2019-01-24","48.767","121.917","739.0","BUGT, CH",,,,,,,,," -159","H,,S"
"CHM00050632","2019-01-25","48.767","121.917","739.0","BUGT, CH",,,,,,," -188",",,S"," -145","H,,S"
"CHM00050632","2019-01-26","48.767","121.917","739.0","BUGT, CH",,,,,,," -165",",,S"," -104","H,,S"
"CHM00050632","2019-01-27","48.767","121.917","739.0","BUGT, CH",,,,,,," -169",",,S"," -131","H,,S"
"CHM00050632","2019-01-28","48.767","121.917","739.0","BUGT, CH",,,,,,,,," -156","H,,S"
"CHM00050632","2019-01-29","48.767","121.917","739.0","BUGT, CH","    0",",,S",,,,," -224",",,S"," -136","H,,S"
"CHM00050632","2019-01-30","48.767","121.917","739.0","BUGT, CH","    0",",,S",,,,," -223",",,S"," -206","H,,S"
"CHM00050632","2019-01-31","48.767","121.917","739.0","BUGT, CH","    0",",,S",,,,," -249",",,S"," -166","H,,S"
"CHM00050632","2019-02-01","48.767","121.917","739.0","BUGT, CH",,,,,,," -218",",,S"," -162","H,,S"
"CHM00050632","2019-02-02","48.767","121.917","739.0","BUGT, CH",,,,,,," -218",",,S"," -149","H,,S"
"CHM00050632","2019-02-03","48.767","121.917","739.0","BUGT, CH",,,,,,,,," -244","H,,S"
"CHM00050632","2019-02-04","48.767","121.917","739.0","BUGT, CH",,,,,,,,," -248","H,,S"
"CHM00050632","2019-02-05","48.767","121.917","739.0","BUGT, CH",,,,,,,,," -279","H,,S"
"CHM00050632","2019-02-06","48.767","121.917","739.0","BUGT, CH",,,,,,," -319",",,S"," -280","H,,S"
"CHM00050632","2019-02-07","48.767","121.917","739.0","BUGT, CH",,,,,,," -298",",,S"," -245","H,,S"
"CHM00050632","2019-02-08","48.767","121.917","739.0","BUGT, CH",,,,,,," -254",",,S"," -208","H,,S"
"CHM00050632","2019-02-09","48.767","121.917","739.0","BUGT, CH",,,,,,,,," -202","H,,S"
"CHM00050632","2019-02-10","48.767","121.917","739.0","BUGT, CH",,,,,,," -249",",,S"," -208","H,,S"
"CHM00050632","2019-02-11","48.767","121.917","739.0","BUGT, CH",,,,,,," -269",",,S"," -209","H,,S"
"CHM00050632","2019-02-12","48.767","121.917","739.0","BUGT, CH",,,,,,," -233",",,S"," -191","H,,S"
"CHM00050632","2019-02-13","48.767","121.917","739.0","BUGT, CH",,,,,,," -223",",,S"," -164","H,,S"
"CHM00050632","2019-02-14","48.767","121.917","739.0","BUGT, CH",,,,,,,,," -150","H,,S"
"CHM00050632","2019-02-15","48.767","121.917","739.0","BUGT, CH",,,,,,," -218",",,S"," -149","H,,S"
"CHM00050632","2019-02-16","48.767","121.917","739.0","BUGT, CH",,,,,,," -181",",,S"," -109","H,,S"
"CHM00050632","2019-02-17","48.767","121.917","739.0","BUGT, CH",,,,,,," -136",",,S","  -78","H,,S"
"CHM00050632","2019-02-18","48.767","121.917","739.0","BUGT, CH",,,,,,,,,"  -72","H,,S"
"CHM00050632","2019-02-19","48.767","121.917","739.0","BUGT, CH",,,,,,," -130",",,S","  -83","H,,S"
"CHM00050632","2019-02-20","48.767","121.917","739.0","BUGT, CH",,,,,,," -136",",,S","  -56","H,,S"
"CHM00050632","2019-02-21","48.767","121.917","739.0","BUGT, CH",,,,,,," -126",",,S","  -53","H,,S"
"CHM00050632","2019-02-22","48.767","121.917","739.0","BUGT, CH",,,,,,," -107",",,S","  -39","H,,S"
"CHM00050632","2019-02-23","48.767","121.917","739.0","BUGT, CH",,,,,,," -101",",,S","  -23","H,,S"
"CHM00050632","2019-02-24","48.767","121.917","739.0","BUGT, CH",,,,,,,,,"  -88","H,,S"
"CHM00050632","2019-02-25","48.767","121.917","739.0","BUGT, CH",,,,,,,,," -100","H,,S"
"CHM00050632","2019-02-26","48.767","121.917","739.0","BUGT, CH",,,,,,," -184",",,S","  -74","H,,S"
"CHM00050632","2019-02-27","48.767","121.917","739.0","BUGT, CH",,,,,,," -144",",,S","  -32","H,,S"
"CHM00050632","2019-02-28","48.767","121.917","739.0","BUGT, CH",,,,,,,,,"  -52","H,,S"
"CHM00050632","2019-03-01","48.767","121.917","739.0","BUGT, CH",,,,,,," -141",",,S","  -47","H,,S"
"CHM00050632","2019-03-02","48.767","121.917","739.0","BUGT, CH",,,,,,," -126",",,S","  -33","H,,S"
"CHM00050632","2019-03-03","48.767","121.917","739.0","BUGT, CH",,,,,,," -114",",,S","  -29","H,,S"
"CHM00050632","2019-03-04","48.767","121.917","739.0","BUGT, CH",,,,,,," -109",",,S","  -11","H,,S"
"CHM00050632","2019-03-05","48.767","121.917","739.0","BUGT, CH",,,,,,,,,"  -72","H,,S"
"CHM00050632","2019-03-06","48.767","121.917","739.0","BUGT, CH",,,,,,," -144",",,S","  -44","H,,S"
"CHM00050632","2019-03-07","48.767","121.917","739.0","BUGT, CH",,,,,,," -113",",,S","  -25","H,,S"
"CHM00050632","2019-03-08","48.767","121.917","739.0","BUGT, CH",,,,,,,"  -97",",,S","   -8","H,,S"
"CHM00050632","2019-03-09","48.767","121.917","739.0","BUGT, CH",,,,,,,"  -91",",,S","  -40","H,,S"
"CHM00050632","2019-03-10","48.767","121.917","739.0","BUGT, CH",,,,,,,"  -73",",,S","  -13","H,,S"
"CHM00050632","2019-03-11","48.767","121.917","739.0","BUGT, CH",,,,,,,,,"  -76","H,,S"
"CHM00050632","2019-03-12","48.767","121.917","739.0","BUGT, CH",,,,,,," -152",",,S","  -89","H,,S"
"CHM00050632","2019-03-13","48.767","121.917","739.0","BUGT, CH",,,,,"  -16",",,S"," -137",",,S","  -78","H,,S"
"CHM00050632","2019-03-14","48.767","121.917","739.0","BUGT, CH",,,,,,,,,"  -76","H,,S"
"CHM00050632","2019-03-15","48.767","121.917","739.0","BUGT, CH",,,,,,," -141",",,S","  -68","H,,S"
"CHM00050632","2019-03-16","48.767","121.917","739.0","BUGT, CH",,,,,,,,,"  -33","H,,S"
"CHM00050632","2019-03-17","48.767","121.917","739.0","BUGT, CH",,,,,,,"  -77",",,S","   29","H,,S"
"CHM00050632","2019-03-18","48.767","121.917","739.0","BUGT, CH",,,,,,,"  -49",",,S","   27","H,,S"
"CHM00050632","2019-03-19","48.767","121.917","739.0","BUGT, CH",,,,,,,,,"  -20","H,,S"
"CHM00050632","2019-03-20","48.767","121.917","739.0","BUGT, CH",,,,,,,,,"  -68","H,,S"
"CHM00050632","2019-03-21","48.767","121.917","739.0","BUGT, CH",,,,,"  -14",",,S",,,"  -79","H,,S"
"CHM00050632","2019-03-22","48.767","121.917","739.0","BUGT, CH",,,,,,," -157",",,S","  -78","H,,S"
"CHM00050632","2019-03-23","48.767","121.917","739.0","BUGT, CH",,,,,,," -153",",,S","  -29","H,,S"
"CHM00050632","2019-03-24","48.767","121.917","739.0","BUGT, CH",,,,,,,"  -97",",,S","  -18","H,,S"
"CHM00050632","2019-03-25","48.767","121.917","739.0","BUGT, CH","    3",",,S",,,,,,,"  -71","H,,S"
"CHM00050632","2019-03-26","48.767","121.917","739.0","BUGT, CH","    0",",,S",,,,,,,"  -81","H,,S"
"CHM00050632","2019-03-27","48.767","121.917","739.0","BUGT, CH","    0",",,S",,,,," -160",",,S","  -68","H,,S"
"CHM00050632","2019-03-28","48.767","121.917","739.0","BUGT, CH",,,,,,," -160",",,S","  -52","H,,S"
"CHM00050632","2019-03-29","48.767","121.917","739.0","BUGT, CH","    0",",,S",,,,,,,"  -77","H,,S"
"CHM00050632","2019-03-30","48.767","121.917","739.0","BUGT, CH",,,,,,," -146",",,S","  -67","H,,S"
"CHM00050632","2019-03-31","48.767","121.917","739.0","BUGT, CH",,,,,,," -136",",,S","  -51","H,,S"
"CHM00050632","2019-04-01","48.767","121.917","739.0","BUGT, CH",,,,,,," -111",",,S","  -47","H,,S"
"CHM00050632","2019-04-02","48.767","121.917","739.0","BUGT, CH",,,,,,," -113",",,S","   -1","H,,S"
"CHM00050632","2019-04-03","48.767","121.917","739.0","BUGT, CH","   23",",,S",,,,,"  -43",",,S","   21","H,,S"
"CHM00050632","2019-04-04","48.767","121.917","739.0","BUGT, CH","   69",",,S","   10",",,S",,,,,"  -16","H,,S"
"CHM00050632","2019-04-05","48.767","121.917","739.0","BUGT, CH","   18",",,S","   51",",,S",,,,,"  -15","H,,S"
"CHM00050632","2019-04-06","48.767","121.917","739.0","BUGT, CH","    0",",,S",,,,,"  -55",",,S","  -13","H,,S"
"CHM00050632","2019-04-07","48.767","121.917","739.0","BUGT, CH","    0",",,S",,,,,"  -56",",,S","   -7","H,,S"
"CHM00050632","2019-04-08","48.767","121.917","739.0","BUGT, CH",,,,,,,,,"  -14","H,,S"
"CHM00050632","2019-04-09","48.767","121.917","739.0","BUGT, CH",,,,,,,"  -80",",,S","    3","H,,S"
"CHM00050632","2019-04-10","48.767","121.917","739.0","BUGT, CH",,,,,,,"  -78",",,S","   18","H,,S"
"CHM00050632","2019-04-11","48.767","121.917","739.0","BUGT, CH",,,,,,,,,"   28","H,,S"
"CHM00050632","2019-04-12","48.767","121.917","739.0","BUGT, CH",,,,,,,"  -71",",,S","   47","H,,S"
"CHM00050632","2019-04-13","48.767","121.917","739.0","BUGT, CH",,,,,,,,,"   -3","H,,S"
"CHM00050632","2019-04-14","48.767","121.917","739.0","BUGT, CH",,,,,,,"  -82",",,S","   12","H,,S"
"CHM00050632","2019-04-15","48.767","121.917","739.0","BUGT, CH",,,,,,,"  -42",",,S","   90","H,,S"
"CHM00050632","2019-04-16","48.767","121.917","739.0","BUGT, CH",,,,,,,"  -21",",,S","   71","H,,S"
"CHM00050632","2019-04-17","48.767","121.917","739.0","BUGT, CH","   36",",,S",,,,,,,"  -16","H,,S"
"CHM00050632","2019-04-18","48.767","121.917","739.0","BUGT, CH",,,"   20",",,S",,,,,"   -8","H,,S"
"CHM00050632","2019-04-19","48.767","121.917","739.0","BUGT, CH",,,,,,,"  -96",",,S","   67","H,,S"
"CHM00050632","2019-04-20","48.767","121.917","739.0","BUGT, CH",,,,,,,,,"   19","H,,S"
"CHM00050632","2019-04-21","48.767","121.917","739.0","BUGT, CH",,,,,,,,,"   28","H,,S"
"CHM00050632","2019-04-22","48.767","121.917","739.0","BUGT, CH",,,,,,,"  -60",",,S","   67","H,,S"
"CHM00050632","2019-04-23","48.767","121.917","739.0","BUGT, CH",,,,,,,,,"   29","H,,S"
"CHM00050632","2019-04-24","48.767","121.917","739.0","BUGT, CH",,,,,,,,,"   20","H,,S"
"CHM00050632","2019-04-25","48.767","121.917","739.0","BUGT, CH",,,,,,,,,"   34","H,,S"
"CHM00050632","2019-04-26","48.767","121.917","739.0","BUGT, CH",,,,,,,"  -65",",,S","   69","H,,S"
"CHM00050632","2019-04-27","48.767","121.917","739.0","BUGT, CH",,,,,,,"  -15",",,S","  115","H,,S"
"CHM00050632","2019-04-28","48.767","121.917","739.0","BUGT, CH",,,,,,,,,"  108","H,,S"
"CHM00050632","2019-04-29","48.767","121.917","739.0","BUGT, CH",,,,,,,"   -7",",,S","  108","H,,S"
"CHM00050632","2019-04-30","48.767","121.917","739.0","BUGT, CH",,,,,,,,,"   62","H,,S"
"CHM00050632","2019-05-01","48.767","121.917","739.0","BUGT, CH",,,,,,,"   -8",",,S","  102","H,,S"
"CHM00050632","2019-05-02","48.767","121.917","739.0","BUGT, CH",,,,,,,"    0",",,S","  132","H,,S"
"CHM00050632","2019-05-03","48.767","121.917","739.0","BUGT, CH",,,,,,,"   18",",,S","  159","H,,S"
"CHM00050632","2019-05-04","48.767","121.917","739.0","BUGT, CH","    3",",,S",,,,,,,"   41","H,,S"
"CHM00050632","2019-05-05","48.767","121.917","739.0","BUGT, CH",,,,,,,"  -13",",,S","   48","H,,S"
"CHM00050632","2019-05-06","48.767","121.917","739.0","BUGT, CH",,,,,,,"   -5",",,S","   89","H,,S"
"CHM00050632","2019-05-07","48.767","121.917","739.0","BUGT, CH",,,,,,,"   18",",,S","  128","H,,S"
"CHM00050632","2019-05-08","48.767","121.917","739.0","BUGT, CH",,,,,,,,,"   73","H,,S"
"CHM00050632","2019-05-09","48.767","121.917","739.0","BUGT, CH","    0",",,S",,,,,"  -20",",,S","  112","H,,S"
"CHM00050632","2019-05-10","48.767","121.917","739.0","BUGT, CH",,,,,,,"   16",",,S","  152","H,,S"
"CHM00050632","2019-05-11","48.767","121.917","739.0","BUGT, CH","   36",",,S",,,,,"   60",",,S","  131","H,,S"
"CHM00050632","2019-05-12","48.767","121.917","739.0","BUGT, CH","   36",",,S",,,,,"   55",",,S","  139","H,,S"
"CHM00050632","2019-05-13","48.767","121.917","739.0","BUGT, CH","   33",",,S",,,,,,,"   74","H,,S"
"CHM00050632","2019-05-14","48.767","121.917","739.0","BUGT, CH","   10",",,S",,,,,,,"   63","H,,S"
"CHM00050632","2019-05-15","48.767","121.917","739.0","BUGT, CH","   25",",,S",,,,,"   -8",",,S","  119","H,,S"
"CHM00050632","2019-05-16","48.767","121.917","739.0","BUGT, CH","    0",",,S",,,,,,,"   67","H,,S"
"CHM00050632","2019-05-17","48.767","121.917","739.0","BUGT, CH",,,,,,,"   38",",,S","  110","H,,S"
"CHM00050632","2019-05-18","48.767","121.917","739.0","BUGT, CH",,,,,,,"   36",",,S","   98","H,,S"
"CHM00050632","2019-05-19","48.767","121.917","739.0","BUGT, CH",,,,,,,"   42",",,S","   99","H,,S"
"CHM00050632","2019-05-20","48.767","121.917","739.0","BUGT, CH","  109",",,S",,,,,"   49",",,S","   67","H,,S"
"CHM00050632","2019-05-21","48.767","121.917","739.0","BUGT, CH","    0",",,S",,,,,,,"   56","H,,S"
"CHM00050632","2019-05-22","48.767","121.917","739.0","BUGT, CH",,,,,,,"   -6",",,S","  128","H,,S"
"CHM00050632","2019-05-23","48.767","121.917","739.0","BUGT, CH",,,,,,,"   20",",,S","  180","H,,S"
"CHM00050632","2019-05-24","48.767","121.917","739.0","BUGT, CH",,,,,,,,,"  224","H,,S"
"CHM00050632","2019-05-25","48.767","121.917","739.0","BUGT, CH","   51",",,S",,,,,,,"   84","H,,S"
"CHM00050632","2019-05-26","48.767","121.917","739.0","BUGT, CH","   10",",,S",,,,,"   21",",,S","   95","H,,S"
"CHM00050632","2019-05-27","48.767","121.917","739.0","BUGT, CH",,,,,,,"   24",",,S","  100","H,,S"
"CHM00050632","2019-05-28","48.767","121.917","739.0","BUGT, CH",,,,,,,"   27",",,S","  124","H,,S"
"CHM00050632","2019-05-29","48.767","121.917","739.0","BUGT, CH",,,,,,,,,"  135","H,,S"
"CHM00050632","2019-05-30","48.767","121.917","739.0","BUGT, CH","  124",",,S",,,,,"   60",",,S","   82","H,,S"
"CHM00050632","2019-05-31","48.767","121.917","739.0","BUGT, CH","   10",",,S",,,"  171",",,S",,,"   85","H,,S"
"CHM00050632","2019-06-01","48.767","121.917","739.0","BUGT, CH","   89",",,S",,,,,"   14",",,S","   63","H,,S"
"CHM00050632","2019-06-02","48.767","121.917","739.0","BUGT, CH",,,,,,,"    6",",,S","  116","H,,S"
"CHM00050632","2019-06-03","48.767","121.917","739.0","BUGT, CH",,,,,,,"   22",",,S","  143","H,,S"
"CHM00050632","2019-06-04","48.767","121.917","739.0","BUGT, CH","    5",",,S",,,,,"   40",",,S","  163","H,,S"
"CHM00050632","2019-06-05","48.767","121.917","739.0","BUGT, CH","   61",",,S",,,,,,,"  114","H,,S"
"CHM00050632","2019-06-06","48.767","121.917","739.0","BUGT, CH","    0",",,S",,,,,"   17",",,S","  166","H,,S"
"CHM00050632","2019-06-07","48.767","121.917","739.0","BUGT, CH","   33",",,S",,,,,,,"  133","H,,S"
"CHM00050632","2019-06-08","48.767","121.917","739.0","BUGT, CH","   28",",,S",,,,,,,"  139","H,,S"
"CHM00050632","2019-06-09","48.767","121.917","739.0","BUGT, CH","  132",",,S",,,,,,,"  137","H,,S"
"CHM00050632","2019-06-10","48.767","121.917","739.0","BUGT, CH","  157",",,S",,,,,"   69",",,S","  155","H,,S"
"CHM00050632","2019-06-11","48.767","121.917","739.0","BUGT, CH","    0",",,S",,,,,"   91",",,S","  177","H,,S"
"CHM00050632","2019-06-12","48.767","121.917","739.0","BUGT, CH","   18",",,S",,,,,"   88",",,S","  154","H,,S"
"CHM00050632","2019-06-13","48.767","121.917","739.0","BUGT, CH","    3",",,S",,,,,"   87",",,S","  143","H,,S"
"CHM00050632","2019-06-14","48.767","121.917","739.0","BUGT, CH",,,,,,,,,"  101","H,,S"
"CHM00050632","2019-06-15","48.767","121.917","739.0","BUGT, CH",,,,,,,"   26",",,S","  119","H,,S"
"CHM00050632","2019-06-16","48.767","121.917","739.0","BUGT, CH",,,,,,,"   22",",,S","  146","H,,S"
"CHM00050632","2019-06-17","48.767","121.917","739.0","BUGT, CH","   18",",,S",,,,,"   47",",,S","  166","H,,S"
"CHM00050632","2019-06-18","48.767","121.917","739.0","BUGT, CH",,,,,,,"   91",",,S","  184","H,,S"
"CHM00050632","2019-06-19","48.767","121.917","739.0","BUGT, CH","   13",",,S",,,,,,,"  191","H,,S"
"CHM00050632","2019-06-20","48.767","121.917","739.0","BUGT, CH","    0",",,S",,,,,,,"  158","H,,S"
"CHM00050632","2019-06-21","48.767","121.917","739.0","BUGT, CH","   10",",,S",,,,,"   64",",,S","  181","H,,S"
"CHM00050632","2019-06-22","48.767","121.917","739.0","BUGT, CH",,,,,,,"   96",",,S","  188","H,,S"
"CHM00050632","2019-06-23","48.767","121.917","739.0","BUGT, CH",,,,,,,"  100",",,S","  215","H,,S"
"CHM00050632","2019-06-24","48.767","121.917","739.0","BUGT, CH","   41",",,S",,,,,"  148",",,S","  235","H,,S"
"CHM00050632","2019-06-25","48.767","121.917","739.0","BUGT, CH","   48",",,S",,,,,,,"  185","H,,S"
"CHM00050632","2019-06-26","48.767","121.917","739.0","BUGT, CH","  429",",,S",,,,,,,"  142","H,,S"
"CHM00050632","2019-06-27","48.767","121.917","739.0","BUGT, CH","  373",",,S",,,,,,,"  136","H,,S"
"CHM00050632","2019-06-28","48.767","121.917","739.0","BUGT, CH","   36",",,S",,,,,"   92",",,S","  114","H,,S"
"CHM00050632","2019-06-29","48.767","121.917","739.0","BUGT, CH","   28",",,S",,,,,,,"  131","H,,S"
"CHM00050632","2019-06-30","48.767","121.917","739.0","BUGT, CH","   15",",,S",,,,,"   69",",,S","  156","H,,S"
"CHM00050632","2019-07-01","48.767","121.917","739.0","BUGT, CH","   41",",,S",,,,,"   77",",,S","  186","H,,S"
"CHM00050632","2019-07-02","48.767","121.917","739.0","BUGT, CH",,,,,,,,,"  176","H,,S"
"CHM00050632","2019-07-03","48.767","121.917","739.0","BUGT, CH","   18",",,S",,,,,"  100",",,S","  191","H,,S"
"CHM00050632","2019-07-04","48.767","121.917","739.0","BUGT, CH","  104",",,S",,,,,,,"  167","H,,S"
"CHM00050632","2019-07-05","48.767","121.917","739.0","BUGT, CH","  170",",,S",,,,,,,"  106","H,,S"
"CHM00050632","2019-07-06","48.767","121.917","739.0","BUGT, CH","  114",",,S",,,,,"   98",",,S","  139","H,,S"
"CHM00050632","2019-07-07","48.767","121.917","739.0","BUGT, CH","   91",",,S",,,,,,,"  171","H,,S"
"CHM00050632","2019-07-08","48.767","121.917","739.0","BUGT, CH","   41",",,S",,,,,"   96",",,S","  189","H,,S"
"CHM00050632","2019-07-09","48.767","121.917","739.0","BUGT, CH","  302",",,S",,,,,,,"  172","H,,S"
"CHM00050632","2019-07-10","48.767","121.917","739.0","BUGT, CH",,,,,,,"  107",",,S","  190","H,,S"
"CHM00050632","2019-07-11","48.767","121.917","739.0","BUGT, CH","   10",",,S",,,,,,,"  188","H,,S"
"CHM00050632","2019-07-12","48.767","121.917","739.0","BUGT, CH","    0",",,S",,,,,"  122",",,S","  186","H,,S"
"CHM00050632","2019-07-13","48.767","121.917","739.0","BUGT, CH","  175",",,S",,,,,"  116",",,S","  185","H,,S"
"CHM00050632","2019-07-14","48.767","121.917","739.0","BUGT, CH","  251",",,S",,,,,"  132",",,S","  166","H,,S"
"CHM00050632","2019-07-15","48.767","121.917","739.0","BUGT, CH","   30",",,S",,,,,,,"  163","H,,S"
"CHM00050632","2019-07-16","48.767","121.917","739.0","BUGT, CH","    8",",,S",,,,,"  109",",,S","  169","H,,S"
"CHM00050632","2019-07-17","48.767","121.917","739.0","BUGT, CH",,,,,,,"  109",",,S","  212","H,,S"
"CHM00050632","2019-07-18","48.767","121.917","739.0","BUGT, CH","    0",",,S",,,,,"  149",",,S","  223","H,,S"
"CHM00050632","2019-07-19","48.767","121.917","739.0","BUGT, CH","    5",",,S",,,,,"  164",",,S","  219","H,,S"
"CHM00050632","2019-07-20","48.767","121.917","739.0","BUGT, CH","   94",",,S",,,,,,,"  194","H,,S"
"CHM00050632","2019-07-21","48.767","121.917","739.0","BUGT, CH","   61",",,S",,,,,,,"  198","H,,S"
"CHM00050632","2019-07-22","48.767","121.917","739.0","BUGT, CH","    0",",,S",,,,,,,"  170","H,,S"
"CHM00050632","2019-07-23","48.767","121.917","739.0","BUGT, CH","  107",",,S",,,,,"  100",",,S","  170","H,,S"
"CHM00050632","2019-07-24","48.767","121.917","739.0","BUGT, CH","   10",",,S",,,,,,,"  150","H,,S"
"CHM00050632","2019-07-25","48.767","121.917","739.0","BUGT, CH","   43",",,S",,,,,"  122",",,S","  148","H,,S"
"CHM00050632","2019-07-26","48.767","121.917","739.0","BUGT, CH","   33",",,S",,,,,,,"  160","H,,S"
"CHM00050632","2019-07-27","48.767","121.917","739.0","BUGT, CH","   10",",,S",,,,,"   92",",,S","  186","H,,S"
"CHM00050632","2019-07-28","48.767","121.917","739.0","BUGT, CH","  290",",,S",,,,,,,"  183","H,,S"
"CHM00050632","2019-07-29","48.767","121.917","739.0","BUGT, CH","  226",",,S",,,,,"  123",",,S","  186","H,,S"
"CHM00050632","2019-07-30","48.767","121.917","739.0","BUGT, CH","  170",",,S",,,,,,,"  162","H,,S"
"CHM00050632","2019-07-31","48.767","121.917","739.0","BUGT, CH","  145",",,S",,,,,"  125",",,S","  173","H,,S"
"CHM00050632","2019-08-01","48.767","121.917","739.0","BUGT, CH","   23",",,S",,,,,,,"  180","H,,S"
"CHM00050632","2019-08-02","48.767","121.917","739.0","BUGT, CH",,,,,,,"  101",",,S","  204","H,,S"
"CHM00050632","2019-08-03","48.767","121.917","739.0","BUGT, CH",,,,,,,,,"  213","H,,S"
"CHM00050632","2019-08-04","48.767","121.917","739.0","BUGT, CH","    0",",,S",,,,,"  149",",,S","  228","H,,S"
"CHM00050632","2019-08-05","48.767","121.917","739.0","BUGT, CH","  196",",,S",,,,,,,"  189","H,,S"
"CHM00050632","2019-08-06","48.767","121.917","739.0","BUGT, CH","   53",",,S",,,,,"  120",",,S","  133","H,,S"
"CHM00050632","2019-08-07","48.767","121.917","739.0","BUGT, CH","   76",",,S",,,,,"  124",",,S","  142","H,,S"
"CHM00050632","2019-08-08","48.767","121.917","739.0","BUGT, CH","    5",",,S",,,,,,,"  141","H,,S"
"CHM00050632","2019-08-09","48.767","121.917","739.0","BUGT, CH","    8",",,S",,,,,"  119",",,S","  143","H,,S"
"CHM00050632","2019-08-10","48.767","121.917","739.0","BUGT, CH","  124",",,S",,,,,"  122",",,S","  139","H,,S"
"CHM00050632","2019-08-11","48.767","121.917","739.0","BUGT, CH","   23",",,S",,,,,"  132",",,S","  144","H,,S"
"CHM00050632","2019-08-12","48.767","121.917","739.0","BUGT, CH","   10",",,S",,,,,,,"  156","H,,S"
"CHM00050632","2019-08-13","48.767","121.917","739.0","BUGT, CH","   30",",,S",,,,,,,"  163","H,,S"
"CHM00050632","2019-08-14","48.767","121.917","739.0","BUGT, CH",,,,,,,,,"  162","H,,S"
"CHM00050632","2019-08-15","48.767","121.917","739.0","BUGT, CH",,,,,,,"   95",",,S","  178","H,,S"
"CHM00050632","2019-08-16","48.767","121.917","739.0","BUGT, CH","   56",",,S",,,,,"  125",",,S","  176","H,,S"
"CHM00050632","2019-08-17","48.767","121.917","739.0","BUGT, CH","    8",",,S",,,,,,,"  148","H,,S"
"CHM00050632","2019-08-18","48.767","121.917","739.0","BUGT, CH",,,,,,,,,"  145","H,,S"
"CHM00050632","2019-08-19","48.767","121.917","739.0","BUGT, CH","   36",",,S",,,,,"   82",",,S","  158","H,,S"
"CHM00050632","2019-08-20","48.767","121.917","739.0","BUGT, CH","  470",",,S",,,,,"  121",",,S","  143","H,,S"
"CHM00050632","2019-08-21","48.767","121.917","739.0","BUGT, CH","  155",",,S",,,,,"  133",",,S","  141","H,,S"
"CHM00050632","2019-08-22","48.767","121.917","739.0","BUGT, CH","   23",",,S",,,,,"  131",",,S","  156","H,,S"
"CHM00050632","2019-08-23","48.767","121.917","739.0","BUGT, CH","   33",",,S",,,,,,,"  155","H,,S"
"CHM00050632","2019-08-24","48.767","121.917","739.0","BUGT, CH","  124",",,S",,,,,,,"  146","H,,S"
"CHM00050632","2019-08-25","48.767","121.917","739.0","BUGT, CH",,,,,,,"   92",",,S","  163","H,,S"
"CHM00050632","2019-08-26","48.767","121.917","739.0","BUGT, CH","   33",",,S",,,,,,,"  136","H,,S"
"CHM00050632","2019-08-27","48.767","121.917","739.0","BUGT, CH","  147",",,S",,,,,,,"  132","H,,S"
"CHM00050632","2019-08-28","48.767","121.917","739.0","BUGT, CH","  292",",,S",,,,,"   75",",,S","  132","H,,S"
"CHM00050632","2019-08-29","48.767","121.917","739.0","BUGT, CH","  178",",,S",,,,,,,"  135","H,,S"
"CHM00050632","2019-08-30","48.767","121.917","739.0","BUGT, CH","    0",",,S",,,,,"   64",",,S","  163","H,,S"
"CHM00050632","2019-08-31","48.767","121.917","739.0","BUGT, CH","   41",",,S",,,,,"   66",",,S","  152","H,,S"
"CHM00050632","2019-09-01","48.767","121.917","739.0","BUGT, CH",,,,,,,,,"  131","H,,S"
"CHM00050632","2019-09-02","48.767","121.917","739.0","BUGT, CH",,,,,,,"   47",",,S","  150","H,,S"
"CHM00050632","2019-09-03","48.767","121.917","739.0","BUGT, CH","   18",",,S",,,,,"   86",",,S","  182","H,,S"
"CHM00050632","2019-09-04","48.767","121.917","739.0","BUGT, CH","    0",",,S",,,,,,,"  192","H,,S"
"CHM00050632","2019-09-05","48.767","121.917","739.0","BUGT, CH",,,,,,,"  108",",,S","  193","H,,S"
"CHM00050632","2019-09-06","48.767","121.917","739.0","BUGT, CH",,,,,,,"  116",",,S","  191","H,,S"
"CHM00050632","2019-09-07","48.767","121.917","739.0","BUGT, CH",,,,,,,,,"  200","H,,S"
"CHM00050632","2019-09-08","48.767","121.917","739.0","BUGT, CH",,,,,,,,,"  117","H,,S"
"CHM00050632","2019-09-09","48.767","121.917","739.0","BUGT, CH",,,,,,,,,"   91","H,,S"
"CHM00050632","2019-09-10","48.767","121.917","739.0","BUGT, CH",,,,,,,,,"   94","H,,S"
"CHM00050632","2019-09-11","48.767","121.917","739.0","BUGT, CH",,,,,,,"    2",",,S","  123","H,,S"
"CHM00050632","2019-09-12","48.767","121.917","739.0","BUGT, CH","   66",",,S",,,,,"   44",",,S","  157","H,,S"
"CHM00050632","2019-09-13","48.767","121.917","739.0","BUGT, CH","   69",",,S",,,,,,,"  114","H,,S"
"CHM00050632","2019-09-14","48.767","121.917","739.0","BUGT, CH","    0",",,S",,,,,"   22",",,S","  109","H,,S"
"CHM00050632","2019-09-15","48.767","121.917","739.0","BUGT, CH",,,,,,,,,"   59","H,,S"
"CHM00050632","2019-09-16","48.767","121.917","739.0","BUGT, CH",,,,,,,"    2",",,S","   71","H,,S"
"CHM00050632","2019-09-17","48.767","121.917","739.0","BUGT, CH","    3",",,S",,,,,"   -2",",,S","   47","H,,S"
"CHM00050632","2019-09-18","48.767","121.917","739.0","BUGT, CH",,,,,,,,,"   54","H,,S"
"CHM00050632","2019-09-19","48.767","121.917","739.0","BUGT, CH",,,,,,,"  -20",",,S","   74","H,,S"
"CHM00050632","2019-09-20","48.767","121.917","739.0","BUGT, CH","    3",",,S",,,,,,,"   74","H,,S"
"CHM00050632","2019-09-21","48.767","121.917","739.0","BUGT, CH","    3",",,S",,,,,"  -20",",,S","   94","H,,S"
"CHM00050632","2019-09-22","48.767","121.917","739.0","BUGT, CH","    0",",,S",,,,,"   11",",,S","  128","H,,S"
"CHM00050632","2019-09-23","48.767","121.917","739.0","BUGT, CH",,,,,,,,,"  116","H,,S"
"CHM00050632","2019-09-24","48.767","121.917","739.0","BUGT, CH",,,,,,,"    0",",,S","   94","H,,S"
"CHM00050632","2019-09-25","48.767","121.917","739.0","BUGT, CH",,,,,,,"    4",",,S","  118","H,,S"
"CHM00050632","2019-09-26","48.767","121.917","739.0","BUGT, CH",,,,,,,"   19",",,S","  141","H,,S"
"CHM00050632","2019-09-27","48.767","121.917","739.0","BUGT, CH",,,,,,,"   47",",,S","  166","H,,S"
"CHM00050632","2019-09-28","48.767","121.917","739.0","BUGT, CH",,,,,,,,,"  101","H,,S"
"CHM00050632","2019-09-29","48.767","121.917","739.0","BUGT, CH",,,,,,,"    7",",,S","   84","H,,S"
"CHM00050632","2019-09-30","48.767","121.917","739.0","BUGT, CH","    0",",,S",,,,,"   12",",,S","   87","H,,S"
"CHM00050632","2019-10-01","48.767","121.917","739.0","BUGT, CH","    0",",,S",,,,,"   18",",,S","  176","H,,S"
"CHM00050632","2019-10-02","48.767","121.917","739.0","BUGT, CH","    0",",,S",,,,,,,"   71","H,,S"
"CHM00050632","2019-10-03","48.767","121.917","739.0","BUGT, CH","    0",",,S",,,,,,,"   -1","H,,S"
"CHM00050632","2019-10-04","48.767","121.917","739.0","BUGT, CH",,,,,,,"  -82",",,S","   -8","H,,S"
"CHM00050632","2019-10-05","48.767","121.917","739.0","BUGT, CH",,,,,,,"  -75",",,S","   52","H,,S"
"CHM00050632","2019-10-06","48.767","121.917","739.0","BUGT, CH",,,,,,,"  -37",",,S","   72","H,,S"
"CHM00050632","2019-10-07","48.767","121.917","739.0","BUGT, CH","    0",",,S",,,,,,,"   21","H,,S"
"CHM00050632","2019-10-08","48.767","121.917","739.0","BUGT, CH",,,,,,,,,"   23","H,,S"
"CHM00050632","2019-10-09","48.767","121.917","739.0","BUGT, CH","    5",",,S",,,,,"  -41",",,S","   67","H,,S"
"CHM00050632","2019-10-10","48.767","121.917","739.0","BUGT, CH",,,,,,,,,"  -21","H,,S"
"CHM00050632","2019-10-11","48.767","121.917","739.0","BUGT, CH",,,,,,,,,"  -61","H,,S"
"CHM00050632","2019-10-12","48.767","121.917","739.0","BUGT, CH",,,,,,," -142",",,S","  -59","H,,S"
"CHM00050632","2019-10-13","48.767","121.917","739.0","BUGT, CH",,,,,,," -131",",,S","  -45","H,,S"
"CHM00050632","2019-10-14","48.767","121.917","739.0","BUGT, CH",,,,,,," -121",",,S","   16","H,,S"
"CHM00050632","2019-10-15","48.767","121.917","739.0","BUGT, CH",,,,,,,,,"   22","H,,S"
"CHM00050632","2019-10-16","48.767","121.917","739.0","BUGT, CH",,,,,,,"  -62",",,S","   37","H,,S"
"CHM00050632","2019-10-17","48.767","121.917","739.0","BUGT, CH",,,,,,,"  -44",",,S","   58","H,,S"
"CHM00050632","2019-10-18","48.767","121.917","739.0","BUGT, CH",,,,,,,"  -40",",,S","   54","H,,S"
"CHM00050632","2019-10-19","48.767","121.917","739.0","BUGT, CH",,,,,,,"  -39",",,S","   61","H,,S"
"CHM00050632","2019-10-20","48.767","121.917","739.0","BUGT, CH","   30",",,S",,,,,"  -22",",,S","   23","H,,S"
"CHM00050632","2019-10-21","48.767","121.917","739.0","BUGT, CH","   18",",,S",,,,,"  -17",",,S","   20","H,,S"
"CHM00050632","2019-10-22","48.767","121.917","739.0","BUGT, CH","    0",",,S",,,,,,,"   15","H,,S"
"CHM00050632","2019-10-23","48.767","121.917","739.0","BUGT, CH",,,,,"   68",",,S",,,"    5","H,,S"
"CHM00050632","2019-10-24","48.767","121.917","739.0","BUGT, CH","   53",",,S",,,"  -20",",,S","  -48",",,S","  -38","H,,S"
"CHM00050632","2019-10-25","48.767","121.917","739.0","BUGT, CH","    0",",,S",,,"    2",",,S",,,"  -52","H,,S"
"CHM00050632","2019-10-26","48.767","121.917","739.0","BUGT, CH","    0",",,S",,,"   42",",,S"," -138",",,S","  -31","H,,S"
"CHM00050632","2019-10-27","48.767","121.917","739.0","BUGT, CH",,,,,"   38",",,S","  -76",",,S","   -4","H,,S"
"CHM00050632","2019-10-28","48.767","121.917","739.0","BUGT, CH","    3",",,S",,,"   10",",,S",,,"  -16","H,,S"
"CHM00050632","2019-10-29","48.767","121.917","739.0","BUGT, CH","    0",",,S",,,"   37",",,S","  -59",",,S","  -21","H,,S"
"CHM00050632","2019-10-30","48.767","121.917","739.0","BUGT, CH","    0",",,S",,,"   80",",,S","  -50",",,S","   30","H,,S"
"CHM00050632","2019-10-31","48.767","121.917","739.0","BUGT, CH","    0",",,S",,,"   30",",,S",,,"  -12","H,,S"
"CHM00050632","2019-11-01","48.767","121.917","739.0","BUGT, CH",,,,,"   75",",,S","  -71",",,S","   14","H,,S"
"CHM00050632","2019-11-02","48.767","121.917","739.0","BUGT, CH","    0",",,S",,,"   75",",,S",,,"  -51","H,,S"
"CHM00050632","2019-11-03","48.767","121.917","739.0","BUGT, CH",,,,,"   58",",,S"," -143",",,S","  -21","H,,S"
"CHM00050632","2019-11-04","48.767","121.917","739.0","BUGT, CH","    0",",,S",,,"   77",",,S","  -81",",,S","  -12","H,,S"
"CHM00050632","2019-11-05","48.767","121.917","739.0","BUGT, CH",,,,,"  -31",",,S",,,"  -79","H,,S"
"CHM00050632","2019-11-06","48.767","121.917","739.0","BUGT, CH","    0",",,S",,,"  -31",",,S"," -137",",,S","  -92","H,,S"
"CHM00050632","2019-11-07","48.767","121.917","739.0","BUGT, CH","    8",",,S",,,,," -134",",,S","  -57","H,,S"
"CHM00050632","2019-11-08","48.767","121.917","739.0","BUGT, CH",,,,,"  -10",",,S",,,"  -80","H,,S"
"CHM00050632","2019-11-09","48.767","121.917","739.0","BUGT, CH","    0",",,S",,,"   42",",,S"," -142",",,S","  -48","H,,S"
"CHM00050632","2019-11-10","48.767","121.917","739.0","BUGT, CH",,,,,"   57",",,S","  -94",",,S","   -6","H,,S"
"CHM00050632","2019-11-11","48.767","121.917","739.0","BUGT, CH",,,,,"  -19",",,S",,,"  -83","H,,S"
"CHM00050632","2019-11-12","48.767","121.917","739.0","BUGT, CH",,,,,"  -59",",,S"," -173",",,S"," -108","H,,S"
"CHM00050632","2019-11-13","48.767","121.917","739.0","BUGT, CH","    0",",,S",,," -108",",,S",,," -167","H,,S"
"CHM00050632","2019-11-14","48.767","121.917","739.0","BUGT, CH","    0",",,S",,," -129",",,S"," -219",",,S"," -172","H,,S"
"CHM00050632","2019-11-15","48.767","121.917","739.0","BUGT, CH",,,,," -128",",,S"," -197",",,S"," -161","H,,S"
"CHM00050632","2019-11-16","48.767","121.917","739.0","BUGT, CH",,,,,"  -98",",,S",,," -151","H,,S"
"CHM00050632","2019-11-17","48.767","121.917","739.0","BUGT, CH","   53",",,S",,," -128",",,S"," -210",",,S"," -152","H,,S"
"CHM00050632","2019-11-18","48.767","121.917","739.0","BUGT, CH","    5",",,S",,," -128",",,S"," -179",",,S"," -160","H,,S"
"CHM00050632","2019-11-19","48.767","121.917","739.0","BUGT, CH",,,,," -145",",,S",,," -179","H,,S"
"CHM00050632","2019-11-20","48.767","121.917","739.0","BUGT, CH",,,,," -106",",,S"," -210",",,S"," -156","H,,S"
"CHM00050632","2019-11-21","48.767","121.917","739.0","BUGT, CH",,,,,"  -55",",,S"," -197",",,S"," -136","H,,S"
"CHM00050632","2019-11-22","48.767","121.917","739.0","BUGT, CH","    0",",,S",,,"  -49",",,S"," -204",",,S"," -123","H,,S"
"CHM00050632","2019-11-23","48.767","121.917","739.0","BUGT, CH",,,,," -116",",,S",,," -173","H,,S"
"CHM00050632","2019-11-24","48.767","121.917","739.0","BUGT, CH",,,,," -145",",,S"," -207",",,S"," -177","H,,S"
"CHM00050632","2019-11-25","48.767","121.917","739.0","BUGT, CH","    0",",,S",,,"  -79",",,S"," -195",",,S"," -141","H,,S"
"CHM00050632","2019-11-26","48.767","121.917","739.0","BUGT, CH","    0",",,S",,,"  -79",",,S",,," -153","H,,S"
"CHM00050632","2019-11-27","48.767","121.917","739.0","BUGT, CH","    0",",,S",,," -104",",,S"," -219",",,S"," -178","H,,S"
"CHM00050632","2019-11-28","48.767","121.917","739.0","BUGT, CH","    0",",,S",,," -116",",,S"," -202",",,S"," -167","H,,S"
"CHM00050632","2019-11-29","48.767","121.917","739.0","BUGT, CH","    0",",,S",,,"  -71",",,S",,," -152","H,,S"
"CHM00050632","2019-11-30","48.767","121.917","739.0","BUGT, CH","   28",",,S",,,"  -71",",,S"," -198",",,S"," -143","H,,S"
"CHM00050632","2019-12-01","48.767","121.917","739.0","BUGT, CH","    0",",,S",,," -122",",,S"," -192",",,S"," -160","H,,S"
"CHM00050632","2019-12-02","48.767","121.917","739.0","BUGT, CH","    0",",,S",,," -125",",,S"," -261",",,S"," -215","H,,S"
"CHM00050632","2019-12-03","48.767","121.917","739.0","BUGT, CH","    0",",,S",,," -185",",,S"," -266",",,S"," -258","H,,S"
"CHM00050632","2019-12-04","48.767","121.917","739.0","BUGT, CH","    3",",,S",,," -234",",,S"," -285",",,S"," -266","H,,S"
"CHM00050632","2019-12-05","48.767","121.917","739.0","BUGT, CH","    0",",,S",,,,," -281",",,S"," -206","H,,S"
"CHM00050632","2019-12-06","48.767","121.917","739.0","BUGT, CH","    0",",,S",,," -128",",,S"," -260",",,S"," -174","H,,S"
"CHM00050632","2019-12-07","48.767","121.917","739.0","BUGT, CH","    0",",,S",,,,," -214",",,S"," -155","H,,S"
"CHM00050632","2019-12-08","48.767","121.917","739.0","BUGT, CH","    0",",,S",,,"  -98",",,S"," -229",",,S"," -178","H,,S"
"CHM00050632","2019-12-09","48.767","121.917","739.0","BUGT, CH","    0",",,S",,,"  -97",",,S"," -223",",,S"," -143","H,,S"
"CHM00050632","2019-12-10","48.767","121.917","739.0","BUGT, CH","    0",",,S",,,"  -96",",,S"," -189",",,S"," -134","H,,S"
"CHM00050632","2019-12-11","48.767","121.917","739.0","BUGT, CH","    0",",,S",,,"  -96",",,S"," -185",",,S"," -146","H,,S"
"CHM00050632","2019-12-12","48.767","121.917","739.0","BUGT, CH","    0",",,S",,,"  -91",",,S"," -185",",,S"," -129","H,,S"
"CHM00050632","2019-12-13","48.767","121.917","739.0","BUGT, CH","    0",",,S",,,"  -91",",,S"," -165",",,S"," -134","H,,S"
"CHM00050632","2019-12-14","48.767","121.917","739.0","BUGT, CH","    0",",,S",,,,," -165",",,S"," -114","H,,S"
"CHM00050632","2019-12-15","48.767","121.917","739.0","BUGT, CH","    0",",,S",,,"  -39",",,S"," -156",",,S","  -92","H,,S"
"CHM00050632","2019-12-16","48.767","121.917","739.0","BUGT, CH","    0",",,S",,,"  -39",",,S"," -166",",,S"," -115","H,,S"
"CHM00050632","2019-12-17","48.767","121.917","739.0","BUGT, CH","    0",",,S",,,"  -59",",,S"," -216",",,S"," -179","H,,S"
"CHM00050632","2019-12-18","48.767","121.917","739.0","BUGT, CH","    3",",,S",,," -131",",,S"," -220",",,S"," -177","H,,S"
"CHM00050632","2019-12-19","48.767","121.917","739.0","BUGT, CH","    0",",,S",,," -145",",,S"," -212",",,S"," -185","H,,S"
"CHM00050632","2019-12-20","48.767","121.917","739.0","BUGT, CH","    0",",,S",,," -125",",,S"," -217",",,S"," -175","H,,S"
"CHM00050632","2019-12-21","48.767","121.917","739.0","BUGT, CH","   10",",,S",,," -125",",,S"," -256",",,S"," -201","H,,S"
"CHM00050632","2019-12-22","48.767","121.917","739.0","BUGT, CH","    5",",,S",,," -143",",,S"," -256",",,S"," -205","H,,S"
"CHM00050632","2019-12-23","48.767","121.917","739.0","BUGT, CH","    0",",,S","   41",",,S"," -143",",,S"," -250",",,S"," -196","H,,S"
"CHM00050632","2019-12-24","48.767","121.917","739.0","BUGT, CH","   15",",,S",,," -140",",,S"," -256",",,S"," -205","H,,S"
"CHM00050632","2019-12-25","48.767","121.917","739.0","BUGT, CH","    5",",,S",,," -140",",,S"," -255",",,S"," -216","H,,S"
"CHM00050632","2019-12-26","48.767","121.917","739.0","BUGT, CH","    0",",,S",,," -160",",,S"," -302",",,S"," -235","H,,S"
"CHM00050632","2019-12-27","48.767","121.917","739.0","BUGT, CH","    5",",,S",,," -170",",,S"," -305",",,S"," -228","H,,S"
"CHM00050632","2019-12-28","48.767","121.917","739.0","BUGT, CH","   10",",,S",,," -144",",,S"," -301",",,S"," -193","H,,S"
"CHM00050632","2019-12-29","48.767","121.917","739.0","BUGT, CH","   10",",,S",,," -144",",,S"," -267",",,S"," -223","H,,S"
"CHM00050632","2019-12-30","48.767","121.917","739.0","BUGT, CH","    0",",,S","   51",",,S"," -191",",,S"," -278",",,S"," -251","H,,S"
"CHM00050632","2019-12-31","48.767","121.917","739.0","BUGT, CH","    0",",,S",,," -183",",,S"," -278",",,S"," -223","H,,S"
"CHM00050632","2020-01-01","48.767","121.917","739.0","BUGT, CH","    0",",,S",,," -148",",,S"," -247",",,S"," -186","H,,S"
"CHM00050632","2020-01-02","48.767","121.917","739.0","BUGT, CH","    0",",,S",,," -122",",,S"," -235",",,S"," -164","H,,S"
"CHM00050632","2020-01-03","48.767","121.917","739.0","BUGT, CH","    0",",,S",,,"  -98",",,S"," -191",",,S"," -139","H,,S"
"CHM00050632","2020-01-04","48.767","121.917","739.0","BUGT, CH","    0",",,S",,,"  -95",",,S"," -180",",,S"," -124","H,,S"
"CHM00050632","2020-01-05","48.767","121.917","739.0","BUGT, CH","    0",",,S",,,"  -20",",,S"," -157",",,S","  -88","H,,S"
"CHM00050632","2020-01-06","48.767","121.917","739.0","BUGT, CH","   48",",,S",,,"  -20",",,S"," -164",",,S"," -117","H,,S"
"CHM00050632","2020-01-07","48.767","121.917","739.0","BUGT, CH","    3",",,S",,,"  -95",",,S"," -170",",,S"," -141","H,,S"
"CHM00050632","2020-01-08","48.767","121.917","739.0","BUGT, CH","    0",",,S",,," -104",",,S"," -168",",,S"," -140","H,,S"
"CHM00050632","2020-01-09","48.767","121.917","739.0","BUGT, CH","    0",",,S",,,"  -85",",,S"," -169",",,S"," -133","H,,S"
"CHM00050632","2020-01-10","48.767","121.917","739.0","BUGT, CH",,,,,"  -85",",,S"," -175",",,S"," -155","H,,S"
"CHM00050632","2020-01-11","48.767","121.917","739.0","BUGT, CH","    5",",,S",,," -127",",,S"," -211",",,S"," -164","H,,S"
"CHM00050632","2020-01-12","48.767","121.917","739.0","BUGT, CH","    5",",,S",,," -127",",,S"," -223",",,S"," -193","H,,S"
"CHM00050632","2020-01-13","48.767","121.917","739.0","BUGT, CH","    0",",,S",,," -129",",,S"," -228",",,S"," -174","H,,S"
"CHM00050632","2020-01-14","48.767","121.917","739.0","BUGT, CH","    0",",,S",,,"  -94",",,S"," -236",",,S"," -185","H,,S"
"CHM00050632","2020-01-15","48.767","121.917","739.0","BUGT, CH","    3",",,S",,,"  -94",",,S"," -236",",,S"," -191","H,,S"
"CHM00050632","2020-01-16","48.767","121.917","739.0","BUGT, CH","    0",",,S",,," -110",",,S"," -223",",,S"," -163","H,,S"
"CHM00050632","2020-01-17","48.767","121.917","739.0","BUGT, CH","    0",",,S",,," -107",",,S"," -202",",,S"," -155","H,,S"
"CHM00050632","2020-01-18","48.767","121.917","739.0","BUGT, CH","    0",",,S",,,"  -93",",,S"," -197",",,S"," -157","H,,S"
"CHM00050632","2020-01-19","48.767","121.917","739.0","BUGT, CH","    0",",,S",,,"  -93",",,S"," -204",",,S"," -171","H,,S"
"CHM00050632","2020-01-20","48.767","121.917","739.0","BUGT, CH","    0",",,S",,," -118",",,S"," -253",",,S"," -178","H,,S"
"CHM00050632","2020-01-21","48.767","121.917","739.0","BUGT, CH","    0",",,S",,,"  -95",",,S"," -253",",,S"," -182","H,,S"
"CHM00050632","2020-01-22","48.767","121.917","739.0","BUGT, CH","    5",",,S",,,"  -95",",,S"," -229",",,S"," -155","H,,S"
"CHM00050632","2020-01-23","48.767","121.917","739.0","BUGT, CH","    5",",,S",,," -117",",,S"," -247",",,S"," -202","H,,S"
"CHM00050632","2020-01-24","48.767","121.917","739.0","BUGT, CH","    0",",,S",,," -113",",,S"," -247",",,S"," -172","H,,S"
"CHM00050632","2020-01-25","48.767","121.917","739.0","BUGT, CH","    0",",,S",,,"  -95",",,S"," -246",",,S"," -156","H,,S"
"CHM00050632","2020-01-26","48.767","121.917","739.0","BUGT, CH","    0",",,S",,,"  -26",",,S"," -234",",,S"," -117","H,,S"
"CHM00050632","2020-01-27","48.767","121.917","739.0","BUGT, CH","    0",",,S",,,"  -26",",,S"," -190",",,S"," -111","H,,S"
"CHM00050632","2020-01-28","48.767","121.917","739.0","BUGT, CH","    0",",,S",,,"  -12",",,S"," -184",",,S"," -107","H,,S"
"CHM00050632","2020-01-29","48.767","121.917","739.0","BUGT, CH","    0",",,S",,,"  -12",",,S"," -226",",,S"," -151","H,,S"
"CHM00050632","2020-01-30","48.767","121.917","739.0","BUGT, CH","    0",",,S",,,"  -50",",,S"," -239",",,S"," -165","H,,S"
"CHM00050632","2020-01-31","48.767","121.917","739.0","BUGT, CH","    0",",,S",,,"  -75",",,S"," -237",",,S"," -152","H,,S"
"CHM00050632","2020-02-01","48.767","121.917","739.0","BUGT, CH","    0",",,S",,,"  -78",",,S"," -222",",,S"," -178","H,,S"
"CHM00050632","2020-02-02","48.767","121.917","739.0","BUGT, CH","    0",",,S",,," -132",",,S"," -264",",,S"," -213","H,,S"
"CHM00050632","2020-02-03","48.767","121.917","739.0","BUGT, CH","    0",",,S",,," -158",",,S"," -291",",,S"," -247","H,,S"
"CHM00050632","2020-02-04","48.767","121.917","739.0","BUGT, CH","    0",",,S",,," -192",",,S"," -293",",,S"," -263","H,,S"
"CHM00050632","2020-02-05","48.767","121.917","739.0","BUGT, CH","    0",",,S",,," -180",",,S"," -289",",,S"," -233","H,,S"
"CHM00050632","2020-02-06","48.767","121.917","739.0","BUGT, CH","    0",",,S",,," -141",",,S"," -272",",,S"," -204","H,,S"
"CHM00050632","2020-02-07","48.767","121.917","739.0","BUGT, CH","    0",",,S",,," -120",",,S"," -242",",,S"," -184","H,,S"
"CHM00050632","2020-02-08","48.767","121.917","739.0","BUGT, CH","    0",",,S",,,"  -70",",,S"," -246",",,S"," -139","H,,S"
"CHM00050632","2020-02-09","48.767","121.917","739.0","BUGT, CH","    0",",,S",,,"  -70",",,S"," -216",",,S"," -137","H,,S"
"CHM00050632","2020-02-10","48.767","121.917","739.0","BUGT, CH","    0",",,S",,,"  -60",",,S"," -219",",,S"," -142","H,,S"
"CHM00050632","2020-02-11","48.767","121.917","739.0","BUGT, CH","    0",",,S",,,"   15",",,S"," -212",",,S","  -61","H,,S"
"CHM00050632","2020-02-12","48.767","121.917","739.0","BUGT, CH","   15",",,S",,,"   15",",,S"," -191",",,S","  -44","H,,S"
"CHM00050632","2020-02-13","48.767","121.917","739.0","BUGT, CH","   15",",,S","   71",",,S","    9",",,S"," -240",",,S"," -156","H,,S"
"CHM00050632","2020-02-14","48.767","121.917","739.0","BUGT, CH","  701",",O,S",,,"  -96",",,S"," -246",",,S"," -163","H,,S"
"CHM00050632","2020-02-15","48.767","121.917","739.0","BUGT, CH",,,,,"  -85",",,S"," -212",",,S"," -154","H,,S"
"CHM00050632","2020-02-16","48.767","121.917","739.0","BUGT, CH","    0",",,S",,,"  -85",",,S"," -200",",,S"," -139","H,,S"
"CHM00050632","2020-02-17","48.767","121.917","739.0","BUGT, CH","    0",",,S",,,"  -56",",,S"," -185",",,S"," -114","H,,S"
"CHM00050632","2020-02-18","48.767","121.917","739.0","BUGT, CH","    0",",,S",,,"  -56",",,S"," -170",",,S"," -118","H,,S"
"CHM00050632","2020-02-19","48.767","121.917","739.0","BUGT, CH","    0",",,S",,,"  -64",",,S"," -205",",,S"," -136","H,,S"
"CHM00050632","2020-02-20","48.767","121.917","739.0","BUGT, CH","    5",",,S",,,"  -37",",,S"," -215",",,S"," -100","H,,S"
"CHM00050632","2020-02-21","48.767","121.917","739.0","BUGT, CH","   10",",,S",,,"  -37",",,S"," -197",",,S"," -119","H,,S"
"CHM00050632","2020-02-22","48.767","121.917","739.0","BUGT, CH","    0",",,S",,,"  -61",",,S"," -187",",,S"," -124","H,,S"
"CHM00050632","2020-02-23","48.767","121.917","739.0","BUGT, CH","   20",",,S",,,"  -53",",,S"," -187",",,S"," -112","H,,S"
"CHM00050632","2020-02-24","48.767","121.917","739.0","BUGT, CH","    0",",,S",,,"  -52",",,S"," -185",",,S"," -113","H,,S"
"CHM00050632","2020-02-25","48.767","121.917","739.0","BUGT, CH","    0",",,S",,,"  -25",",,S"," -195",",,S","  -95","H,,S"
"CHM00050632","2020-02-26","48.767","121.917","739.0","BUGT, CH","    0",",,S",,,"  -25",",,S"," -185",",,S"," -101","H,,S"
"CHM00050632","2020-02-27","48.767","121.917","739.0","BUGT, CH","   28",",,S",,,"  -21",",,S"," -199",",,S","  -77","H,,S"
"CHM00050632","2020-02-28","48.767","121.917","739.0","BUGT, CH","   33",",,S",,,"  -21",",,S"," -169",",,S","  -92","H,,S"
"CHM00050632","2020-02-29","48.767","121.917","739.0","BUGT, CH","    0",",,S",,,"  -35",",,S"," -157",",,S","  -87","H,,S"
"CHM00050632","2020-03-01","48.767","121.917","739.0","BUGT, CH","    0",",,S",,,"  -35",",,S"," -169",",,S"," -116","H,,S"
"CHM00050632","2020-03-02","48.767","121.917","739.0","BUGT, CH","    0",",,S",,,"  -37",",,S"," -191",",,S"," -124","H,,S"
"CHM00050632","2020-03-03","48.767","121.917","739.0","BUGT, CH","    3",",,S",,,"  -34",",,S"," -198",",,S"," -104","H,,S"
"CHM00050632","2020-03-04","48.767","121.917","739.0","BUGT, CH",,,,,"  -34",",,S"," -214",",,S"," -136","H,,S"
"CHM00050632","2020-03-05","48.767","121.917","739.0","BUGT, CH","    0",",,S",,,"  -11",",,S"," -221",",,S"," -108","H,,S"
"CHM00050632","2020-03-06","48.767","121.917","739.0","BUGT, CH","    0",",,S",,,"  -11",",,S"," -188",",,S"," -100","H,,S"
"CHM00050632","2020-03-07","48.767","121.917","739.0","BUGT, CH","    0",",,S",,,"   -1",",,S"," -158",",,S","  -62","H,,S"
"CHM00050632","2020-03-08","48.767","121.917","739.0","BUGT, CH","    0",",,S",,,"   -1",",,S"," -185",",,S","  -96","H,,S"
"CHM00050632","2020-03-09","48.767","121.917","739.0","BUGT, CH","    0",",,S",,,"  -19",",,S"," -198",",,S","  -92","H,,S"
"CHM00050632","2020-03-10","48.767","121.917","739.0","BUGT, CH","    0",",,S",,,"  -30",",,S"," -200",",,S"," -107","H,,S"
"CHM00050632","2020-03-11","48.767","121.917","739.0","BUGT, CH","    5",",,S",,,"  -20",",,S"," -206",",,S","  -87","H,,S"
"CHM00050632","2020-03-12","48.767","121.917","739.0","BUGT, CH","    3",",,S",,,"  -20",",,S"," -184",",,S"," -165","H,,S"
"CHM00050632","2020-03-13","48.767","121.917","739.0","BUGT, CH","    0",",,S",,,"  -33",",,S"," -188",",,S","  -93","H,,S"
"CHM00050632","2020-03-14","48.767","121.917","739.0","BUGT, CH","    0",",,S",,,"  -26",",,S"," -165",",,S","  -89","H,,S"
"CHM00050632","2020-03-15","48.767","121.917","739.0","BUGT, CH","    0",",,S",,,"  -26",",,S"," -177",",,S"," -112","H,,S"
"CHM00050632","2020-03-16","48.767","121.917","739.0","BUGT, CH","    0",",,S",,,"   43",",,S"," -177",",,S","  -19","H,,S"
"CHM00050632","2020-03-17","48.767","121.917","739.0","BUGT, CH","    0",",,S",,,"   43",",,S"," -118",",,S","   -7","H,,S"
"CHM00050632","2020-03-18","48.767","121.917","739.0","BUGT, CH","    0",",,S",,,"   31",",,S","  -42",",,S","   -9","H,,S"
"CHM00050632","2020-03-19","48.767","121.917","739.0","BUGT, CH","    0",",,S",,,"   30",",,S","  -67",",,S","  -21","H,,S"
"CHM00050632","2020-03-20","48.767","121.917","739.0","BUGT, CH","    0",",,S",,,"   29",",,S","  -69",",,S","  -24","H,,S"
"CHM00050632","2020-03-21","48.767","121.917","739.0","BUGT, CH","    0",",,S",,,"   26",",,S"," -113",",,S","  -45","H,,S"
"CHM00050632","2020-03-22","48.767","121.917","739.0","BUGT, CH","    0",",,S",,,"   25",",,S"," -118",",,S","  -32","H,,S"
"CHM00050632","2020-03-23","48.767","121.917","739.0","BUGT, CH","    0",",,S",,,"   77",",,S","  -79",",,S","   -5","H,,S"
"CHM00050632","2020-03-24","48.767","121.917","739.0","BUGT, CH","    0",",,S",,,"  114",",,S","  -88",",,S","   43","H,,S"
"CHM00050632","2020-03-25","48.767","121.917","739.0","BUGT, CH","    0",",,S",,,"  147",",,S","  -95",",,S","   26","H,,S"
"CHM00050632","2020-03-26","48.767","121.917","739.0","BUGT, CH","    0",",,S",,,,," -119",",,S","  -89","H,,S"
"CHM00050632","2020-03-27","48.767","121.917","739.0","BUGT, CH","    0",",,S",,,"  -58",",,S"," -129",",,S","  -91","H,,S"
"CHM00050632","2020-03-28","48.767","121.917","739.0","BUGT, CH","    0",",,S",,,"   32",",,S"," -141",",,S","  -24","H,,S"
"CHM00050632","2020-03-29","48.767","121.917","739.0","BUGT, CH","    0",",,S",,,"  119",",,S","  -92",",,S","   20","H,,S"
"CHM00050632","2020-03-30","48.767","121.917","739.0","BUGT, CH","    0",",,S",,,"  119",",,S","  -56",",,S","   19","H,,S"
"CHM00050632","2020-03-31","48.767","121.917","739.0","BUGT, CH","    0",",,S",,,"   99",",,S","  -50",",,S","   -3","H,,S"
"CHM00050632","2020-04-01","48.767","121.917","739.0","BUGT, CH","    0",",,S",,,"   86",",,S","  -23",",,S","   43","H,,S"
"CHM00050632","2020-04-02","48.767","121.917","739.0","BUGT, CH","    0",",,S",,,"   86",",,S","  -12",",,S","   31","H,,S"
"CHM00050632","2020-04-03","48.767","121.917","739.0","BUGT, CH","    0",",,S",,,"   73",",,S","  -78",",,S","  -28","H,,S"
"CHM00050632","2020-04-04","48.767","121.917","739.0","BUGT, CH","    0",",,S",,,"   41",",,S"," -105",",,S","  -29","H,,S"
"CHM00050632","2020-04-05","48.767","121.917","739.0","BUGT, CH","    0",",,S",,,"  118",",,S"," -105",",,S","   37","H,,S"
"CHM00050632","2020-04-06","48.767","121.917","739.0","BUGT, CH","    0",",,S",,,"  118",",,S","  -34",",,S","    3","H,,S"
"CHM00050632","2020-04-07","48.767","121.917","739.0","BUGT, CH","    0",",,S",,,"   45",",,S","  -81",",,S","  -16","H,,S"
"CHM00050632","2020-04-08","48.767","121.917","739.0","BUGT, CH","    0",",,S",,,"   61",",,S","  -85",",,S","    6","H,,S"
"CHM00050632","2020-04-09","48.767","121.917","739.0","BUGT, CH","    0",",,S",,,"  117",",,S","  -53",",,S","   33","H,,S"
"CHM00050632","2020-04-10","48.767","121.917","739.0","BUGT, CH","    0",",,S",,,"  140",",,S","  -50",",,S","   72","H,,S"
"CHM00050632","2020-04-11","48.767","121.917","739.0","BUGT, CH","    0",",,S",,,"  179",",,S","   -4",",,S","   96","H,,S"
"CHM00050632","2020-04-12","48.767","121.917","739.0","BUGT, CH","    0",",,S",,,"  198",",,S","  -21",",,S","   93","H,,S"
"CHM00050632","2020-04-13","48.767","121.917","739.0","BUGT, CH","    0",",,S",,,"  209",",,S","  -21",",,S","  117","H,,S"
"CHM00050632","2020-04-14","48.767","121.917","739.0","BUGT, CH","    0",",,S",,,"  209",",,S","  -30",",,S","   50","H,,S"
"CHM00050632","2020-04-15","48.767","121.917","739.0","BUGT, CH","    0",",,S",,,"  129",",,S","  -37",",,S","   51","H,,S"
"CHM00050632","2020-04-16","48.767","121.917","739.0","BUGT, CH","    0",",,S",,,"  146",",,S","  -41",",,S","   55","H,,S"
"CHM00050632","2020-04-17","48.767","121.917","739.0","BUGT, CH","    0",",,S",,,"  165",",,S","  -41",",,S","   76","H,,S"
"CHM00050632","2020-04-18","48.767","121.917","739.0","BUGT, CH","    0",",,S",,,"  181",",,S","  -13",",,S","  113","H,,S"
"CHM00050632","2020-04-19","48.767","121.917","739.0","BUGT, CH","    0",",,S",,,"  181",",,S","  -46",",,S","   23","H,,S"
"CHM00050632","2020-04-20","48.767","121.917","739.0","BUGT, CH","   89",",,S",,,"   96",",,S","  -70",",,S","  -61","H,,S"
"CHM00050632","2020-04-21","48.767","121.917","739.0","BUGT, CH","   20",",,S",,,"   -7",",,S","  -71",",,S","  -37","H,,S"
"CHM00050632","2020-04-22","48.767","121.917","739.0","BUGT, CH","    0",",,S",,,"   27",",,S","  -83",",,S","  -21","H,,S"
"CHM00050632","2020-04-23","48.767","121.917","739.0","BUGT, CH","    0",",,S",,,"   79",",,S","  -83",",,S","   24","H,,S"
"CHM00050632","2020-04-24","48.767","121.917","739.0","BUGT, CH","    0",",,S",,,"   79",",,S","  -34",",,S","   21","H,,S"
"CHM00050632","2020-04-25","48.767","121.917","739.0","BUGT, CH","    0",",,S",,,"   99",",,S","  -39",",,S","   34","H,,S"
"CHM00050632","2020-04-26","48.767","121.917","739.0","BUGT, CH","    0",",,S",,,"  128",",,S","  -39",",,S","   58","H,,S"
"CHM00050632","2020-04-27","48.767","121.917","739.0","BUGT, CH","   71",",,S","   10",",,S","  184",",,S","  -13",",,S","  106","H,,S"
"CHM00050632","2020-04-28","48.767","121.917","739.0","BUGT, CH","    0",",,S",,,"  184",",,S","  -21",",,S","   82","H,,S"
"CHM00050632","2020-04-29","48.767","121.917","739.0","BUGT, CH","    0",",,S",,,"  205",",,S","  -21",",,S","  118","H,,S"
"CHM00050632","2020-04-30","48.767","121.917","739.0","BUGT, CH","    0",",,S",,,"  222",",,S","   27",",,S","  162","H,,S"
"CHM00050632","2020-05-01","48.767","121.917","739.0","BUGT, CH","    0",",,S",,,"  231",",,S","   84",",,S","  172","H,,S"
"CHM00050632","2020-05-02","48.767","121.917","739.0","BUGT, CH","    0",",,S",,,"  231",",,S","   41",",,S","  106","H,,S"
"CHM00050632","2020-05-03","48.767","121.917","739.0","BUGT, CH","    0",",,S",,,"  165",",,S","  -25",",,S","   50","H,,S"
"CHM00050632","2020-05-04","48.767","121.917","739.0","BUGT, CH","   33",",,S",,,"  126",",,S","  -25",",,S","   52","H,,S"
"CHM00050632","2020-05-05","48.767","121.917","739.0","BUGT, CH","    0",",,S",,,"  147",",,S","    2",",,S","   71","H,,S"
"CHM00050632","2020-05-06","48.767","121.917","739.0","BUGT, CH","    0",",,S",,,"  205",",,S","    0",",,S","  146","H,,S"
"CHM00050632","2020-05-07","48.767","121.917","739.0","BUGT, CH","    5",",,S",,,"  207",",,S","   42",",,S","  117","H,,S"
"CHM00050632","2020-05-08","48.767","121.917","739.0","BUGT, CH","    0",",,S",,,"  207",",,S","   27",",,S","  108","H,,S"
"CHM00050632","2020-05-09","48.767","121.917","739.0","BUGT, CH","    0",",,S",,,"  215",",,S","   23",",,S","  132","H,,S"
"CHM00050632","2020-05-10","48.767","121.917","739.0","BUGT, CH","    0",",,S",,,"  215",",,S","   37",",,S","   84","H,,S"
"CHM00050632","2020-05-11","48.767","121.917","739.0","BUGT, CH","   51",",,S",,,"  135",",,S","   -6",",,S","   41","H,,S"
"CHM00050632","2020-05-12","48.767","121.917","739.0","BUGT, CH","    0",",,S",,,"  113",",,S","  -36",",,S","   37","H,,S"
"CHM00050632","2020-05-13","48.767","121.917","739.0","BUGT, CH","    0",",,S",,,"  181",",,S","  -36",",,S","  102","H,,S"
"CHM00050632","2020-05-14","48.767","121.917","739.0","BUGT, CH","    0",",,S",,,"  181",",,S","  -34",",,S","   65","H,,S"
"CHM00050632","2020-05-15","48.767","121.917","739.0","BUGT, CH","    0",",,S",,,"  199",",,S",,,"  142","H,,S"
"CHM00050632","2020-05-16","48.767","121.917","739.0","BUGT, CH","    3",",,S",,,"  200",",,S","   95",",,S","  150","H,,S"
"CHM00050632","2020-05-17","48.767","121.917","739.0","BUGT, CH","    0",",,S",,,"  200",",,S","    9",",,S","  119","H,,S"
"CHM00050632","2020-05-18","48.767","121.917","739.0","BUGT, CH","    0",",,S",,,"  203",",,S","    9",",,S","  121","H,,S"
"CHM00050632","2020-05-19","48.767","121.917","739.0","BUGT, CH","    0",",,S",,,"  211",",,S","   15",",,S","  144","H,,S"
"CHM00050632","2020-05-20","48.767","121.917","739.0","BUGT, CH","    0",",,S",,,"  211",",,S","   25",",,S","   96","H,,S"
"CHM00050632","2020-05-21","48.767","121.917","739.0","BUGT, CH","    0",",,S",,,"  204",",,S","   23",",,S","  119","H,,S"
"CHM00050632","2020-05-22","48.767","121.917","739.0","BUGT, CH","    0",",,S",,,"  204",",,S","   23",",,S","  136","H,,S"
"CHM00050632","2020-05-23","48.767","121.917","739.0","BUGT, CH","   15",",,S",,,"  192",",,S","   17",",,S","   89","H,,S"
"CHM00050632","2020-05-24","48.767","121.917","739.0","BUGT, CH","   43",",,S",,,"  152",",,S","   17",",,S","   67","H,,S"
"CHM00050632","2020-05-25","48.767","121.917","739.0","BUGT, CH","    0",",,S",,,"  133",",,S","    7",",,S","   78","H,,S"
"CHM00050632","2020-05-26","48.767","121.917","739.0","BUGT, CH","    0",",,S",,,"  187",",,S","    7",",,S","   97","H,,S"
"CHM00050632","2020-05-27","48.767","121.917","739.0","BUGT, CH","    0",",,S",,,"  232",",,S","   16",",,S","  130","H,,S"
"CHM00050632","2020-05-28","48.767","121.917","739.0","BUGT, CH","    0",",,S",,,"  255",",,S","   19",",,S","  161","H,,S"
"CHM00050632","2020-05-29","48.767","121.917","739.0","BUGT, CH","    0",",,S",,,"  278",",,S","   51",",,S","  202","H,,S"
"CHM00050632","2020-05-30","48.767","121.917","739.0","BUGT, CH","    0",",,S",,,"  283",",,S","   69",",,S","  173","H,,S"
"CHM00050632","2020-05-31","48.767","121.917","739.0","BUGT, CH","    0",",,S",,,"  283",",,S","   69",",,S","  129","H,,S"
"CHM00050632","2020-06-01","48.767","121.917","739.0","BUGT, CH","    0",",,S",,,"  175",",,S","   -1",",,S","   89","H,,S"
"CHM00050632","2020-06-02","48.767","121.917","739.0","BUGT, CH","  320",",,S","   30",",O,S","  208",",,S","   -1",",,S","  132","H,,S"
"CHM00050632","2020-06-03","48.767","121.917","739.0","BUGT, CH","   61",",,S",,,"  208",",,S","   58",",,S","  100","H,,S"
