"COM00080234","2018-06-26","4.168","-73.614","424.9","VANGUARDIA, CO","  170",",,S",,,"  202",",,S","  230","H,,S"
"COM00080234","2018-06-27","4.168","-73.614","424.9","VANGUARDIA, CO","  340",",,S",,,"  192",",,S","  249","H,,S"
"COM00080234","2018-06-28","4.168","-73.614","424.9","VANGUARDIA, CO","  361",",,S",,,"  202",",,S","  238","H,,S"
"COM00080234","2018-06-29","4.168","-73.614","424.9","VANGUARDIA, CO","  109",",,S",,,"  198",",,S","  253","H,,S"
"COM00080234","2018-06-30","4.168","-73.614","424.9","VANGUARDIA, CO","    3",",,S",,,"  198",",,S","  228","H,,S"
"COM00080234","2018-07-01","4.168","-73.614","424.9","VANGUARDIA, CO","   79",",,S",,,"  196",",,S","  258","H,,S"
"COM00080234","2018-07-02","4.168","-73.614","424.9","VANGUARDIA, CO","    0",",,S",,,"  188",",,S","  254","H,,S"
"COM00080234","2018-07-03","4.168","-73.614","424.9","VANGUARDIA, CO","  599",",,S",,,"  198",",,S","  239","H,,S"
"COM00080234","2018-07-04","4.168","-73.614","424.9","VANGUARDIA, CO","   30",",,S",,,"  200",",,S","  256","H,,S"
"COM00080234","2018-07-05","4.168","-73.614","424.9","VANGUARDIA, CO","   41",",,S",,,"  200",",,S","  264","H,,S"
"COM00080234","2018-07-06","4.168","-73.614","424.9","VANGUARDIA, CO","    0",",,S","  304",",,S","  208",",,S","  259","H,,S"
"COM00080234","2018-07-07","4.168","-73.614","424.9","VANGUARDIA, CO","   79",",,S",,,"  211",",,S","  231","H,,S"
"COM00080234","2018-07-08","4.168","-73.614","424.9","VANGUARDIA, CO","  279",",,S",,,"  203",",,S","  270","H,,S"
"COM00080234","2018-07-09","4.168","-73.614","424.9","VANGUARDIA, CO","  381",",,S",,,"  208",",,S","  265","H,,S"
"COM00080234","2018-07-10","4.168","-73.614","424.9","VANGUARDIA, CO","   61",",,S",,,"  210",",,S","  230","H,,S"
"COM00080234","2018-07-11","4.168","-73.614","424.9","VANGUARDIA, CO","  201",",,S",,,"  200",",,S","  244","H,,S"
"COM00080234","2018-07-12","4.168","-73.614","424.9","VANGUARDIA, CO","  119",",,S",,,"  204",",,S","  245","H,,S"
"COM00080234","2018-07-13","4.168","-73.614","424.9","VANGUARDIA, CO","  140",",,S",,,"  195",",,S","  226","H,,S"
"COM00080234","2018-07-14","4.168","-73.614","424.9","VANGUARDIA, CO","  150",",,S",,,"  192",",,S","  259","H,,S"
"COM00080234","2018-07-15","4.168","-73.614","424.9","VANGUARDIA, CO","   89",",,S",,,"  201",",,S","  269","H,,S"
"COM00080234","2018-07-16","4.168","-73.614","424.9","VANGUARDIA, CO","  249",",,S",,,"  202",",,S","  251","H,,S"
"COM00080234","2018-07-17","4.168","-73.614","424.9","VANGUARDIA, CO","  259",",,S",,,"  202",",,S","  244","H,,S"
"COM00080234","2018-07-18","4.168","-73.614","424.9","VANGUARDIA, CO","  150",",,S",,,"  204",",,S","  245","H,,S"
"COM00080234","2018-07-19","4.168","-73.614","424.9","VANGUARDIA, CO","   20",",,S",,,"  205",",,S","  261","H,,S"
"COM00080234","2018-07-20","4.168","-73.614","424.9","VANGUARDIA, CO","   20",",,S",,,,,"  252","H,,S"
"COM00080234","2018-07-23","4.168","-73.614","424.9","VANGUARDIA, CO","   20",",,S",,,"  204",",,S","  265","H,,S"
"COM00080234","2018-07-24","4.168","-73.614","424.9","VANGUARDIA, CO"," 1059",",,S",,,"  206",",,S","  232","H,,S"
"COM00080234","2018-07-25","4.168","-73.614","424.9","VANGUARDIA, CO","   61",",,S",,,"  194",",,S","  246","H,,S"
"COM00080234","2018-07-26","4.168","-73.614","424.9","VANGUARDIA, CO","  211",",,S",,,"  208",",,S","  231","H,,S"
"COM00080234","2018-07-27","4.168","-73.614","424.9","VANGUARDIA, CO","   99",",,S",,,"  204",",,S","  248","H,,S"
"COM00080234","2018-07-28","4.168","-73.614","424.9","VANGUARDIA, CO","   30",",,S",,,"  202",",,S","  261","H,,S"
"COM00080234","2018-07-29","4.168","-73.614","424.9","VANGUARDIA, CO","    0",",,S",,,,,"  260","H,,S"
"COM00080234","2018-07-30","4.168","-73.614","424.9","VANGUARDIA, CO","  340",",,S",,,"  202",",,S","  242","H,,S"
"COM00080234","2018-07-31","4.168","-73.614","424.9","VANGUARDIA, CO","    0",",,S",,,,,"  221","H,,S"
"COM00080234","2018-08-01","4.168","-73.614","424.9","VANGUARDIA, CO","  201",",,S",,,"  193",",,S","  229","H,,S"
"COM00080234","2018-08-02","4.168","-73.614","424.9","VANGUARDIA, CO","  221",",,S",,,,,"  268","H,,S"
"COM00080234","2018-08-03","4.168","-73.614","424.9","VANGUARDIA, CO","  351",",,S",,,"  195",",,S","  241","H,,S"
"COM00080234","2018-08-04","4.168","-73.614","424.9","VANGUARDIA, CO","   99",",,S",,,"  210",",,S","  262","H,,S"
"COM00080234","2018-08-05","4.168","-73.614","424.9","VANGUARDIA, CO"," 1270",",,S",,,"  193",",,S","  278","H,,S"
"COM00080234","2018-08-06","4.168","-73.614","424.9","VANGUARDIA, CO","    0",",,S",,,"  214",",,S","  283","H,,S"
"COM00080234","2018-08-07","4.168","-73.614","424.9","VANGUARDIA, CO",,,,,,,"  234","H,,S"
"COM00080234","2018-08-08","4.168","-73.614","424.9","VANGUARDIA, CO","  170",",,S",,,"  188",",,S","  259","H,,S"
"COM00080234","2018-08-09","4.168","-73.614","424.9","VANGUARDIA, CO","   30",",,S",,,"  198",",,S","  227","H,,S"
"COM00080234","2018-08-10","4.168","-73.614","424.9","VANGUARDIA, CO","  191",",,S",,,"  198",",,S","  281","H,,S"
"COM00080234","2018-08-11","4.168","-73.614","424.9","VANGUARDIA, CO","    0",",,S",,,,,"  268","H,,S"
"COM00080234","2018-08-12","4.168","-73.614","424.9","VANGUARDIA, CO","  140",",,S",,,"  198",",,S","  246","H,,S"
"COM00080234","2018-08-13","4.168","-73.614","424.9","VANGUARDIA, CO","   10",",,S",,,,,"  265","H,,S"
"COM00080234","2018-08-14","4.168","-73.614","424.9","VANGUARDIA, CO","   51",",,S",,,"  205",",,S","  225","H,,S"
"COM00080234","2018-08-15","4.168","-73.614","424.9","VANGUARDIA, CO","  211",",,S",,,,,"  287","H,,S"
"COM00080234","2018-08-16","4.168","-73.614","424.9","VANGUARDIA, CO","    0",",,S",,,,,"  299","H,,S"
"COM00080234","2018-08-17","4.168","-73.614","424.9","VANGUARDIA, CO","  691",",,S",,,"  198",",,S","  251","H,,S"
"COM00080234","2018-08-18","4.168","-73.614","424.9","VANGUARDIA, CO","   71",",,S",,,"  216",",,S","  260","H,,S"
"COM00080234","2018-08-19","4.168","-73.614","424.9","VANGUARDIA, CO","  279",",,S",,,"  202",",,S","  278","H,,S"
"COM00080234","2018-08-20","4.168","-73.614","424.9","VANGUARDIA, CO","  160",",,S",,,"  218",",,S","  256","H,,S"
"COM00080234","2018-08-21","4.168","-73.614","424.9","VANGUARDIA, CO","   71",",,S",,,"  193",",,S","  259","H,,S"
"COM00080234","2018-08-22","4.168","-73.614","424.9","VANGUARDIA, CO","  109",",,S",,,,,"  267","H,,S"
"COM00080234","2018-08-23","4.168","-73.614","424.9","VANGUARDIA, CO","    0",",,S",,,"  198",",,S","  263","H,,S"
"COM00080234","2018-08-24","4.168","-73.614","424.9","VANGUARDIA, CO","   20",",,S",,,"  195",",,S","  285","H,,S"
"COM00080234","2018-08-25","4.168","-73.614","424.9","VANGUARDIA, CO","   10",",,S",,,"  220",",,S","  251","H,,S"
"COM00080234","2018-08-26","4.168","-73.614","424.9","VANGUARDIA, CO","  140",",,S",,,"  203",",,S","  275","H,,S"
"COM00080234","2018-08-27","4.168","-73.614","424.9","VANGUARDIA, CO","  259",",,S",,,,,"  263","H,,S"
"COM00080234","2018-08-28","4.168","-73.614","424.9","VANGUARDIA, CO","    5",",,S",,,"  198",",,S","  243","H,,S"
"COM00080234","2018-08-29","4.168","-73.614","424.9","VANGUARDIA, CO","   41",",,S",,,"  217",",,S","  245","H,,S"
"COM00080234","2018-08-30","4.168","-73.614","424.9","VANGUARDIA, CO","   51",",,S",,,"  202",",,S","  257","H,,S"
"COM00080234","2018-08-31","4.168","-73.614","424.9","VANGUARDIA, CO","  231",",,S",,,"  200",",,S","  264","H,,S"
"COM00080234","2018-09-01","4.168","-73.614","424.9","VANGUARDIA, CO","    0",",,S",,,"  207",",,S","  276","H,,S"
"COM00080234","2018-09-02","4.168","-73.614","424.9","VANGUARDIA, CO","   51",",,S",,,,,"  248","H,,S"
"COM00080234","2018-09-03","4.168","-73.614","424.9","VANGUARDIA, CO","   51",",,S",,,"  222",",,S","  263","H,,S"
"COM00080234","2018-09-04","4.168","-73.614","424.9","VANGUARDIA, CO","  290",",,S",,,"  203",",,S","  241","H,,S"
"COM00080234","2018-09-05","4.168","-73.614","424.9","VANGUARDIA, CO","  140",",,S",,,"  205",",,S","  261","H,,S"
"COM00080234","2018-09-06","4.168","-73.614","424.9","VANGUARDIA, CO","   10",",,S",,,"  198",",,S","  249","H,,S"
"COM00080234","2018-09-07","4.168","-73.614","424.9","VANGUARDIA, CO","  300",",,S",,,"  208",",,S","  243","H,,S"
"COM00080234","2018-09-08","4.168","-73.614","424.9","VANGUARDIA, CO","    0",",,S",,,,,"  273","H,,S"
"COM00080234","2018-09-09","4.168","-73.614","424.9","VANGUARDIA, CO","    3",",,S",,,"  203",",,S","  273","H,,S"
"COM00080234","2018-09-10","4.168","-73.614","424.9","VANGUARDIA, CO","    0",",,S",,,,,"  281","H,,S"
"COM00080234","2018-09-11","4.168","-73.614","424.9","VANGUARDIA, CO","    0",",,S",,,"  212",",,S","  276","H,,S"
"COM00080234","2018-09-12","4.168","-73.614","424.9","VANGUARDIA, CO","    0",",,S",,,"  205",",,S","  276","H,,S"
"COM00080234","2018-09-13","4.168","-73.614","424.9","VANGUARDIA, CO",,,,,,,"  270","H,,S"
"COM00080234","2018-09-14","4.168","-73.614","424.9","VANGUARDIA, CO","   89",",,S",,,"  205",",,S","  257","H,,S"
"COM00080234","2018-09-15","4.168","-73.614","424.9","VANGUARDIA, CO","  140",",,S",,,"  212",",,S","  233","H,,S"
"COM00080234","2018-09-16","4.168","-73.614","424.9","VANGUARDIA, CO","  180",",,S",,,"  196",",,S","  266","H,,S"
"COM00080234","2018-09-18","4.168","-73.614","424.9","VANGUARDIA, CO","  450",",,S",,,"  189",",,S","  270","H,,S"
"COM00080234","2018-09-19","4.168","-73.614","424.9","VANGUARDIA, CO","    0",",,S",,,"  198",",,S","  289","H,,S"
"COM00080234","2018-09-20","4.168","-73.614","424.9","VANGUARDIA, CO","    0",",,S",,,"  204",",,S","  285","H,,S"
"COM00080234","2018-09-21","4.168","-73.614","424.9","VANGUARDIA, CO","    0",",,S","  330",",,S","  212",",,S","  272","H,,S"
"COM00080234","2018-09-22","4.168","-73.614","424.9","VANGUARDIA, CO","    5",",,S",,,"  207",",,S","  265","H,,S"
"COM00080234","2018-09-23","4.168","-73.614","424.9","VANGUARDIA, CO","    5",",,S",,,"  208",",,S","  272","H,,S"
"COM00080234","2018-09-24","4.168","-73.614","424.9","VANGUARDIA, CO","    0",",,S",,,,,"  294","H,,S"
"COM00080234","2018-09-25","4.168","-73.614","424.9","VANGUARDIA, CO","   79",",,S",,,"  207",",,S","  261","H,,S"
"COM00080234","2018-09-26","4.168","-73.614","424.9","VANGUARDIA, CO","  180",",,S",,,"  208",",,S","  270","H,,S"
"COM00080234","2018-09-27","4.168","-73.614","424.9","VANGUARDIA, CO","  140",",,S",,,,,"  256","H,,S"
"COM00080234","2018-09-28","4.168","-73.614","424.9","VANGUARDIA, CO","  109",",,S",,,"  193",",,S","  274","H,,S"
"COM00080234","2018-09-29","4.168","-73.614","424.9","VANGUARDIA, CO","    5",",,S",,,"  228",",,S","  293","H,,S"
"COM00080234","2018-09-30","4.168","-73.614","424.9","VANGUARDIA, CO","   89",",,S",,,,,"  272","H,,S"
"COM00080234","2018-10-01","4.168","-73.614","424.9","VANGUARDIA, CO","   20",",,S",,,"  214",",,S","  270","H,,S"
"COM00080234","2018-10-02","4.168","-73.614","424.9","VANGUARDIA, CO","    3",",,S",,,"  212",",,S","  288","H,,S"
"COM00080234","2018-10-03","4.168","-73.614","424.9","VANGUARDIA, CO","   41",",,S",,,,,"  268","H,,S"
"COM00080234","2018-10-04","4.168","-73.614","424.9","VANGUARDIA, CO","  399",",,S",,,"  213",",,S","  275","H,,S"
"COM00080234","2018-10-05","4.168","-73.614","424.9","VANGUARDIA, CO","   20",",,S",,,"  210",",,S","  256","H,,S"
"COM00080234","2018-10-06","4.168","-73.614","424.9","VANGUARDIA, CO"," 1321",",,S",,,"  202",",,S","  259","H,,S"
"COM00080234","2018-10-07","4.168","-73.614","424.9","VANGUARDIA, CO","    8",",,S",,,"  196",",,S","  272","H,,S"
"COM00080234","2018-10-08","4.168","-73.614","424.9","VANGUARDIA, CO","    0",",,S",,,,,"  295","H,,S"
"COM00080234","2018-10-09","4.168","-73.614","424.9","VANGUARDIA, CO","    0",",,S","  328",",,S","  212",",,S","  282","H,,S"
"COM00080234","2018-10-10","4.168","-73.614","424.9","VANGUARDIA, CO","  330",",,S","  328",",,S","  205",",,S","  271","H,,S"
"COM00080234","2018-10-11","4.168","-73.614","424.9","VANGUARDIA, CO","    0",",,S",,,,,"  252","H,,S"
"COM00080234","2018-10-12","4.168","-73.614","424.9","VANGUARDIA, CO","    3",",,S",,,"  210",",,S","  257","H,,S"
"COM00080234","2018-10-13","4.168","-73.614","424.9","VANGUARDIA, CO","  589",",,S",,,"  207",",,S","  257","H,,S"
"COM00080234","2018-10-14","4.168","-73.614","424.9","VANGUARDIA, CO","   41",",,S",,,"  218",",,S","  276","H,,S"
"COM00080234","2018-10-15","4.168","-73.614","424.9","VANGUARDIA, CO","  239",",,S",,,,,"  258","H,,S"
"COM00080234","2018-10-16","4.168","-73.614","424.9","VANGUARDIA, CO","   20",",,S",,,"  208",",,S","  267","H,,S"
"COM00080234","2018-10-17","4.168","-73.614","424.9","VANGUARDIA, CO","    0",",,S",,,"  200",",,S","  307","H,,S"
"COM00080234","2018-10-18","4.168","-73.614","424.9","VANGUARDIA, CO","    0",",,S",,,"  218",",,S","  294","H,,S"
"COM00080234","2018-10-19","4.168","-73.614","424.9","VANGUARDIA, CO","   20",",,S","  330",",,S","  212",",,S","  260","H,,S"
"COM00080234","2018-10-20","4.168","-73.614","424.9","VANGUARDIA, CO","    3",",,S",,,"  208",",,S","  268","H,,S"
"COM00080234","2018-10-21","4.168","-73.614","424.9","VANGUARDIA, CO","    3",",,S",,,"  216",",,S","  255","H,,S"
"COM00080234","2018-10-22","4.168","-73.614","424.9","VANGUARDIA, CO","  119",",,S",,,"  203",",,S","  264","H,,S"
"COM00080234","2018-10-23","4.168","-73.614","424.9","VANGUARDIA, CO","  109",",,S",,,"  214",",,S","  264","H,,S"
"COM00080234","2018-10-24","4.168","-73.614","424.9","VANGUARDIA, CO","   20",",,S",,,"  214",",,S","  261","H,,S"
"COM00080234","2018-10-25","4.168","-73.614","424.9","VANGUARDIA, CO","  119",",,S",,,"  228",",,S","  261","H,,S"
"COM00080234","2018-10-26","4.168","-73.614","424.9","VANGUARDIA, CO","    5",",,S",,,"  208",",,S","  275","H,,S"
"COM00080234","2018-10-27","4.168","-73.614","424.9","VANGUARDIA, CO","  599",",,S",,,"  216",",,S","  273","H,,S"
"COM00080234","2018-10-28","4.168","-73.614","424.9","VANGUARDIA, CO","   20",",,S",,,"  212",",,S","  276","H,,S"
"COM00080234","2018-10-29","4.168","-73.614","424.9","VANGUARDIA, CO","   89",",,S",,,"  206",",,S","  284","H,,S"
"COM00080234","2018-10-30","4.168","-73.614","424.9","VANGUARDIA, CO","   30",",,S",,,"  218",",,S","  270","H,,S"
"COM00080234","2018-10-31","4.168","-73.614","424.9","VANGUARDIA, CO","  150",",,S",,,"  205",",,S","  279","H,,S"
"COM00080234","2018-11-01","4.168","-73.614","424.9","VANGUARDIA, CO","   20",",,S",,,"  207",",,S","  274","H,,S"
"COM00080234","2018-11-02","4.168","-73.614","424.9","VANGUARDIA, CO","  371",",,S",,,"  206",",,S","  261","H,,S"
"COM00080234","2018-11-03","4.168","-73.614","424.9","VANGUARDIA, CO","   41",",,S",,,"  197",",,S","  279","H,,S"
"COM00080234","2018-11-04","4.168","-73.614","424.9","VANGUARDIA, CO","    0",",,S",,,"  208",",,S","  283","H,,S"
"COM00080234","2018-11-05","4.168","-73.614","424.9","VANGUARDIA, CO","  269",",,S",,,,,"  251","H,,S"
"COM00080234","2018-11-06","4.168","-73.614","424.9","VANGUARDIA, CO","  170",",,S",,,"  214",",,S","  269","H,,S"
"COM00080234","2018-11-07","4.168","-73.614","424.9","VANGUARDIA, CO","   20",",,S",,,,,"  251","H,,S"
"COM00080234","2018-11-08","4.168","-73.614","424.9","VANGUARDIA, CO","  140",",,S",,,"  218",",,S","  276","H,,S"
"COM00080234","2018-11-09","4.168","-73.614","424.9","VANGUARDIA, CO","  320",",,S",,,"  210",",,S","  253","H,,S"
"COM00080234","2018-11-10","4.168","-73.614","424.9","VANGUARDIA, CO","   41",",,S",,,"  214",",,S","  257","H,,S"
"COM00080234","2018-11-11","4.168","-73.614","424.9","VANGUARDIA, CO","   89",",,S",,,"  210",",,S","  263","H,,S"
"COM00080234","2018-11-12","4.168","-73.614","424.9","VANGUARDIA, CO","   51",",,S",,,"  206",",,S","  276","H,,S"
"COM00080234","2018-11-13","4.168","-73.614","424.9","VANGUARDIA, CO","   71",",,S",,,"  215",",,S","  286","H,,S"
"COM00080234","2018-11-14","4.168","-73.614","424.9","VANGUARDIA, CO","    0",",,S",,,,,"  303","H,,S"
"COM00080234","2018-11-15","4.168","-73.614","424.9","VANGUARDIA, CO",,,,,"  208",",,S","  292","H,,S"
"COM00080234","2018-11-16","4.168","-73.614","424.9","VANGUARDIA, CO","   20",",,S",,,"  218",",,S","  271","H,,S"
"COM00080234","2018-11-23","4.168","-73.614","424.9","VANGUARDIA, CO","   89",",,S","  303",",,S","  220",",,S","  249","H,,S"
"COM00080234","2018-11-24","4.168","-73.614","424.9","VANGUARDIA, CO","  160",",,S",,,"  214",",,S","  264","H,,S"
"COM00080234","2018-11-25","4.168","-73.614","424.9","VANGUARDIA, CO","    8",",,S",,,"  206",",,S","  284","H,,S"
"COM00080234","2018-11-26","4.168","-73.614","424.9","VANGUARDIA, CO","    0",",,S",,,"  207",",,S","  284","H,,S"
"COM00080234","2018-11-27","4.168","-73.614","424.9","VANGUARDIA, CO","    0",",,S",,,"  208",",,S","  263","H,,S"
"COM00080234","2018-11-28","4.168","-73.614","424.9","VANGUARDIA, CO","   30",",,S",,,"  220",",,S","  287","H,,S"
"COM00080234","2018-11-29","4.168","-73.614","424.9","VANGUARDIA, CO","    0",",,S","  316",",,S","  216",",,S","  282","H,,S"
"COM00080234","2018-11-30","4.168","-73.614","424.9","VANGUARDIA, CO","    0",",,S","  309",",,S","  235",",,S","  259","H,,S"
"COM00080234","2018-12-01","4.168","-73.614","424.9","VANGUARDIA, CO","    5",",,S",,,"  224",",,S","  270","H,,S"
"COM00080234","2018-12-02","4.168","-73.614","424.9","VANGUARDIA, CO","    3",",,S",,,"  210",",,S","  273","H,,S"
"COM00080234","2018-12-03","4.168","-73.614","424.9","VANGUARDIA, CO","   20",",,S",,,"  206",",,S","  272","H,,S"
"COM00080234","2018-12-04","4.168","-73.614","424.9","VANGUARDIA, CO","    3",",,S","  298",",,S","  210",",,S","  267","H,,S"
"COM00080234","2018-12-05","4.168","-73.614","424.9","VANGUARDIA, CO","    0",",,S",,,"  220",",,S","  263","H,,S"
"COM00080234","2018-12-06","4.168","-73.614","424.9","VANGUARDIA, CO","   79",",,S",,,"  218",",,S","  259","H,,S"
"COM00080234","2018-12-07","4.168","-73.614","424.9","VANGUARDIA, CO","   99",",,S",,,"  207",",,S","  276","H,,S"
"COM00080234","2018-12-08","4.168","-73.614","424.9","VANGUARDIA, CO","    0",",,S","  312",",,S","  214",",,S","  267","H,,S"
"COM00080234","2018-12-09","4.168","-73.614","424.9","VANGUARDIA, CO","    0",",,S",,,"  211",",,S","  279","H,,S"
"COM00080234","2018-12-10","4.168","-73.614","424.9","VANGUARDIA, CO","    0",",,S","  316",",,S",,,"  262","H,,S"
"COM00080234","2018-12-11","4.168","-73.614","424.9","VANGUARDIA, CO","   30",",,S",,,"  215",",,S","  274","H,,S"
"COM00080234","2018-12-12","4.168","-73.614","424.9","VANGUARDIA, CO","    0",",,S","  305",",,S","  224",",,S","  272","H,,S"
"COM00080234","2018-12-13","4.168","-73.614","424.9","VANGUARDIA, CO","  191",",,S",,,,,"  266","H,,S"
"COM00080234","2018-12-14","4.168","-73.614","424.9","VANGUARDIA, CO","   51",",,S","  301",",,S","  214",",,S","  262","H,,S"
"COM00080234","2018-12-15","4.168","-73.614","424.9","VANGUARDIA, CO","   30",",,S",,,"  205",",,S","  285","H,,S"
"COM00080234","2018-12-16","4.168","-73.614","424.9","VANGUARDIA, CO","    0",",,S",,,"  196",",,S","  280","H,,S"
"COM00080234","2018-12-17","4.168","-73.614","424.9","VANGUARDIA, CO","    0",",,S",,,"  197",",,S","  284","H,,S"
"COM00080234","2018-12-18","4.168","-73.614","424.9","VANGUARDIA, CO","    0",",,S",,,"  208",",,S","  277","H,,S"
"COM00080234","2018-12-19","4.168","-73.614","424.9","VANGUARDIA, CO","    0",",,S",,,"  208",",,S","  281","H,,S"
"COM00080234","2018-12-20","4.168","-73.614","424.9","VANGUARDIA, CO","    0",",,S",,,"  202",",,S","  283","H,,S"
"COM00080234","2018-12-21","4.168","-73.614","424.9","VANGUARDIA, CO",,,,,"  218",",,S","  291","H,,S"
"COM00080234","2018-12-22","4.168","-73.614","424.9","VANGUARDIA, CO","    0",",,S",,,"  224",",,S","  291","H,,S"
"COM00080234","2018-12-23","4.168","-73.614","424.9","VANGUARDIA, CO","    0",",,S",,,,,"  282","H,,S"
"COM00080234","2018-12-24","4.168","-73.614","424.9","VANGUARDIA, CO","    0",",,S",,,"  214",",,S","  277","H,,S"
"COM00080234","2018-12-25","4.168","-73.614","424.9","VANGUARDIA, CO",,,,,,,"  289","H,,S"
"COM00080234","2018-12-26","4.168","-73.614","424.9","VANGUARDIA, CO","    0",",,S","  327",",,S","  186",",,S","  272","H,,S"
"COM00080234","2018-12-27","4.168","-73.614","424.9","VANGUARDIA, CO",,,,,"  228",",,S","  283","H,,S"
"COM00080234","2018-12-28","4.168","-73.614","424.9","VANGUARDIA, CO","    0",",,S","  324",",,S","  212",",,S","  279","H,,S"
"COM00080234","2018-12-29","4.168","-73.614","424.9","VANGUARDIA, CO",,,"  327",",,S",,,"  283","H,,S"
"COM00080234","2018-12-30","4.168","-73.614","424.9","VANGUARDIA, CO","    0",",,S",,,"  198",",,S","  282","H,,S"
"COM00080234","2018-12-31","4.168","-73.614","424.9","VANGUARDIA, CO","    0",",,S",,,"  212",",,S","  299","H,,S"
"COM00080234","2019-01-01","4.168","-73.614","424.9","VANGUARDIA, CO","    0",",,S",,,"  204",",,S","  281","H,,S"
"COM00080234","2019-01-02","4.168","-73.614","424.9","VANGUARDIA, CO","    0",",,S",,,"  190",",,S","  289","H,,S"
"COM00080234","2019-01-03","4.168","-73.614","424.9","VANGUARDIA, CO","    0",",,S",,,"  200",",,S","  281","H,,S"
"COM00080234","2019-01-04","4.168","-73.614","424.9","VANGUARDIA, CO",,,,,"  212",",,S","  284","H,,S"
"COM00080234","2019-01-05","4.168","-73.614","424.9","VANGUARDIA, CO",,,,,,,"  287","H,,S"
"COM00080234","2019-01-06","4.168","-73.614","424.9","VANGUARDIA, CO",,,,,,,"  279","H,,S"
"COM00080234","2019-01-07","4.168","-73.614","424.9","VANGUARDIA, CO",,,,,"  214",",,S","  296","H,,S"
"COM00080234","2019-01-08","4.168","-73.614","424.9","VANGUARDIA, CO","    0",",,S",,,,,"  271","H,,S"
"COM00080234","2019-01-09","4.168","-73.614","424.9","VANGUARDIA, CO",,,,,"  226",",,S","  274","H,,S"
"COM00080234","2019-01-10","4.168","-73.614","424.9","VANGUARDIA, CO","    5",",,S",,,"  224",",,S","  268","H,,S"
"COM00080234","2019-01-11","4.168","-73.614","424.9","VANGUARDIA, CO","    5",",,S",,,"  220",",,S","  273","H,,S"
"COM00080234","2019-01-12","4.168","-73.614","424.9","VANGUARDIA, CO","    0",",,S",,,"  234",",,S","  271","H,,S"
"COM00080234","2019-01-13","4.168","-73.614","424.9","VANGUARDIA, CO","    0",",,S",,,"  224",",,S","  281","H,,S"
"COM00080234","2019-01-14","4.168","-73.614","424.9","VANGUARDIA, CO","   10",",,S",,,"  226",",,S","  282","H,,S"
"COM00080234","2019-01-15","4.168","-73.614","424.9","VANGUARDIA, CO","    0",",,S",,,"  218",",,S","  293","H,,S"
"COM00080234","2019-01-16","4.168","-73.614","424.9","VANGUARDIA, CO","    0",",,S",,,"  228",",,S","  292","H,,S"
"COM00080234","2019-01-17","4.168","-73.614","424.9","VANGUARDIA, CO","    0",",,S",,,"  234",",,S","  286","H,,S"
"COM00080234","2019-01-18","4.168","-73.614","424.9","VANGUARDIA, CO","    0",",,S",,,"  224",",,S","  275","H,,S"
"COM00080234","2019-01-19","4.168","-73.614","424.9","VANGUARDIA, CO","    0",",,S","  320",",,S","  228",",,S","  267","H,,S"
"COM00080234","2019-01-20","4.168","-73.614","424.9","VANGUARDIA, CO","   30",",,S",,,"  228",",,S","  268","H,,S"
"COM00080234","2019-01-21","4.168","-73.614","424.9","VANGUARDIA, CO","    0",",,S",,,"  224",",,S","  282","H,,S"
"COM00080234","2019-01-22","4.168","-73.614","424.9","VANGUARDIA, CO","    0",",,S",,,"  236",",,S","  287","H,,S"
"COM00080234","2019-01-23","4.168","-73.614","424.9","VANGUARDIA, CO","    3",",,S","  342",",,S","  234",",,S","  281","H,,S"
"COM00080234","2019-01-24","4.168","-73.614","424.9","VANGUARDIA, CO","    0",",,S",,,"  232",",,S","  290","H,,S"
"COM00080234","2019-01-25","4.168","-73.614","424.9","VANGUARDIA, CO",,,"  323",",,S",,,"  281","H,,S"
"COM00080234","2019-01-26","4.168","-73.614","424.9","VANGUARDIA, CO","    0",",,S","  326",",,S","  238",",,S","  282","H,,S"
"COM00080234","2019-01-27","4.168","-73.614","424.9","VANGUARDIA, CO","    0",",,S",,,"  236",",,S","  294","H,,S"
"COM00080234","2019-01-28","4.168","-73.614","424.9","VANGUARDIA, CO","    0",",,S",,,"  240",",,S","  299","H,,S"
"COM00080234","2019-01-29","4.168","-73.614","424.9","VANGUARDIA, CO","    0",",,S",,,"  242",",,S","  306","H,,S"
"COM00080234","2019-01-30","4.168","-73.614","424.9","VANGUARDIA, CO","   79",",,S",,,"  222",",,S","  264","H,,S"
"COM00080234","2019-01-31","4.168","-73.614","424.9","VANGUARDIA, CO","   79",",,S",,,"  228",",,S","  297","H,,S"
"COM00080234","2019-02-01","4.168","-73.614","424.9","VANGUARDIA, CO","   10",",,S",,,"  226",",,S","  291","H,,S"
"COM00080234","2019-02-02","4.168","-73.614","424.9","VANGUARDIA, CO","    0",",,S",,,"  222",",,S","  296","H,,S"
"COM00080234","2019-02-03","4.168","-73.614","424.9","VANGUARDIA, CO","    0",",,S",,,"  218",",,S","  308","H,,S"
"COM00080234","2019-02-04","4.168","-73.614","424.9","VANGUARDIA, CO","    0",",,S",,,"  228",",,S","  280","H,,S"
"COM00080234","2019-02-05","4.168","-73.614","424.9","VANGUARDIA, CO","   10",",,S",,,,,"  259","H,,S"
"COM00080234","2019-02-06","4.168","-73.614","424.9","VANGUARDIA, CO","   51",",,S",,,"  228",",,S","  278","H,,S"
"COM00080234","2019-02-07","4.168","-73.614","424.9","VANGUARDIA, CO","    0",",,S",,,"  220",",,S","  287","H,,S"
"COM00080234","2019-02-08","4.168","-73.614","424.9","VANGUARDIA, CO",,,,,,,"  296","H,,S"
"COM00080234","2019-02-09","4.168","-73.614","424.9","VANGUARDIA, CO","    0",",,S","  342",",,S",,,"  291","H,,S"
"COM00080234","2019-02-10","4.168","-73.614","424.9","VANGUARDIA, CO","    0",",,S",,,"  236",",,S","  291","H,,S"
"COM00080234","2019-02-11","4.168","-73.614","424.9","VANGUARDIA, CO","    0",",,S",,,"  226",",,S","  298","H,,S"
"COM00080234","2019-02-12","4.168","-73.614","424.9","VANGUARDIA, CO","    0",",,S",,,"  222",",,S","  308","H,,S"
"COM00080234","2019-02-13","4.168","-73.614","424.9","VANGUARDIA, CO","    0",",,S",,,"  230",",,S","  309","H,,S"
"COM00080234","2019-02-14","4.168","-73.614","424.9","VANGUARDIA, CO","    0",",,S",,,"  226",",,S","  296","H,,S"
"COM00080234","2019-02-15","4.168","-73.614","424.9","VANGUARDIA, CO",,,,,"  224",",,S","  307","H,,S"
"COM00080234","2019-02-16","4.168","-73.614","424.9","VANGUARDIA, CO","    0",",,S",,,"  234",",,S","  282","H,,S"
"COM00080234","2019-02-17","4.168","-73.614","424.9","VANGUARDIA, CO","    0",",,S",,,"  228",",,S","  298","H,,S"
"COM00080234","2019-02-18","4.168","-73.614","424.9","VANGUARDIA, CO","    8",",,S","  348",",,S","  232",",,S","  268","H,,S"
"COM00080234","2019-02-19","4.168","-73.614","424.9","VANGUARDIA, CO","    5",",,S",,,,,"  294","H,,S"
"COM00080234","2019-02-20","4.168","-73.614","424.9","VANGUARDIA, CO","    0",",,S",,,"  234",",,S","  306","H,,S"
"COM00080234","2019-02-21","4.168","-73.614","424.9","VANGUARDIA, CO","    0",",,S",,,,,"  304","H,,S"
"COM00080234","2019-02-22","4.168","-73.614","424.9","VANGUARDIA, CO","    0",",,S","  345",",,S","  232",",,S","  304","H,,S"
"COM00080234","2019-02-23","4.168","-73.614","424.9","VANGUARDIA, CO","    0",",,S",,,"  238",",,S","  296","H,,S"
"COM00080234","2019-02-24","4.168","-73.614","424.9","VANGUARDIA, CO","    0",",,S",,,"  246",",,S","  283","H,,S"
"COM00080234","2019-02-25","4.168","-73.614","424.9","VANGUARDIA, CO","    0",",,S",,,"  218",",,S","  300","H,,S"
"COM00080234","2019-02-26","4.168","-73.614","424.9","VANGUARDIA, CO","    0",",,S","  350",",,S",,,"  298","H,,S"
"COM00080234","2019-02-27","4.168","-73.614","424.9","VANGUARDIA, CO","    0",",,S",,,"  226",",,S","  300","H,,S"
"COM00080234","2019-02-28","4.168","-73.614","424.9","VANGUARDIA, CO","    0",",,S",,,"  234",",,S","  307","H,,S"
"COM00080234","2019-03-01","4.168","-73.614","424.9","VANGUARDIA, CO","    0",",,S","  353",",,S",,,"  307","H,,S"
"COM00080234","2019-03-02","4.168","-73.614","424.9","VANGUARDIA, CO","    3",",,S","  356",",,S","  234",",,S","  292","H,,S"
"COM00080234","2019-03-03","4.168","-73.614","424.9","VANGUARDIA, CO","    3",",,S",,,"  232",",,S","  272","H,,S"
"COM00080234","2019-03-04","4.168","-73.614","424.9","VANGUARDIA, CO","    0",",,S",,,"  227",",,S","  300","H,,S"
"COM00080234","2019-03-05","4.168","-73.614","424.9","VANGUARDIA, CO","    0",",,S","  346",",,S","  250",",,S","  302","H,,S"
"COM00080234","2019-03-06","4.168","-73.614","424.9","VANGUARDIA, CO","    0",",,S",,,"  244",",,S","  300","H,,S"
"COM00080234","2019-03-07","4.168","-73.614","424.9","VANGUARDIA, CO","    0",",,S",,,,,"  304","H,,S"
"COM00080234","2019-03-08","4.168","-73.614","424.9","VANGUARDIA, CO","    0",",,S","  350",",,S","  220",",,S","  277","H,,S"
"COM00080234","2019-03-09","4.168","-73.614","424.9","VANGUARDIA, CO","  140",",,S","  344",",,S","  232",",,S","  276","H,,S"
"COM00080234","2019-03-10","4.168","-73.614","424.9","VANGUARDIA, CO","   41",",,S",,,"  224",",,S","  252","H,,S"
"COM00080234","2019-03-11","4.168","-73.614","424.9","VANGUARDIA, CO","  180",",,S",,,,,"  261","H,,S"
"COM00080234","2019-03-12","4.168","-73.614","424.9","VANGUARDIA, CO","   10",",,S",,,"  224",",,S","  259","H,,S"
"COM00080234","2019-03-14","4.168","-73.614","424.9","VANGUARDIA, CO","    0",",,S",,,"  228",",,S","  294","H,,S"
"COM00080234","2019-03-15","4.168","-73.614","424.9","VANGUARDIA, CO","   10",",,S","  324",",,S","  224",",,S","  244","H,,S"
"COM00080234","2019-03-16","4.168","-73.614","424.9","VANGUARDIA, CO","  831",",,S",,,"  207",",,S","  276","H,,S"
"COM00080234","2019-03-17","4.168","-73.614","424.9","VANGUARDIA, CO","   10",",,S",,,"  213",",,S","  287","H,,S"
"COM00080234","2019-03-18","4.168","-73.614","424.9","VANGUARDIA, CO","    0",",,S",,,"  224",",,S","  264","H,,S"
"COM00080234","2019-03-19","4.168","-73.614","424.9","VANGUARDIA, CO","    5",",,S",,,"  226",",,S","  280","H,,S"
"COM00080234","2019-03-20","4.168","-73.614","424.9","VANGUARDIA, CO","  130",",,S",,,"  217",",,S","  267","H,,S"
"COM00080234","2019-03-21","4.168","-73.614","424.9","VANGUARDIA, CO","    0",",,S",,,"  222",",,S","  260","H,,S"
"COM00080234","2019-03-22","4.168","-73.614","424.9","VANGUARDIA, CO","   30",",,S","  318",",,S","  216",",,S","  268","H,,S"
"COM00080234","2019-03-23","4.168","-73.614","424.9","VANGUARDIA, CO","    5",",,S",,,"  230",",,S","  265","H,,S"
"COM00080234","2019-03-24","4.168","-73.614","424.9","VANGUARDIA, CO","  381",",,S",,,"  206",",,S","  260","H,,S"
"COM00080234","2019-03-25","4.168","-73.614","424.9","VANGUARDIA, CO","    5",",,S",,,,,"  294","H,,S"
"COM00080234","2019-03-26","4.168","-73.614","424.9","VANGUARDIA, CO","    0",",,S",,,"  231",",,S","  304","H,,S"
"COM00080234","2019-03-27","4.168","-73.614","424.9","VANGUARDIA, CO","    0",",,S","  336",",,S","  234",",,S","  301","H,,S"
"COM00080234","2019-03-28","4.168","-73.614","424.9","VANGUARDIA, CO","  140",",,S",,,"  212",",,S","  266","H,,S"
"COM00080234","2019-03-29","4.168","-73.614","424.9","VANGUARDIA, CO","   79",",,S","  316",",,S","  214",",,S","  259","H,,S"
"COM00080234","2019-03-30","4.168","-73.614","424.9","VANGUARDIA, CO","  429",",,S","  288",",,S","  216",",,S","  243","H,,S"
"COM00080234","2019-03-31","4.168","-73.614","424.9","VANGUARDIA, CO","   20",",,S",,,"  214",",,S","  242","H,,S"
"COM00080234","2019-04-01","4.168","-73.614","424.9","VANGUARDIA, CO","  399",",,S",,,"  208",",,S","  267","H,,S"
"COM00080234","2019-04-02","4.168","-73.614","424.9","VANGUARDIA, CO","  470",",,S","  322",",,S","  214",",,S","  272","H,,S"
"COM00080234","2019-04-03","4.168","-73.614","424.9","VANGUARDIA, CO","    0",",,S",,,"  224",",,S","  271","H,,S"
"COM00080234","2019-04-04","4.168","-73.614","424.9","VANGUARDIA, CO","    0",",,S",,,"  233",",,S","  288","H,,S"
"COM00080234","2019-04-05","4.168","-73.614","424.9","VANGUARDIA, CO","    0",",,S","  328",",,S","  236",",,S","  281","H,,S"
"COM00080234","2019-04-06","4.168","-73.614","424.9","VANGUARDIA, CO","    0",",,S",,,"  234",",,S","  293","H,,S"
"COM00080234","2019-04-07","4.168","-73.614","424.9","VANGUARDIA, CO","    0",",,S",,,"  235",",,S","  301","H,,S"
"COM00080234","2019-04-08","4.168","-73.614","424.9","VANGUARDIA, CO","    0",",,S",,,"  226",",,S","  275","H,,S"
"COM00080234","2019-04-09","4.168","-73.614","424.9","VANGUARDIA, CO","  919",",,S","  313",",,S","  214",",,S","  253","H,,S"
"COM00080234","2019-04-10","4.168","-73.614","424.9","VANGUARDIA, CO","    3",",,S",,,"  218",",,S","  283","H,,S"
"COM00080234","2019-04-11","4.168","-73.614","424.9","VANGUARDIA, CO","   20",",,S",,,,,"  267","H,,S"
"COM00080234","2019-04-12","4.168","-73.614","424.9","VANGUARDIA, CO","  330",",,S","  320",",,S","  222",",,S","  273","H,,S"
"COM00080234","2019-04-13","4.168","-73.614","424.9","VANGUARDIA, CO","   89",",,S",,,"  218",",,S","  272","H,,S"
"COM00080234","2019-04-14","4.168","-73.614","424.9","VANGUARDIA, CO","    0",",,S",,,"  204",",,S","  286","H,,S"
"COM00080234","2019-04-15","4.168","-73.614","424.9","VANGUARDIA, CO"," 1290",",,S","  323",",,S","  208",",,S","  256","H,,S"
"COM00080234","2019-04-16","4.168","-73.614","424.9","VANGUARDIA, CO","   20",",,S",,,"  216",",,S","  261","H,,S"
"COM00080234","2019-04-17","4.168","-73.614","424.9","VANGUARDIA, CO","  511",",,S",,,"  216",",,S","  269","H,,S"
"COM00080234","2019-04-18","4.168","-73.614","424.9","VANGUARDIA, CO","    5",",,S",,,"  151",",,S","  231","H,,S"
"COM00080234","2019-04-19","4.168","-73.614","424.9","VANGUARDIA, CO","    3",",,S",,,"  198",",,S","  267","H,,S"
"COM00080234","2019-04-20","4.168","-73.614","424.9","VANGUARDIA, CO","  589",",,S",,,"  220",",,S","  242","H,,S"
"COM00080234","2019-04-21","4.168","-73.614","424.9","VANGUARDIA, CO","  361",",,S",,,"  217",",,S","  267","H,,S"
"COM00080234","2019-04-22","4.168","-73.614","424.9","VANGUARDIA, CO","  160",",,S",,,"  214",",,S","  263","H,,S"
"COM00080234","2019-04-23","4.168","-73.614","424.9","VANGUARDIA, CO","    5",",,S",,,"  218",",,S","  286","H,,S"
"COM00080234","2019-04-24","4.168","-73.614","424.9","VANGUARDIA, CO","   20",",,S",,,"  226",",,S","  261","H,,S"
"COM00080234","2019-04-25","4.168","-73.614","424.9","VANGUARDIA, CO","    0",",,S",,,,,"  264","H,,S"
"COM00080234","2019-04-26","4.168","-73.614","424.9","VANGUARDIA, CO","   10",",,S",,,"  204",",,S","  271","H,,S"
"COM00080234","2019-04-27","4.168","-73.614","424.9","VANGUARDIA, CO","   71",",,S",,,"  230",",,S","  257","H,,S"
"COM00080234","2019-04-28","4.168","-73.614","424.9","VANGUARDIA, CO","  109",",,S",,,"  210",",,S","  256","H,,S"
"COM00080234","2019-04-29","4.168","-73.614","424.9","VANGUARDIA, CO","   20",",,S",,,,,"  273","H,,S"
"COM00080234","2019-04-30","4.168","-73.614","424.9","VANGUARDIA, CO","   51",",,S",,,"  215",",,S","  297","H,,S"
"COM00080234","2019-05-01","4.168","-73.614","424.9","VANGUARDIA, CO","    0",",,S",,,"  200",",,S","  297","H,,S"
"COM00080234","2019-05-02","4.168","-73.614","424.9","VANGUARDIA, CO","    0",",,S",,,"  232",",,S","  300","H,,S"
"COM00080234","2019-05-03","4.168","-73.614","424.9","VANGUARDIA, CO",,,,,"  226",",,S","  278","H,,S"
"COM00080234","2019-05-04","4.168","-73.614","424.9","VANGUARDIA, CO",,,"  319",",,S",,,"  254","H,,S"
"COM00080234","2019-05-05","4.168","-73.614","424.9","VANGUARDIA, CO","  150",",,S",,,"  208",",,S","  263","H,,S"
"COM00080234","2019-05-06","4.168","-73.614","424.9","VANGUARDIA, CO","   99",",,S",,,"  213",",,S","  243","H,,S"
"COM00080234","2019-05-07","4.168","-73.614","424.9","VANGUARDIA, CO","  239",",,S",,,"  210",",,S","  286","H,,S"
"COM00080234","2019-05-08","4.168","-73.614","424.9","VANGUARDIA, CO"," 1090",",,S",,,"  206",",,S","  254","H,,S"
"COM00080234","2019-05-09","4.168","-73.614","424.9","VANGUARDIA, CO","   10",",,S",,,,,"  232","H,,S"
"COM00080234","2019-05-10","4.168","-73.614","424.9","VANGUARDIA, CO","  259",",,S",,,"  202",",,S","  262","H,,S"
"COM00080234","2019-05-11","4.168","-73.614","424.9","VANGUARDIA, CO","    0",",,S",,,"  216",",,S","  275","H,,S"
"COM00080234","2019-05-12","4.168","-73.614","424.9","VANGUARDIA, CO",,,,,,,"  280","H,,S"
"COM00080234","2019-05-13","4.168","-73.614","424.9","VANGUARDIA, CO"," 1219",",,S",,,"  204",",,S","  246","H,,S"
"COM00080234","2019-05-14","4.168","-73.614","424.9","VANGUARDIA, CO","  201",",,S","  312",",,S","  206",",,S","  238","H,,S"
"COM00080234","2019-05-15","4.168","-73.614","424.9","VANGUARDIA, CO","  140",",,S",,,"  204",",,S","  258","H,,S"
"COM00080234","2019-05-16","4.168","-73.614","424.9","VANGUARDIA, CO","  231",",,S",,,"  212",",,S","  267","H,,S"
"COM00080234","2019-05-17","4.168","-73.614","424.9","VANGUARDIA, CO","    0",",,S","  308",",,S",,,"  241","H,,S"
"COM00080234","2019-05-18","4.168","-73.614","424.9","VANGUARDIA, CO","  330",",,S","  304",",,S","  212",",,S","  245","H,,S"
"COM00080234","2019-05-19","4.168","-73.614","424.9","VANGUARDIA, CO","  340",",,S",,,"  209",",,S","  258","H,,S"
"COM00080234","2019-05-20","4.168","-73.614","424.9","VANGUARDIA, CO","    8",",,S","  308",",,S","  212",",,S","  237","H,,S"
"COM00080234","2019-05-21","4.168","-73.614","424.9","VANGUARDIA, CO","   79",",,S",,,"  206",",,S","  251","H,,S"
"COM00080234","2019-05-22","4.168","-73.614","424.9","VANGUARDIA, CO","    0",",,S",,,"  200",",,S","  268","H,,S"
"COM00080234","2019-05-23","4.168","-73.614","424.9","VANGUARDIA, CO","  450",",,S",,,,,"  249","H,,S"
"COM00080234","2019-05-24","4.168","-73.614","424.9","VANGUARDIA, CO","  569",",,S",,,"  204",",,S","  264","H,,S"
"COM00080234","2019-05-25","4.168","-73.614","424.9","VANGUARDIA, CO","   20",",,S","  310",",,S","  214",",,S","  246","H,,S"
"COM00080234","2019-05-26","4.168","-73.614","424.9","VANGUARDIA, CO","  671",",,S","  302",",,S","  210",",,S","  272","H,,S"
"COM00080234","2019-05-27","4.168","-73.614","424.9","VANGUARDIA, CO","    0",",,S","  307",",,S",,,"  243","H,,S"
"COM00080234","2019-05-28","4.168","-73.614","424.9","VANGUARDIA, CO","  170",",,S",,,"  198",",,S","  266","H,,S"
"COM00080234","2019-05-29","4.168","-73.614","424.9","VANGUARDIA, CO","   20",",,S",,,"  218",",,S","  268","H,,S"
"COM00080234","2019-05-30","4.168","-73.614","424.9","VANGUARDIA, CO","    0",",,S",,,"  209",",,S","  278","H,,S"
"COM00080234","2019-05-31","4.168","-73.614","424.9","VANGUARDIA, CO","  541",",,S","  317",",,S","  214",",,S","  269","H,,S"
"COM00080234","2019-06-01","4.168","-73.614","424.9","VANGUARDIA, CO","    0",",,S","  323",",,S","  216",",,S","  240","H,,S"
"COM00080234","2019-06-02","4.168","-73.614","424.9","VANGUARDIA, CO","  191",",,S",,,"  188",",,S","  265","H,,S"
"COM00080234","2019-06-03","4.168","-73.614","424.9","VANGUARDIA, CO","  559",",,S","  309",",,S","  217",",,S","  259","H,,S"
"COM00080234","2019-06-04","4.168","-73.614","424.9","VANGUARDIA, CO","   41",",,S",,,"  208",",,S","  267","H,,S"
"COM00080234","2019-06-05","4.168","-73.614","424.9","VANGUARDIA, CO","  429",",,S","  314",",,S","  193",",,S","  258","H,,S"
"COM00080234","2019-06-06","4.168","-73.614","424.9","VANGUARDIA, CO","    8",",,S","  307",",,S","  200",",,S","  226","H,,S"
"COM00080234","2019-06-07","4.168","-73.614","424.9","VANGUARDIA, CO","  279",",,S",,,"  189",",,S","  250","H,,S"
"COM00080234","2019-06-08","4.168","-73.614","424.9","VANGUARDIA, CO","  150",",,S","  298",",,S","  202",",,S","  254","H,,S"
"COM00080234","2019-06-09","4.168","-73.614","424.9","VANGUARDIA, CO","   79",",,S",,,"  216",",,S","  259","H,,S"
"COM00080234","2019-06-10","4.168","-73.614","424.9","VANGUARDIA, CO","  191",",,S","  300",",,S","  210",",,S","  238","H,,S"
"COM00080234","2019-06-11","4.168","-73.614","424.9","VANGUARDIA, CO","  160",",,S",,,,,"  243","H,,S"
"COM00080234","2019-06-12","4.168","-73.614","424.9","VANGUARDIA, CO","  211",",,S","  300",",,S","  198",",,S","  244","H,,S"
"COM00080234","2019-06-13","4.168","-73.614","424.9","VANGUARDIA, CO","    0",",,S",,,,,"  239","H,,S"
"COM00080234","2019-06-14","4.168","-73.614","424.9","VANGUARDIA, CO","  759",",,S",,,"  204",",,S","  250","H,,S"
"COM00080234","2019-06-15","4.168","-73.614","424.9","VANGUARDIA, CO","   30",",,S",,,"  202",",,S","  246","H,,S"
"COM00080234","2019-06-16","4.168","-73.614","424.9","VANGUARDIA, CO","  170",",,S","  308",",,S","  198",",,S","  258","H,,S"
"COM00080234","2019-06-17","4.168","-73.614","424.9","VANGUARDIA, CO","   51",",,S","  303",",,S","  216",",,S","  237","H,,S"
"COM00080234","2019-06-18","4.168","-73.614","424.9","VANGUARDIA, CO","   51",",,S",,,"  218",",,S","  245","H,,S"
"COM00080234","2019-06-19","4.168","-73.614","424.9","VANGUARDIA, CO","   41",",,S",,,,,"  249","H,,S"
"COM00080234","2019-06-20","4.168","-73.614","424.9","VANGUARDIA, CO","   71",",,S","  292",",,S","  220",",,S","  246","H,,S"
"COM00080234","2019-06-21","4.168","-73.614","424.9","VANGUARDIA, CO","  109",",,S","  302",",,S","  204",",,S","  243","H,,S"
"COM00080234","2019-06-22","4.168","-73.614","424.9","VANGUARDIA, CO","   61",",,S","  293",",,S","  212",",,S","  238","H,,S"
"COM00080234","2019-06-23","4.168","-73.614","424.9","VANGUARDIA, CO","  180",",,S",,,"  206",",,S","  237","H,,S"
"COM00080234","2019-06-24","4.168","-73.614","424.9","VANGUARDIA, CO","   30",",,S","  281",",,S",,,"  231","H,,S"
"COM00080234","2019-06-25","4.168","-73.614","424.9","VANGUARDIA, CO","  221",",,S",,,"  182",",,S","  239","H,,S"
"COM00080234","2019-06-26","4.168","-73.614","424.9","VANGUARDIA, CO","    0",",,S",,,"  206",",,S","  260","H,,S"
"COM00080234","2019-06-27","4.168","-73.614","424.9","VANGUARDIA, CO","    0",",,S",,,"  202",",,S","  272","H,,S"
"COM00080234","2019-06-28","4.168","-73.614","424.9","VANGUARDIA, CO","   71",",,S","  319",",,S","  208",",,S","  253","H,,S"
"COM00080234","2019-06-29","4.168","-73.614","424.9","VANGUARDIA, CO","   10",",,S","  296",",,S","  204",",,S","  231","H,,S"
"COM00080234","2019-06-30","4.168","-73.614","424.9","VANGUARDIA, CO","  140",",,S",,,"  206",",,S","  239","H,,S"
"COM00080234","2019-07-01","4.168","-73.614","424.9","VANGUARDIA, CO","  259",",,S","  288",",,S","  196",",,S","  228","H,,S"
"COM00080234","2019-07-02","4.168","-73.614","424.9","VANGUARDIA, CO","  371",",,S","  266",",,S","  202",",,S","  225","H,,S"
"COM00080234","2019-07-03","4.168","-73.614","424.9","VANGUARDIA, CO","  201",",,S",,,"  208",",,S","  252","H,,S"
"COM00080234","2019-07-04","4.168","-73.614","424.9","VANGUARDIA, CO","    0",",,S",,,"  192",",,S","  271","H,,S"
"COM00080234","2019-07-05","4.168","-73.614","424.9","VANGUARDIA, CO","    0",",,S",,,,,"  242","H,,S"
"COM00080234","2019-07-06","4.168","-73.614","424.9","VANGUARDIA, CO","  180",",,S",,,"  192",",,S","  253","H,,S"
"COM00080234","2019-07-07","4.168","-73.614","424.9","VANGUARDIA, CO","    0",",,S",,,"  204",",,S","  252","H,,S"
"COM00080234","2019-07-08","4.168","-73.614","424.9","VANGUARDIA, CO","  130",",,S",,,"  188",",,S","  254","H,,S"
"COM00080234","2019-07-09","4.168","-73.614","424.9","VANGUARDIA, CO","   71",",,S","  299",",,S","  204",",,S","  232","H,,S"
"COM00080234","2019-07-10","4.168","-73.614","424.9","VANGUARDIA, CO","  480",",,S",,,"  190",",,S","  234","H,,S"
"COM00080234","2019-07-11","4.168","-73.614","424.9","VANGUARDIA, CO","    5",",,S","  284",",,S","  202",",,S","  247","H,,S"
"COM00080234","2019-07-12","4.168","-73.614","424.9","VANGUARDIA, CO","   30",",,S",,,"  212",",,S","  249","H,,S"
"COM00080234","2019-07-13","4.168","-73.614","424.9","VANGUARDIA, CO","  419",",,S","  293",",,S","  199",",,S","  240","H,,S"
"COM00080234","2019-07-14","4.168","-73.614","424.9","VANGUARDIA, CO","    0",",,S",,,,,"  253","H,,S"
"COM00080234","2019-07-15","4.168","-73.614","424.9","VANGUARDIA, CO","   89",",,S",,,"  208",",,S","  258","H,,S"
"COM00080234","2019-07-16","4.168","-73.614","424.9","VANGUARDIA, CO","  160",",,S","  310",",,S","  198",",,S","  230","H,,S"
"COM00080234","2019-07-17","4.168","-73.614","424.9","VANGUARDIA, CO","  691",",,S",,,"  186",",,S","  246","H,,S"
"COM00080234","2019-07-18","4.168","-73.614","424.9","VANGUARDIA, CO","    0",",,S",,,"  208",",,S","  263","H,,S"
"COM00080234","2019-07-19","4.168","-73.614","424.9","VANGUARDIA, CO","  140",",,S","  312",",,S","  200",",,S","  256","H,,S"
"COM00080234","2019-07-20","4.168","-73.614","424.9","VANGUARDIA, CO","  711",",,S",,,"  199",",,S","  250","H,,S"
"COM00080234","2019-07-21","4.168","-73.614","424.9","VANGUARDIA, CO","    0",",,S","  301",",,S",,,"  259","H,,S"
"COM00080234","2019-07-22","4.168","-73.614","424.9","VANGUARDIA, CO","  109",",,S","  302",",,S","  210",",,S","  257","H,,S"
"COM00080234","2019-07-23","4.168","-73.614","424.9","VANGUARDIA, CO","  140",",,S","  303",",,S",,,"  228","H,,S"
"COM00080234","2019-07-24","4.168","-73.614","424.9","VANGUARDIA, CO","  541",",,S",,,"  193",",,S","  251","H,,S"
"COM00080234","2019-07-25","4.168","-73.614","424.9","VANGUARDIA, CO","    0",",,S","  301",",,S","  208",",,S","  254","H,,S"
"COM00080234","2019-07-26","4.168","-73.614","424.9","VANGUARDIA, CO","   61",",,S",,,"  200",",,S","  243","H,,S"
"COM00080234","2019-07-27","4.168","-73.614","424.9","VANGUARDIA, CO","   61",",,S","  302",",,S","  193",",,S","  242","H,,S"
"COM00080234","2019-07-28","4.168","-73.614","424.9","VANGUARDIA, CO","  290",",,S","  286",",,S","  204",",,S","  238","H,,S"
"COM00080234","2019-07-29","4.168","-73.614","424.9","VANGUARDIA, CO","  231",",,S",,,"  200",",,S","  255","H,,S"
"COM00080234","2019-07-30","4.168","-73.614","424.9","VANGUARDIA, CO","    0",",,S",,,"  204",",,S","  263","H,,S"
"COM00080234","2019-07-31","4.168","-73.614","424.9","VANGUARDIA, CO","    0",",,S","  301",",,S","  216",",,S","  266","H,,S"
"COM00080234","2019-08-01","4.168","-73.614","424.9","VANGUARDIA, CO","    5",",,S","  306",",,S","  214",",,S","  263","H,,S"
"COM00080234","2019-08-02","4.168","-73.614","424.9","VANGUARDIA, CO","  160",",,S","  306",",,S","  211",",,S","  257","H,,S"
"COM00080234","2019-08-03","4.168","-73.614","424.9","VANGUARDIA, CO","  201",",,S","  304",",,S","  204",",,S","  239","H,,S"
"COM00080234","2019-08-04","4.168","-73.614","424.9","VANGUARDIA, CO","  460",",,S","  276",",,S","  207",",,S","  244","H,,S"
"COM00080234","2019-08-05","4.168","-73.614","424.9","VANGUARDIA, CO","   99",",,S","  264",",,S","  194",",,S","  226","H,,S"
"COM00080234","2019-08-06","4.168","-73.614","424.9","VANGUARDIA, CO","    0",",,S",,,"  198",",,S","  242","H,,S"
"COM00080234","2019-08-07","4.168","-73.614","424.9","VANGUARDIA, CO","    0",",,S",,,,,"  262","H,,S"
"COM00080234","2019-08-08","4.168","-73.614","424.9","VANGUARDIA, CO","    0",",,S","  304",",,S","  214",",,S","  243","H,,S"
"COM00080234","2019-08-09","4.168","-73.614","424.9","VANGUARDIA, CO","   89",",,S",,,"  198",",,S","  254","H,,S"
"COM00080234","2019-08-10","4.168","-73.614","424.9","VANGUARDIA, CO","  300",",,S","  308",",,S","  200",",,S","  243","H,,S"
"COM00080234","2019-08-11","4.168","-73.614","424.9","VANGUARDIA, CO","   99",",,S",,,"  212",",,S","  247","H,,S"
"COM00080234","2019-08-12","4.168","-73.614","424.9","VANGUARDIA, CO","  170",",,S",,,"  203",",,S","  264","H,,S"
"COM00080234","2019-08-13","4.168","-73.614","424.9","VANGUARDIA, CO","   10",",,S","  314",",,S","  209",",,S","  236","H,,S"
"COM00080234","2019-08-14","4.168","-73.614","424.9","VANGUARDIA, CO","  320",",,S",,,"  200",",,S","  231","H,,S"
"COM00080234","2019-08-15","4.168","-73.614","424.9","VANGUARDIA, CO","   89",",,S",,,"  201",",,S","  241","H,,S"
"COM00080234","2019-08-16","4.168","-73.614","424.9","VANGUARDIA, CO","    0",",,S",,,"  190",",,S","  230","H,,S"
"COM00080234","2019-08-17","4.168","-73.614","424.9","VANGUARDIA, CO","    3",",,S",,,"  198",",,S","  244","H,,S"
"COM00080234","2019-08-18","4.168","-73.614","424.9","VANGUARDIA, CO","    0",",,S",,,"  215",",,S","  259","H,,S"
"COM00080234","2019-08-19","4.168","-73.614","424.9","VANGUARDIA, CO","  140",",,S",,,"  198",",,S","  236","H,,S"
"COM00080234","2019-08-20","4.168","-73.614","424.9","VANGUARDIA, CO","   51",",,S",,,"  192",",,S","  246","H,,S"
"COM00080234","2019-08-21","4.168","-73.614","424.9","VANGUARDIA, CO","    0",",,S",,,"  198",",,S","  281","H,,S"
"COM00080234","2019-08-22","4.168","-73.614","424.9","VANGUARDIA, CO","   20",",,S","  323",",,S","  200",",,S","  256","H,,S"
"COM00080234","2019-08-23","4.168","-73.614","424.9","VANGUARDIA, CO","  429",",,S","  303",",,S","  204",",,S","  243","H,,S"
"COM00080234","2019-08-24","4.168","-73.614","424.9","VANGUARDIA, CO","   51",",,S",,,"  200",",,S","  257","H,,S"
"COM00080234","2019-08-25","4.168","-73.614","424.9","VANGUARDIA, CO","    0",",,S",,,"  195",",,S","  264","H,,S"
"COM00080234","2019-08-26","4.168","-73.614","424.9","VANGUARDIA, CO","  960",",,S",,,"  198",",,S","  252","H,,S"
"COM00080234","2019-08-27","4.168","-73.614","424.9","VANGUARDIA, CO","   71",",,S","  303",",,S","  196",",,S","  255","H,,S"
"COM00080234","2019-08-28","4.168","-73.614","424.9","VANGUARDIA, CO","    0",",,S","  300",",,S","  217",",,S","  258","H,,S"
"COM00080234","2019-08-29","4.168","-73.614","424.9","VANGUARDIA, CO","   20",",,S",,,"  202",",,S","  271","H,,S"
"COM00080234","2019-08-30","4.168","-73.614","424.9","VANGUARDIA, CO","    0",",,S","  322",",,S","  202",",,S","  282","H,,S"
"COM00080234","2019-08-31","4.168","-73.614","424.9","VANGUARDIA, CO","    0",",,S","  326",",,S","  222",",,S","  265","H,,S"
"COM00080234","2019-09-01","4.168","-73.614","424.9","VANGUARDIA, CO","  450",",,S",,,"  202",",,S","  261","H,,S"
"COM00080234","2019-09-02","4.168","-73.614","424.9","VANGUARDIA, CO","  521",",,S","  324",",,S","  201",",,S","  269","H,,S"
"COM00080234","2019-09-03","4.168","-73.614","424.9","VANGUARDIA, CO","    0",",,S",,,"  204",",,S","  276","H,,S"
"COM00080234","2019-09-04","4.168","-73.614","424.9","VANGUARDIA, CO","   30",",,S","  322",",,S",,,"  267","H,,S"
"COM00080234","2019-09-05","4.168","-73.614","424.9","VANGUARDIA, CO","    0",",,S",,,"  218",",,S","  278","H,,S"
"COM00080234","2019-09-06","4.168","-73.614","424.9","VANGUARDIA, CO","    8",",,S","  328",",,S","  204",",,S","  264","H,,S"
"COM00080234","2019-09-07","4.168","-73.614","424.9","VANGUARDIA, CO","  460",",,S","  316",",,S","  198",",,S","  257","H,,S"
"COM00080234","2019-09-08","4.168","-73.614","424.9","VANGUARDIA, CO","   41",",,S",,,"  202",",,S","  284","H,,S"
"COM00080234","2019-09-09","4.168","-73.614","424.9","VANGUARDIA, CO","  310",",,S","  326",",,S","  198",",,S","  264","H,,S"
"COM00080234","2019-09-10","4.168","-73.614","424.9","VANGUARDIA, CO","    0",",,S",,,"  197",",,S","  270","H,,S"
"COM00080234","2019-09-11","4.168","-73.614","424.9","VANGUARDIA, CO","  109",",,S","  319",",,S","  203",",,S","  269","H,,S"
"COM00080234","2019-09-12","4.168","-73.614","424.9","VANGUARDIA, CO","  351",",,S","  313",",,S","  208",",,S","  254","H,,S"
"COM00080234","2019-09-13","4.168","-73.614","424.9","VANGUARDIA, CO","   20",",,S",,,"  200",",,S","  266","H,,S"
"COM00080234","2019-09-14","4.168","-73.614","424.9","VANGUARDIA, CO","  231",",,S",,,,,"  256","H,,S"
"COM00080234","2019-09-15","4.168","-73.614","424.9","VANGUARDIA, CO","    0",",,S",,,,,"  279","H,,S"
"COM00080234","2019-09-16","4.168","-73.614","424.9","VANGUARDIA, CO","    0",",,S",,,"  204",",,S","  276","H,,S"
"COM00080234","2019-09-17","4.168","-73.614","424.9","VANGUARDIA, CO","  109",",,S","  321",",,S","  214",",,S","  256","H,,S"
"COM00080234","2019-09-18","4.168","-73.614","424.9","VANGUARDIA, CO","  470",",,S",,,"  197",",,S","  258","H,,S"
"COM00080234","2019-09-19","4.168","-73.614","424.9","VANGUARDIA, CO","    0",",,S","  322",",,S","  200",",,S","  271","H,,S"
"COM00080234","2019-09-20","4.168","-73.614","424.9","VANGUARDIA, CO","   20",",,S",,,"  210",",,S","  232","H,,S"
"COM00080234","2019-09-21","4.168","-73.614","424.9","VANGUARDIA, CO","  269",",,S",,,"  190",",,S","  256","H,,S"
"COM00080234","2019-09-22","4.168","-73.614","424.9","VANGUARDIA, CO","    0",",,S",,,"  202",",,S","  268","H,,S"
"COM00080234","2019-09-23","4.168","-73.614","424.9","VANGUARDIA, CO","    0",",,S",,,"  218",",,S","  245","H,,S"
"COM00080234","2019-09-24","4.168","-73.614","424.9","VANGUARDIA, CO","   20",",,S",,,,,"  251","H,,S"
"COM00080234","2019-09-25","4.168","-73.614","424.9","VANGUARDIA, CO","  119",",,S","  311",",,S","  216",",,S","  258","H,,S"
"COM00080234","2019-09-26","4.168","-73.614","424.9","VANGUARDIA, CO","   41",",,S",,,"  212",",,S","  272","H,,S"
"COM00080234","2019-09-27","4.168","-73.614","424.9","VANGUARDIA, CO","    0",",,S","  319",",,S","  205",",,S","  257","H,,S"
"COM00080234","2019-09-28","4.168","-73.614","424.9","VANGUARDIA, CO","    0",",,S",,,"  206",",,S","  271","H,,S"
"COM00080234","2019-09-29","4.168","-73.614","424.9","VANGUARDIA, CO","  310",",,S","  323",",,S","  216",",,S","  265","H,,S"
"COM00080234","2019-09-30","4.168","-73.614","424.9","VANGUARDIA, CO","   10",",,S",,,"  216",",,S","  267","H,,S"
"COM00080234","2019-10-01","4.168","-73.614","424.9","VANGUARDIA, CO","    0",",,S",,,"  217",",,S","  280","H,,S"
"COM00080234","2019-10-02","4.168","-73.614","424.9","VANGUARDIA, CO","    0",",,S",,,"  220",",,S","  269","H,,S"
"COM00080234","2019-10-03","4.168","-73.614","424.9","VANGUARDIA, CO","  630",",,S",,,"  206",",,S","  231","H,,S"
"COM00080234","2019-10-04","4.168","-73.614","424.9","VANGUARDIA, CO","  160",",,S",,,"  191",",,S","  262","H,,S"
"COM00080234","2019-10-05","4.168","-73.614","424.9","VANGUARDIA, CO","    0",",,S","  313",",,S","  212",",,S","  265","H,,S"
"COM00080234","2019-10-06","4.168","-73.614","424.9","VANGUARDIA, CO","   20",",,S",,,"  214",",,S","  274","H,,S"
"COM00080234","2019-10-07","4.168","-73.614","424.9","VANGUARDIA, CO","  140",",,S","  317",",,S","  202",",,S","  258","H,,S"
"COM00080234","2019-10-08","4.168","-73.614","424.9","VANGUARDIA, CO","  201",",,S","  314",",,S","  208",",,S","  235","H,,S"
"COM00080234","2019-10-09","4.168","-73.614","424.9","VANGUARDIA, CO","    0",",,S",,,,,"  247","H,,S"
"COM00080234","2019-10-10","4.168","-73.614","424.9","VANGUARDIA, CO","   61",",,S",,,"  198",",,S","  251","H,,S"
"COM00080234","2019-10-11","4.168","-73.614","424.9","VANGUARDIA, CO","   51",",,S",,,,,"  255","H,,S"
"COM00080234","2019-10-12","4.168","-73.614","424.9","VANGUARDIA, CO","    0",",,S","  296",",,S",,,"  240","H,,S"
"COM00080234","2019-10-13","4.168","-73.614","424.9","VANGUARDIA, CO","  409",",,S",,,"  198",",,S","  268","H,,S"
"COM00080234","2019-10-14","4.168","-73.614","424.9","VANGUARDIA, CO","   10",",,S",,,"  210",",,S","  274","H,,S"
"COM00080234","2019-10-15","4.168","-73.614","424.9","VANGUARDIA, CO","   20",",,S","  318",",,S","  205",",,S","  248","H,,S"
"COM00080234","2019-10-16","4.168","-73.614","424.9","VANGUARDIA, CO","   30",",,S",,,"  210",",,S","  248","H,,S"
"COM00080234","2019-10-17","4.168","-73.614","424.9","VANGUARDIA, CO","    0",",,S","  317",",,S",,,"  268","H,,S"
"COM00080234","2019-10-18","4.168","-73.614","424.9","VANGUARDIA, CO","    0",",,S","  308",",,S","  217",",,S","  251","H,,S"
"COM00080234","2019-10-19","4.168","-73.614","424.9","VANGUARDIA, CO","   71",",,S",,,"  218",",,S","  263","H,,S"
"COM00080234","2019-10-20","4.168","-73.614","424.9","VANGUARDIA, CO","    0",",,S","  310",",,S",,,"  253","H,,S"
"COM00080234","2019-10-21","4.168","-73.614","424.9","VANGUARDIA, CO","    0",",,S",,,"  206",",,S","  271","H,,S"
"COM00080234","2019-10-22","4.168","-73.614","424.9","VANGUARDIA, CO","    0",",,S",,,"  210",",,S","  246","H,,S"
"COM00080234","2019-10-23","4.168","-73.614","424.9","VANGUARDIA, CO","  300",",,S",,,,,"  243","H,,S"
"COM00080234","2019-10-24","4.168","-73.614","424.9","VANGUARDIA, CO","  290",",,S",,,"  216",",,S","  261","H,,S"
"COM00080234","2019-10-25","4.168","-73.614","424.9","VANGUARDIA, CO"," 1270",",,S","  302",",,S","  204",",,S","  239","H,,S"
"COM00080234","2019-10-26","4.168","-73.614","424.9","VANGUARDIA, CO","   20",",,S",,,"  210",",,S","  267","H,,S"
"COM00080234","2019-10-27","4.168","-73.614","424.9","VANGUARDIA, CO","    0",",,S","  313",",,S","  218",",,S","  267","H,,S"
"COM00080234","2019-10-28","4.168","-73.614","424.9","VANGUARDIA, CO","    3",",,S",,,,,"  271","H,,S"
"COM00080234","2019-10-29","4.168","-73.614","424.9","VANGUARDIA, CO","   10",",,S","  320",",,S","  220",",,S","  281","H,,S"
"COM00080234","2019-10-30","4.168","-73.614","424.9","VANGUARDIA, CO","  211",",,S","  322",",,S","  218",",,S","  278","H,,S"
"COM00080234","2019-10-31","4.168","-73.614","424.9","VANGUARDIA, CO","    3",",,S","  316",",,S",,,"  239","H,,S"
"COM00080234","2019-11-01","4.168","-73.614","424.9","VANGUARDIA, CO","  361",",,S",,,"  198",",,S","  261","H,,S"
"COM00080234","2019-11-02","4.168","-73.614","424.9","VANGUARDIA, CO","   99",",,S","  308",",,S","  208",",,S","  241","H,,S"
"COM00080234","2019-11-03","4.168","-73.614","424.9","VANGUARDIA, CO","   71",",,S",,,"  198",",,S","  263","H,,S"
"COM00080234","2019-11-04","4.168","-73.614","424.9","VANGUARDIA, CO","  211",",,S","  316",",,S","  214",",,S","  266","H,,S"
"COM00080234","2019-11-05","4.168","-73.614","424.9","VANGUARDIA, CO","   20",",,S",,,"  216",",,S","  283","H,,S"
"COM00080234","2019-11-06","4.168","-73.614","424.9","VANGUARDIA, CO","    0",",,S","  322",",,S",,,"  257","H,,S"
"COM00080234","2019-11-07","4.168","-73.614","424.9","VANGUARDIA, CO","  749",",,S","  314",",,S","  204",",,S","  232","H,,S"
"COM00080234","2019-11-08","4.168","-73.614","424.9","VANGUARDIA, CO","   30",",,S",,,,,"  267","H,,S"
"COM00080234","2019-11-09","4.168","-73.614","424.9","VANGUARDIA, CO","   51",",,S",,,"  224",",,S","  248","H,,S"
"COM00080234","2019-11-10","4.168","-73.614","424.9","VANGUARDIA, CO","   89",",,S",,,"  204",",,S","  267","H,,S"
"COM00080234","2019-11-11","4.168","-73.614","424.9","VANGUARDIA, CO","  119",",,S","  317",",,S","  222",",,S","  261","H,,S"
"COM00080234","2019-11-12","4.168","-73.614","424.9","VANGUARDIA, CO","   79",",,S","  314",",,S",,,"  244","H,,S"
"COM00080234","2019-11-13","4.168","-73.614","424.9","VANGUARDIA, CO","    0",",,S",,,"  212",",,S","  254","H,,S"
"COM00080234","2019-11-14","4.168","-73.614","424.9","VANGUARDIA, CO","    0",",,S",,,"  225",",,S","  268","H,,S"
"COM00080234","2019-11-15","4.168","-73.614","424.9","VANGUARDIA, CO",,,"  316",",,S",,,"  242","H,,S"
"COM00080234","2019-11-16","4.168","-73.614","424.9","VANGUARDIA, CO","  221",",,S",,,"  210",",,S","  257","H,,S"
"COM00080234","2019-11-17","4.168","-73.614","424.9","VANGUARDIA, CO","   99",",,S","  312",",,S","  209",",,S","  269","H,,S"
"COM00080234","2019-11-18","4.168","-73.614","424.9","VANGUARDIA, CO","    5",",,S","  314",",,S",,,"  258","H,,S"
"COM00080234","2019-11-19","4.168","-73.614","424.9","VANGUARDIA, CO","    3",",,S",,,"  218",",,S","  268","H,,S"
"COM00080234","2019-11-20","4.168","-73.614","424.9","VANGUARDIA, CO","   71",",,S","  316",",,S","  216",",,S","  262","H,,S"
"COM00080234","2019-11-21","4.168","-73.614","424.9","VANGUARDIA, CO","   30",",,S",,,"  226",",,S","  262","H,,S"
"COM00080234","2019-11-22","4.168","-73.614","424.9","VANGUARDIA, CO","    3",",,S","  312",",,S","  218",",,S","  254","H,,S"
"COM00080234","2019-11-23","4.168","-73.614","424.9","VANGUARDIA, CO","    0",",,S","  306",",,S",,,"  250","H,,S"
"COM00080234","2019-11-24","4.168","-73.614","424.9","VANGUARDIA, CO","  490",",,S",,,"  224",",,S","  268","H,,S"
"COM00080234","2019-11-25","4.168","-73.614","424.9","VANGUARDIA, CO","    0",",,S","  312",",,S","  213",",,S","  259","H,,S"
"COM00080234","2019-11-26","4.168","-73.614","424.9","VANGUARDIA, CO","  119",",,S",,,"  224",",,S","  260","H,,S"
"COM00080234","2019-11-27","4.168","-73.614","424.9","VANGUARDIA, CO","  201",",,S",,,"  206",",,S","  270","H,,S"
"COM00080234","2019-11-28","4.168","-73.614","424.9","VANGUARDIA, CO","   30",",,S","  313",",,S","  211",",,S","  276","H,,S"
"COM00080234","2019-11-29","4.168","-73.614","424.9","VANGUARDIA, CO","    0",",,S","  320",",,S","  220",",,S","  276","H,,S"
"COM00080234","2019-11-30","4.168","-73.614","424.9","VANGUARDIA, CO","    0",",,S",,,"  224",",,S","  255","H,,S"
"COM00080234","2019-12-01","4.168","-73.614","424.9","VANGUARDIA, CO","  170",",,S",,,"  224",",,S","  278","H,,S"
"COM00080234","2019-12-02","4.168","-73.614","424.9","VANGUARDIA, CO","    0",",,S","  320",",,S","  232",",,S","  276","H,,S"
"COM00080234","2019-12-03","4.168","-73.614","424.9","VANGUARDIA, CO","    3",",,S","  310",",,S","  220",",,S","  273","H,,S"
"COM00080234","2019-12-04","4.168","-73.614","424.9","VANGUARDIA, CO","    0",",,S","  321",",,S","  214",",,S","  283","H,,S"
"COM00080234","2019-12-05","4.168","-73.614","424.9","VANGUARDIA, CO","    0",",,S","  332",",,S","  236",",,S","  281","H,,S"
"COM00080234","2019-12-06","4.168","-73.614","424.9","VANGUARDIA, CO","   20",",,S",,,"  220",",,S","  276","H,,S"
"COM00080234","2019-12-07","4.168","-73.614","424.9","VANGUARDIA, CO","    0",",,S","  326",",,S","  192",",,S","  274","H,,S"
"COM00080234","2019-12-08","4.168","-73.614","424.9","VANGUARDIA, CO","  170",",,S","  319",",,S","  222",",,S","  256","H,,S"
"COM00080234","2019-12-09","4.168","-73.614","424.9","VANGUARDIA, CO","   20",",,S",,,"  218",",,S","  271","H,,S"
"COM00080234","2019-12-10","4.168","-73.614","424.9","VANGUARDIA, CO","    0",",,S",,,"  206",",,S","  276","H,,S"
"COM00080234","2019-12-11","4.168","-73.614","424.9","VANGUARDIA, CO","    0",",,S","  323",",,S","  214",",,S","  274","H,,S"
"COM00080234","2019-12-12","4.168","-73.614","424.9","VANGUARDIA, CO",,,,,"  220",",,S","  254","H,,S"
"COM00080234","2019-12-13","4.168","-73.614","424.9","VANGUARDIA, CO","    0",",,S",,,"  218",",,S","  262","H,,S"
"COM00080234","2019-12-14","4.168","-73.614","424.9","VANGUARDIA, CO","   61",",,S",,,,,"  266","H,,S"
"COM00080234","2019-12-15","4.168","-73.614","424.9","VANGUARDIA, CO","    0",",,S","  310",",,S",,,"  261","H,,S"
"COM00080234","2019-12-16","4.168","-73.614","424.9","VANGUARDIA, CO","   10",",,S","  304",",,S","  204",",,S","  258","H,,S"
"COM00080234","2019-12-17","4.168","-73.614","424.9","VANGUARDIA, CO","    0",",,S",,,,,"  267","H,,S"
"COM00080234","2019-12-18","4.168","-73.614","424.9","VANGUARDIA, CO","   79",",,S","  311",",,S",,,"  265","H,,S"
"COM00080234","2019-12-19","4.168","-73.614","424.9","VANGUARDIA, CO","    0",",,S","  313",",,S",,,"  276","H,,S"
"COM00080234","2019-12-20","4.168","-73.614","424.9","VANGUARDIA, CO","   10",",,S","  316",",,S","  220",",,S","  267","H,,S"
"COM00080234","2019-12-21","4.168","-73.614","424.9","VANGUARDIA, CO","  221",",,S","  301",",,S","  216",",,S","  252","H,,S"
"COM00080234","2019-12-22","4.168","-73.614","424.9","VANGUARDIA, CO","   30",",,S",,,"  224",",,S","  269","H,,S"
"COM00080234","2019-12-23","4.168","-73.614","424.9","VANGUARDIA, CO","    0",",,S",,,"  227",",,S","  274","H,,S"
"COM00080234","2019-12-24","4.168","-73.614","424.9","VANGUARDIA, CO",,,,,,,"  289","H,,S"
"COM00080234","2019-12-25","4.168","-73.614","424.9","VANGUARDIA, CO","  150",",,S",,,"  226",",,S","  266","H,,S"
"COM00080234","2019-12-26","4.168","-73.614","424.9","VANGUARDIA, CO","  320",",,S",,,"  218",",,S","  277","H,,S"
"COM00080234","2019-12-27","4.168","-73.614","424.9","VANGUARDIA, CO","    0",",,S","  320",",,S","  218",",,S","  253","H,,S"
"COM00080234","2019-12-28","4.168","-73.614","424.9","VANGUARDIA, CO","   10",",,S",,,"  216",",,S","  277","H,,S"
"COM00080234","2019-12-29","4.168","-73.614","424.9","VANGUARDIA, CO","    0",",,S",,,"  208",",,S","  271","H,,S"
"COM00080234","2019-12-30","4.168","-73.614","424.9","VANGUARDIA, CO","    8",",,S","  313",",,S","  222",",,S","  262","H,,S"
"COM00080234","2019-12-31","4.168","-73.614","424.9","VANGUARDIA, CO","    0",",,S",,,"  232",",,S","  271","H,,S"
"COM00080234","2020-01-01","4.168","-73.614","424.9","VANGUARDIA, CO","    0",",,S","  303",",,S",,,"  268","H,,S"
"COM00080234","2020-01-02","4.168","-73.614","424.9","VANGUARDIA, CO","    3",",,S",,,"  226",",,S","  272","H,,S"
"COM00080234","2020-01-03","4.168","-73.614","424.9","VANGUARDIA, CO","    0",",,S",,,"  216",",,S","  286","H,,S"
"COM00080234","2020-01-04","4.168","-73.614","424.9","VANGUARDIA, CO","    0",",,S",,,"  222",",,S","  290","H,,S"
"COM00080234","2020-01-05","4.168","-73.614","424.9","VANGUARDIA, CO","    0",",,S","  320",",,S","  218",",,S","  284","H,,S"
"COM00080234","2020-01-06","4.168","-73.614","424.9","VANGUARDIA, CO","    0",",,S","  316",",,S","  216",",,S","  283","H,,S"
"COM00080234","2020-01-07","4.168","-73.614","424.9","VANGUARDIA, CO","    0",",,S",,,"  212",",,S","  287","H,,S"
"COM00080234","2020-01-08","4.168","-73.614","424.9","VANGUARDIA, CO","    0",",,S",,,"  218",",,S","  297","H,,S"
"COM00080234","2020-01-09","4.168","-73.614","424.9","VANGUARDIA, CO","    0",",,S",,,"  202",",,S","  291","H,,S"
"COM00080234","2020-01-10","4.168","-73.614","424.9","VANGUARDIA, CO","    0",",,S",,,"  206",",,S","  289","H,,S"
"COM00080234","2020-01-11","4.168","-73.614","424.9","VANGUARDIA, CO",,,,,,,"  276","H,,S"
"COM00080234","2020-01-12","4.168","-73.614","424.9","VANGUARDIA, CO","    0",",,S",,,"  226",",,S","  284","H,,S"
"COM00080234","2020-01-13","4.168","-73.614","424.9","VANGUARDIA, CO","    0",",,S",,,"  215",",,S","  267","H,,S"
"COM00080234","2020-01-14","4.168","-73.614","424.9","VANGUARDIA, CO",,,,,,,"  289","H,,S"
"COM00080234","2020-01-15","4.168","-73.614","424.9","VANGUARDIA, CO","    0",",,S",,,"  216",",,S","  289","H,,S"
"COM00080234","2020-01-16","4.168","-73.614","424.9","VANGUARDIA, CO","    0",",,S",,,,,"  259","H,,S"
"COM00080234","2020-01-17","4.168","-73.614","424.9","VANGUARDIA, CO","   89",",,S","  293",",,S","  218",",,S","  238","H,,S"
"COM00080234","2020-01-18","4.168","-73.614","424.9","VANGUARDIA, CO","  119",",,S",,,"  217",",,S","  282","H,,S"
"COM00080234","2020-01-19","4.168","-73.614","424.9","VANGUARDIA, CO","    0",",,S",,,"  222",",,S","  257","H,,S"
"COM00080234","2020-01-20","4.168","-73.614","424.9","VANGUARDIA, CO","   51",",,S",,,"  230",",,S","  279","H,,S"
"COM00080234","2020-01-21","4.168","-73.614","424.9","VANGUARDIA, CO","   20",",,S",,,"  234",",,S","  283","H,,S"
"COM00080234","2020-01-22","4.168","-73.614","424.9","VANGUARDIA, CO","    0",",,S",,,"  230",",,S","  291","H,,S"
"COM00080234","2020-01-23","4.168","-73.614","424.9","VANGUARDIA, CO","    0",",,S",,,"  230",",,S","  291","H,,S"
"COM00080234","2020-01-24","4.168","-73.614","424.9","VANGUARDIA, CO","    0",",,S","  322",",,S","  246",",,S","  287","H,,S"
"COM00080234","2020-01-25","4.168","-73.614","424.9","VANGUARDIA, CO","    0",",,S",,,"  242",",,S","  275","H,,S"
"COM00080234","2020-01-26","4.168","-73.614","424.9","VANGUARDIA, CO","    5",",,S",,,,,"  292","H,,S"
"COM00080234","2020-01-27","4.168","-73.614","424.9","VANGUARDIA, CO","    0",",,S","  332",",,S","  236",",,S","  296","H,,S"
"COM00080234","2020-01-28","4.168","-73.614","424.9","VANGUARDIA, CO","    0",",,S","  342",",,S","  244",",,S","  298","H,,S"
"COM00080234","2020-01-29","4.168","-73.614","424.9","VANGUARDIA, CO",,,,,,,"  294","H,,S"
"COM00080234","2020-01-30","4.168","-73.614","424.9","VANGUARDIA, CO","    0",",,S",,,"  250",",,S","  294","H,,S"
"COM00080234","2020-01-31","4.168","-73.614","424.9","VANGUARDIA, CO",,,"  338",",,S",,,"  296","H,,S"
"COM00080234","2020-02-01","4.168","-73.614","424.9","VANGUARDIA, CO","    0",",,S",,,"  252",",,S","  284","H,,S"
"COM00080234","2020-02-02","4.168","-73.614","424.9","VANGUARDIA, CO","   30",",,S",,,"  232",",,S","  284","H,,S"
"COM00080234","2020-02-03","4.168","-73.614","424.9","VANGUARDIA, CO","   20",",,S",,,"  218",",,S","  286","H,,S"
"COM00080234","2020-02-04","4.168","-73.614","424.9","VANGUARDIA, CO","    0",",,S",,,"  226",",,S","  297","H,,S"
"COM00080234","2020-02-05","4.168","-73.614","424.9","VANGUARDIA, CO",,,,,,,"  311","H,,S"
"COM00080234","2020-02-06","4.168","-73.614","424.9","VANGUARDIA, CO","    0",",,S","  348",",,S","  238",",,S","  297","H,,S"
"COM00080234","2020-02-07","4.168","-73.614","424.9","VANGUARDIA, CO","    0",",,S","  342",",,S","  228",",,S","  296","H,,S"
"COM00080234","2020-02-08","4.168","-73.614","424.9","VANGUARDIA, CO","    0",",,S","  350",",,S","  233",",,S","  284","H,,S"
"COM00080234","2020-02-09","4.168","-73.614","424.9","VANGUARDIA, CO",,,,,,,"  293","H,,S"
"COM00080234","2020-02-10","4.168","-73.614","424.9","VANGUARDIA, CO","    0",",,S",,,"  214",",,S","  309","H,,S"
"COM00080234","2020-02-11","4.168","-73.614","424.9","VANGUARDIA, CO","    0",",,S",,,"  226",",,S","  313","H,,S"
"COM00080234","2020-02-12","4.168","-73.614","424.9","VANGUARDIA, CO","    0",",,S",,,"  222",",,S","  308","H,,S"
"COM00080234","2020-02-13","4.168","-73.614","424.9","VANGUARDIA, CO","    0",",,S","  354",",,S","  238",",,S","  303","H,,S"
"COM00080234","2020-02-14","4.168","-73.614","424.9","VANGUARDIA, CO","    3",",,S","  354",",,S","  234",",,S","  281","H,,S"
"COM00080234","2020-02-15","4.168","-73.614","424.9","VANGUARDIA, CO","   20",",,S",,,,,"  292","H,,S"
"COM00080234","2020-02-16","4.168","-73.614","424.9","VANGUARDIA, CO","    0",",,S","  346",",,S","  246",",,S","  303","H,,S"
"COM00080234","2020-02-17","4.168","-73.614","424.9","VANGUARDIA, CO","    0",",,S",,,,,"  309","H,,S"
"COM00080234","2020-02-18","4.168","-73.614","424.9","VANGUARDIA, CO",,,,,,,"  318","H,,S"
"COM00080234","2020-02-19","4.168","-73.614","424.9","VANGUARDIA, CO",,,,,,,"  273","H,,S"
"COM00080234","2020-02-20","4.168","-73.614","424.9","VANGUARDIA, CO",,,,,"  238",",,S","  294","H,,S"
"COM00080234","2020-02-21","4.168","-73.614","424.9","VANGUARDIA, CO","    0",",,S","  348",",,S",,,"  293","H,,S"
"COM00080234","2020-02-22","4.168","-73.614","424.9","VANGUARDIA, CO",,,"  336",",,S",,,"  306","H,,S"
"COM00080234","2020-02-23","4.168","-73.614","424.9","VANGUARDIA, CO","   10",",,S","  343",",,S","  238",",,S","  269","H,,S"
"COM00080234","2020-02-24","4.168","-73.614","424.9","VANGUARDIA, CO","    0",",,S",,,,,"  283","H,,S"
"COM00080234","2020-02-25","4.168","-73.614","424.9","VANGUARDIA, CO","    0",",,S",,,"  231",",,S","  302","H,,S"
"COM00080234","2020-02-26","4.168","-73.614","424.9","VANGUARDIA, CO","   10",",,S",,,"  236",",,S","  289","H,,S"
"COM00080234","2020-02-27","4.168","-73.614","424.9","VANGUARDIA, CO","    0",",,S",,,"  248",",,S","  304","H,,S"
"COM00080234","2020-02-28","4.168","-73.614","424.9","VANGUARDIA, CO","    0",",,S",,,"  252",",,S","  302","H,,S"
"COM00080234","2020-02-29","4.168","-73.614","424.9","VANGUARDIA, CO","    0",",,S","  353",",,S","  240",",,S","  294","H,,S"
"COM00080234","2020-03-01","4.168","-73.614","424.9","VANGUARDIA, CO","    0",",,S","  342",",,S","  258",",,S","  302","H,,S"
"COM00080234","2020-03-02","4.168","-73.614","424.9","VANGUARDIA, CO","    0",",,S",,,,,"  297","H,,S"
"COM00080234","2020-03-03","4.168","-73.614","424.9","VANGUARDIA, CO","    0",",,S",,,"  226",",,S","  291","H,,S"
"COM00080234","2020-03-04","4.168","-73.614","424.9","VANGUARDIA, CO","    0",",,S",,,,,"  312","H,,S"
"COM00080234","2020-03-05","4.168","-73.614","424.9","VANGUARDIA, CO","    0",",,S","  354",",,S","  248",",,S","  304","H,,S"
"COM00080234","2020-03-06","4.168","-73.614","424.9","VANGUARDIA, CO","    0",",,S",,,"  254",",,S","  312","H,,S"
"COM00080234","2020-03-07","4.168","-73.614","424.9","VANGUARDIA, CO","    0",",,S","  360",",,S","  256",",,S","  316","H,,S"
"COM00080234","2020-03-08","4.168","-73.614","424.9","VANGUARDIA, CO","    0",",,S","  358",",,S",,,"  296","H,,S"
"COM00080234","2020-03-09","4.168","-73.614","424.9","VANGUARDIA, CO",,,,,,,"  263","H,,S"
"COM00080234","2020-03-10","4.168","-73.614","424.9","VANGUARDIA, CO",,,,,"  222",",,S","  291","H,,S"
"COM00080234","2020-03-11","4.168","-73.614","424.9","VANGUARDIA, CO",,,,,,,"  316","H,,S"
"COM00080234","2020-03-12","4.168","-73.614","424.9","VANGUARDIA, CO","    0",",,S","  337",",,S","  236",",,S","  290","H,,S"
"COM00080234","2020-03-13","4.168","-73.614","424.9","VANGUARDIA, CO",,,,,,,"  297","H,,S"
"COM00080234","2020-03-14","4.168","-73.614","424.9","VANGUARDIA, CO",,,,,,,"  263","H,,S"
"COM00080234","2020-03-15","4.168","-73.614","424.9","VANGUARDIA, CO","   20",",,S",,,"  228",",,S","  276","H,,S"
"COM00080234","2020-03-16","4.168","-73.614","424.9","VANGUARDIA, CO","  500",",,S","  320",",,S","  224",",,S","  269","H,,S"
"COM00080234","2020-03-17","4.168","-73.614","424.9","VANGUARDIA, CO","    0",",,S",,,"  226",",,S","  291","H,,S"
"COM00080234","2020-03-18","4.168","-73.614","424.9","VANGUARDIA, CO",,,,,"  238",",,S","  291","H,,S"
"COM00080234","2020-03-19","4.168","-73.614","424.9","VANGUARDIA, CO",,,"  325",",,S",,,"  289","H,,S"
"COM00080234","2020-03-20","4.168","-73.614","424.9","VANGUARDIA, CO","    0",",,S","  318",",,S","  242",",,S","  286","H,,S"
"COM00080234","2020-03-21","4.168","-73.614","424.9","VANGUARDIA, CO","    0",",,S",,,"  228",",,S","  291","H,,S"
"COM00080234","2020-03-22","4.168","-73.614","424.9","VANGUARDIA, CO","    0",",,S",,,"  234",",,S","  295","H,,S"
"COM00080234","2020-03-23","4.168","-73.614","424.9","VANGUARDIA, CO","    0",",,S",,,"  246",",,S","  305","H,,S"
"COM00080234","2020-03-24","4.168","-73.614","424.9","VANGUARDIA, CO","    0",",,S",,,"  233",",,S","  295","H,,S"
"COM00080234","2020-03-25","4.168","-73.614","424.9","VANGUARDIA, CO","    0",",,S",,,"  242",",,S","  288","H,,S"
"COM00080234","2020-03-26","4.168","-73.614","424.9","VANGUARDIA, CO","    5",",,S",,,,,"  283","H,,S"
"COM00080234","2020-03-27","4.168","-73.614","424.9","VANGUARDIA, CO","    0",",,S",,,"  247",",,S","  286","H,,S"
"COM00080234","2020-03-28","4.168","-73.614","424.9","VANGUARDIA, CO","    5",",,S",,,"  192",",,S","  286","H,,S"
"COM00080234","2020-03-29","4.168","-73.614","424.9","VANGUARDIA, CO","    5",",,S",,,"  246",",,S","  302","H,,S"
"COM00080234","2020-03-30","4.168","-73.614","424.9","VANGUARDIA, CO","    0",",,S",,,,,"  254","H,,S"
"COM00080234","2020-03-31","4.168","-73.614","424.9","VANGUARDIA, CO","  460",",,S",,,"  214",",,S","  254","H,,S"
"COM00080234","2020-04-01","4.168","-73.614","424.9","VANGUARDIA, CO","  531",",,S",,,"  218",",,S","  256","H,,S"
"COM00080234","2020-04-02","4.168","-73.614","424.9","VANGUARDIA, CO","    0",",,S",,,,,"  254","H,,S"
"COM00080234","2020-04-03","4.168","-73.614","424.9","VANGUARDIA, CO","    0",",,S",,,"  218",",,S","  278","H,,S"
"COM00080234","2020-04-04","4.168","-73.614","424.9","VANGUARDIA, CO","    0",",,S",,,"  222",",,S","  282","H,,S"
"COM00080234","2020-04-05","4.168","-73.614","424.9","VANGUARDIA, CO","  490",",,S",,,"  207",",,S","  237","H,,S"
"COM00080234","2020-04-06","4.168","-73.614","424.9","VANGUARDIA, CO","  170",",,S",,,"  216",",,S","  286","H,,S"
"COM00080234","2020-04-07","4.168","-73.614","424.9","VANGUARDIA, CO","  610",",,S",,,,,"  274","H,,S"
"COM00080234","2020-04-08","4.168","-73.614","424.9","VANGUARDIA, CO","    0",",,S",,,,,"  263","H,,S"
"COM00080234","2020-04-09","4.168","-73.614","424.9","VANGUARDIA, CO","    5",",,S",,,"  216",",,S","  248","H,,S"
"COM00080234","2020-04-10","4.168","-73.614","424.9","VANGUARDIA, CO","  330",",,S",,,"  223",",,S","  260","H,,S"
"COM00080234","2020-04-11","4.168","-73.614","424.9","VANGUARDIA, CO","    0",",,S",,,,,"  272","H,,S"
"COM00080234","2020-04-12","4.168","-73.614","424.9","VANGUARDIA, CO","   71",",,S",,,"  220",",,S","  276","H,,S"
"COM00080234","2020-04-13","4.168","-73.614","424.9","VANGUARDIA, CO","    0",",,S",,,,,"  288","H,,S"
"COM00080234","2020-04-14","4.168","-73.614","424.9","VANGUARDIA, CO","    0",",,S",,,,,"  294","H,,S"
"COM00080234","2020-04-15","4.168","-73.614","424.9","VANGUARDIA, CO","    0",",,S",,,"  225",",,S","  274","H,,S"
"COM00080234","2020-04-16","4.168","-73.614","424.9","VANGUARDIA, CO","    0",",,S",,,,,"  282","H,,S"
"COM00080234","2020-04-17","4.168","-73.614","424.9","VANGUARDIA, CO","   10",",,S",,,"  238",",,S","  251","H,,S"
"COM00080234","2020-04-18","4.168","-73.614","424.9","VANGUARDIA, CO","    0",",,S",,,,,"  248","H,,S"
"COM00080234","2020-04-19","4.168","-73.614","424.9","VANGUARDIA, CO","   71",",,S",,,"  213",",,S","  238","H,,S"
"COM00080234","2020-04-20","4.168","-73.614","424.9","VANGUARDIA, CO","  340",",,S",,,"  217",",,S","  269","H,,S"
"COM00080234","2020-04-21","4.168","-73.614","424.9","VANGUARDIA, CO","  409",",,S",,,"  214",",,S","  267","H,,S"
"COM00080234","2020-04-22","4.168","-73.614","424.9","VANGUARDIA, CO","  249",",,S",,,"  216",",,S","  278","H,,S"
"COM00080234","2020-04-23","4.168","-73.614","424.9","VANGUARDIA, CO","   30",",,S",,,"  212",",,S","  271","H,,S"
"COM00080234","2020-04-24","4.168","-73.614","424.9","VANGUARDIA, CO","  239",",,S",,,"  218",",,S","  264","H,,S"
"COM00080234","2020-04-25","4.168","-73.614","424.9","VANGUARDIA, CO","    0",",,S",,,,,"  298","H,,S"
"COM00080234","2020-04-26","4.168","-73.614","424.9","VANGUARDIA, CO","    0",",,S",,,"  226",",,S","  301","H,,S"
"COM00080234","2020-04-27","4.168","-73.614","424.9","VANGUARDIA, CO","    5",",,S",,,"  226",",,S","  273","H,,S"
"COM00080234","2020-04-28","4.168","-73.614","424.9","VANGUARDIA, CO","   30",",,S",,,,,"  282","H,,S"
"COM00080234","2020-04-29","4.168","-73.614","424.9","VANGUARDIA, CO","  221",",,S",,,"  212",",,S","  256","H,,S"
"COM00080234","2020-04-30","4.168","-73.614","424.9","VANGUARDIA, CO","   51",",,S",,,"  226",",,S","  281","H,,S"
"COM00080234","2020-05-01","4.168","-73.614","424.9","VANGUARDIA, CO","  500",",,S",,,"  214",",,S","  236","H,,S"
"COM00080234","2020-05-02","4.168","-73.614","424.9","VANGUARDIA, CO","  130",",,S",,,"  204",",,S","  263","H,,S"
"COM00080234","2020-05-03","4.168","-73.614","424.9","VANGUARDIA, CO","  231",",,S",,,"  218",",,S","  235","H,,S"
"COM00080234","2020-05-04","4.168","-73.614","424.9","VANGUARDIA, CO","  211",",,S",,,"  210",",,S","  264","H,,S"
"COM00080234","2020-05-05","4.168","-73.614","424.9","VANGUARDIA, CO","   20",",,S",,,"  218",",,S","  276","H,,S"
"COM00080234","2020-05-06","4.168","-73.614","424.9","VANGUARDIA, CO","    0",",,S",,,,,"  287","H,,S"
"COM00080234","2020-05-07","4.168","-73.614","424.9","VANGUARDIA, CO","  879",",,S",,,"  216",",,S","  268","H,,S"
"COM00080234","2020-05-08","4.168","-73.614","424.9","VANGUARDIA, CO","  300",",,S","  315",",,S",,,"  224","H,,S"
"COM00080234","2020-05-09","4.168","-73.614","424.9","VANGUARDIA, CO","    0",",,S",,,,,"  254","H,,S"
"COM00080234","2020-05-10","4.168","-73.614","424.9","VANGUARDIA, CO",,,,,"  222",",,S","  256","H,,S"
"COM00080234","2020-05-11","4.168","-73.614","424.9","VANGUARDIA, CO","  140",",,S",,,"  226",",,S","  286","H,,S"
"COM00080234","2020-05-12","4.168","-73.614","424.9","VANGUARDIA, CO","   51",",,S",,,,,"  254","H,,S"
"COM00080234","2020-05-13","4.168","-73.614","424.9","VANGUARDIA, CO","  439",",,S",,,"  209",",,S","  247","H,,S"
"COM00080234","2020-05-14","4.168","-73.614","424.9","VANGUARDIA, CO","    8",",,S",,,"  212",",,S","  267","H,,S"
"COM00080234","2020-05-15","4.168","-73.614","424.9","VANGUARDIA, CO","   79",",,S",,,"  222",",,S","  268","H,,S"
"COM00080234","2020-05-16","4.168","-73.614","424.9","VANGUARDIA, CO","    3",",,S",,,"  226",",,S","  279","H,,S"
"COM00080234","2020-05-17","4.168","-73.614","424.9","VANGUARDIA, CO","    0",",,S",,,"  223",",,S","  249","H,,S"
"COM00080234","2020-05-18","4.168","-73.614","424.9","VANGUARDIA, CO",,,,,,,"  274","H,,S"
"COM00080234","2020-05-19","4.168","-73.614","424.9","VANGUARDIA, CO","  269",",,S",,,"  218",",,S","  236","H,,S"
"COM00080234","2020-05-20","4.168","-73.614","424.9","VANGUARDIA, CO","   89",",,S",,,"  216",",,S","  280","H,,S"
"COM00080234","2020-05-21","4.168","-73.614","424.9","VANGUARDIA, CO","    0",",,S",,,,,"  272","H,,S"
"COM00080234","2020-05-22","4.168","-73.614","424.9","VANGUARDIA, CO","    0",",,S",,,"  220",",,S","  278","H,,S"
"COM00080234","2020-05-23","4.168","-73.614","424.9","VANGUARDIA, CO","   51",",,S",,,"  220",",,S","  284","H,,S"
"COM00080234","2020-05-24","4.168","-73.614","424.9","VANGUARDIA, CO","  391",",,S",,,"  218",",,S","  249","H,,S"
"COM00080234","2020-05-25","4.168","-73.614","424.9","VANGUARDIA, CO","   71",",,S",,,"  218",",,S","  274","H,,S"
"COM00080234","2020-05-26","4.168","-73.614","424.9","VANGUARDIA, CO","   10",",,S",,,"  226",",,S","  241","H,,S"
"COM00080234","2020-05-27","4.168","-73.614","424.9","VANGUARDIA, CO","  109",",,S",,,"  216",",,S","  252","H,,S"
"COM00080234","2020-05-28","4.168","-73.614","424.9","VANGUARDIA, CO","    0",",,S",,,,,"  254","H,,S"
"COM00080234","2020-05-29","4.168","-73.614","424.9","VANGUARDIA, CO","    0",",,S",,,"  222",",,S","  257","H,,S"
"COM00080234","2020-05-30","4.168","-73.614","424.9","VANGUARDIA, CO","  320",",,S",,,,,"  252","H,,S"
"COM00080234","2020-05-31","4.168","-73.614","424.9","VANGUARDIA, CO","   41",",,S",,,"  208",",,S","  269","H,,S"
"COM00080234","2020-06-01","4.168","-73.614","424.9","VANGUARDIA, CO","  371",",,S",,,"  217",",,S","  273","H,,S"
"COM00080234","2020-06-02","4.168","-73.614","424.9","VANGUARDIA, CO","   71",",,S",,,"  217",",,S","  282","H,,S"
"COM00080234","2020-06-03","4.168","-73.614","424.9","VANGUARDIA, CO","  630",",,S",,,,,"  244","H,,S"
