"STATION","DATE","LATITUDE","LONGITUDE","ELEVATION","NAME","PRCP","PRCP_ATTRIBUTES","SNWD","SNWD_ATTRIBUTES","TMAX","TMAX_ATTRIBUTES","TMIN","TMIN_ATTRIBUTES"
"GME00123466","2018-04-02","48.3758","8.9808","522.0","HECHINGEN, GM","    1",",,E","    0",",,E","  166",",,E","  -12",",,E"
"GME00123466","2018-04-03","48.3758","8.9808","522.0","HECHINGEN, GM","    0",",,E","    0",",,E","  205",",,E","   48",",,E"
"GME00123466","2018-04-04","48.3758","8.9808","522.0","HECHINGEN, GM","    4",",,E","    0",",,E","  204",",,E","   83",",,E"
"GME00123466","2018-04-05","48.3758","8.9808","522.0","HECHINGEN, GM","   19",",,E","    0",",,E","  129",",,E","    1",",,E"
"GME00123466","2018-04-06","48.3758","8.9808","522.0","HECHINGEN, GM","    0",",,E","    0",",,E","  154",",,E","  -27",",,E"
"GME00123466","2018-04-07","48.3758","8.9808","522.0","HECHINGEN, GM","    0",",,E","    0",",,E","  221",",,E","    8",",,E"
"GME00123466","2018-04-08","48.3758","8.9808","522.0","HECHINGEN, GM","    0",",,E","    0",",,E","  221",",,E","   44",",,E"
"GME00123466","2018-04-09","48.3758","8.9808","522.0","HECHINGEN, GM","    0",",,E","    0",",,E","  205",",,E","   70",",,E"
"GME00123466","2018-04-10","48.3758","8.9808","522.0","HECHINGEN, GM","   11",",,E","    0",",,E","  191",",,E","   44",",,E"
"GME00123466","2018-04-11","48.3758","8.9808","522.0","HECHINGEN, GM","    0",",,E","    0",",,E","  168",",,E","   14",",,E"
"GME00123466","2018-04-12","48.3758","8.9808","522.0","HECHINGEN, GM","    0",",,E","    0",",,E","  195",",,E","   56",",,E"
"GME00123466","2018-04-13","48.3758","8.9808","522.0","HECHINGEN, GM","   30",",,E","    0",",,E","  127",",,E","   36",",,E"
"GME00123466","2018-04-14","48.3758","8.9808","522.0","HECHINGEN, GM","    0",",,E","    0",",,E","  191",",,E","   30",",,E"
"GME00123466","2018-04-15","48.3758","8.9808","522.0","HECHINGEN, GM","   19",",,E","    0",",,E","  183",",,E","   41",",,E"
"GME00123466","2018-04-16","48.3758","8.9808","522.0","HECHINGEN, GM","    1",",,E","    0",",,E","  171",",,E","   93",",,E"
"GME00123466","2018-04-17","48.3758","8.9808","522.0","HECHINGEN, GM","    0",",,E","    0",",,E","  207",",,E","   56",",,E"
"GME00123466","2018-04-18","48.3758","8.9808","522.0","HECHINGEN, GM","    0",",,E","    0",",,E","  226",",,E","   41",",,E"
"GME00123466","2018-04-19","48.3758","8.9808","522.0","HECHINGEN, GM","    0",",,E","    0",",,E","  253",",,E","  104",",,E"
"GME00123466","2018-04-20","48.3758","8.9808","522.0","HECHINGEN, GM","    0",",,E","    0",",,E","  271",",,E","   63",",,E"
"GME00123466","2018-04-21","48.3758","8.9808","522.0","HECHINGEN, GM","    0",",,E","    0",",,E","  263",",,E","   80",",,E"
"GME00123466","2018-04-22","48.3758","8.9808","522.0","HECHINGEN, GM","    0",",,E","    0",",,E","  270",",,E","   80",",,E"
"GME00123466","2018-04-23","48.3758","8.9808","522.0","HECHINGEN, GM","   33",",,E","    0",",,E","  213",",,E","   94",",,E"
"GME00123466","2018-04-24","48.3758","8.9808","522.0","HECHINGEN, GM","    0",",,E","    0",",,E","  208",",,E","   82",",,E"
"GME00123466","2018-04-25","48.3758","8.9808","522.0","HECHINGEN, GM","   30",",,E","    0",",,E","  219",",,E","   78",",,E"
"GME00123466","2018-04-26","48.3758","8.9808","522.0","HECHINGEN, GM","    0",",,E","    0",",,E","  145",",,E","   28",",,E"
"GME00123466","2018-04-27","48.3758","8.9808","522.0","HECHINGEN, GM","    0",",,E","    0",",,E","  228",",,E","    8",",,E"
"GME00123466","2018-04-28","48.3758","8.9808","522.0","HECHINGEN, GM","    0",",,E","    0",",,E","  193",",,E","   71",",,E"
"GME00123466","2018-04-29","48.3758","8.9808","522.0","HECHINGEN, GM","    8",",,E","    0",",,E","  258",",,E","   76",",,E"
"GME00123466","2018-04-30","48.3758","8.9808","522.0","HECHINGEN, GM","    1",",,E","    0",",,E","  190",",,E","   80",",,E"
"GME00123466","2018-05-01","48.3758","8.9808","522.0","HECHINGEN, GM","    0",",,E",,,"  136",",,E","   44",",,E"
"GME00123466","2018-05-02","48.3758","8.9808","522.0","HECHINGEN, GM","    3",",,E",,,"  163",",,E","   50",",,E"
"GME00123466","2018-05-03","48.3758","8.9808","522.0","HECHINGEN, GM","    0",",,E",,,"  157",",,E","   83",",,E"
"GME00123466","2018-05-04","48.3758","8.9808","522.0","HECHINGEN, GM","    0",",,E",,,"  208",",,E","   66",",,E"
"GME00123466","2018-05-05","48.3758","8.9808","522.0","HECHINGEN, GM","    0",",,E",,,"  236",",,E","   82",",,E"
"GME00123466","2018-05-06","48.3758","8.9808","522.0","HECHINGEN, GM","    0",",,E",,,"  242",",,E","   94",",,E"
"GME00123466","2018-05-07","48.3758","8.9808","522.0","HECHINGEN, GM","    0",",,E",,,"  237",",,E","   61",",,E"
"GME00123466","2018-05-08","48.3758","8.9808","522.0","HECHINGEN, GM","    0",",,E",,,"  251",",,E","   83",",,E"
"GME00123466","2018-05-09","48.3758","8.9808","522.0","HECHINGEN, GM","    0",",,E",,,"  232",",,E","   65",",,E"
"GME00123466","2018-05-10","48.3758","8.9808","522.0","HECHINGEN, GM","  176",",,E",,,"  170",",,E","   77",",,E"
"GME00123466","2018-05-11","48.3758","8.9808","522.0","HECHINGEN, GM","    0",",,E",,,"  195",",,E","   47",",,E"
"GME00123466","2018-05-12","48.3758","8.9808","522.0","HECHINGEN, GM","    0",",,E",,,"  252",",,E","   72",",,E"
"GME00123466","2018-05-13","48.3758","8.9808","522.0","HECHINGEN, GM","   18",",,E",,,"  170",",,E","  102",",,E"
"GME00123466","2018-05-14","48.3758","8.9808","522.0","HECHINGEN, GM","   37",",,E",,,"  138",",,E","  101",",,E"
"GME00123466","2018-05-15","48.3758","8.9808","522.0","HECHINGEN, GM","   79",",,E",,,"  189",",,E","   93",",,E"
"GME00123466","2018-05-16","48.3758","8.9808","522.0","HECHINGEN, GM","  128",",,E",,,"  147",",,E","   85",",,E"
"GME00123466","2018-05-17","48.3758","8.9808","522.0","HECHINGEN, GM","    2",",,E",,,"  145",",,E","   81",",,E"
"GME00123466","2018-05-18","48.3758","8.9808","522.0","HECHINGEN, GM","    0",",,E",,,"  192",",,E","   46",",,E"
"GME00123466","2018-05-19","48.3758","8.9808","522.0","HECHINGEN, GM","   41",",,E",,,"  184",",,E","   64",",,E"
"GME00123466","2018-05-20","48.3758","8.9808","522.0","HECHINGEN, GM","    1",",,E",,,"  176",",,E","  105",",,E"
"GME00123466","2018-05-21","48.3758","8.9808","522.0","HECHINGEN, GM","    3",",,E",,,"  223",",,E","   75",",,E"
"GME00123466","2018-05-22","48.3758","8.9808","522.0","HECHINGEN, GM","   11",",,E",,,"  221",",,E","   76",",,E"
"GME00123466","2018-05-23","48.3758","8.9808","522.0","HECHINGEN, GM","   16",",,E",,,"  215",",,E","  112",",,E"
"GME00123466","2018-05-24","48.3758","8.9808","522.0","HECHINGEN, GM","  109",",,E",,,"  230",",,E","  113",",,E"
"GME00123466","2018-05-25","48.3758","8.9808","522.0","HECHINGEN, GM","    0",",,E",,,"  243",",,E","   92",",,E"
"GME00123466","2018-05-26","48.3758","8.9808","522.0","HECHINGEN, GM","    0",",,E",,,"  265",",,E","  110",",,E"
"GME00123466","2018-05-27","48.3758","8.9808","522.0","HECHINGEN, GM","    3",",,E",,,"  250",",,E","  135",",,E"
"GME00123466","2018-05-28","48.3758","8.9808","522.0","HECHINGEN, GM","    0",",,E",,,"  282",",,E","  129",",,E"
"GME00123466","2018-05-29","48.3758","8.9808","522.0","HECHINGEN, GM","   34",",,E",,,"  247",",,E","  126",",,E"
"GME00123466","2018-05-30","48.3758","8.9808","522.0","HECHINGEN, GM","   33",",,E",,,"  268",",,E","  122",",,E"
"GME00123466","2018-05-31","48.3758","8.9808","522.0","HECHINGEN, GM","   46",",,E",,,"  254",",,E","  138",",,E"
"GME00123466","2018-06-01","48.3758","8.9808","522.0","HECHINGEN, GM","    3",",,E",,,"  241",",,E","  126",",,E"
"GME00123466","2018-06-02","48.3758","8.9808","522.0","HECHINGEN, GM","    1",",,E",,,"  239",",,E","  111",",,E"
"GME00123466","2018-06-03","48.3758","8.9808","522.0","HECHINGEN, GM","    0",",,E",,,"  259",",,E","  114",",,E"
"GME00123466","2018-06-04","48.3758","8.9808","522.0","HECHINGEN, GM","    0",",,E",,,"  273",",,E","  113",",,E"
"GME00123466","2018-06-05","48.3758","8.9808","522.0","HECHINGEN, GM","    1",",,E",,,"  275",",,E","  137",",,E"
"GME00123466","2018-06-06","48.3758","8.9808","522.0","HECHINGEN, GM","    7",",,E",,,"  281",",,E","  120",",,E"
"GME00123466","2018-06-07","48.3758","8.9808","522.0","HECHINGEN, GM","   57",",,E",,,"  232",",,E","  122",",,E"
"GME00123466","2018-06-08","48.3758","8.9808","522.0","HECHINGEN, GM","   40",",,E",,,"  257",",,E","  114",",,E"
"GME00123466","2018-06-09","48.3758","8.9808","522.0","HECHINGEN, GM","    0",",,E",,,"  254",",,E","  137",",,E"
"GME00123466","2018-06-10","48.3758","8.9808","522.0","HECHINGEN, GM","    0",",,E",,,"  285",",,E","  143",",,E"
"GME00123466","2018-06-11","48.3758","8.9808","522.0","HECHINGEN, GM","   12",",,E",,,"  265",",,E","  133",",,E"
"GME00123466","2018-06-12","48.3758","8.9808","522.0","HECHINGEN, GM","  138",",,E",,,"  215",",,E","  128",",,E"
"GME00123466","2018-06-13","48.3758","8.9808","522.0","HECHINGEN, GM","    5",",,E",,,"  142",",,E","  104",",,E"
"GME00123466","2018-06-14","48.3758","8.9808","522.0","HECHINGEN, GM","    0",",,E",,,"  203",",,E","   78",",,E"
"GME00123466","2018-06-15","48.3758","8.9808","522.0","HECHINGEN, GM","    0",",,E",,,"  223",",,E","   91",",,E"
"GME00123466","2018-06-16","48.3758","8.9808","522.0","HECHINGEN, GM","    0",",,E",,,"  249",",,E","   88",",,E"
"GME00123466","2018-06-17","48.3758","8.9808","522.0","HECHINGEN, GM","    0",",,E",,,"  235",",,E","  130",",,E"
"GME00123466","2018-06-18","48.3758","8.9808","522.0","HECHINGEN, GM","    0",",,E",,,"  247",",,E","  113",",,E"
"GME00123466","2018-06-19","48.3758","8.9808","522.0","HECHINGEN, GM","    0",",,E",,,"  261",",,E","  113",",,E"
"GME00123466","2018-06-20","48.3758","8.9808","522.0","HECHINGEN, GM","    0",",,E",,,"  290",",,E","  112",",,E"
"GME00123466","2018-06-21","48.3758","8.9808","522.0","HECHINGEN, GM","    0",",,E",,,"  276",",,E","   99",",,E"
"GME00123466","2018-06-22","48.3758","8.9808","522.0","HECHINGEN, GM","    0",",,E",,,"  181",",,E","   43",",,E"
"GME00123466","2018-06-23","48.3758","8.9808","522.0","HECHINGEN, GM","    0",",,E",,,"  199",",,E","   50",",,E"
"GME00123466","2018-06-24","48.3758","8.9808","522.0","HECHINGEN, GM","    1",",,E",,,"  198",",,E","   87",",,E"
"GME00123466","2018-06-25","48.3758","8.9808","522.0","HECHINGEN, GM","    0",",,E",,,"  213",",,E","   93",",,E"
"GME00123466","2018-06-26","48.3758","8.9808","522.0","HECHINGEN, GM","    0",",,E",,,"  215",",,E","   80",",,E"
"GME00123466","2018-06-27","48.3758","8.9808","522.0","HECHINGEN, GM","    0",",,E",,,"  245",",,E","   84",",,E"
"GME00123466","2018-06-28","48.3758","8.9808","522.0","HECHINGEN, GM","    5",",,E",,,"  212",",,E","   86",",,E"
"GME00123466","2018-06-29","48.3758","8.9808","522.0","HECHINGEN, GM","    0",",,E",,,"  265",",,E","  140",",,E"
"GME00123466","2018-06-30","48.3758","8.9808","522.0","HECHINGEN, GM","    0",",,E",,,"  294",",,E","  129",",,E"
"GME00123466","2018-07-01","48.3758","8.9808","522.0","HECHINGEN, GM","    0",",,E",,,"  275",",,E","  123",",,E"
"GME00123466","2018-07-02","48.3758","8.9808","522.0","HECHINGEN, GM","    0",",,E",,,"  276",",,E","  127",",,E"
"GME00123466","2018-07-03","48.3758","8.9808","522.0","HECHINGEN, GM","    0",",,E",,,"  275",",,E","  140",",,E"
"GME00123466","2018-07-04","48.3758","8.9808","522.0","HECHINGEN, GM","   31",",,E",,,"  280",",,E","  150",",,E"
"GME00123466","2018-07-05","48.3758","8.9808","522.0","HECHINGEN, GM","  170",",,E",,,"  188",",,E","  139",",,E"
"GME00123466","2018-07-06","48.3758","8.9808","522.0","HECHINGEN, GM","   84",",,E",,,"  244",",,E","  137",",,E"
"GME00123466","2018-07-07","48.3758","8.9808","522.0","HECHINGEN, GM","    0",",,E",,,"  254",",,E","  117",",,E"
"GME00123466","2018-07-08","48.3758","8.9808","522.0","HECHINGEN, GM","    0",",,E",,,"  260",",,E","  117",",,E"
"GME00123466","2018-07-09","48.3758","8.9808","522.0","HECHINGEN, GM","    0",",,E",,,"  264",",,E","   96",",,E"
"GME00123466","2018-07-10","48.3758","8.9808","522.0","HECHINGEN, GM","    1",",,E",,,"  233",",,E","  112",",,E"
"GME00123466","2018-07-11","48.3758","8.9808","522.0","HECHINGEN, GM","    0",",,E",,,"  197",",,E","   92",",,E"
"GME00123466","2018-07-12","48.3758","8.9808","522.0","HECHINGEN, GM","    0",",,E",,,"  231",",,E","   87",",,E"
"GME00123466","2018-07-13","48.3758","8.9808","522.0","HECHINGEN, GM","    0",",,E",,,"  281",",,E","  110",",,E"
"GME00123466","2018-07-14","48.3758","8.9808","522.0","HECHINGEN, GM","    0",",,E",,,"  284",",,E","  124",",,E"
"GME00123466","2018-07-15","48.3758","8.9808","522.0","HECHINGEN, GM","   13",",,E",,,"  273",",,E","  141",",,E"
"GME00123466","2018-07-16","48.3758","8.9808","522.0","HECHINGEN, GM","    0",",,E",,,"  261",",,E","  139",",,E"
"GME00123466","2018-07-17","48.3758","8.9808","522.0","HECHINGEN, GM","   41",",,E",,,"  278",",,E","  126",",,E"
"GME00123466","2018-07-18","48.3758","8.9808","522.0","HECHINGEN, GM","    0",",,E",,,"  277",",,E","  115",",,E"
"GME00123466","2018-07-19","48.3758","8.9808","522.0","HECHINGEN, GM","    0",",,E",,,"  286",",,E","  123",",,E"
"GME00123466","2018-07-20","48.3758","8.9808","522.0","HECHINGEN, GM","   35",",,E",,,"  315",",,E","  124",",,E"
"GME00123466","2018-07-21","48.3758","8.9808","522.0","HECHINGEN, GM","   34",",,E",,,"  211",",,E","  150",",,E"
"GME00123466","2018-07-22","48.3758","8.9808","522.0","HECHINGEN, GM","   38",",,E",,,"  236",",,E","  154",",,E"
"GME00123466","2018-07-23","48.3758","8.9808","522.0","HECHINGEN, GM","    0",",,E",,,"  261",",,E","  141",",,E"
"GME00123466","2018-07-24","48.3758","8.9808","522.0","HECHINGEN, GM","    0",",,E",,,"  301",",,E","  127",",,E"
"GME00123466","2018-07-25","48.3758","8.9808","522.0","HECHINGEN, GM","    0",",,E",,,"  315",",,E","  138",",,E"
"GME00123466","2018-07-26","48.3758","8.9808","522.0","HECHINGEN, GM","    0",",,E",,,"  315",",,E","  143",",,E"
"GME00123466","2018-07-27","48.3758","8.9808","522.0","HECHINGEN, GM","    0",",,E",,,"  316",",,E","  140",",,E"
"GME00123466","2018-07-28","48.3758","8.9808","522.0","HECHINGEN, GM","    2",",,E",,,"  303",",,E","  155",",,E"
"GME00123466","2018-07-29","48.3758","8.9808","522.0","HECHINGEN, GM","    0",",,E",,,"  317",",,E","  146",",,E"
"GME00123466","2018-07-30","48.3758","8.9808","522.0","HECHINGEN, GM","    0",",,E",,,"  335",",,E","  153",",,E"
"GME00123466","2018-07-31","48.3758","8.9808","522.0","HECHINGEN, GM","   21",",,E",,,"  358",",,E","  159",",,E"
"GME00123466","2018-08-01","48.3758","8.9808","522.0","HECHINGEN, GM","  103",",,E",,,"  328",",,E","  170",",,E"
"GME00123466","2018-08-02","48.3758","8.9808","522.0","HECHINGEN, GM","    0",",,E",,,"  296",",,E","  168",",,E"
"GME00123466","2018-08-03","48.3758","8.9808","522.0","HECHINGEN, GM","    0",",,E",,,"  327",",,E","  162",",,E"
"GME00123466","2018-08-04","48.3758","8.9808","522.0","HECHINGEN, GM","    0",",,E",,,"  335",",,E","  182",",,E"
"GME00123466","2018-08-05","48.3758","8.9808","522.0","HECHINGEN, GM","    0",",,E",,,"  312",",,E","  164",",,E"
"GME00123466","2018-08-06","48.3758","8.9808","522.0","HECHINGEN, GM","    0",",,E",,,"  329",",,E","  147",",,E"
"GME00123466","2018-08-07","48.3758","8.9808","522.0","HECHINGEN, GM","  113",",,E",,,"  317",",,E","  162",",,E"
"GME00123466","2018-08-08","48.3758","8.9808","522.0","HECHINGEN, GM","   10",",,E",,,"  306",",,E","  158",",,E"
"GME00123466","2018-08-09","48.3758","8.9808","522.0","HECHINGEN, GM","    6",",,E",,,"  329",",,E","  169",",,E"
"GME00123466","2018-08-10","48.3758","8.9808","522.0","HECHINGEN, GM","    0",",,E",,,"  241",",,E","  129",",,E"
"GME00123466","2018-08-11","48.3758","8.9808","522.0","HECHINGEN, GM","    0",",,E",,,"  244",",,E","  103",",,E"
"GME00123466","2018-08-12","48.3758","8.9808","522.0","HECHINGEN, GM","    0",",,E",,,"  300",",,E","   80",",,E"
"GME00123466","2018-08-13","48.3758","8.9808","522.0","HECHINGEN, GM","   50",",,E",,,"  254",",,E","  142",",,E"
"GME00123466","2018-08-14","48.3758","8.9808","522.0","HECHINGEN, GM","    0",",,E",,,"  251",",,E","  120",",,E"
"GME00123466","2018-08-15","48.3758","8.9808","522.0","HECHINGEN, GM","    0",",,E",,,"  256",",,E","  113",",,E"
"GME00123466","2018-08-16","48.3758","8.9808","522.0","HECHINGEN, GM","    0",",,E",,,"  300",",,E","  108",",,E"
"GME00123466","2018-08-17","48.3758","8.9808","522.0","HECHINGEN, GM","   16",",,E",,,"  306",",,E","  141",",,E"
"GME00123466","2018-08-18","48.3758","8.9808","522.0","HECHINGEN, GM","    0",",,E",,,"  264",",,E","  159",",,E"
"GME00123466","2018-08-19","48.3758","8.9808","522.0","HECHINGEN, GM","    0",",,E",,,"  286",",,E","  149",",,E"
"GME00123466","2018-08-20","48.3758","8.9808","522.0","HECHINGEN, GM","    0",",,E",,,"  307",",,E","  141",",,E"
"GME00123466","2018-08-21","48.3758","8.9808","522.0","HECHINGEN, GM","    0",",,E",,,"  302",",,E","  143",",,E"
"GME00123466","2018-08-22","48.3758","8.9808","522.0","HECHINGEN, GM","    0",",,E",,,"  316",",,E","  142",",,E"
"GME00123466","2018-08-23","48.3758","8.9808","522.0","HECHINGEN, GM","   84",",,E",,,"  300",",,E","  160",",,E"
"GME00123466","2018-08-24","48.3758","8.9808","522.0","HECHINGEN, GM","    8",",,E",,,"  239",",,E","  106",",,E"
"GME00123466","2018-08-25","48.3758","8.9808","522.0","HECHINGEN, GM","   16",",,E",,,"  144",",,E","   70",",,E"
"GME00123466","2018-08-26","48.3758","8.9808","522.0","HECHINGEN, GM","    0",",,E",,,"  196",",,E","   50",",,E"
"GME00123466","2018-08-27","48.3758","8.9808","522.0","HECHINGEN, GM","    0",",,E",,,"  248",",,E","  113",",,E"
"GME00123466","2018-08-28","48.3758","8.9808","522.0","HECHINGEN, GM","    0",",,E",,,"  261",",,E","  113",",,E"
"GME00123466","2018-08-29","48.3758","8.9808","522.0","HECHINGEN, GM","   42",",,E",,,"  298",",,E","  116",",,E"
"GME00123466","2018-08-30","48.3758","8.9808","522.0","HECHINGEN, GM","    0",",,E",,,"  213",",,E","  127",",,E"
"GME00123466","2018-08-31","48.3758","8.9808","522.0","HECHINGEN, GM","  173",",,E",,,"  148",",,E","  118",",,E"
"GME00123466","2018-09-01","48.3758","8.9808","522.0","HECHINGEN, GM","   22",",,E",,,"  174",",,E","  118",",,E"
"GME00123466","2018-09-02","48.3758","8.9808","522.0","HECHINGEN, GM","   25",",,E",,,"  138",",,E","  116",",,E"
"GME00123466","2018-09-03","48.3758","8.9808","522.0","HECHINGEN, GM","    0",",,E",,,"  190",",,E","  115",",,E"
"GME00123466","2018-09-04","48.3758","8.9808","522.0","HECHINGEN, GM","    0",",,E",,,"  225",",,E","   94",",,E"
"GME00123466","2018-09-05","48.3758","8.9808","522.0","HECHINGEN, GM","    0",",,E",,,"  259",",,E","  104",",,E"
"GME00123466","2018-09-06","48.3758","8.9808","522.0","HECHINGEN, GM","   20",",,E",,,"  266",",,E","  121",",,E"
"GME00123466","2018-09-07","48.3758","8.9808","522.0","HECHINGEN, GM","    0",",,E",,,"  226",",,E","  100",",,E"
"GME00123466","2018-09-08","48.3758","8.9808","522.0","HECHINGEN, GM","    0",",,E",,,"  226",",,E","   93",",,E"
"GME00123466","2018-09-09","48.3758","8.9808","522.0","HECHINGEN, GM","    0",",,E",,,"  251",",,E","   83",",,E"
"GME00123466","2018-09-10","48.3758","8.9808","522.0","HECHINGEN, GM","    0",",,E",,,"  278",",,E","   87",",,E"
"GME00123466","2018-09-11","48.3758","8.9808","522.0","HECHINGEN, GM","    0",",,E",,,"  284",",,E","  110",",,E"
"GME00123466","2018-09-12","48.3758","8.9808","522.0","HECHINGEN, GM","   12",",,E",,,"  309",",,E","  110",",,E"
"GME00123466","2018-09-13","48.3758","8.9808","522.0","HECHINGEN, GM","   26",",,E",,,"  247",",,E","  131",",,E"
"GME00123466","2018-09-14","48.3758","8.9808","522.0","HECHINGEN, GM","    0",",,E",,,"  210",",,E","  117",",,E"
"GME00123466","2018-09-15","48.3758","8.9808","522.0","HECHINGEN, GM","    0",",,E",,,"  213",",,E","   79",",,E"
"GME00123466","2018-09-16","48.3758","8.9808","522.0","HECHINGEN, GM","    0",",,E",,,"  250",",,E","   51",",,E"
"GME00123466","2018-09-17","48.3758","8.9808","522.0","HECHINGEN, GM","    0",",,E",,,"  276",",,E","  101",",,E"
"GME00123466","2018-09-18","48.3758","8.9808","522.0","HECHINGEN, GM","   33",",,E",,,"  296",",,E","  104",",,E"
"GME00123466","2018-09-19","48.3758","8.9808","522.0","HECHINGEN, GM","    0",",,E",,,"  276",",,E","  116",",,E"
"GME00123466","2018-09-20","48.3758","8.9808","522.0","HECHINGEN, GM","    0",",,E",,,"  276",",,E","  136",",,E"
"GME00123466","2018-09-21","48.3758","8.9808","522.0","HECHINGEN, GM","    0",",,E",,,"  269",",,E","  104",",,E"
"GME00123466","2018-09-22","48.3758","8.9808","522.0","HECHINGEN, GM","    5",",,E",,,"  188",",,E","   77",",,E"
"GME00123466","2018-09-23","48.3758","8.9808","522.0","HECHINGEN, GM","  166",",,E",,,"  243",",,E","   89",",,E"
"GME00123466","2018-09-24","48.3758","8.9808","522.0","HECHINGEN, GM","    0",",,E",,,"  136",",,E","   22",",,E"
"GME00123466","2018-09-25","48.3758","8.9808","522.0","HECHINGEN, GM","    0",",,E",,,"  149",",,E","    0",",,E"
"GME00123466","2018-09-26","48.3758","8.9808","522.0","HECHINGEN, GM","    0",",,E",,,"  193",",,E","   -7",",,E"
"GME00123466","2018-09-27","48.3758","8.9808","522.0","HECHINGEN, GM","    0",",,E",,,"  241",",,E","   30",",,E"
"GME00123466","2018-09-28","48.3758","8.9808","522.0","HECHINGEN, GM","    0",",,E",,,"  214",",,E","   75",",,E"
"GME00123466","2018-09-29","48.3758","8.9808","522.0","HECHINGEN, GM","    0",",,E",,,"  174",",,E","   27",",,E"
"GME00123466","2018-09-30","48.3758","8.9808","522.0","HECHINGEN, GM","   39",",,E",,,"  229",",,E","   11",",,E"
"GME00123466","2018-10-01","48.3758","8.9808","522.0","HECHINGEN, GM","   42",",,E","    0",",,E","  118",",,E","   40",",,E"
"GME00123466","2018-10-02","48.3758","8.9808","522.0","HECHINGEN, GM","    0",",,E","    0",",,E","  115",",,E","   15",",,E"
"GME00123466","2018-10-03","48.3758","8.9808","522.0","HECHINGEN, GM","    0",",,E","    0",",,E","  152",",,E","   66",",,E"
"GME00123466","2018-10-04","48.3758","8.9808","522.0","HECHINGEN, GM","    0",",,E","    0",",,E","  177",",,E","   48",",,E"
"GME00123466","2018-10-05","48.3758","8.9808","522.0","HECHINGEN, GM","    0",",,E","    0",",,E","  232",",,E","   21",",,E"
"GME00123466","2018-10-06","48.3758","8.9808","522.0","HECHINGEN, GM","    0",",,E","    0",",,E","  238",",,E","   81",",,E"
"GME00123466","2018-10-07","48.3758","8.9808","522.0","HECHINGEN, GM","    0",",,E","    0",",,E","  213",",,E","   81",",,E"
"GME00123466","2018-10-08","48.3758","8.9808","522.0","HECHINGEN, GM","    0",",,E","    0",",,E","  184",",,E","   79",",,E"
"GME00123466","2018-10-09","48.3758","8.9808","522.0","HECHINGEN, GM","    0",",,E","    0",",,E","  213",",,E","   74",",,E"
"GME00123466","2018-10-10","48.3758","8.9808","522.0","HECHINGEN, GM","    0",",,E","    0",",,E","  234",",,E","   70",",,E"
"GME00123466","2018-10-11","48.3758","8.9808","522.0","HECHINGEN, GM","    0",",,E","    0",",,E","  214",",,E","   55",",,E"
"GME00123466","2018-10-12","48.3758","8.9808","522.0","HECHINGEN, GM","    0",",,E","    0",",,E","  260",",,E","   98",",,E"
"GME00123466","2018-10-13","48.3758","8.9808","522.0","HECHINGEN, GM","    0",",,E","    0",",,E","  247",",,E","   70",",,E"
"GME00123466","2018-10-14","48.3758","8.9808","522.0","HECHINGEN, GM","    0",",,E","    0",",,E","  246",",,E","   70",",,E"
"GME00123466","2018-10-15","48.3758","8.9808","522.0","HECHINGEN, GM","    0",",,E","    0",",,E","  236",",,E","   59",",,E"
"GME00123466","2018-10-16","48.3758","8.9808","522.0","HECHINGEN, GM","    0",",,E","    0",",,E","  229",",,E","   46",",,E"
"GME00123466","2018-10-17","48.3758","8.9808","522.0","HECHINGEN, GM","    0",",,E","    0",",,E","  217",",,E","   49",",,E"
"GME00123466","2018-10-18","48.3758","8.9808","522.0","HECHINGEN, GM","    0",",,E","    0",",,E","  195",",,E","   57",",,E"
"GME00123466","2018-10-19","48.3758","8.9808","522.0","HECHINGEN, GM","    0",",,E","    0",",,E","  167",",,E","   31",",,E"
"GME00123466","2018-10-20","48.3758","8.9808","522.0","HECHINGEN, GM","    0",",,E","    0",",,E","  169",",,E","   30",",,E"
"GME00123466","2018-10-21","48.3758","8.9808","522.0","HECHINGEN, GM","    0",",,E","    0",",,E","  152",",,E","    1",",,E"
"GME00123466","2018-10-22","48.3758","8.9808","522.0","HECHINGEN, GM","    0",",,E","    0",",,E","  147",",,E","  -31",",,E"
"GME00123466","2018-10-23","48.3758","8.9808","522.0","HECHINGEN, GM","    0",",,E","    0",",,E","  133",",,E","   67",",,E"
"GME00123466","2018-10-24","48.3758","8.9808","522.0","HECHINGEN, GM","    4",",,E","    0",",,E","  117",",,E","   99",",,E"
"GME00123466","2018-10-25","48.3758","8.9808","522.0","HECHINGEN, GM","    0",",,E","    0",",,E","  150",",,E","   58",",,E"
"GME00123466","2018-10-26","48.3758","8.9808","522.0","HECHINGEN, GM","   18",",,E","    0",",,E","  160",",,E","   57",",,E"
"GME00123466","2018-10-27","48.3758","8.9808","522.0","HECHINGEN, GM","  167",",,E","    0",",,E","   76",",,E","   21",",,E"
"GME00123466","2018-10-28","48.3758","8.9808","522.0","HECHINGEN, GM","  101",",,E","    0",",,E","   22",",,E","    0",",,E"
"GME00123466","2018-10-29","48.3758","8.9808","522.0","HECHINGEN, GM","   10",",,E","    0",",,E","   46",",,E","   12",",,E"
"GME00123466","2018-10-30","48.3758","8.9808","522.0","HECHINGEN, GM","    8",",,E","    0",",,E","   63",",,E","   10",",,E"
"GME00123466","2018-10-31","48.3758","8.9808","522.0","HECHINGEN, GM","    0",",,E","    0",",,E","  118",",,E","   12",",,E"
"GME00123466","2018-11-01","48.3758","8.9808","522.0","HECHINGEN, GM","    1",",,E","    0",",,E","  147",",,E","   10",",,E"
"GME00123466","2018-11-02","48.3758","8.9808","522.0","HECHINGEN, GM","    0",",,E","    0",",,E","  105",",,E","   45",",,E"
"GME00123466","2018-11-03","48.3758","8.9808","522.0","HECHINGEN, GM","    0",",,E","    0",",,E","  105",",,E","   61",",,E"
"GME00123466","2018-11-04","48.3758","8.9808","522.0","HECHINGEN, GM","    0",",,E","    0",",,E","  128",",,E","   39",",,E"
"GME00123466","2018-11-05","48.3758","8.9808","522.0","HECHINGEN, GM","    0",",,E","    0",",,E","  145",",,E","   26",",,E"
"GME00123466","2018-11-06","48.3758","8.9808","522.0","HECHINGEN, GM","    0",",,E","    0",",,E","  129",",,E","   13",",,E"
"GME00123466","2018-11-07","48.3758","8.9808","522.0","HECHINGEN, GM","    3",",,E","    0",",,E","  160",",,E","   15",",,E"
"GME00123466","2018-11-08","48.3758","8.9808","522.0","HECHINGEN, GM","    0",",,E","    0",",,E","  105",",,E","   67",",,E"
"GME00123466","2018-11-09","48.3758","8.9808","522.0","HECHINGEN, GM","    0",",,E","    0",",,E","  136",",,E","   49",",,E"
"GME00123466","2018-11-10","48.3758","8.9808","522.0","HECHINGEN, GM","   10",",,E","    0",",,E","  155",",,E","   23",",,E"
"GME00123466","2018-11-11","48.3758","8.9808","522.0","HECHINGEN, GM","   11",",,E","    0",",,E","  151",",,E","   89",",,E"
"GME00123466","2018-11-12","48.3758","8.9808","522.0","HECHINGEN, GM","    2",",,E","    0",",,E","  166",",,E","   45",",,E"
"GME00123466","2018-11-13","48.3758","8.9808","522.0","HECHINGEN, GM","    6",",,E","    0",",,E","  124",",,E","   23",",,E"
"GME00123466","2018-11-14","48.3758","8.9808","522.0","HECHINGEN, GM","    0",",,E","    0",",,E","   94",",,E","  -17",",,E"
"GME00123466","2018-11-15","48.3758","8.9808","522.0","HECHINGEN, GM","    0",",,E","    0",",,E","   77",",,E","  -12",",,E"
"GME00123466","2018-11-16","48.3758","8.9808","522.0","HECHINGEN, GM","    0",",,E","    0",",,E","   83",",,E","   -3",",,E"
"GME00123466","2018-11-17","48.3758","8.9808","522.0","HECHINGEN, GM","    0",",,E","    0",",,E","   82",",,E","  -25",",,E"
"GME00123466","2018-11-18","48.3758","8.9808","522.0","HECHINGEN, GM","    0",",,E","    0",",,E","   57",",,E","  -30",",,E"
"GME00123466","2018-11-19","48.3758","8.9808","522.0","HECHINGEN, GM","    0",",,E","    0",",,E","   12",",,E","  -28",",,E"
"GME00123466","2018-11-20","48.3758","8.9808","522.0","HECHINGEN, GM","    0",",,E","    0",",,E","   25",",,E","  -51",",,E"
"GME00123466","2018-11-21","48.3758","8.9808","522.0","HECHINGEN, GM","    0",",,E","    0",",,E","    4",",,E","  -64",",,E"
"GME00123466","2018-11-22","48.3758","8.9808","522.0","HECHINGEN, GM","    0",",,E","    0",",,E","   82",",,E","  -28",",,E"
"GME00123466","2018-11-23","48.3758","8.9808","522.0","HECHINGEN, GM","    9",",,E","    0",",,E","   70",",,E","  -46",",,E"
"GME00123466","2018-11-24","48.3758","8.9808","522.0","HECHINGEN, GM","    0",",,E","    0",",,E","  112",",,E","    0",",,E"
"GME00123466","2018-11-25","48.3758","8.9808","522.0","HECHINGEN, GM","    7",",,E","    0",",,E","   78",",,E","  -36",",,E"
"GME00123466","2018-11-26","48.3758","8.9808","522.0","HECHINGEN, GM","   45",",,E","    0",",,E","   32",",,E","    2",",,E"
"GME00123466","2018-11-27","48.3758","8.9808","522.0","HECHINGEN, GM","   10",",,E","   10",",,E","   25",",,E","    1",",,E"
"GME00123466","2018-11-28","48.3758","8.9808","522.0","HECHINGEN, GM","    2",",,E","    0",",,E","   50",",,E","  -18",",,E"
"GME00123466","2018-11-29","48.3758","8.9808","522.0","HECHINGEN, GM","    0",",,E","    0",",,E","   83",",,E","   10",",,E"
"GME00123466","2018-11-30","48.3758","8.9808","522.0","HECHINGEN, GM","   39",",,E","    0",",,E","   83",",,E","    7",",,E"
"GME00123466","2018-12-01","48.3758","8.9808","522.0","HECHINGEN, GM","    0",",,E","    0",",,E","  100",",,E","   13",",,E"
"GME00123466","2018-12-02","48.3758","8.9808","522.0","HECHINGEN, GM","   30",",,E","    0",",,E","  119",",,E","   73",",,E"
"GME00123466","2018-12-03","48.3758","8.9808","522.0","HECHINGEN, GM","   52",",,E","    0",",,E","  139",",,E","   86",",,E"
"GME00123466","2018-12-04","48.3758","8.9808","522.0","HECHINGEN, GM","   28",",,E","    0",",,E","   92",",,E","   39",",,E"
"GME00123466","2018-12-05","48.3758","8.9808","522.0","HECHINGEN, GM","    7",",,E","    0",",,E","   97",",,E","   24",",,E"
"GME00123466","2018-12-06","48.3758","8.9808","522.0","HECHINGEN, GM","    0",",,E","    0",",,E","  119",",,E","   53",",,E"
"GME00123466","2018-12-07","48.3758","8.9808","522.0","HECHINGEN, GM","   18",",,E","    0",",,E","  130",",,E","   46",",,E"
"GME00123466","2018-12-08","48.3758","8.9808","522.0","HECHINGEN, GM","  102",",,E","    0",",,E","   79",",,E","   31",",,E"
"GME00123466","2018-12-09","48.3758","8.9808","522.0","HECHINGEN, GM","   79",",,E","    0",",,E","   76",",,E","   39",",,E"
"GME00123466","2018-12-10","48.3758","8.9808","522.0","HECHINGEN, GM","   16",",,E","    0",",,E","   48",",,E","    7",",,E"
"GME00123466","2018-12-11","48.3758","8.9808","522.0","HECHINGEN, GM","    0",",,E","    0",",,E","   28",",,E","  -26",",,E"
"GME00123466","2018-12-12","48.3758","8.9808","522.0","HECHINGEN, GM","    0",",,E","    0",",,E","    8",",,E","  -40",",,E"
"GME00123466","2018-12-13","48.3758","8.9808","522.0","HECHINGEN, GM","    3",",,E","    0",",,E","   -9",",,E","  -20",",,E"
"GME00123466","2018-12-14","48.3758","8.9808","522.0","HECHINGEN, GM","    0",",,E","   10",",,E","  -13",",,E","  -31",",,E"
"GME00123466","2018-12-15","48.3758","8.9808","522.0","HECHINGEN, GM","   34",",,E","    0",",,E","  -22",",,E","  -55",",,E"
"GME00123466","2018-12-16","48.3758","8.9808","522.0","HECHINGEN, GM","    9",",,E","   40",",,E","   49",",,E","  -55",",,E"
"GME00123466","2018-12-17","48.3758","8.9808","522.0","HECHINGEN, GM","    0",",,E","   30",",,E","   44",",,E","  -35",",,E"
"GME00123466","2018-12-18","48.3758","8.9808","522.0","HECHINGEN, GM","    0",",,E","   20",",,E","   57",",,E","  -40",",,E"
"GME00123466","2018-12-19","48.3758","8.9808","522.0","HECHINGEN, GM","   32",",,E","   10",",,E","   66",",,E","  -38",",,E"
"GME00123466","2018-12-20","48.3758","8.9808","522.0","HECHINGEN, GM","    2",",,E","    0",",,E","   85",",,E","   25",",,E"
"GME00123466","2018-12-21","48.3758","8.9808","522.0","HECHINGEN, GM","   69",",,E","    0",",,E","  102",",,E","   54",",,E"
"GME00123466","2018-12-22","48.3758","8.9808","522.0","HECHINGEN, GM","   63",",,E","    0",",,E","  106",",,E","   63",",,E"
"GME00123466","2018-12-23","48.3758","8.9808","522.0","HECHINGEN, GM","  153",",,E","    0",",,E","  106",",,E","   55",",,E"
"GME00123466","2018-12-24","48.3758","8.9808","522.0","HECHINGEN, GM","   19",",,E","    0",",,E","  108",",,E","   13",",,E"
"GME00123466","2018-12-25","48.3758","8.9808","522.0","HECHINGEN, GM","    0",",,E","    0",",,E","   17",",,E","  -27",",,E"
"GME00123466","2018-12-26","48.3758","8.9808","522.0","HECHINGEN, GM","    0",",,E","    0",",,E","    1",",,E","  -64",",,E"
"GME00123466","2018-12-27","48.3758","8.9808","522.0","HECHINGEN, GM","    0",",,E","    0",",,E","   36",",,E","  -66",",,E"
"GME00123466","2018-12-28","48.3758","8.9808","522.0","HECHINGEN, GM","    0",",,E","    0",",,E","   52",",,E","  -28",",,E"
"GME00123466","2018-12-29","48.3758","8.9808","522.0","HECHINGEN, GM","    1",",,E","    0",",,E","   28",",,E","  -21",",,E"
"GME00123466","2018-12-30","48.3758","8.9808","522.0","HECHINGEN, GM","   24",",,E","    0",",,E","   39",",,E","   14",",,E"
"GME00123466","2018-12-31","48.3758","8.9808","522.0","HECHINGEN, GM","   12",",,E","    0",",,E","   58",",,E","   28",",,E"
"GME00123466","2019-01-01","48.3758","8.9808","522.0","HECHINGEN, GM","   31",",,E","    0",",,E","   50",",,E","   25",",,E"
"GME00123466","2019-01-02","48.3758","8.9808","522.0","HECHINGEN, GM","    1",",,E","   10",",,E","   31",",,E","  -34",",,E"
"GME00123466","2019-01-03","48.3758","8.9808","522.0","HECHINGEN, GM","   20",",,E","    0",",,E","    8",",,E","  -67",",,E"
"GME00123466","2019-01-04","48.3758","8.9808","522.0","HECHINGEN, GM","    8",",,E","   30",",,E","   11",",,E","  -29",",,E"
"GME00123466","2019-01-05","48.3758","8.9808","522.0","HECHINGEN, GM","  144",",,E","   40",",,E","   12",",,E","   -6",",,E"
"GME00123466","2019-01-06","48.3758","8.9808","522.0","HECHINGEN, GM","   76",",,E","   60",",,E","   15",",,E","    4",",,E"
"GME00123466","2019-01-07","48.3758","8.9808","522.0","HECHINGEN, GM","    4",",,E","   50",",,E","   23",",,E","    5",",,E"
"GME00123466","2019-01-08","48.3758","8.9808","522.0","HECHINGEN, GM","   34",",,E","   30",",,E","   37",",,E","    7",",,E"
"GME00123466","2019-01-09","48.3758","8.9808","522.0","HECHINGEN, GM","   24",",,E","   30",",,E","   14",",,E","  -18",",,E"
"GME00123466","2019-01-10","48.3758","8.9808","522.0","HECHINGEN, GM","   28",",,E","  100",",,E","   -9",",,E","  -33",",,E"
"GME00123466","2019-01-11","48.3758","8.9808","522.0","HECHINGEN, GM","   32",",,E","  140",",,E","   -8",",,E","  -50",",,E"
"GME00123466","2019-01-12","48.3758","8.9808","522.0","HECHINGEN, GM","   34",",,E","  150",",,E","   26",",,E","  -10",",,E"
"GME00123466","2019-01-13","48.3758","8.9808","522.0","HECHINGEN, GM","   81",",,E","   80",",,E","   61",",,E","   11",",,E"
"GME00123466","2019-01-14","48.3758","8.9808","522.0","HECHINGEN, GM","   30",",,E","    0",",,E","   58",",,E","  -10",",,E"
"GME00123466","2019-01-15","48.3758","8.9808","522.0","HECHINGEN, GM","    0",",,E","   20",",,E","   29",",,E","  -14",",,E"
"GME00123466","2019-01-16","48.3758","8.9808","522.0","HECHINGEN, GM","    0",",,E","    0",",,E","   59",",,E","  -27",",,E"
"GME00123466","2019-01-17","48.3758","8.9808","522.0","HECHINGEN, GM","   40",",,E","    0",",,E","   67",",,E","  -11",",,E"
"GME00123466","2019-01-18","48.3758","8.9808","522.0","HECHINGEN, GM","    0",",,E","   20",",,E","    6",",,E","  -59",",,E"
"GME00123466","2019-01-19","48.3758","8.9808","522.0","HECHINGEN, GM","    0",",,E","   20",",,E","  -19",",,E","  -98",",,E"
"GME00123466","2019-01-20","48.3758","8.9808","522.0","HECHINGEN, GM","    3",",,E","   20",",,E","   -7",",,E"," -101",",,E"
"GME00123466","2019-01-21","48.3758","8.9808","522.0","HECHINGEN, GM","    0",",,E","   30",",,E","  -10",",,E","  -29",",,E"
"GME00123466","2019-01-22","48.3758","8.9808","522.0","HECHINGEN, GM","    0",",,E","   30",",,E","    6",",,E","  -78",",,E"
"GME00123466","2019-01-23","48.3758","8.9808","522.0","HECHINGEN, GM","    9",",,E","   20",",,E","  -18",",,E"," -109",",,E"
"GME00123466","2019-01-24","48.3758","8.9808","522.0","HECHINGEN, GM","   17",",,E","   30",",,E","  -30",",,E","  -54",",,E"
"GME00123466","2019-01-25","48.3758","8.9808","522.0","HECHINGEN, GM","    5",",,E","   40",",,E","   -7",",,E","  -72",",,E"
"GME00123466","2019-01-26","48.3758","8.9808","522.0","HECHINGEN, GM","    0",",,E","   40",",,E","   52",",,E","  -13",",,E"
"GME00123466","2019-01-27","48.3758","8.9808","522.0","HECHINGEN, GM","   15",",,E","    0",",,E","   73",",,E","    1",",,E"
"GME00123466","2019-01-28","48.3758","8.9808","522.0","HECHINGEN, GM","   12",",,E","   10",",,E","   18",",,E","   -9",",,E"
"GME00123466","2019-01-29","48.3758","8.9808","522.0","HECHINGEN, GM","    1",",,E","   30",",,E","   38",",,E","  -30",",,E"
"GME00123466","2019-01-30","48.3758","8.9808","522.0","HECHINGEN, GM","    1",",,E","   20",",,E","   36",",,E","  -33",",,E"
"GME00123466","2019-01-31","48.3758","8.9808","522.0","HECHINGEN, GM","    1",",,E","    0",",,E","   35",",,E","  -36",",,E"
"GME00123466","2019-02-01","48.3758","8.9808","522.0","HECHINGEN, GM","   44",",,E","    0",",,E","   48",",,E","    4",",,E"
"GME00123466","2019-02-02","48.3758","8.9808","522.0","HECHINGEN, GM","    4",",,E","    0",",,E","   77",",,E","   -9",",,E"
"GME00123466","2019-02-03","48.3758","8.9808","522.0","HECHINGEN, GM","   21",",,E","    0",",,E","   25",",,E","  -15",",,E"
"GME00123466","2019-02-04","48.3758","8.9808","522.0","HECHINGEN, GM","    0",",,E","   20",",,E","   26",",,E","  -55",",,E"
"GME00123466","2019-02-05","48.3758","8.9808","522.0","HECHINGEN, GM","    0",",,E","    0",",,E","   51",",,E","  -67",",,E"
"GME00123466","2019-02-06","48.3758","8.9808","522.0","HECHINGEN, GM","    0",",,E","    0",",,E","   71",",,E","  -72",",,E"
"GME00123466","2019-02-07","48.3758","8.9808","522.0","HECHINGEN, GM","    2",",,E","    0",",,E","   65",",,E","  -45",",,E"
"GME00123466","2019-02-08","48.3758","8.9808","522.0","HECHINGEN, GM","    3",",,E","    0",",,E","   89",",,E","    6",",,E"
"GME00123466","2019-02-09","48.3758","8.9808","522.0","HECHINGEN, GM","    1",",,E","    0",",,E","  103",",,E","   38",",,E"
"GME00123466","2019-02-10","48.3758","8.9808","522.0","HECHINGEN, GM","   65",",,E","    0",",,E","  138",",,E","   23",",,E"
"GME00123466","2019-02-11","48.3758","8.9808","522.0","HECHINGEN, GM","    6",",,E","    0",",,E","   45",",,E","    1",",,E"
"GME00123466","2019-02-12","48.3758","8.9808","522.0","HECHINGEN, GM","    0",",,E","   10",",,E","   42",",,E","  -30",",,E"
"GME00123466","2019-02-13","48.3758","8.9808","522.0","HECHINGEN, GM","    0",",,E","    0",",,E","   90",",,E","  -57",",,E"
"GME00123466","2019-02-14","48.3758","8.9808","522.0","HECHINGEN, GM","    0",",,E","    0",",,E","  113",",,E","  -39",",,E"
"GME00123466","2019-02-15","48.3758","8.9808","522.0","HECHINGEN, GM","    0",",,E","    0",",,E","  154",",,E","  -42",",,E"
"GME00123466","2019-02-16","48.3758","8.9808","522.0","HECHINGEN, GM","    0",",,E","    0",",,E","  186",",,E","  -32",",,E"
"GME00123466","2019-02-17","48.3758","8.9808","522.0","HECHINGEN, GM","    0",",,E","    0",",,E","  188",",,E","  -18",",,E"
"GME00123466","2019-02-18","48.3758","8.9808","522.0","HECHINGEN, GM","    0",",,E","    0",",,E","  156",",,E","  -26",",,E"
"GME00123466","2019-02-19","48.3758","8.9808","522.0","HECHINGEN, GM","    0",",,E","    0",",,E","  132",",,E","  -20",",,E"
"GME00123466","2019-02-20","48.3758","8.9808","522.0","HECHINGEN, GM","    0",",,E","    0",",,E","  125",",,E","   24",",,E"
"GME00123466","2019-02-21","48.3758","8.9808","522.0","HECHINGEN, GM","    0",",,E","    0",",,E","  153",",,E","    2",",,E"
"GME00123466","2019-02-22","48.3758","8.9808","522.0","HECHINGEN, GM","    4",",,E","    0",",,E","  103",",,E","    8",",,E"
"GME00123466","2019-02-23","48.3758","8.9808","522.0","HECHINGEN, GM","    0",",,E","    0",",,E","   98",",,E","   -9",",,E"
"GME00123466","2019-02-24","48.3758","8.9808","522.0","HECHINGEN, GM","    0",",,E","    0",",,E","  122",",,E","  -34",",,E"
"GME00123466","2019-02-25","48.3758","8.9808","522.0","HECHINGEN, GM","    0",",,E","    0",",,E","  153",",,E","  -30",",,E"
"GME00123466","2019-02-26","48.3758","8.9808","522.0","HECHINGEN, GM","    0",",,E","    0",",,E","  169",",,E","  -27",",,E"
"GME00123466","2019-02-27","48.3758","8.9808","522.0","HECHINGEN, GM","    0",",,E","    0",",,E","  182",",,E","  -15",",,E"
"GME00123466","2019-02-28","48.3758","8.9808","522.0","HECHINGEN, GM","   19",",,E","    0",",,E","  181",",,E","    6",",,E"
"GME00123466","2019-03-01","48.3758","8.9808","522.0","HECHINGEN, GM","   25",",,E","    0",",,E","   84",",,E","   50",",,E"
"GME00123466","2019-03-02","48.3758","8.9808","522.0","HECHINGEN, GM","    3",",,E","    0",",,E","   97",",,E","   44",",,E"
"GME00123466","2019-03-03","48.3758","8.9808","522.0","HECHINGEN, GM","    0",",,E","    0",",,E","  129",",,E","   63",",,E"
"GME00123466","2019-03-04","48.3758","8.9808","522.0","HECHINGEN, GM","   78",",,E","    0",",,E","  131",",,E","   26",",,E"
"GME00123466","2019-03-05","48.3758","8.9808","522.0","HECHINGEN, GM","   42",",,E","    0",",,E","   87",",,E","   24",",,E"
"GME00123466","2019-03-06","48.3758","8.9808","522.0","HECHINGEN, GM","    0",",,E","    0",",,E","  157",",,E","   -1",",,E"
"GME00123466","2019-03-07","48.3758","8.9808","522.0","HECHINGEN, GM","    4",",,E","    0",",,E","  108",",,E","   49",",,E"
"GME00123466","2019-03-08","48.3758","8.9808","522.0","HECHINGEN, GM","    0",",,E","    0",",,E","  108",",,E","   46",",,E"
"GME00123466","2019-03-09","48.3758","8.9808","522.0","HECHINGEN, GM","   26",",,E","    0",",,E","  105",",,E","   59",",,E"
"GME00123466","2019-03-10","48.3758","8.9808","522.0","HECHINGEN, GM","  100",",,E","    0",",,E","  134",",,E","   38",",,E"
"GME00123466","2019-03-11","48.3758","8.9808","522.0","HECHINGEN, GM","   25",",,E","   40",",,E","   41",",,E","   -6",",,E"
"GME00123466","2019-03-12","48.3758","8.9808","522.0","HECHINGEN, GM","    7",",,E","   20",",,E","   99",",,E","  -28",",,E"
"GME00123466","2019-03-13","48.3758","8.9808","522.0","HECHINGEN, GM","   85",",,E","    0",",,E","   92",",,E","    8",",,E"
"GME00123466","2019-03-14","48.3758","8.9808","522.0","HECHINGEN, GM","   82",",,E","    0",",,E","   48",",,E","    6",",,E"
"GME00123466","2019-03-15","48.3758","8.9808","522.0","HECHINGEN, GM","   57",",,E","    0",",,E","   97",",,E","   32",",,E"
"GME00123466","2019-03-16","48.3758","8.9808","522.0","HECHINGEN, GM","    0",",,E","    0",",,E","  138",",,E","   82",",,E"
"GME00123466","2019-03-17","48.3758","8.9808","522.0","HECHINGEN, GM","   28",",,E","    0",",,E","  165",",,E","   11",",,E"
"GME00123466","2019-03-18","48.3758","8.9808","522.0","HECHINGEN, GM","   12",",,E","    0",",,E","   65",",,E","   -9",",,E"
"GME00123466","2019-03-19","48.3758","8.9808","522.0","HECHINGEN, GM","    0",",,E","   10",",,E","   87",",,E","  -21",",,E"
"GME00123466","2019-03-20","48.3758","8.9808","522.0","HECHINGEN, GM","    0",",,E","    0",",,E","  100",",,E","  -48",",,E"
"GME00123466","2019-03-21","48.3758","8.9808","522.0","HECHINGEN, GM","    0",",,E","    0",",,E","  143",",,E","  -26",",,E"
"GME00123466","2019-03-22","48.3758","8.9808","522.0","HECHINGEN, GM","    0",",,E","    0",",,E","  161",",,E","  -31",",,E"
"GME00123466","2019-03-23","48.3758","8.9808","522.0","HECHINGEN, GM","    0",",,E","    0",",,E","  180",",,E","   11",",,E"
"GME00123466","2019-03-24","48.3758","8.9808","522.0","HECHINGEN, GM","    0",",,E","    0",",,E","  181",",,E","   -5",",,E"
"GME00123466","2019-03-25","48.3758","8.9808","522.0","HECHINGEN, GM","    7",",,E","    0",",,E","   88",",,E","   15",",,E"
"GME00123466","2019-03-26","48.3758","8.9808","522.0","HECHINGEN, GM","    0",",,E","    0",",,E","   80",",,E","   12",",,E"
"GME00123466","2019-03-27","48.3758","8.9808","522.0","HECHINGEN, GM","    0",",,E","    0",",,E","   92",",,E","    1",",,E"
"GME00123466","2019-03-28","48.3758","8.9808","522.0","HECHINGEN, GM","    0",",,E","    0",",,E","  132",",,E","  -38",",,E"
"GME00123466","2019-03-29","48.3758","8.9808","522.0","HECHINGEN, GM","    0",",,E","    0",",,E","  162",",,E","   53",",,E"
"GME00123466","2019-03-30","48.3758","8.9808","522.0","HECHINGEN, GM","    0",",,E","    0",",,E","  185",",,E","   10",",,E"
"GME00123466","2019-03-31","48.3758","8.9808","522.0","HECHINGEN, GM","    0",",,E","    0",",,E","  181",",,E","    7",",,E"
"GME00123466","2019-04-01","48.3758","8.9808","522.0","HECHINGEN, GM","    0",",,E","    0",",,E","  170",",,E","   27",",,E"
"GME00123466","2019-04-02","48.3758","8.9808","522.0","HECHINGEN, GM","    1",",,E","    0",",,E","  209",",,E","   32",",,E"
"GME00123466","2019-04-03","48.3758","8.9808","522.0","HECHINGEN, GM","   15",",,E","    0",",,E","  140",",,E","   28",",,E"
"GME00123466","2019-04-04","48.3758","8.9808","522.0","HECHINGEN, GM","   31",",,E","    0",",,E","   42",",,E","   12",",,E"
"GME00123466","2019-04-05","48.3758","8.9808","522.0","HECHINGEN, GM","    0",",,E","    0",",,E","   83",",,E","    0",",,E"
"GME00123466","2019-04-06","48.3758","8.9808","522.0","HECHINGEN, GM","    0",",,E","    0",",,E","  142",",,E","  -23",",,E"
"GME00123466","2019-04-07","48.3758","8.9808","522.0","HECHINGEN, GM","  109",",,E","    0",",,E","  146",",,E","   11",",,E"
"GME00123466","2019-04-08","48.3758","8.9808","522.0","HECHINGEN, GM","   10",",,E","    0",",,E","  123",",,E","   62",",,E"
"GME00123466","2019-04-09","48.3758","8.9808","522.0","HECHINGEN, GM","   34",",,E","    0",",,E","  100",",,E","   73",",,E"
"GME00123466","2019-04-10","48.3758","8.9808","522.0","HECHINGEN, GM","   74",",,E","    0",",,E","   88",",,E","   52",",,E"
"GME00123466","2019-04-11","48.3758","8.9808","522.0","HECHINGEN, GM","    0",",,E","    0",",,E","   99",",,E","   -8",",,E"
"GME00123466","2019-04-12","48.3758","8.9808","522.0","HECHINGEN, GM","    0",",,E","    0",",,E","   94",",,E","  -31",",,E"
"GME00123466","2019-04-13","48.3758","8.9808","522.0","HECHINGEN, GM","   17",",,E","    0",",,E","   43",",,E","    7",",,E"
"GME00123466","2019-04-14","48.3758","8.9808","522.0","HECHINGEN, GM","   15",",,E","   10",",,E","   74",",,E","  -10",",,E"
"GME00123466","2019-04-15","48.3758","8.9808","522.0","HECHINGEN, GM","    0",",,E","    0",",,E","  154",",,E","  -21",",,E"
"GME00123466","2019-04-16","48.3758","8.9808","522.0","HECHINGEN, GM","   26",",,E","    0",",,E","  172",",,E","    6",",,E"
"GME00123466","2019-04-17","48.3758","8.9808","522.0","HECHINGEN, GM","    0",",,E","    0",",,E","  183",",,E","   68",",,E"
"GME00123466","2019-04-18","48.3758","8.9808","522.0","HECHINGEN, GM","    0",",,E","    0",",,E","  202",",,E","   54",",,E"
"GME00123466","2019-04-19","48.3758","8.9808","522.0","HECHINGEN, GM","    0",",,E","    0",",,E","  217",",,E","   51",",,E"
"GME00123466","2019-04-20","48.3758","8.9808","522.0","HECHINGEN, GM","    0",",,E","    0",",,E","  218",",,E","   27",",,E"
"GME00123466","2019-04-21","48.3758","8.9808","522.0","HECHINGEN, GM","    0",",,E","    0",",,E","  225",",,E","   16",",,E"
"GME00123466","2019-04-22","48.3758","8.9808","522.0","HECHINGEN, GM","    0",",,E","    0",",,E","  223",",,E","   37",",,E"
"GME00123466","2019-04-23","48.3758","8.9808","522.0","HECHINGEN, GM","    0",",,E","    0",",,E","  224",",,E","   89",",,E"
"GME00123466","2019-04-24","48.3758","8.9808","522.0","HECHINGEN, GM","    0",",,E","    0",",,E","  238",",,E","   40",",,E"
"GME00123466","2019-04-25","48.3758","8.9808","522.0","HECHINGEN, GM","    5",",,E","    0",",,E","  236",",,E","   26",",,E"
"GME00123466","2019-04-26","48.3758","8.9808","522.0","HECHINGEN, GM","   60",",,E","    0",",,E","  110",",,E","   49",",,E"
"GME00123466","2019-04-27","48.3758","8.9808","522.0","HECHINGEN, GM","   42",",,E","    0",",,E","  136",",,E","   26",",,E"
"GME00123466","2019-04-28","48.3758","8.9808","522.0","HECHINGEN, GM","    7",",,E","    0",",,E","  115",",,E","    9",",,E"
"GME00123466","2019-04-29","48.3758","8.9808","522.0","HECHINGEN, GM","   24",",,E","    0",",,E","  114",",,E","   12",",,E"
"GME00123466","2019-04-30","48.3758","8.9808","522.0","HECHINGEN, GM","   11",",,E","    0",",,E","  120",",,E","   35",",,E"
"GME00123466","2019-05-01","48.3758","8.9808","522.0","HECHINGEN, GM","    0",",,E",,,"  182",",,E","    9",",,E"
"GME00123466","2019-05-02","48.3758","8.9808","522.0","HECHINGEN, GM","   50",",,E",,,"  187",",,E","   34",",,E"
"GME00123466","2019-05-03","48.3758","8.9808","522.0","HECHINGEN, GM","    3",",,E",,,"  122",",,E","   64",",,E"
"GME00123466","2019-05-04","48.3758","8.9808","522.0","HECHINGEN, GM","   35",",,E",,,"   96",",,E","   14",",,E"
"GME00123466","2019-05-05","48.3758","8.9808","522.0","HECHINGEN, GM","    0",",,E",,,"   71",",,E","  -23",",,E"
"GME00123466","2019-05-06","48.3758","8.9808","522.0","HECHINGEN, GM","    0",",,E",,,"  103",",,E","  -30",",,E"
"GME00123466","2019-05-07","48.3758","8.9808","522.0","HECHINGEN, GM","    0",",,E",,,"  147",",,E","  -15",",,E"
"GME00123466","2019-05-08","48.3758","8.9808","522.0","HECHINGEN, GM","   57",",,E",,,"  123",",,E","   64",",,E"
"GME00123466","2019-05-09","48.3758","8.9808","522.0","HECHINGEN, GM","   76",",,E",,,"  147",",,E","   52",",,E"
"GME00123466","2019-05-10","48.3758","8.9808","522.0","HECHINGEN, GM","   19",",,E",,,"  153",",,E","   71",",,E"
"GME00123466","2019-05-11","48.3758","8.9808","522.0","HECHINGEN, GM","   44",",,E",,,"  178",",,E","   60",",,E"
"GME00123466","2019-05-12","48.3758","8.9808","522.0","HECHINGEN, GM","    6",",,E",,,"  112",",,E","   28",",,E"
"GME00123466","2019-05-13","48.3758","8.9808","522.0","HECHINGEN, GM","    0",",,E",,,"  142",",,E","   20",",,E"
"GME00123466","2019-05-14","48.3758","8.9808","522.0","HECHINGEN, GM","    0",",,E",,,"  131",",,E","    6",",,E"
"GME00123466","2019-05-15","48.3758","8.9808","522.0","HECHINGEN, GM","    0",",,E",,,"  123",",,E","  -15",",,E"
"GME00123466","2019-05-16","48.3758","8.9808","522.0","HECHINGEN, GM","    0",",,E",,,"  130",",,E","  -15",",,E"
"GME00123466","2019-05-17","48.3758","8.9808","522.0","HECHINGEN, GM","   14",",,E",,,"  196",",,E","   36",",,E"
"GME00123466","2019-05-18","48.3758","8.9808","522.0","HECHINGEN, GM","   35",",,E",,,"  185",",,E","   46",",,E"
"GME00123466","2019-05-19","48.3758","8.9808","522.0","HECHINGEN, GM","  336",",,E",,,"  180",",,E","   98",",,E"
"GME00123466","2019-05-20","48.3758","8.9808","522.0","HECHINGEN, GM","  397",",,E",,,"  144",",,E","   96",",,E"
"GME00123466","2019-05-21","48.3758","8.9808","522.0","HECHINGEN, GM","  211",",,E",,,"  115",",,E","   96",",,E"
"GME00123466","2019-05-22","48.3758","8.9808","522.0","HECHINGEN, GM","    0",",,E",,,"  178",",,E","   46",",,E"
"GME00123466","2019-05-23","48.3758","8.9808","522.0","HECHINGEN, GM","    0",",,E",,,"  195",",,E","   31",",,E"
"GME00123466","2019-05-24","48.3758","8.9808","522.0","HECHINGEN, GM","    0",",,E",,,"  212",",,E","   54",",,E"
"GME00123466","2019-05-25","48.3758","8.9808","522.0","HECHINGEN, GM","    2",",,E",,,"  212",",,E","   79",",,E"
"GME00123466","2019-05-26","48.3758","8.9808","522.0","HECHINGEN, GM","    0",",,E",,,"  224",",,E","   67",",,E"
"GME00123466","2019-05-27","48.3758","8.9808","522.0","HECHINGEN, GM","   64",",,E",,,"  210",",,E","   82",",,E"
"GME00123466","2019-05-28","48.3758","8.9808","522.0","HECHINGEN, GM","    8",",,E",,,"  157",",,E","   70",",,E"
"GME00123466","2019-05-29","48.3758","8.9808","522.0","HECHINGEN, GM","    0",",,E",,,"  154",",,E","   53",",,E"
"GME00123466","2019-05-30","48.3758","8.9808","522.0","HECHINGEN, GM","    0",",,E",,,"  201",",,E","   42",",,E"
"GME00123466","2019-05-31","48.3758","8.9808","522.0","HECHINGEN, GM","    0",",,E",,,"  228",",,E","  111",",,E"
"GME00123466","2019-06-01","48.3758","8.9808","522.0","HECHINGEN, GM","    0",",,E",,,"  254",",,E","   95",",,E"
"GME00123466","2019-06-02","48.3758","8.9808","522.0","HECHINGEN, GM","    0",",,E",,,"  293",",,E","   91",",,E"
"GME00123466","2019-06-03","48.3758","8.9808","522.0","HECHINGEN, GM","   20",",,E",,,"  300",",,E","  134",",,E"
"GME00123466","2019-06-04","48.3758","8.9808","522.0","HECHINGEN, GM","    0",",,E",,,"  293",",,E","  116",",,E"
"GME00123466","2019-06-05","48.3758","8.9808","522.0","HECHINGEN, GM","    0",",,E",,,"  281",",,E","  138",",,E"
"GME00123466","2019-06-06","48.3758","8.9808","522.0","HECHINGEN, GM","    4",",,E",,,"  202",",,E","   59",",,E"
"GME00123466","2019-06-07","48.3758","8.9808","522.0","HECHINGEN, GM","    5",",,E",,,"  274",",,E","   50",",,E"
"GME00123466","2019-06-08","48.3758","8.9808","522.0","HECHINGEN, GM","    0",",,E",,,"  212",",,E","   59",",,E"
"GME00123466","2019-06-09","48.3758","8.9808","522.0","HECHINGEN, GM","   16",",,E",,,"  196",",,E","   50",",,E"
"GME00123466","2019-06-10","48.3758","8.9808","522.0","HECHINGEN, GM","  316",",,E",,,"  193",",,E","  112",",,E"
"GME00123466","2019-06-11","48.3758","8.9808","522.0","HECHINGEN, GM","   15",",,E",,,"  152",",,E","   98",",,E"
"GME00123466","2019-06-12","48.3758","8.9808","522.0","HECHINGEN, GM","   62",",,E",,,"  193",",,E","  108",",,E"
"GME00123466","2019-06-13","48.3758","8.9808","522.0","HECHINGEN, GM","    0",",,E",,,"  236",",,E","  111",",,E"
"GME00123466","2019-06-14","48.3758","8.9808","522.0","HECHINGEN, GM","    0",",,E",,,"  250",",,E","   85",",,E"
"GME00123466","2019-06-15","48.3758","8.9808","522.0","HECHINGEN, GM","   81",",,E",,,"  226",",,E","  127",",,E"
"GME00123466","2019-06-16","48.3758","8.9808","522.0","HECHINGEN, GM","    0",",,E",,,"  205",",,E","  107",",,E"
"GME00123466","2019-06-17","48.3758","8.9808","522.0","HECHINGEN, GM","    0",",,E",,,"  245",",,E","   85",",,E"
"GME00123466","2019-06-18","48.3758","8.9808","522.0","HECHINGEN, GM","    0",",,E",,,"  285",",,E","  115",",,E"
"GME00123466","2019-06-19","48.3758","8.9808","522.0","HECHINGEN, GM","   64",",,E",,,"  294",",,E","  140",",,E"
"GME00123466","2019-06-20","48.3758","8.9808","522.0","HECHINGEN, GM","    4",",,E",,,"  241",",,E","  135",",,E"
"GME00123466","2019-06-21","48.3758","8.9808","522.0","HECHINGEN, GM","   19",",,E",,,"  239",",,E","  125",",,E"
"GME00123466","2019-06-22","48.3758","8.9808","522.0","HECHINGEN, GM","  123",",,E",,,"  199",",,E","  138",",,E"
"GME00123466","2019-06-23","48.3758","8.9808","522.0","HECHINGEN, GM","    1",",,E",,,"  245",",,E","  151",",,E"
"GME00123466","2019-06-24","48.3758","8.9808","522.0","HECHINGEN, GM","    0",",,E",,,"  291",",,E","  136",",,E"
"GME00123466","2019-06-25","48.3758","8.9808","522.0","HECHINGEN, GM","    0",",,E",,,"  319",",,E","  159",",,E"
"GME00123466","2019-06-26","48.3758","8.9808","522.0","HECHINGEN, GM","    0",",,E",,,"  335",",,E","  180",",,E"
"GME00123466","2019-06-27","48.3758","8.9808","522.0","HECHINGEN, GM","    0",",,E",,,"  305",",,E","  162",",,E"
"GME00123466","2019-06-28","48.3758","8.9808","522.0","HECHINGEN, GM","    0",",,E",,,"  275",",,E","  109",",,E"
"GME00123466","2019-06-29","48.3758","8.9808","522.0","HECHINGEN, GM","    0",",,E",,,"  313",",,E","  106",",,E"
"GME00123466","2019-06-30","48.3758","8.9808","522.0","HECHINGEN, GM","    0",",,E",,,"  346",",,E","  142",",,E"
"GME00123466","2019-07-01","48.3758","8.9808","522.0","HECHINGEN, GM","    3",",,E",,,"  315",",,E","  191",",,E"
"GME00123466","2019-07-02","48.3758","8.9808","522.0","HECHINGEN, GM","    0",",,E",,,"  250",",,E","  130",",,E"
"GME00123466","2019-07-03","48.3758","8.9808","522.0","HECHINGEN, GM","    0",",,E",,,"  247",",,E","  103",",,E"
"GME00123466","2019-07-04","48.3758","8.9808","522.0","HECHINGEN, GM","    0",",,E",,,"  263",",,E","   81",",,E"
"GME00123466","2019-07-05","48.3758","8.9808","522.0","HECHINGEN, GM","    0",",,E",,,"  298",",,E","  108",",,E"
"GME00123466","2019-07-06","48.3758","8.9808","522.0","HECHINGEN, GM","   25",",,E",,,"  293",",,E","  124",",,E"
"GME00123466","2019-07-07","48.3758","8.9808","522.0","HECHINGEN, GM","   46",",,E",,,"  244",",,E","  132",",,E"
"GME00123466","2019-07-08","48.3758","8.9808","522.0","HECHINGEN, GM","    0",",,E",,,"  187",",,E","  121",",,E"
"GME00123466","2019-07-09","48.3758","8.9808","522.0","HECHINGEN, GM","    0",",,E",,,"  198",",,E","   71",",,E"
"GME00123466","2019-07-10","48.3758","8.9808","522.0","HECHINGEN, GM","    0",",,E",,,"  221",",,E","   46",",,E"
"GME00123466","2019-07-11","48.3758","8.9808","522.0","HECHINGEN, GM","   42",",,E",,,"  198",",,E","   98",",,E"
"GME00123466","2019-07-12","48.3758","8.9808","522.0","HECHINGEN, GM","  333",",,E",,,"  203",",,E","  132",",,E"
"GME00123466","2019-07-13","48.3758","8.9808","522.0","HECHINGEN, GM","    1",",,E",,,"  212",",,E","  107",",,E"
"GME00123466","2019-07-14","48.3758","8.9808","522.0","HECHINGEN, GM","   54",",,E",,,"  209",",,E","  119",",,E"
"GME00123466","2019-07-15","48.3758","8.9808","522.0","HECHINGEN, GM","    0",",,E",,,"  218",",,E","  101",",,E"
"GME00123466","2019-07-16","48.3758","8.9808","522.0","HECHINGEN, GM","    0",",,E",,,"  243",",,E","   77",",,E"
"GME00123466","2019-07-17","48.3758","8.9808","522.0","HECHINGEN, GM","    0",",,E",,,"  266",",,E","  109",",,E"
"GME00123466","2019-07-18","48.3758","8.9808","522.0","HECHINGEN, GM","   11",",,E",,,"  266",",,E","  108",",,E"
"GME00123466","2019-07-19","48.3758","8.9808","522.0","HECHINGEN, GM","    0",",,E",,,"  264",",,E","  139",",,E"
"GME00123466","2019-07-20","48.3758","8.9808","522.0","HECHINGEN, GM","    9",",,E",,,"  308",",,E","  130",",,E"
"GME00123466","2019-07-21","48.3758","8.9808","522.0","HECHINGEN, GM","    0",",,E",,,"  265",",,E","  162",",,E"
"GME00123466","2019-07-22","48.3758","8.9808","522.0","HECHINGEN, GM","    0",",,E",,,"  295",",,E","  133",",,E"
"GME00123466","2019-07-23","48.3758","8.9808","522.0","HECHINGEN, GM","    0",",,E",,,"  319",",,E","  131",",,E"
"GME00123466","2019-07-24","48.3758","8.9808","522.0","HECHINGEN, GM","    0",",,E",,,"  343",",,E","  144",",,E"
"GME00123466","2019-07-25","48.3758","8.9808","522.0","HECHINGEN, GM","    0",",,E",,,"  348",",,E","  162",",,E"
"GME00123466","2019-07-26","48.3758","8.9808","522.0","HECHINGEN, GM","  611",",,E",,,"  347",",,E","  163",",,E"
"GME00123466","2019-07-27","48.3758","8.9808","522.0","HECHINGEN, GM","   62",",,E",,,"  272",",,E","  163",",,E"
"GME00123466","2019-07-28","48.3758","8.9808","522.0","HECHINGEN, GM","  322",",,E",,,"  195",",,E","  153",",,E"
"GME00123466","2019-07-29","48.3758","8.9808","522.0","HECHINGEN, GM","    0",",,E",,,"  244",",,E","  152",",,E"
"GME00123466","2019-07-30","48.3758","8.9808","522.0","HECHINGEN, GM","   47",",,E",,,"  277",",,E","  155",",,E"
"GME00123466","2019-07-31","48.3758","8.9808","522.0","HECHINGEN, GM","    1",",,E",,,"  237",",,E","  125",",,E"
"GME00123466","2019-08-01","48.3758","8.9808","522.0","HECHINGEN, GM","    0",",,E",,,"  243",",,E","  110",",,E"
"GME00123466","2019-08-02","48.3758","8.9808","522.0","HECHINGEN, GM","    0",",,E",,,"  247",",,E","  133",",,E"
"GME00123466","2019-08-03","48.3758","8.9808","522.0","HECHINGEN, GM","    0",",,E",,,"  224",",,E","  123",",,E"
"GME00123466","2019-08-04","48.3758","8.9808","522.0","HECHINGEN, GM","    3",",,E",,,"  265",",,E","  109",",,E"
"GME00123466","2019-08-05","48.3758","8.9808","522.0","HECHINGEN, GM","    0",",,E",,,"  291",",,E","  159",",,E"
"GME00123466","2019-08-06","48.3758","8.9808","522.0","HECHINGEN, GM","   21",",,E",,,"  271",",,E","  155",",,E"
"GME00123466","2019-08-07","48.3758","8.9808","522.0","HECHINGEN, GM","  150",",,E",,,"  198",",,E","  139",",,E"
"GME00123466","2019-08-08","48.3758","8.9808","522.0","HECHINGEN, GM","    0",",,E",,,"  267",",,E","  131",",,E"
"GME00123466","2019-08-09","48.3758","8.9808","522.0","HECHINGEN, GM","  206",",,E",,,"  319",",,E","  123",",,E"
"GME00123466","2019-08-10","48.3758","8.9808","522.0","HECHINGEN, GM","    1",",,E",,,"  245",",,E","  145",",,E"
"GME00123466","2019-08-11","48.3758","8.9808","522.0","HECHINGEN, GM","   77",",,E",,,"  265",",,E","  125",",,E"
"GME00123466","2019-08-12","48.3758","8.9808","522.0","HECHINGEN, GM","    4",",,E",,,"  195",",,E","  111",",,E"
"GME00123466","2019-08-13","48.3758","8.9808","522.0","HECHINGEN, GM","    0",",,E",,,"  184",",,E","   91",",,E"
"GME00123466","2019-08-14","48.3758","8.9808","522.0","HECHINGEN, GM","    0",",,E",,,"  217",",,E","   72",",,E"
"GME00123466","2019-08-15","48.3758","8.9808","522.0","HECHINGEN, GM","   28",",,E",,,"  218",",,E","   93",",,E"
"GME00123466","2019-08-16","48.3758","8.9808","522.0","HECHINGEN, GM","    0",",,E",,,"  232",",,E","  110",",,E"
"GME00123466","2019-08-17","48.3758","8.9808","522.0","HECHINGEN, GM","    4",",,E",,,"  234",",,E","  130",",,E"
"GME00123466","2019-08-18","48.3758","8.9808","522.0","HECHINGEN, GM","  132",",,E",,,"  313",",,E","  137",",,E"
"GME00123466","2019-08-19","48.3758","8.9808","522.0","HECHINGEN, GM","   53",",,E",,,"  222",",,E","  144",",,E"
"GME00123466","2019-08-20","48.3758","8.9808","522.0","HECHINGEN, GM","  108",",,E",,,"  164",",,E","  104",",,E"
"GME00123466","2019-08-21","48.3758","8.9808","522.0","HECHINGEN, GM","    0",",,E",,,"  210",",,E","   70",",,E"
"GME00123466","2019-08-22","48.3758","8.9808","522.0","HECHINGEN, GM","    0",",,E",,,"  233",",,E","   76",",,E"
"GME00123466","2019-08-23","48.3758","8.9808","522.0","HECHINGEN, GM","    0",",,E",,,"  244",",,E","   86",",,E"
"GME00123466","2019-08-24","48.3758","8.9808","522.0","HECHINGEN, GM","    0",",,E",,,"  259",",,E","  109",",,E"
"GME00123466","2019-08-25","48.3758","8.9808","522.0","HECHINGEN, GM","    0",",,E",,,"  288",",,E","  134",",,E"
"GME00123466","2019-08-26","48.3758","8.9808","522.0","HECHINGEN, GM","    0",",,E",,,"  292",",,E","  135",",,E"
"GME00123466","2019-08-27","48.3758","8.9808","522.0","HECHINGEN, GM","    0",",,E",,,"  307",",,E","  145",",,E"
"GME00123466","2019-08-28","48.3758","8.9808","522.0","HECHINGEN, GM","    0",",,E",,,"  292",",,E","  162",",,E"
"GME00123466","2019-08-29","48.3758","8.9808","522.0","HECHINGEN, GM","   20",",,E",,,"  281",",,E","  160",",,E"
"GME00123466","2019-08-30","48.3758","8.9808","522.0","HECHINGEN, GM","    0",",,E",,,"  276",",,E","  141",",,E"
"GME00123466","2019-08-31","48.3758","8.9808","522.0","HECHINGEN, GM","    0",",,E",,,"  297",",,E","  132",",,E"
"GME00123466","2019-09-01","48.3758","8.9808","522.0","HECHINGEN, GM","    0",",,E",,,"  231",",,E","  154",",,E"
"GME00123466","2019-09-02","48.3758","8.9808","522.0","HECHINGEN, GM","    0",",,E",,,"  196",",,E","   85",",,E"
"GME00123466","2019-09-03","48.3758","8.9808","522.0","HECHINGEN, GM","    0",",,E",,,"  230",",,E","   63",",,E"
"GME00123466","2019-09-04","48.3758","8.9808","522.0","HECHINGEN, GM","    0",",,E",,,"  257",",,E","   74",",,E"
"GME00123466","2019-09-05","48.3758","8.9808","522.0","HECHINGEN, GM","    2",",,E",,,"  165",",,E","   97",",,E"
"GME00123466","2019-09-06","48.3758","8.9808","522.0","HECHINGEN, GM","    0",",,E",,,"  168",",,E","   95",",,E"
"GME00123466","2019-09-07","48.3758","8.9808","522.0","HECHINGEN, GM","   23",",,E",,,"  186",",,E","   89",",,E"
"GME00123466","2019-09-08","48.3758","8.9808","522.0","HECHINGEN, GM","  169",",,E",,,"  118",",,E","   94",",,E"
"GME00123466","2019-09-09","48.3758","8.9808","522.0","HECHINGEN, GM","    1",",,E",,,"  154",",,E","   67",",,E"
"GME00123466","2019-09-10","48.3758","8.9808","522.0","HECHINGEN, GM","    0",",,E",,,"  185",",,E","   52",",,E"
"GME00123466","2019-09-11","48.3758","8.9808","522.0","HECHINGEN, GM","    1",",,E",,,"  209",",,E","   54",",,E"
"GME00123466","2019-09-12","48.3758","8.9808","522.0","HECHINGEN, GM","    0",",,E",,,"  239",",,E","  110",",,E"
"GME00123466","2019-09-13","48.3758","8.9808","522.0","HECHINGEN, GM","    0",",,E",,,"  238",",,E","  101",",,E"
"GME00123466","2019-09-14","48.3758","8.9808","522.0","HECHINGEN, GM","    0",",,E",,,"  228",",,E","  125",",,E"
"GME00123466","2019-09-15","48.3758","8.9808","522.0","HECHINGEN, GM","    0",",,E",,,"  277",",,E","   95",",,E"
"GME00123466","2019-09-16","48.3758","8.9808","522.0","HECHINGEN, GM","    0",",,E",,,"  265",",,E","  111",",,E"
"GME00123466","2019-09-17","48.3758","8.9808","522.0","HECHINGEN, GM","    0",",,E",,,"  197",",,E","   72",",,E"
"GME00123466","2019-09-18","48.3758","8.9808","522.0","HECHINGEN, GM","    0",",,E",,,"  166",",,E","   40",",,E"
"GME00123466","2019-09-19","48.3758","8.9808","522.0","HECHINGEN, GM","    0",",,E",,,"  159",",,E","   15",",,E"
"GME00123466","2019-09-20","48.3758","8.9808","522.0","HECHINGEN, GM","    0",",,E",,,"  181",",,E","   17",",,E"
"GME00123466","2019-09-21","48.3758","8.9808","522.0","HECHINGEN, GM","    0",",,E",,,"  215",",,E","   18",",,E"
"GME00123466","2019-09-22","48.3758","8.9808","522.0","HECHINGEN, GM","  104",",,E",,,"  231",",,E","   57",",,E"
"GME00123466","2019-09-23","48.3758","8.9808","522.0","HECHINGEN, GM","   25",",,E",,,"  175",",,E","   99",",,E"
"GME00123466","2019-09-24","48.3758","8.9808","522.0","HECHINGEN, GM","   24",",,E",,,"  173",",,E","   60",",,E"
"GME00123466","2019-09-25","48.3758","8.9808","522.0","HECHINGEN, GM","   20",",,E",,,"  178",",,E","  108",",,E"
"GME00123466","2019-09-26","48.3758","8.9808","522.0","HECHINGEN, GM","    2",",,E",,,"  183",",,E","  106",",,E"
"GME00123466","2019-09-27","48.3758","8.9808","522.0","HECHINGEN, GM","   51",",,E",,,"  204",",,E","  128",",,E"
"GME00123466","2019-09-28","48.3758","8.9808","522.0","HECHINGEN, GM","    0",",,E",,,"  187",",,E","   92",",,E"
"GME00123466","2019-09-29","48.3758","8.9808","522.0","HECHINGEN, GM","    6",",,E",,,"  244",",,E","   85",",,E"
"GME00123466","2019-09-30","48.3758","8.9808","522.0","HECHINGEN, GM","    0",",,E",,,"  176",",,E","   76",",,E"
"GME00123466","2019-10-01","48.3758","8.9808","522.0","HECHINGEN, GM","   61",",,E","    0",",,E","  213",",,E","   59",",,E"
"GME00123466","2019-10-02","48.3758","8.9808","522.0","HECHINGEN, GM","   88",",,E","    0",",,E","  161",",,E","   36",",,E"
"GME00123466","2019-10-03","48.3758","8.9808","522.0","HECHINGEN, GM","    0",",,E","    0",",,E","  108",",,E","   22",",,E"
"GME00123466","2019-10-04","48.3758","8.9808","522.0","HECHINGEN, GM","    7",",,E","    0",",,E","  121",",,E","   20",",,E"
"GME00123466","2019-10-05","48.3758","8.9808","522.0","HECHINGEN, GM","   43",",,E","    0",",,E","  117",",,E","   80",",,E"
"GME00123466","2019-10-06","48.3758","8.9808","522.0","HECHINGEN, GM","  134",",,E","    0",",,E","  132",",,E","   73",",,E"
"GME00123466","2019-10-07","48.3758","8.9808","522.0","HECHINGEN, GM","    0",",,E","    0",",,E","  157",",,E","   66",",,E"
"GME00123466","2019-10-08","48.3758","8.9808","522.0","HECHINGEN, GM","   42",",,E","    0",",,E","  194",",,E","   82",",,E"
"GME00123466","2019-10-09","48.3758","8.9808","522.0","HECHINGEN, GM","   52",",,E","    0",",,E","  117",",,E","   75",",,E"
"GME00123466","2019-10-10","48.3758","8.9808","522.0","HECHINGEN, GM","    4",",,E","    0",",,E","  150",",,E","   72",",,E"
"GME00123466","2019-10-11","48.3758","8.9808","522.0","HECHINGEN, GM","    0",",,E","    0",",,E","  194",",,E","   64",",,E"
"GME00123466","2019-10-12","48.3758","8.9808","522.0","HECHINGEN, GM","    0",",,E","    0",",,E","  236",",,E","   81",",,E"
"GME00123466","2019-10-13","48.3758","8.9808","522.0","HECHINGEN, GM","    0",",,E","    0",",,E","  258",",,E","  118",",,E"
"GME00123466","2019-10-14","48.3758","8.9808","522.0","HECHINGEN, GM","    0",",,E","    0",",,E","  239",",,E","   95",",,E"
"GME00123466","2019-10-15","48.3758","8.9808","522.0","HECHINGEN, GM","   85",",,E","    0",",,E","  191",",,E","   69",",,E"
"GME00123466","2019-10-16","48.3758","8.9808","522.0","HECHINGEN, GM","    6",",,E","    0",",,E","  171",",,E","   77",",,E"
"GME00123466","2019-10-17","48.3758","8.9808","522.0","HECHINGEN, GM","   26",",,E","    0",",,E","  202",",,E","   78",",,E"
"GME00123466","2019-10-18","48.3758","8.9808","522.0","HECHINGEN, GM","  104",",,E","    0",",,E","  189",",,E","  105",",,E"
"GME00123466","2019-10-19","48.3758","8.9808","522.0","HECHINGEN, GM","   44",",,E","    0",",,E","  139",",,E","  103",",,E"
"GME00123466","2019-10-20","48.3758","8.9808","522.0","HECHINGEN, GM","    0",",,E","    0",",,E","  205",",,E","   80",",,E"
"GME00123466","2019-10-21","48.3758","8.9808","522.0","HECHINGEN, GM","    6",",,E","    0",",,E","  180",",,E","  108",",,E"
"GME00123466","2019-10-22","48.3758","8.9808","522.0","HECHINGEN, GM","    1",",,E","    0",",,E","  133",",,E","   81",",,E"
"GME00123466","2019-10-23","48.3758","8.9808","522.0","HECHINGEN, GM","    0",",,E","    0",",,E","  166",",,E","   69",",,E"
"GME00123466","2019-10-24","48.3758","8.9808","522.0","HECHINGEN, GM","    0",",,E","    0",",,E","  177",",,E","   92",",,E"
"GME00123466","2019-10-25","48.3758","8.9808","522.0","HECHINGEN, GM","    0",",,E","    0",",,E","  176",",,E","   61",",,E"
"GME00123466","2019-10-26","48.3758","8.9808","522.0","HECHINGEN, GM","    0",",,E","    0",",,E","  224",",,E","   43",",,E"
"GME00123466","2019-10-27","48.3758","8.9808","522.0","HECHINGEN, GM","   60",",,E","    0",",,E","  200",",,E","   93",",,E"
"GME00123466","2019-10-28","48.3758","8.9808","522.0","HECHINGEN, GM","   43",",,E","    0",",,E","  105",",,E","   54",",,E"
"GME00123466","2019-10-29","48.3758","8.9808","522.0","HECHINGEN, GM","   66",",,E","    0",",,E","   62",",,E","   50",",,E"
"GME00123466","2019-10-30","48.3758","8.9808","522.0","HECHINGEN, GM","    8",",,E","    0",",,E","   77",",,E","   40",",,E"
"GME00123466","2019-10-31","48.3758","8.9808","522.0","HECHINGEN, GM","    0",",,E","    0",",,E","   92",",,E","   27",",,E"
"GME00123466","2019-11-01","48.3758","8.9808","522.0","HECHINGEN, GM","   14",",,E","    0",",,E","  138",",,E","   32",",,E"
"GME00123466","2019-11-02","48.3758","8.9808","522.0","HECHINGEN, GM","   14",",,E","    0",",,E","  173",",,E","  107",",,E"
"GME00123466","2019-11-03","48.3758","8.9808","522.0","HECHINGEN, GM","   83",",,E","    0",",,E","  129",",,E","   78",",,E"
"GME00123466","2019-11-04","48.3758","8.9808","522.0","HECHINGEN, GM","   24",",,E","    0",",,E","  129",",,E","   73",",,E"
"GME00123466","2019-11-05","48.3758","8.9808","522.0","HECHINGEN, GM","    7",",,E","    0",",,E","  120",",,E","   34",",,E"
"GME00123466","2019-11-06","48.3758","8.9808","522.0","HECHINGEN, GM","    0",",,E","    0",",,E","  101",",,E","   35",",,E"
"GME00123466","2019-11-07","48.3758","8.9808","522.0","HECHINGEN, GM","    0",",,E","    0",",,E","  100",",,E","   25",",,E"
"GME00123466","2019-11-08","48.3758","8.9808","522.0","HECHINGEN, GM","  197",",,E","    0",",,E","   64",",,E","    2",",,E"
"GME00123466","2019-11-09","48.3758","8.9808","522.0","HECHINGEN, GM","    0",",,E","   20",",,E","   74",",,E","  -23",",,E"
"GME00123466","2019-11-10","48.3758","8.9808","522.0","HECHINGEN, GM","    0",",,E","    0",",,E","   18",",,E","  -38",",,E"
"GME00123466","2019-11-11","48.3758","8.9808","522.0","HECHINGEN, GM","    2",",,E","    0",",,E","   56",",,E","  -22",",,E"
"GME00123466","2019-11-12","48.3758","8.9808","522.0","HECHINGEN, GM","    0",",,E","    0",",,E","   74",",,E","    6",",,E"
"GME00123466","2019-11-13","48.3758","8.9808","522.0","HECHINGEN, GM","    0",",,E","    0",",,E","   72",",,E","   -7",",,E"
"GME00123466","2019-11-14","48.3758","8.9808","522.0","HECHINGEN, GM","    0",",,E","    0",",,E","   77",",,E","  -35",",,E"
"GME00123466","2019-11-15","48.3758","8.9808","522.0","HECHINGEN, GM","    1",",,E","    0",",,E","   52",",,E","  -12",",,E"
"GME00123466","2019-11-16","48.3758","8.9808","522.0","HECHINGEN, GM","    0",",,E","    0",",,E","   74",",,E","  -15",",,E"
"GME00123466","2019-11-17","48.3758","8.9808","522.0","HECHINGEN, GM","   11",",,E","    0",",,E","   26",",,E","  -13",",,E"
"GME00123466","2019-11-18","48.3758","8.9808","522.0","HECHINGEN, GM","    0",",,E","    0",",,E","   66",",,E","   -8",",,E"
"GME00123466","2019-11-19","48.3758","8.9808","522.0","HECHINGEN, GM","    9",",,E","    0",",,E","   57",",,E","  -18",",,E"
"GME00123466","2019-11-20","48.3758","8.9808","522.0","HECHINGEN, GM","    0",",,E","    0",",,E","   27",",,E","    5",",,E"
"GME00123466","2019-11-21","48.3758","8.9808","522.0","HECHINGEN, GM","    0",",,E","    0",",,E","   81",",,E","  -16",",,E"
"GME00123466","2019-11-22","48.3758","8.9808","522.0","HECHINGEN, GM","    0",",,E","    0",",,E","   51",",,E","  -29",",,E"
"GME00123466","2019-11-23","48.3758","8.9808","522.0","HECHINGEN, GM","    0",",,E","    0",",,E","   73",",,E","  -30",",,E"
"GME00123466","2019-11-24","48.3758","8.9808","522.0","HECHINGEN, GM","    0",",,E","    0",",,E","   81",",,E","   -4",",,E"
"GME00123466","2019-11-25","48.3758","8.9808","522.0","HECHINGEN, GM","   10",",,E","    0",",,E","   52",",,E","   -4",",,E"
"GME00123466","2019-11-26","48.3758","8.9808","522.0","HECHINGEN, GM","    0",",,E","    0",",,E","  125",",,E","   28",",,E"
"GME00123466","2019-11-27","48.3758","8.9808","522.0","HECHINGEN, GM","    4",",,E","    0",",,E","  126",",,E","   22",",,E"
"GME00123466","2019-11-28","48.3758","8.9808","522.0","HECHINGEN, GM","   49",",,E","    0",",,E","   99",",,E","   60",",,E"
"GME00123466","2019-11-29","48.3758","8.9808","522.0","HECHINGEN, GM","   32",",,E","    0",",,E","   80",",,E","   -4",",,E"
"GME00123466","2019-11-30","48.3758","8.9808","522.0","HECHINGEN, GM","    0",",,E","    0",",,E","   50",",,E","  -18",",,E"
"GME00123466","2019-12-01","48.3758","8.9808","522.0","HECHINGEN, GM","    0",",,E","    0",",,E","   25",",,E","  -22",",,E"
"GME00123466","2019-12-02","48.3758","8.9808","522.0","HECHINGEN, GM","    0",",,E","    0",",,E","   14",",,E","  -40",",,E"
"GME00123466","2019-12-03","48.3758","8.9808","522.0","HECHINGEN, GM","    0",",,E","    0",",,E","   44",",,E","  -43",",,E"
"GME00123466","2019-12-04","48.3758","8.9808","522.0","HECHINGEN, GM","    0",",,E","    0",",,E","   23",",,E","  -67",",,E"
"GME00123466","2019-12-05","48.3758","8.9808","522.0","HECHINGEN, GM","    0",",,E","    0",",,E","   60",",,E","  -67",",,E"
"GME00123466","2019-12-06","48.3758","8.9808","522.0","HECHINGEN, GM","    4",",,E","    0",",,E","  105",",,E","  -57",",,E"
"GME00123466","2019-12-07","48.3758","8.9808","522.0","HECHINGEN, GM","    6",",,E","    0",",,E","   83",",,E","   37",",,E"
"GME00123466","2019-12-08","48.3758","8.9808","522.0","HECHINGEN, GM","   33",",,E","    0",",,E","  112",",,E","   22",",,E"
"GME00123466","2019-12-09","48.3758","8.9808","522.0","HECHINGEN, GM","   19",",,E","    0",",,E","   73",",,E","   27",",,E"
"GME00123466","2019-12-10","48.3758","8.9808","522.0","HECHINGEN, GM","    0",",,E","    0",",,E","   41",",,E","  -37",",,E"
"GME00123466","2019-12-11","48.3758","8.9808","522.0","HECHINGEN, GM","   37",",,E","    0",",,E","   37",",,E","  -47",",,E"
"GME00123466","2019-12-12","48.3758","8.9808","522.0","HECHINGEN, GM","    1",",,E","    0",",,E","   37",",,E","   -2",",,E"
"GME00123466","2019-12-13","48.3758","8.9808","522.0","HECHINGEN, GM","   46",",,E","    0",",,E","   51",",,E","    5",",,E"
"GME00123466","2019-12-14","48.3758","8.9808","522.0","HECHINGEN, GM","   10",",,E","    0",",,E","   80",",,E","   27",",,E"
"GME00123466","2019-12-15","48.3758","8.9808","522.0","HECHINGEN, GM","   31",",,E","    0",",,E","  123",",,E","   59",",,E"
"GME00123466","2019-12-16","48.3758","8.9808","522.0","HECHINGEN, GM","    0",",,E","    0",",,E","  131",",,E","   18",",,E"
"GME00123466","2019-12-17","48.3758","8.9808","522.0","HECHINGEN, GM","    1",",,E","    0",",,E","  126",",,E","    2",",,E"
"GME00123466","2019-12-18","48.3758","8.9808","522.0","HECHINGEN, GM","    3",",,E","    0",",,E","  148",",,E","   42",",,E"
"GME00123466","2019-12-19","48.3758","8.9808","522.0","HECHINGEN, GM","    0",",,E","    0",",,E","  117",",,E","    3",",,E"
"GME00123466","2019-12-20","48.3758","8.9808","522.0","HECHINGEN, GM","   20",",,E","    0",",,E","  100",",,E","   -3",",,E"
"GME00123466","2019-12-21","48.3758","8.9808","522.0","HECHINGEN, GM","   22",",,E","    0",",,E","   96",",,E","    3",",,E"
"GME00123466","2019-12-22","48.3758","8.9808","522.0","HECHINGEN, GM","   53",",,E","    0",",,E","   88",",,E","   37",",,E"
"GME00123466","2019-12-23","48.3758","8.9808","522.0","HECHINGEN, GM","   36",",,E","    0",",,E","   55",",,E","   34",",,E"
"GME00123466","2019-12-24","48.3758","8.9808","522.0","HECHINGEN, GM","   25",",,E","    0",",,E","   66",",,E","   21",",,E"
"GME00123466","2019-12-25","48.3758","8.9808","522.0","HECHINGEN, GM","   27",",,E","    0",",,E","   66",",,E","   21",",,E"
"GME00123466","2019-12-26","48.3758","8.9808","522.0","HECHINGEN, GM","    5",",,E","    0",",,E","   44",",,E","  -24",",,E"
"GME00123466","2019-12-27","48.3758","8.9808","522.0","HECHINGEN, GM","    8",",,E","    0",",,E","   71",",,E","   23",",,E"
"GME00123466","2019-12-28","48.3758","8.9808","522.0","HECHINGEN, GM","    0",",,E","    0",",,E","   33",",,E","  -40",",,E"
"GME00123466","2019-12-29","48.3758","8.9808","522.0","HECHINGEN, GM","    0",",,E","    0",",,E","   19",",,E","  -70",",,E"
"GME00123466","2019-12-30","48.3758","8.9808","522.0","HECHINGEN, GM","    0",",,E","    0",",,E","   83",",,E","  -63",",,E"
"GME00123466","2019-12-31","48.3758","8.9808","522.0","HECHINGEN, GM","    0",",,E","    0",",,E","   71",",,E","  -45",",,E"
"GME00123466","2020-01-01","48.3758","8.9808","522.0","HECHINGEN, GM","    0",",,E","    0",",,E","   49",",,E","  -70",",,E"
"GME00123466","2020-01-02","48.3758","8.9808","522.0","HECHINGEN, GM","    0",",,E","    0",",,E","   61",",,E","  -56",",,E"
"GME00123466","2020-01-03","48.3758","8.9808","522.0","HECHINGEN, GM","   31",",,E","    0",",,E","   95",",,E","    3",",,E"
"GME00123466","2020-01-04","48.3758","8.9808","522.0","HECHINGEN, GM","    3",",,E","    0",",,E","   57",",,E","    9",",,E"
"GME00123466","2020-01-05","48.3758","8.9808","522.0","HECHINGEN, GM","    2",",,E","    0",",,E","   45",",,E","  -32",",,E"
"GME00123466","2020-01-06","48.3758","8.9808","522.0","HECHINGEN, GM","    0",",,E","    0",",,E","   75",",,E","  -51",",,E"
"GME00123466","2020-01-07","48.3758","8.9808","522.0","HECHINGEN, GM","    0",",,E","    0",",,E","   71",",,E","  -16",",,E"
"GME00123466","2020-01-08","48.3758","8.9808","522.0","HECHINGEN, GM","    0",",,E","    0",",,E","   86",",,E","  -28",",,E"
"GME00123466","2020-01-09","48.3758","8.9808","522.0","HECHINGEN, GM","    3",",,E","    0",",,E","  137",",,E","   39",",,E"
"GME00123466","2020-01-10","48.3758","8.9808","522.0","HECHINGEN, GM","   10",",,E","    0",",,E","  104",",,E","   37",",,E"
"GME00123466","2020-01-11","48.3758","8.9808","522.0","HECHINGEN, GM","    0",",,E","    0",",,E","   63",",,E","  -30",",,E"
"GME00123466","2020-01-12","48.3758","8.9808","522.0","HECHINGEN, GM","    0",",,E","    0",",,E","   19",",,E","  -40",",,E"
"GME00123466","2020-01-13","48.3758","8.9808","522.0","HECHINGEN, GM","    2",",,E","    0",",,E","   74",",,E","  -13",",,E"
"GME00123466","2020-01-14","48.3758","8.9808","522.0","HECHINGEN, GM","    0",",,E","    0",",,E","  123",",,E","   -5",",,E"
"GME00123466","2020-01-15","48.3758","8.9808","522.0","HECHINGEN, GM","    0",",,E","    0",",,E","  132",",,E","    7",",,E"
"GME00123466","2020-01-16","48.3758","8.9808","522.0","HECHINGEN, GM","    0",",,E","    0",",,E","  123",",,E","   -7",",,E"
"GME00123466","2020-01-17","48.3758","8.9808","522.0","HECHINGEN, GM","   20",",,E","    0",",,E","  117",",,E","  -20",",,E"
"GME00123466","2020-01-18","48.3758","8.9808","522.0","HECHINGEN, GM","    8",",,E","    0",",,E","   54",",,E","    0",",,E"
"GME00123466","2020-01-19","48.3758","8.9808","522.0","HECHINGEN, GM","   32",",,E","   10",",,E","   10",",,E","  -15",",,E"
"GME00123466","2020-01-20","48.3758","8.9808","522.0","HECHINGEN, GM","    0",",,E","   30",",,E","   31",",,E","  -19",",,E"
"GME00123466","2020-01-21","48.3758","8.9808","522.0","HECHINGEN, GM","    0",",,E","   20",",,E","    7",",,E","  -72",",,E"
"GME00123466","2020-01-22","48.3758","8.9808","522.0","HECHINGEN, GM","    0",",,E","    0",",,E","   15",",,E","  -81",",,E"
"GME00123466","2020-01-23","48.3758","8.9808","522.0","HECHINGEN, GM","    0",",,E","    0",",,E","  -22",",,E","  -65",",,E"
"GME00123466","2020-01-24","48.3758","8.9808","522.0","HECHINGEN, GM","    0",",,E","    0",",,E","  105",",,E","  -82",",,E"
"GME00123466","2020-01-25","48.3758","8.9808","522.0","HECHINGEN, GM","    0",",,E","    0",",,E","   89",",,E","  -12",",,E"
"GME00123466","2020-01-26","48.3758","8.9808","522.0","HECHINGEN, GM","    0",",,E","    0",",,E","  107",",,E","  -21",",,E"
"GME00123466","2020-01-27","48.3758","8.9808","522.0","HECHINGEN, GM","   32",",,E","    0",",,E","  101",",,E","   15",",,E"
"GME00123466","2020-01-28","48.3758","8.9808","522.0","HECHINGEN, GM","   38",",,E","    0",",,E","   66",",,E","    6",",,E"
"GME00123466","2020-01-29","48.3758","8.9808","522.0","HECHINGEN, GM","   12",",,E","   10",",,E","   34",",,E","   -2",",,E"
"GME00123466","2020-01-30","48.3758","8.9808","522.0","HECHINGEN, GM","    9",",,E","    0",",,E","   99",",,E","   15",",,E"
"GME00123466","2020-01-31","48.3758","8.9808","522.0","HECHINGEN, GM","    0",",,E","    0",",,E","  123",",,E","   89",",,E"
"GME00123466","2020-02-01","48.3758","8.9808","522.0","HECHINGEN, GM","  133",",,E","    0",",,E","  139",",,E","   78",",,E"
"GME00123466","2020-02-02","48.3758","8.9808","522.0","HECHINGEN, GM","  376",",,E","    0",",,E","  126",",,E","   74",",,E"
"GME00123466","2020-02-03","48.3758","8.9808","522.0","HECHINGEN, GM","  172",",,E","    0",",,E","  132",",,E","   62",",,E"
"GME00123466","2020-02-04","48.3758","8.9808","522.0","HECHINGEN, GM","   30",",,E","    0",",,E","  131",",,E","    2",",,E"
"GME00123466","2020-02-05","48.3758","8.9808","522.0","HECHINGEN, GM","    0",",,E","    0",",,E","   45",",,E","  -32",",,E"
"GME00123466","2020-02-06","48.3758","8.9808","522.0","HECHINGEN, GM","    0",",,E","    0",",,E","   55",",,E","  -55",",,E"
"GME00123466","2020-02-07","48.3758","8.9808","522.0","HECHINGEN, GM","    0",",,E","    0",",,E","   62",",,E","  -64",",,E"
"GME00123466","2020-02-08","48.3758","8.9808","522.0","HECHINGEN, GM","    0",",,E","    0",",,E","  109",",,E","  -43",",,E"
"GME00123466","2020-02-09","48.3758","8.9808","522.0","HECHINGEN, GM","   34",",,E","    0",",,E","  130",",,E","   -3",",,E"
"GME00123466","2020-02-10","48.3758","8.9808","522.0","HECHINGEN, GM","  179",",,E","    0",",,E","  131",",,E","   14",",,E"
"GME00123466","2020-02-11","48.3758","8.9808","522.0","HECHINGEN, GM","    9",",,E","    0",",,E","   57",",,E","   12",",,E"
"GME00123466","2020-02-12","48.3758","8.9808","522.0","HECHINGEN, GM","   12",",,E","    0",",,E","   58",",,E","    7",",,E"
"GME00123466","2020-02-13","48.3758","8.9808","522.0","HECHINGEN, GM","  120",",,E","    0",",,E","   85",",,E","    7",",,E"
"GME00123466","2020-02-14","48.3758","8.9808","522.0","HECHINGEN, GM","    3",",,E","    0",",,E","   77",",,E","    2",",,E"
"GME00123466","2020-02-15","48.3758","8.9808","522.0","HECHINGEN, GM","    0",",,E","    0",",,E","  126",",,E","  -20",",,E"
"GME00123466","2020-02-16","48.3758","8.9808","522.0","HECHINGEN, GM","    0",",,E","    0",",,E","  190",",,E","   71",",,E"
"GME00123466","2020-02-17","48.3758","8.9808","522.0","HECHINGEN, GM","   88",",,E","    0",",,E","  147",",,E","   44",",,E"
"GME00123466","2020-02-18","48.3758","8.9808","522.0","HECHINGEN, GM","    5",",,E","    0",",,E","   74",",,E","   20",",,E"
"GME00123466","2020-02-19","48.3758","8.9808","522.0","HECHINGEN, GM","   46",",,E","    0",",,E","   54",",,E","   -2",",,E"
"GME00123466","2020-02-20","48.3758","8.9808","522.0","HECHINGEN, GM","   21",",,E","    0",",,E","  108",",,E","    9",",,E"
"GME00123466","2020-02-21","48.3758","8.9808","522.0","HECHINGEN, GM","    0",",,E","    0",",,E","   81",",,E","  -10",",,E"
"GME00123466","2020-02-22","48.3758","8.9808","522.0","HECHINGEN, GM","   18",",,E","    0",",,E","  151",",,E","  -25",",,E"
"GME00123466","2020-02-23","48.3758","8.9808","522.0","HECHINGEN, GM","   68",",,E","    0",",,E","  152",",,E","   53",",,E"
"GME00123466","2020-02-24","48.3758","8.9808","522.0","HECHINGEN, GM","   11",",,E","    0",",,E","  157",",,E","   33",",,E"
"GME00123466","2020-02-25","48.3758","8.9808","522.0","HECHINGEN, GM","   57",",,E","    0",",,E","   99",",,E","   17",",,E"
"GME00123466","2020-02-26","48.3758","8.9808","522.0","HECHINGEN, GM","   14",",,E","   20",",,E","   29",",,E","   -4",",,E"
"GME00123466","2020-02-27","48.3758","8.9808","522.0","HECHINGEN, GM","   27",",,E","   20",",,E","   54",",,E","  -12",",,E"
"GME00123466","2020-02-28","48.3758","8.9808","522.0","HECHINGEN, GM","    2",",,E","   20",",,E","   70",",,E","  -14",",,E"
"GME00123466","2020-02-29","48.3758","8.9808","522.0","HECHINGEN, GM","   63",",,E","    0",",,E","  147",",,E","   42",",,E"
