"STATION","DATE","LATITUDE","LONGITUDE","ELEVATION","NAME","PRCP","PRCP_ATTRIBUTES","TMAX","TMAX_ATTRIBUTES","TMIN","TMIN_ATTRIBUTES","TAVG","TAVG_ATTRIBUTES"
"IDM00096791","2018-06-28","-6.75","108.267","50.0","CIREBON JATIWANGI, ID",,,"  330",",,S","  226",",,S","  281","H,,S"
"IDM00096791","2018-06-29","-6.75","108.267","50.0","CIREBON JATIWANGI, ID",,,"  330",",,S",,,"  283","H,,S"
"IDM00096791","2018-06-30","-6.75","108.267","50.0","CIREBON JATIWANGI, ID",,,"  332",",,S","  238",",,S","  278","H,,S"
"IDM00096791","2018-07-01","-6.75","108.267","50.0","CIREBON JATIWANGI, ID",,,"  330",",,S",,,"  267","H,,S"
"IDM00096791","2018-07-02","-6.75","108.267","50.0","CIREBON JATIWANGI, ID",,,,,"  206",",,S","  265","H,,S"
"IDM00096791","2018-07-03","-6.75","108.267","50.0","CIREBON JATIWANGI, ID",,,"  336",",,S","  212",",,S","  275","H,,S"
"IDM00096791","2018-07-04","-6.75","108.267","50.0","CIREBON JATIWANGI, ID",,,"  336",",,S","  222",",,S","  285","H,,S"
"IDM00096791","2018-07-05","-6.75","108.267","50.0","CIREBON JATIWANGI, ID",,,"  312",",,S",,,"  266","H,,S"
"IDM00096791","2018-07-06","-6.75","108.267","50.0","CIREBON JATIWANGI, ID",,,"  326",",,S","  186",",,S","  252","H,,S"
"IDM00096791","2018-07-07","-6.75","108.267","50.0","CIREBON JATIWANGI, ID",,,"  338",",,S","  186",",,S","  269","H,,S"
"IDM00096791","2018-07-08","-6.75","108.267","50.0","CIREBON JATIWANGI, ID",,,"  330",",,S","  212",",,S","  284","H,,S"
"IDM00096791","2018-07-09","-6.75","108.267","50.0","CIREBON JATIWANGI, ID",,,"  328",",,S","  230",",,S","  275","H,,S"
"IDM00096791","2018-07-10","-6.75","108.267","50.0","CIREBON JATIWANGI, ID",,,"  326",",,S","  232",",,S","  276","H,,S"
"IDM00096791","2018-07-11","-6.75","108.267","50.0","CIREBON JATIWANGI, ID",,,"  334",",,S",,,"  272","H,,S"
"IDM00096791","2018-07-12","-6.75","108.267","50.0","CIREBON JATIWANGI, ID",,,,,,,"  270","H,,S"
"IDM00096791","2018-07-13","-6.75","108.267","50.0","CIREBON JATIWANGI, ID",,,"  328",",,S","  214",",,S","  273","H,,S"
"IDM00096791","2018-07-14","-6.75","108.267","50.0","CIREBON JATIWANGI, ID",,,"  334",",,S","  230",",,S","  267","H,,S"
"IDM00096791","2018-07-15","-6.75","108.267","50.0","CIREBON JATIWANGI, ID",,,"  330",",,S","  236",",,S","  274","H,,S"
"IDM00096791","2018-07-16","-6.75","108.267","50.0","CIREBON JATIWANGI, ID",,,"  326",",,S",,,"  261","H,,S"
"IDM00096791","2018-07-17","-6.75","108.267","50.0","CIREBON JATIWANGI, ID",,,"  332",",,S","  216",",,S","  270","H,,S"
"IDM00096791","2018-07-18","-6.75","108.267","50.0","CIREBON JATIWANGI, ID",,,"  340",",,S","  222",",,S","  275","H,,S"
"IDM00096791","2018-07-19","-6.75","108.267","50.0","CIREBON JATIWANGI, ID",,,"  328",",,S","  222",",,S","  270","H,,S"
"IDM00096791","2018-07-20","-6.75","108.267","50.0","CIREBON JATIWANGI, ID",,,"  330",",,S","  222",",,S","  277","H,,S"
"IDM00096791","2018-07-21","-6.75","108.267","50.0","CIREBON JATIWANGI, ID",,,"  340",",,S","  232",",,S","  277","H,,S"
"IDM00096791","2018-07-22","-6.75","108.267","50.0","CIREBON JATIWANGI, ID",,,"  352",",,S",,,"  288","H,,S"
"IDM00096791","2018-07-23","-6.75","108.267","50.0","CIREBON JATIWANGI, ID",,,"  344",",,S",,,"  292","H,,S"
"IDM00096791","2018-07-24","-6.75","108.267","50.0","CIREBON JATIWANGI, ID",,,"  336",",,S",,,"  279","H,,S"
"IDM00096791","2018-07-25","-6.75","108.267","50.0","CIREBON JATIWANGI, ID",,,,,"  222",",,S","  272","H,,S"
"IDM00096791","2018-07-26","-6.75","108.267","50.0","CIREBON JATIWANGI, ID",,,,,,,"  262","H,,S"
"IDM00096791","2018-07-27","-6.75","108.267","50.0","CIREBON JATIWANGI, ID",,,"  348",",,S","  182",",,S","  257","H,,S"
"IDM00096791","2018-07-28","-6.75","108.267","50.0","CIREBON JATIWANGI, ID",,,"  336",",,S","  180",",,S","  266","H,,S"
"IDM00096791","2018-07-29","-6.75","108.267","50.0","CIREBON JATIWANGI, ID",,,"  330",",,S","  182",",,S","  267","H,,S"
"IDM00096791","2018-07-30","-6.75","108.267","50.0","CIREBON JATIWANGI, ID",,,"  336",",,S","  200",",,S","  270","H,,S"
"IDM00096791","2018-07-31","-6.75","108.267","50.0","CIREBON JATIWANGI, ID",,,"  340",",,S","  214",",,S","  278","H,,S"
"IDM00096791","2018-08-01","-6.75","108.267","50.0","CIREBON JATIWANGI, ID",,,"  340",",,S","  222",",,S","  278","H,,S"
"IDM00096791","2018-08-02","-6.75","108.267","50.0","CIREBON JATIWANGI, ID",,,"  340",",,S","  234",",,S","  278","H,,S"
"IDM00096791","2018-08-03","-6.75","108.267","50.0","CIREBON JATIWANGI, ID",,,"  314",",,S","  204",",,S","  258","H,,S"
"IDM00096791","2018-08-04","-6.75","108.267","50.0","CIREBON JATIWANGI, ID",,,"  330",",,S","  210",",,S","  268","H,,S"
"IDM00096791","2018-08-05","-6.75","108.267","50.0","CIREBON JATIWANGI, ID",,,,,"  210",",,S","  270","H,,S"
"IDM00096791","2018-08-06","-6.75","108.267","50.0","CIREBON JATIWANGI, ID",,,"  330",",,S",,,"  270","H,,S"
"IDM00096791","2018-08-07","-6.75","108.267","50.0","CIREBON JATIWANGI, ID",,,"  334",",,S",,,"  272","H,,S"
"IDM00096791","2018-08-08","-6.75","108.267","50.0","CIREBON JATIWANGI, ID",,,"  332",",,S","  206",",,S","  270","H,,S"
"IDM00096791","2018-08-09","-6.75","108.267","50.0","CIREBON JATIWANGI, ID",,,"  338",",,S","  226",",,S","  285","H,,S"
"IDM00096791","2018-08-10","-6.75","108.267","50.0","CIREBON JATIWANGI, ID",,,"  336",",,S","  243",",,S","  287","H,,S"
"IDM00096791","2018-08-11","-6.75","108.267","50.0","CIREBON JATIWANGI, ID",,,,,"  243",",,S","  284","H,,S"
"IDM00096791","2018-08-12","-6.75","108.267","50.0","CIREBON JATIWANGI, ID",,,,,"  236",",,S","  284","H,,S"
"IDM00096791","2018-08-13","-6.75","108.267","50.0","CIREBON JATIWANGI, ID",,,"  346",",,S","  238",",,S","  284","H,,S"
"IDM00096791","2018-08-14","-6.75","108.267","50.0","CIREBON JATIWANGI, ID",,,"  342",",,S","  240",",,S","  286","H,,S"
"IDM00096791","2018-08-15","-6.75","108.267","50.0","CIREBON JATIWANGI, ID",,,"  338",",,S",,,"  280","H,,S"
"IDM00096791","2018-08-16","-6.75","108.267","50.0","CIREBON JATIWANGI, ID",,,"  342",",,S","  236",",,S","  282","H,,S"
"IDM00096791","2018-08-17","-6.75","108.267","50.0","CIREBON JATIWANGI, ID",,,"  337",",,S","  230",",,S","  277","H,,S"
"IDM00096791","2018-08-18","-6.75","108.267","50.0","CIREBON JATIWANGI, ID",,,"  340",",,S",,,"  265","H,,S"
"IDM00096791","2018-08-19","-6.75","108.267","50.0","CIREBON JATIWANGI, ID",,,"  348",",,S","  204",",,S","  269","H,,S"
"IDM00096791","2018-08-20","-6.75","108.267","50.0","CIREBON JATIWANGI, ID",,,"  344",",,S","  206",",,S","  277","H,,S"
"IDM00096791","2018-08-21","-6.75","108.267","50.0","CIREBON JATIWANGI, ID",,,"  348",",,S","  226",",,S","  283","H,,S"
"IDM00096791","2018-08-22","-6.75","108.267","50.0","CIREBON JATIWANGI, ID",,,"  348",",,S",,,"  286","H,,S"
"IDM00096791","2018-08-23","-6.75","108.267","50.0","CIREBON JATIWANGI, ID",,,"  347",",,S",,,"  277","H,,S"
"IDM00096791","2018-08-24","-6.75","108.267","50.0","CIREBON JATIWANGI, ID",,,"  345",",,S","  224",",,S","  279","H,,S"
"IDM00096791","2018-08-25","-6.75","108.267","50.0","CIREBON JATIWANGI, ID",,,"  348",",,S","  224",",,S","  286","H,,S"
"IDM00096791","2018-08-26","-6.75","108.267","50.0","CIREBON JATIWANGI, ID",,,"  342",",,S","  220",",,S","  274","H,,S"
"IDM00096791","2018-08-27","-6.75","108.267","50.0","CIREBON JATIWANGI, ID",,,"  346",",,S","  218",",,S","  281","H,,S"
"IDM00096791","2018-08-28","-6.75","108.267","50.0","CIREBON JATIWANGI, ID",,,"  347",",,S","  222",",,S","  287","H,,S"
"IDM00096791","2018-08-29","-6.75","108.267","50.0","CIREBON JATIWANGI, ID",,,"  350",",,S","  235",",,S","  283","H,,S"
"IDM00096791","2018-08-30","-6.75","108.267","50.0","CIREBON JATIWANGI, ID",,,"  344",",,S","  230",",,S","  286","H,,S"
"IDM00096791","2018-08-31","-6.75","108.267","50.0","CIREBON JATIWANGI, ID",,,"  342",",,S",,,"  280","H,,S"
"IDM00096791","2018-09-01","-6.75","108.267","50.0","CIREBON JATIWANGI, ID",,,"  344",",,S","  232",",,S","  283","H,,S"
"IDM00096791","2018-09-02","-6.75","108.267","50.0","CIREBON JATIWANGI, ID",,,"  340",",,S",,,"  275","H,,S"
"IDM00096791","2018-09-03","-6.75","108.267","50.0","CIREBON JATIWANGI, ID",,,"  352",",,S","  228",",,S","  284","H,,S"
"IDM00096791","2018-09-04","-6.75","108.267","50.0","CIREBON JATIWANGI, ID",,,"  344",",,S","  234",",,S","  282","H,,S"
"IDM00096791","2018-09-05","-6.75","108.267","50.0","CIREBON JATIWANGI, ID",,,"  338",",,S","  234",",,S","  281","H,,S"
"IDM00096791","2018-09-06","-6.75","108.267","50.0","CIREBON JATIWANGI, ID",,,"  358",",,S","  254",",,S","  290","H,,S"
"IDM00096791","2018-09-07","-6.75","108.267","50.0","CIREBON JATIWANGI, ID",,,"  334",",,S",,,"  284","H,,S"
"IDM00096791","2018-09-08","-6.75","108.267","50.0","CIREBON JATIWANGI, ID",,,"  372",",,S","  238",",,S","  291","H,,S"
"IDM00096791","2018-09-09","-6.75","108.267","50.0","CIREBON JATIWANGI, ID",,,"  371",",,S","  234",",,S","  293","H,,S"
"IDM00096791","2018-09-10","-6.75","108.267","50.0","CIREBON JATIWANGI, ID",,,"  366",",,S","  238",",,S","  302","H,,S"
"IDM00096791","2018-09-11","-6.75","108.267","50.0","CIREBON JATIWANGI, ID",,,"  352",",,S",,,"  294","H,,S"
"IDM00096791","2018-09-12","-6.75","108.267","50.0","CIREBON JATIWANGI, ID",,,"  346",",,S",,,"  283","H,,S"
"IDM00096791","2018-09-13","-6.75","108.267","50.0","CIREBON JATIWANGI, ID",,,"  354",",,S","  223",",,S","  286","H,,S"
"IDM00096791","2018-09-14","-6.75","108.267","50.0","CIREBON JATIWANGI, ID",,,"  356",",,S","  224",",,S","  286","H,,S"
"IDM00096791","2018-09-15","-6.75","108.267","50.0","CIREBON JATIWANGI, ID",,,"  334",",,S","  226",",,S","  282","H,,S"
"IDM00096791","2018-09-16","-6.75","108.267","50.0","CIREBON JATIWANGI, ID",,,"  354",",,S",,,"  293","H,,S"
"IDM00096791","2018-09-18","-6.75","108.267","50.0","CIREBON JATIWANGI, ID",,,"  362",",,S",,,"  274","H,,S"
"IDM00096791","2018-09-19","-6.75","108.267","50.0","CIREBON JATIWANGI, ID",,,"  312",",,S","  249",",,S","  275","H,,S"
"IDM00096791","2018-09-20","-6.75","108.267","50.0","CIREBON JATIWANGI, ID",,,"  358",",,S","  240",",,S","  291","H,,S"
"IDM00096791","2018-09-21","-6.75","108.267","50.0","CIREBON JATIWANGI, ID",,,"  364",",,S",,,"  278","H,,S"
"IDM00096791","2018-09-22","-6.75","108.267","50.0","CIREBON JATIWANGI, ID",,,"  364",",,S","  231",",,S","  292","H,,S"
"IDM00096791","2018-09-23","-6.75","108.267","50.0","CIREBON JATIWANGI, ID",,,"  356",",,S","  242",",,S","  295","H,,S"
"IDM00096791","2018-09-25","-6.75","108.267","50.0","CIREBON JATIWANGI, ID",,,"  374",",,S","  234",",,S","  298","H,,S"
"IDM00096791","2018-09-26","-6.75","108.267","50.0","CIREBON JATIWANGI, ID",,,"  358",",,S","  240",",,S","  295","H,,S"
"IDM00096791","2018-09-27","-6.75","108.267","50.0","CIREBON JATIWANGI, ID",,,"  362",",,S",,,"  289","H,,S"
"IDM00096791","2018-09-28","-6.75","108.267","50.0","CIREBON JATIWANGI, ID",,,"  356",",,S","  224",",,S","  289","H,,S"
"IDM00096791","2018-09-29","-6.75","108.267","50.0","CIREBON JATIWANGI, ID",,,"  356",",,S",,,"  289","H,,S"
"IDM00096791","2018-09-30","-6.75","108.267","50.0","CIREBON JATIWANGI, ID",,,"  358",",,S","  230",",,S","  291","H,,S"
"IDM00096791","2018-10-01","-6.75","108.267","50.0","CIREBON JATIWANGI, ID",,,"  364",",,S","  240",",,S","  292","H,,S"
"IDM00096791","2018-10-02","-6.75","108.267","50.0","CIREBON JATIWANGI, ID",,,"  362",",,S","  242",",,S","  299","H,,S"
"IDM00096791","2018-10-03","-6.75","108.267","50.0","CIREBON JATIWANGI, ID",,,,,"  250",",,S","  298","H,,S"
"IDM00096791","2018-10-04","-6.75","108.267","50.0","CIREBON JATIWANGI, ID",,,"  352",",,S",,,"  291","H,,S"
"IDM00096791","2018-10-05","-6.75","108.267","50.0","CIREBON JATIWANGI, ID",,,"  356",",,S","  233",",,S","  291","H,,S"
"IDM00096791","2018-10-06","-6.75","108.267","50.0","CIREBON JATIWANGI, ID",,,"  374",",,S","  234",",,S","  297","H,,S"
"IDM00096791","2018-10-07","-6.75","108.267","50.0","CIREBON JATIWANGI, ID",,,"  376",",,S","  250",",,S","  299","H,,S"
"IDM00096791","2018-10-08","-6.75","108.267","50.0","CIREBON JATIWANGI, ID",,,"  374",",,S","  252",",,S","  306","H,,S"
"IDM00096791","2018-10-09","-6.75","108.267","50.0","CIREBON JATIWANGI, ID",,,"  380",",,S",,,"  303","H,,S"
"IDM00096791","2018-10-10","-6.75","108.267","50.0","CIREBON JATIWANGI, ID",,,"  380",",,S","  240",",,S","  304","H,,S"
"IDM00096791","2018-10-11","-6.75","108.267","50.0","CIREBON JATIWANGI, ID",,,"  372",",,S",,,"  301","H,,S"
"IDM00096791","2018-10-12","-6.75","108.267","50.0","CIREBON JATIWANGI, ID",,,"  368",",,S","  242",",,S","  304","H,,S"
"IDM00096791","2018-10-13","-6.75","108.267","50.0","CIREBON JATIWANGI, ID",,,"  366",",,S","  254",",,S","  306","H,,S"
"IDM00096791","2018-10-14","-6.75","108.267","50.0","CIREBON JATIWANGI, ID",,,"  360",",,S","  256",",,S","  301","H,,S"
"IDM00096791","2018-10-15","-6.75","108.267","50.0","CIREBON JATIWANGI, ID",,,"  372",",,S","  252",",,S","  303","H,,S"
"IDM00096791","2018-10-16","-6.75","108.267","50.0","CIREBON JATIWANGI, ID",,,"  368",",,S","  258",",,S","  304","H,,S"
"IDM00096791","2018-10-17","-6.75","108.267","50.0","CIREBON JATIWANGI, ID",,,"  364",",,S","  254",",,S","  300","H,,S"
"IDM00096791","2018-10-18","-6.75","108.267","50.0","CIREBON JATIWANGI, ID",,,"  363",",,S",,,"  304","H,,S"
"IDM00096791","2018-10-19","-6.75","108.267","50.0","CIREBON JATIWANGI, ID",,,"  350",",,S","  251",",,S","  308","H,,S"
"IDM00096791","2018-10-20","-6.75","108.267","50.0","CIREBON JATIWANGI, ID",,,"  372",",,S","  252",",,S","  301","H,,S"
"IDM00096791","2018-10-21","-6.75","108.267","50.0","CIREBON JATIWANGI, ID",,,"  370",",,S",,,"  304","H,,S"
"IDM00096791","2018-10-22","-6.75","108.267","50.0","CIREBON JATIWANGI, ID",,,"  362",",,S","  248",",,S","  302","H,,S"
"IDM00096791","2018-10-23","-6.75","108.267","50.0","CIREBON JATIWANGI, ID",,,,,,,"  277","H,,S"
"IDM00096791","2018-10-24","-6.75","108.267","50.0","CIREBON JATIWANGI, ID",,,"  362",",,S","  245",",,S","  303","H,,S"
"IDM00096791","2018-10-25","-6.75","108.267","50.0","CIREBON JATIWANGI, ID",,,"  370",",,S","  255",",,S","  298","H,,S"
"IDM00096791","2018-10-26","-6.75","108.267","50.0","CIREBON JATIWANGI, ID",,,"  364",",,S",,,"  285","H,,S"
"IDM00096791","2018-10-27","-6.75","108.267","50.0","CIREBON JATIWANGI, ID",,,"  354",",,S","  246",",,S","  297","H,,S"
"IDM00096791","2018-10-28","-6.75","108.267","50.0","CIREBON JATIWANGI, ID",,,"  362",",,S","  262",",,S","  301","H,,S"
"IDM00096791","2018-10-29","-6.75","108.267","50.0","CIREBON JATIWANGI, ID",,,"  352",",,S","  255",",,S","  297","H,,S"
"IDM00096791","2018-10-30","-6.75","108.267","50.0","CIREBON JATIWANGI, ID",,,"  348",",,S","  266",",,S","  301","H,,S"
"IDM00096791","2018-10-31","-6.75","108.267","50.0","CIREBON JATIWANGI, ID",,,"  346",",,S",,,"  281","H,,S"
"IDM00096791","2018-11-01","-6.75","108.267","50.0","CIREBON JATIWANGI, ID",,,"  342",",,S","  254",",,S","  295","H,,S"
"IDM00096791","2018-11-02","-6.75","108.267","50.0","CIREBON JATIWANGI, ID",,,"  356",",,S","  254",",,S","  296","H,,S"
"IDM00096791","2018-11-03","-6.75","108.267","50.0","CIREBON JATIWANGI, ID",,,"  358",",,S","  251",",,S","  296","H,,S"
"IDM00096791","2018-11-04","-6.75","108.267","50.0","CIREBON JATIWANGI, ID",,,,,"  254",",,S","  299","H,,S"
"IDM00096791","2018-11-05","-6.75","108.267","50.0","CIREBON JATIWANGI, ID",,,"  356",",,S","  260",",,S","  288","H,,S"
"IDM00096791","2018-11-06","-6.75","108.267","50.0","CIREBON JATIWANGI, ID",,,"  338",",,S","  252",",,S","  283","H,,S"
"IDM00096791","2018-11-07","-6.75","108.267","50.0","CIREBON JATIWANGI, ID",,,"  328",",,S",,,"  273","H,,S"
"IDM00096791","2018-11-08","-6.75","108.267","50.0","CIREBON JATIWANGI, ID",,,"  316",",,S","  232",",,S","  277","H,,S"
"IDM00096791","2018-11-09","-6.75","108.267","50.0","CIREBON JATIWANGI, ID",,,"  336",",,S",,,"  273","H,,S"
"IDM00096791","2018-11-10","-6.75","108.267","50.0","CIREBON JATIWANGI, ID",,,"  338",",,S","  233",",,S","  275","H,,S"
"IDM00096791","2018-11-11","-6.75","108.267","50.0","CIREBON JATIWANGI, ID",,,"  345",",,S","  244",",,S","  276","H,,S"
"IDM00096791","2018-11-12","-6.75","108.267","50.0","CIREBON JATIWANGI, ID",,,"  336",",,S","  234",",,S","  278","H,,S"
"IDM00096791","2018-11-13","-6.75","108.267","50.0","CIREBON JATIWANGI, ID",,,"  322",",,S","  238",",,S","  271","H,,S"
"IDM00096791","2018-11-14","-6.75","108.267","50.0","CIREBON JATIWANGI, ID",,,"  356",",,S","  230",",,S","  294","H,,S"
"IDM00096791","2018-11-15","-6.75","108.267","50.0","CIREBON JATIWANGI, ID",,,"  364",",,S","  250",",,S","  292","H,,S"
"IDM00096791","2018-11-16","-6.75","108.267","50.0","CIREBON JATIWANGI, ID",,,"  376",",,S","  258",",,S","  328","H,,S"
"IDM00096791","2018-11-23","-6.75","108.267","50.0","CIREBON JATIWANGI, ID",,,"  354",",,S","  232",",,S","  297","H,,S"
"IDM00096791","2018-11-24","-6.75","108.267","50.0","CIREBON JATIWANGI, ID",,,"  346",",,S","  242",",,S","  291","H,,S"
"IDM00096791","2018-11-25","-6.75","108.267","50.0","CIREBON JATIWANGI, ID",,,"  320",",,S","  240",",,S","  284","H,,S"
"IDM00096791","2018-11-26","-6.75","108.267","50.0","CIREBON JATIWANGI, ID","   51","D,,S","  304",",,S",,,"  263","H,,S"
"IDM00096791","2018-11-27","-6.75","108.267","50.0","CIREBON JATIWANGI, ID",,,"  340",",,S","  238",",,S","  268","H,,S"
"IDM00096791","2018-11-28","-6.75","108.267","50.0","CIREBON JATIWANGI, ID",,,"  320",",,S","  238",",,S","  277","H,,S"
"IDM00096791","2018-11-29","-6.75","108.267","50.0","CIREBON JATIWANGI, ID",,,"  346",",,S","  239",",,S","  284","H,,S"
"IDM00096791","2018-11-30","-6.75","108.267","50.0","CIREBON JATIWANGI, ID",,,"  330",",,S","  242",",,S","  287","H,,S"
"IDM00096791","2018-12-01","-6.75","108.267","50.0","CIREBON JATIWANGI, ID",,,"  336",",,S",,,"  277","H,,S"
"IDM00096791","2018-12-02","-6.75","108.267","50.0","CIREBON JATIWANGI, ID",,,"  347",",,S","  240",",,S","  280","H,,S"
"IDM00096791","2018-12-03","-6.75","108.267","50.0","CIREBON JATIWANGI, ID",,,"  320",",,S","  238",",,S","  266","H,,S"
"IDM00096791","2018-12-04","-6.75","108.267","50.0","CIREBON JATIWANGI, ID",,,"  334",",,S","  240",",,S","  273","H,,S"
"IDM00096791","2018-12-05","-6.75","108.267","50.0","CIREBON JATIWANGI, ID",,,,,"  241",",,S","  289","H,,S"
"IDM00096791","2018-12-06","-6.75","108.267","50.0","CIREBON JATIWANGI, ID",,,"  340",",,S","  244",",,S","  281","H,,S"
"IDM00096791","2018-12-07","-6.75","108.267","50.0","CIREBON JATIWANGI, ID",,,"  342",",,S","  245",",,S","  289","H,,S"
"IDM00096791","2018-12-08","-6.75","108.267","50.0","CIREBON JATIWANGI, ID",,,"  330",",,S","  248",",,S","  286","H,,S"
"IDM00096791","2018-12-09","-6.75","108.267","50.0","CIREBON JATIWANGI, ID",,,"  324",",,S","  252",",,S","  283","H,,S"
"IDM00096791","2018-12-10","-6.75","108.267","50.0","CIREBON JATIWANGI, ID",,,"  330",",,S","  234",",,S","  280","H,,S"
"IDM00096791","2018-12-11","-6.75","108.267","50.0","CIREBON JATIWANGI, ID",,,"  326",",,S","  235",",,S","  279","H,,S"
"IDM00096791","2018-12-12","-6.75","108.267","50.0","CIREBON JATIWANGI, ID",,,"  340",",,S","  248",",,S","  277","H,,S"
"IDM00096791","2018-12-13","-6.75","108.267","50.0","CIREBON JATIWANGI, ID",,,"  336",",,S","  242",",,S","  277","H,,S"
"IDM00096791","2018-12-14","-6.75","108.267","50.0","CIREBON JATIWANGI, ID",,,"  316",",,S","  240",",,S","  266","H,,S"
"IDM00096791","2018-12-15","-6.75","108.267","50.0","CIREBON JATIWANGI, ID",,,"  324",",,S","  235",",,S","  263","H,,S"
"IDM00096791","2018-12-16","-6.75","108.267","50.0","CIREBON JATIWANGI, ID",,,"  341",",,S","  238",",,S","  274","H,,S"
"IDM00096791","2018-12-17","-6.75","108.267","50.0","CIREBON JATIWANGI, ID",,,"  348",",,S","  242",",,S","  289","H,,S"
"IDM00096791","2018-12-18","-6.75","108.267","50.0","CIREBON JATIWANGI, ID",,,"  347",",,S","  244",",,S","  273","H,,S"
"IDM00096791","2018-12-19","-6.75","108.267","50.0","CIREBON JATIWANGI, ID",,,"  346",",,S","  238",",,S","  285","H,,S"
"IDM00096791","2018-12-20","-6.75","108.267","50.0","CIREBON JATIWANGI, ID",,,"  314",",,S",,,"  277","H,,S"
"IDM00096791","2018-12-21","-6.75","108.267","50.0","CIREBON JATIWANGI, ID",,,"  323",",,S","  231",",,S","  284","H,,S"
"IDM00096791","2018-12-22","-6.75","108.267","50.0","CIREBON JATIWANGI, ID",,,"  299",",,S","  246",",,S","  276","H,,S"
"IDM00096791","2018-12-23","-6.75","108.267","50.0","CIREBON JATIWANGI, ID",,,"  326",",,S",,,"  274","H,,S"
"IDM00096791","2018-12-24","-6.75","108.267","50.0","CIREBON JATIWANGI, ID",,,"  320",",,S","  243",",,S","  268","H,,S"
"IDM00096791","2018-12-25","-6.75","108.267","50.0","CIREBON JATIWANGI, ID",,,"  322",",,S","  243",",,S","  273","H,,S"
"IDM00096791","2018-12-26","-6.75","108.267","50.0","CIREBON JATIWANGI, ID",,,"  300",",,S","  242",",,S","  269","H,,S"
"IDM00096791","2018-12-27","-6.75","108.267","50.0","CIREBON JATIWANGI, ID",,,"  338",",,S",,,"  269","H,,S"
"IDM00096791","2018-12-28","-6.75","108.267","50.0","CIREBON JATIWANGI, ID",,,"  332",",,S","  230",",,S","  285","H,,S"
"IDM00096791","2018-12-29","-6.75","108.267","50.0","CIREBON JATIWANGI, ID",,,"  340",",,S","  238",",,S","  292","H,,S"
"IDM00096791","2018-12-30","-6.75","108.267","50.0","CIREBON JATIWANGI, ID",,,"  346",",,S",,,"  287","H,,S"
"IDM00096791","2018-12-31","-6.75","108.267","50.0","CIREBON JATIWANGI, ID",,,"  332",",,S","  230",",,S","  281","H,,S"
"IDM00096791","2019-01-01","-6.75","108.267","50.0","CIREBON JATIWANGI, ID",,,"  320",",,S","  240",",,S","  273","H,,S"
"IDM00096791","2019-01-02","-6.75","108.267","50.0","CIREBON JATIWANGI, ID",,,"  336",",,S","  235",",,S","  265","H,,S"
"IDM00096791","2019-01-03","-6.75","108.267","50.0","CIREBON JATIWANGI, ID",,,"  328",",,S",,,"  262","H,,S"
"IDM00096791","2019-01-04","-6.75","108.267","50.0","CIREBON JATIWANGI, ID",,,"  328",",,S","  222",",,S","  280","H,,S"
"IDM00096791","2019-01-05","-6.75","108.267","50.0","CIREBON JATIWANGI, ID",,,"  332",",,S","  230",",,S","  281","H,,S"
"IDM00096791","2019-01-06","-6.75","108.267","50.0","CIREBON JATIWANGI, ID",,,"  340",",,S","  238",",,S","  289","H,,S"
"IDM00096791","2019-01-07","-6.75","108.267","50.0","CIREBON JATIWANGI, ID",,,"  343",",,S","  246",",,S","  281","H,,S"
"IDM00096791","2019-01-08","-6.75","108.267","50.0","CIREBON JATIWANGI, ID",,,"  330",",,S","  243",",,S","  273","H,,S"
"IDM00096791","2019-01-09","-6.75","108.267","50.0","CIREBON JATIWANGI, ID",,,"  334",",,S","  240",",,S","  271","H,,S"
"IDM00096791","2019-01-10","-6.75","108.267","50.0","CIREBON JATIWANGI, ID",,,"  338",",,S","  236",",,S","  286","H,,S"
"IDM00096791","2019-01-11","-6.75","108.267","50.0","CIREBON JATIWANGI, ID",,,"  334",",,S","  246",",,S","  280","H,,S"
"IDM00096791","2019-01-12","-6.75","108.267","50.0","CIREBON JATIWANGI, ID",,,"  330",",,S","  246",",,S","  275","H,,S"
"IDM00096791","2019-01-13","-6.75","108.267","50.0","CIREBON JATIWANGI, ID","  160","D,,S","  310",",,S",,,"  257","H,,S"
"IDM00096791","2019-01-14","-6.75","108.267","50.0","CIREBON JATIWANGI, ID",,,"  312",",,S","  235",",,S","  274","H,,S"
"IDM00096791","2019-01-15","-6.75","108.267","50.0","CIREBON JATIWANGI, ID",,,"  324",",,S",,,"  267","H,,S"
"IDM00096791","2019-01-16","-6.75","108.267","50.0","CIREBON JATIWANGI, ID",,,"  320",",,S","  234",",,S","  276","H,,S"
"IDM00096791","2019-01-17","-6.75","108.267","50.0","CIREBON JATIWANGI, ID",,,"  329",",,S","  244",",,S","  280","H,,S"
"IDM00096791","2019-01-18","-6.75","108.267","50.0","CIREBON JATIWANGI, ID",,,"  330",",,S","  246",",,S","  281","H,,S"
"IDM00096791","2019-01-19","-6.75","108.267","50.0","CIREBON JATIWANGI, ID",,,"  317",",,S","  246",",,S","  275","H,,S"
"IDM00096791","2019-01-20","-6.75","108.267","50.0","CIREBON JATIWANGI, ID",,,"  324",",,S","  239",",,S","  274","H,,S"
"IDM00096791","2019-01-21","-6.75","108.267","50.0","CIREBON JATIWANGI, ID",,,"  328",",,S","  244",",,S","  269","H,,S"
"IDM00096791","2019-01-22","-6.75","108.267","50.0","CIREBON JATIWANGI, ID",,,"  300",",,S",,,"  254","H,,S"
"IDM00096791","2019-01-23","-6.75","108.267","50.0","CIREBON JATIWANGI, ID",,,"  305",",,S","  239",",,S","  268","H,,S"
"IDM00096791","2019-01-24","-6.75","108.267","50.0","CIREBON JATIWANGI, ID",,,"  322",",,S","  232",",,S","  274","H,,S"
"IDM00096791","2019-01-25","-6.75","108.267","50.0","CIREBON JATIWANGI, ID",,,"  302",",,S","  242",",,S","  267","H,,S"
"IDM00096791","2019-01-26","-6.75","108.267","50.0","CIREBON JATIWANGI, ID",,,"  318",",,S","  246",",,S","  276","H,,S"
"IDM00096791","2019-01-27","-6.75","108.267","50.0","CIREBON JATIWANGI, ID",,,"  292",",,S",,,"  262","H,,S"
"IDM00096791","2019-01-28","-6.75","108.267","50.0","CIREBON JATIWANGI, ID",,,"  294",",,S","  228",",,S","  265","H,,S"
"IDM00096791","2019-01-29","-6.75","108.267","50.0","CIREBON JATIWANGI, ID",,,"  333",",,S","  234",",,S","  273","H,,S"
"IDM00096791","2019-01-30","-6.75","108.267","50.0","CIREBON JATIWANGI, ID",,,"  314",",,S","  236",",,S","  273","H,,S"
"IDM00096791","2019-01-31","-6.75","108.267","50.0","CIREBON JATIWANGI, ID",,,"  332",",,S","  234",",,S","  275","H,,S"
"IDM00096791","2019-02-01","-6.75","108.267","50.0","CIREBON JATIWANGI, ID",,,"  333",",,S","  232",",,S","  264","H,,S"
"IDM00096791","2019-02-02","-6.75","108.267","50.0","CIREBON JATIWANGI, ID",,,"  322",",,S","  239",",,S","  271","H,,S"
"IDM00096791","2019-02-03","-6.75","108.267","50.0","CIREBON JATIWANGI, ID",,,"  308",",,S","  239",",,S","  265","H,,S"
"IDM00096791","2019-02-04","-6.75","108.267","50.0","CIREBON JATIWANGI, ID",,,"  312",",,S",,,"  263","H,,S"
"IDM00096791","2019-02-05","-6.75","108.267","50.0","CIREBON JATIWANGI, ID",,,"  323",",,S","  233",",,S","  261","H,,S"
"IDM00096791","2019-02-06","-6.75","108.267","50.0","CIREBON JATIWANGI, ID",,,"  333",",,S",,,"  258","H,,S"
"IDM00096791","2019-02-07","-6.75","108.267","50.0","CIREBON JATIWANGI, ID",,,"  320",",,S","  221",",,S","  264","H,,S"
"IDM00096791","2019-02-08","-6.75","108.267","50.0","CIREBON JATIWANGI, ID",,,"  328",",,S","  230",",,S","  270","H,,S"
"IDM00096791","2019-02-09","-6.75","108.267","50.0","CIREBON JATIWANGI, ID",,,"  332",",,S","  236",",,S","  279","H,,S"
"IDM00096791","2019-02-10","-6.75","108.267","50.0","CIREBON JATIWANGI, ID",,,"  328",",,S",,,"  267","H,,S"
"IDM00096791","2019-02-11","-6.75","108.267","50.0","CIREBON JATIWANGI, ID",,,"  320",",,S","  234",",,S","  264","H,,S"
"IDM00096791","2019-02-12","-6.75","108.267","50.0","CIREBON JATIWANGI, ID",,,"  320",",,S","  235",",,S","  263","H,,S"
"IDM00096791","2019-02-13","-6.75","108.267","50.0","CIREBON JATIWANGI, ID",,,"  318",",,S","  239",",,S","  269","H,,S"
"IDM00096791","2019-02-14","-6.75","108.267","50.0","CIREBON JATIWANGI, ID",,,"  364",",,S","  238",",,S","  278","H,,S"
"IDM00096791","2019-02-15","-6.75","108.267","50.0","CIREBON JATIWANGI, ID","   30","D,,S","  312",",,S",,,"  270","H,,S"
"IDM00096791","2019-02-16","-6.75","108.267","50.0","CIREBON JATIWANGI, ID",,,"  332",",,S","  239",",,S","  271","H,,S"
"IDM00096791","2019-02-17","-6.75","108.267","50.0","CIREBON JATIWANGI, ID",,,,,"  239",",,S","  269","H,,S"
"IDM00096791","2019-02-18","-6.75","108.267","50.0","CIREBON JATIWANGI, ID",,,"  337",",,S","  235",",,S","  274","H,,S"
"IDM00096791","2019-02-19","-6.75","108.267","50.0","CIREBON JATIWANGI, ID",,,"  335",",,S","  230",",,S","  283","H,,S"
"IDM00096791","2019-02-20","-6.75","108.267","50.0","CIREBON JATIWANGI, ID",,,"  332",",,S","  234",",,S","  281","H,,S"
"IDM00096791","2019-02-21","-6.75","108.267","50.0","CIREBON JATIWANGI, ID",,,"  334",",,S",,,"  274","H,,S"
"IDM00096791","2019-02-22","-6.75","108.267","50.0","CIREBON JATIWANGI, ID",,,"  332",",,S","  234",",,S","  253","H,,S"
"IDM00096791","2019-02-23","-6.75","108.267","50.0","CIREBON JATIWANGI, ID",,,,,"  226",",,S","  264","H,,S"
"IDM00096791","2019-02-24","-6.75","108.267","50.0","CIREBON JATIWANGI, ID",,,"  328",",,S","  230",",,S","  271","H,,S"
"IDM00096791","2019-02-25","-6.75","108.267","50.0","CIREBON JATIWANGI, ID",,,"  335",",,S","  238",",,S","  269","H,,S"
"IDM00096791","2019-02-26","-6.75","108.267","50.0","CIREBON JATIWANGI, ID",,,"  334",",,S","  236",",,S","  282","H,,S"
"IDM00096791","2019-02-27","-6.75","108.267","50.0","CIREBON JATIWANGI, ID",,,"  344",",,S","  243",",,S","  289","H,,S"
"IDM00096791","2019-02-28","-6.75","108.267","50.0","CIREBON JATIWANGI, ID",,,"  340",",,S","  250",",,S","  286","H,,S"
"IDM00096791","2019-03-01","-6.75","108.267","50.0","CIREBON JATIWANGI, ID",,,"  305",",,S",,,"  261","H,,S"
"IDM00096791","2019-03-02","-6.75","108.267","50.0","CIREBON JATIWANGI, ID",,,"  332",",,S","  241",",,S","  265","H,,S"
"IDM00096791","2019-03-03","-6.75","108.267","50.0","CIREBON JATIWANGI, ID",,,"  334",",,S","  235",",,S","  282","H,,S"
"IDM00096791","2019-03-04","-6.75","108.267","50.0","CIREBON JATIWANGI, ID",,,"  330",",,S","  240",",,S","  277","H,,S"
"IDM00096791","2019-03-05","-6.75","108.267","50.0","CIREBON JATIWANGI, ID",,,"  310",",,S","  244",",,S","  274","H,,S"
"IDM00096791","2019-03-06","-6.75","108.267","50.0","CIREBON JATIWANGI, ID","  361","D,,S","  291",",,S",,,"  260","H,,S"
"IDM00096791","2019-03-07","-6.75","108.267","50.0","CIREBON JATIWANGI, ID",,,"  304",",,S","  221",",,S","  271","H,,S"
"IDM00096791","2019-03-08","-6.75","108.267","50.0","CIREBON JATIWANGI, ID",,,"  344",",,S","  228",",,S","  277","H,,S"
"IDM00096791","2019-03-09","-6.75","108.267","50.0","CIREBON JATIWANGI, ID",,,"  342",",,S","  237",",,S","  263","H,,S"
"IDM00096791","2019-03-10","-6.75","108.267","50.0","CIREBON JATIWANGI, ID",,,"  322",",,S","  230",",,S","  276","H,,S"
"IDM00096791","2019-03-11","-6.75","108.267","50.0","CIREBON JATIWANGI, ID",,,"  314",",,S","  235",",,S","  261","H,,S"
"IDM00096791","2019-03-12","-6.75","108.267","50.0","CIREBON JATIWANGI, ID",,,"  317",",,S","  234",",,S","  273","H,,S"
"IDM00096791","2019-03-13","-6.75","108.267","50.0","CIREBON JATIWANGI, ID",,,,,"  242",",,S","  284","H,,S"
"IDM00096791","2019-03-14","-6.75","108.267","50.0","CIREBON JATIWANGI, ID",,,"  334",",,S","  233",",,S","  275","H,,S"
"IDM00096791","2019-03-15","-6.75","108.267","50.0","CIREBON JATIWANGI, ID",,,"  338",",,S","  234",",,S","  263","H,,S"
"IDM00096791","2019-03-16","-6.75","108.267","50.0","CIREBON JATIWANGI, ID","   33","D,,S","  329",",,S","  238",",,S","  263","H,,S"
"IDM00096791","2019-03-17","-6.75","108.267","50.0","CIREBON JATIWANGI, ID",,,"  321",",,S","  235",",,S","  268","H,,S"
"IDM00096791","2019-03-18","-6.75","108.267","50.0","CIREBON JATIWANGI, ID",,,"  332",",,S","  234",",,S","  273","H,,S"
"IDM00096791","2019-03-19","-6.75","108.267","50.0","CIREBON JATIWANGI, ID",,,"  302",",,S",,,"  256","H,,S"
"IDM00096791","2019-03-20","-6.75","108.267","50.0","CIREBON JATIWANGI, ID",,,"  340",",,S","  232",",,S","  273","H,,S"
"IDM00096791","2019-03-21","-6.75","108.267","50.0","CIREBON JATIWANGI, ID",,,"  341",",,S","  234",",,S","  276","H,,S"
"IDM00096791","2019-03-22","-6.75","108.267","50.0","CIREBON JATIWANGI, ID",,,"  346",",,S","  243",",,S","  284","H,,S"
"IDM00096791","2019-03-23","-6.75","108.267","50.0","CIREBON JATIWANGI, ID",,,,,"  246",",,S","  274","H,,S"
"IDM00096791","2019-03-24","-6.75","108.267","50.0","CIREBON JATIWANGI, ID",,,"  320",",,S","  248",",,S","  281","H,,S"
"IDM00096791","2019-03-25","-6.75","108.267","50.0","CIREBON JATIWANGI, ID",,,"  334",",,S",,,"  266","H,,S"
"IDM00096791","2019-03-26","-6.75","108.267","50.0","CIREBON JATIWANGI, ID",,,"  332",",,S","  238",",,S","  269","H,,S"
"IDM00096791","2019-03-27","-6.75","108.267","50.0","CIREBON JATIWANGI, ID",,,"  338",",,S",,,"  271","H,,S"
"IDM00096791","2019-03-28","-6.75","108.267","50.0","CIREBON JATIWANGI, ID",,,"  336",",,S","  234",",,S","  268","H,,S"
"IDM00096791","2019-03-29","-6.75","108.267","50.0","CIREBON JATIWANGI, ID",,,"  342",",,S",,,"  281","H,,S"
"IDM00096791","2019-03-30","-6.75","108.267","50.0","CIREBON JATIWANGI, ID",,,"  330",",,S","  236",",,S","  277","H,,S"
"IDM00096791","2019-03-31","-6.75","108.267","50.0","CIREBON JATIWANGI, ID",,,"  334",",,S","  242",",,S","  274","H,,S"
"IDM00096791","2019-04-01","-6.75","108.267","50.0","CIREBON JATIWANGI, ID",,,"  339",",,S",,,"  267","H,,S"
"IDM00096791","2019-04-02","-6.75","108.267","50.0","CIREBON JATIWANGI, ID",,,"  316",",,S",,,"  267","H,,S"
"IDM00096791","2019-04-03","-6.75","108.267","50.0","CIREBON JATIWANGI, ID",,,"  326",",,S","  238",",,S","  278","H,,S"
"IDM00096791","2019-04-04","-6.75","108.267","50.0","CIREBON JATIWANGI, ID",,,"  332",",,S","  242",",,S","  267","H,,S"
"IDM00096791","2019-04-05","-6.75","108.267","50.0","CIREBON JATIWANGI, ID",,,"  332",",,S","  241",",,S","  279","H,,S"
"IDM00096791","2019-04-06","-6.75","108.267","50.0","CIREBON JATIWANGI, ID",,,"  339",",,S","  240",",,S","  276","H,,S"
"IDM00096791","2019-04-07","-6.75","108.267","50.0","CIREBON JATIWANGI, ID",,,"  346",",,S","  239",",,S","  280","H,,S"
"IDM00096791","2019-04-08","-6.75","108.267","50.0","CIREBON JATIWANGI, ID",,,"  336",",,S","  240",",,S","  279","H,,S"
"IDM00096791","2019-04-09","-6.75","108.267","50.0","CIREBON JATIWANGI, ID",,,"  335",",,S","  243",",,S","  281","H,,S"
"IDM00096791","2019-04-10","-6.75","108.267","50.0","CIREBON JATIWANGI, ID",,,"  338",",,S","  249",",,S","  287","H,,S"
"IDM00096791","2019-04-11","-6.75","108.267","50.0","CIREBON JATIWANGI, ID",,,"  326",",,S",,,"  278","H,,S"
"IDM00096791","2019-04-12","-6.75","108.267","50.0","CIREBON JATIWANGI, ID",,,"  342",",,S","  240",",,S","  290","H,,S"
"IDM00096791","2019-04-13","-6.75","108.267","50.0","CIREBON JATIWANGI, ID",,,"  344",",,S","  248",",,S","  279","H,,S"
"IDM00096791","2019-04-14","-6.75","108.267","50.0","CIREBON JATIWANGI, ID",,,"  342",",,S","  254",",,S","  282","H,,S"
"IDM00096791","2019-04-15","-6.75","108.267","50.0","CIREBON JATIWANGI, ID",,,"  326",",,S",,,"  269","H,,S"
"IDM00096791","2019-04-16","-6.75","108.267","50.0","CIREBON JATIWANGI, ID",,,"  328",",,S","  239",",,S","  262","H,,S"
"IDM00096791","2019-04-17","-6.75","108.267","50.0","CIREBON JATIWANGI, ID",,,"  342",",,S","  233",",,S","  288","H,,S"
"IDM00096791","2019-04-18","-6.75","108.267","50.0","CIREBON JATIWANGI, ID",,,"  337",",,S","  237",",,S","  288","H,,S"
"IDM00096791","2019-04-19","-6.75","108.267","50.0","CIREBON JATIWANGI, ID",,,"  314",",,S","  255",",,S","  275","H,,S"
"IDM00096791","2019-04-20","-6.75","108.267","50.0","CIREBON JATIWANGI, ID",,,"  334",",,S",,,"  284","H,,S"
"IDM00096791","2019-04-21","-6.75","108.267","50.0","CIREBON JATIWANGI, ID",,,"  332",",,S","  252",",,S","  284","H,,S"
"IDM00096791","2019-04-22","-6.75","108.267","50.0","CIREBON JATIWANGI, ID",,,"  345",",,S","  250",",,S","  294","H,,S"
"IDM00096791","2019-04-23","-6.75","108.267","50.0","CIREBON JATIWANGI, ID",,,"  344",",,S","  253",",,S","  292","H,,S"
"IDM00096791","2019-04-24","-6.75","108.267","50.0","CIREBON JATIWANGI, ID",,,"  332",",,S",,,"  284","H,,S"
"IDM00096791","2019-04-25","-6.75","108.267","50.0","CIREBON JATIWANGI, ID",,,"  340",",,S","  245",",,S","  284","H,,S"
"IDM00096791","2019-04-26","-6.75","108.267","50.0","CIREBON JATIWANGI, ID",,,"  334",",,S","  250",",,S","  282","H,,S"
"IDM00096791","2019-04-27","-6.75","108.267","50.0","CIREBON JATIWANGI, ID",,,"  327",",,S",,,"  280","H,,S"
"IDM00096791","2019-04-28","-6.75","108.267","50.0","CIREBON JATIWANGI, ID",,,"  321",",,S","  250",",,S","  280","H,,S"
"IDM00096791","2019-04-29","-6.75","108.267","50.0","CIREBON JATIWANGI, ID",,,"  318",",,S","  255",",,S","  280","H,,S"
"IDM00096791","2019-04-30","-6.75","108.267","50.0","CIREBON JATIWANGI, ID",,,"  322",",,S",,,"  264","H,,S"
"IDM00096791","2019-05-01","-6.75","108.267","50.0","CIREBON JATIWANGI, ID",,,"  334",",,S","  242",",,S","  280","H,,S"
"IDM00096791","2019-05-02","-6.75","108.267","50.0","CIREBON JATIWANGI, ID",,,"  334",",,S",,,"  273","H,,S"
"IDM00096791","2019-05-03","-6.75","108.267","50.0","CIREBON JATIWANGI, ID",,,"  339",",,S","  241",",,S","  291","H,,S"
"IDM00096791","2019-05-04","-6.75","108.267","50.0","CIREBON JATIWANGI, ID",,,"  343",",,S","  245",",,S","  284","H,,S"
"IDM00096791","2019-05-05","-6.75","108.267","50.0","CIREBON JATIWANGI, ID",,,"  347",",,S","  248",",,S","  289","H,,S"
"IDM00096791","2019-05-06","-6.75","108.267","50.0","CIREBON JATIWANGI, ID",,,"  336",",,S","  252",",,S","  287","H,,S"
"IDM00096791","2019-05-07","-6.75","108.267","50.0","CIREBON JATIWANGI, ID",,,"  341",",,S","  246",",,S","  289","H,,S"
"IDM00096791","2019-05-08","-6.75","108.267","50.0","CIREBON JATIWANGI, ID",,,"  340",",,S","  249",",,S","  285","H,,S"
"IDM00096791","2019-05-09","-6.75","108.267","50.0","CIREBON JATIWANGI, ID",,,"  348",",,S","  252",",,S","  288","H,,S"
"IDM00096791","2019-05-10","-6.75","108.267","50.0","CIREBON JATIWANGI, ID",,,"  336",",,S","  252",",,S","  287","H,,S"
"IDM00096791","2019-05-11","-6.75","108.267","50.0","CIREBON JATIWANGI, ID",,,"  342",",,S","  244",",,S","  284","H,,S"
"IDM00096791","2019-05-12","-6.75","108.267","50.0","CIREBON JATIWANGI, ID",,,"  338",",,S","  242",",,S","  283","H,,S"
"IDM00096791","2019-05-13","-6.75","108.267","50.0","CIREBON JATIWANGI, ID",,,"  340",",,S","  241",",,S","  285","H,,S"
"IDM00096791","2019-05-14","-6.75","108.267","50.0","CIREBON JATIWANGI, ID",,,"  338",",,S","  240",",,S","  285","H,,S"
"IDM00096791","2019-05-15","-6.75","108.267","50.0","CIREBON JATIWANGI, ID",,,"  333",",,S","  242",",,S","  286","H,,S"
"IDM00096791","2019-05-16","-6.75","108.267","50.0","CIREBON JATIWANGI, ID",,,"  346",",,S","  252",",,S","  290","H,,S"
"IDM00096791","2019-05-17","-6.75","108.267","50.0","CIREBON JATIWANGI, ID",,,"  346",",,S",,,"  279","H,,S"
"IDM00096791","2019-05-18","-6.75","108.267","50.0","CIREBON JATIWANGI, ID",,,"  341",",,S","  222",",,S","  280","H,,S"
"IDM00096791","2019-05-19","-6.75","108.267","50.0","CIREBON JATIWANGI, ID",,,"  341",",,S","  230",",,S","  284","H,,S"
"IDM00096791","2019-05-20","-6.75","108.267","50.0","CIREBON JATIWANGI, ID",,,"  342",",,S","  236",",,S","  285","H,,S"
"IDM00096791","2019-05-21","-6.75","108.267","50.0","CIREBON JATIWANGI, ID",,,"  343",",,S","  239",",,S","  288","H,,S"
"IDM00096791","2019-05-22","-6.75","108.267","50.0","CIREBON JATIWANGI, ID",,,"  342",",,S",,,"  289","H,,S"
"IDM00096791","2019-05-23","-6.75","108.267","50.0","CIREBON JATIWANGI, ID",,,"  350",",,S",,,"  296","H,,S"
"IDM00096791","2019-05-24","-6.75","108.267","50.0","CIREBON JATIWANGI, ID",,,"  347",",,S","  240",",,S","  289","H,,S"
"IDM00096791","2019-05-25","-6.75","108.267","50.0","CIREBON JATIWANGI, ID",,,,,"  241",",,S","  285","H,,S"
"IDM00096791","2019-05-26","-6.75","108.267","50.0","CIREBON JATIWANGI, ID",,,"  342",",,S","  241",",,S","  287","H,,S"
"IDM00096791","2019-05-27","-6.75","108.267","50.0","CIREBON JATIWANGI, ID",,,"  335",",,S","  240",",,S","  282","H,,S"
"IDM00096791","2019-05-28","-6.75","108.267","50.0","CIREBON JATIWANGI, ID",,,"  337",",,S","  240",",,S","  285","H,,S"
"IDM00096791","2019-05-29","-6.75","108.267","50.0","CIREBON JATIWANGI, ID",,,"  342",",,S","  248",",,S","  288","H,,S"
"IDM00096791","2019-05-30","-6.75","108.267","50.0","CIREBON JATIWANGI, ID",,,,,"  252",",,S","  289","H,,S"
"IDM00096791","2019-05-31","-6.75","108.267","50.0","CIREBON JATIWANGI, ID",,,"  332",",,S","  252",",,S","  288","H,,S"
"IDM00096791","2019-06-01","-6.75","108.267","50.0","CIREBON JATIWANGI, ID",,,"  331",",,S","  250",",,S","  281","H,,S"
"IDM00096791","2019-06-02","-6.75","108.267","50.0","CIREBON JATIWANGI, ID",,,"  334",",,S","  252",",,S","  284","H,,S"
"IDM00096791","2019-06-03","-6.75","108.267","50.0","CIREBON JATIWANGI, ID",,,"  320",",,S",,,"  277","H,,S"
"IDM00096791","2019-06-04","-6.75","108.267","50.0","CIREBON JATIWANGI, ID",,,"  337",",,S","  239",",,S","  281","H,,S"
"IDM00096791","2019-06-05","-6.75","108.267","50.0","CIREBON JATIWANGI, ID",,,"  346",",,S","  233",",,S","  288","H,,S"
"IDM00096791","2019-06-06","-6.75","108.267","50.0","CIREBON JATIWANGI, ID",,,"  337",",,S","  239",",,S","  282","H,,S"
"IDM00096791","2019-06-07","-6.75","108.267","50.0","CIREBON JATIWANGI, ID",,,"  336",",,S","  241",",,S","  284","H,,S"
"IDM00096791","2019-06-08","-6.75","108.267","50.0","CIREBON JATIWANGI, ID",,,"  340",",,S",,,"  282","H,,S"
"IDM00096791","2019-06-09","-6.75","108.267","50.0","CIREBON JATIWANGI, ID",,,"  340",",,S","  242",",,S","  284","H,,S"
"IDM00096791","2019-06-10","-6.75","108.267","50.0","CIREBON JATIWANGI, ID",,,"  346",",,S","  244",",,S","  288","H,,S"
"IDM00096791","2019-06-11","-6.75","108.267","50.0","CIREBON JATIWANGI, ID",,,"  340",",,S","  250",",,S","  288","H,,S"
"IDM00096791","2019-06-12","-6.75","108.267","50.0","CIREBON JATIWANGI, ID",,,"  342",",,S","  255",",,S","  290","H,,S"
"IDM00096791","2019-06-13","-6.75","108.267","50.0","CIREBON JATIWANGI, ID",,,"  343",",,S","  248",",,S","  291","H,,S"
"IDM00096791","2019-06-14","-6.75","108.267","50.0","CIREBON JATIWANGI, ID",,,"  324",",,S",,,"  281","H,,S"
"IDM00096791","2019-06-15","-6.75","108.267","50.0","CIREBON JATIWANGI, ID",,,"  337",",,S","  242",",,S","  282","H,,S"
"IDM00096791","2019-06-16","-6.75","108.267","50.0","CIREBON JATIWANGI, ID",,,"  339",",,S","  244",",,S","  282","H,,S"
"IDM00096791","2019-06-17","-6.75","108.267","50.0","CIREBON JATIWANGI, ID",,,"  340",",,S",,,"  268","H,,S"
"IDM00096791","2019-06-18","-6.75","108.267","50.0","CIREBON JATIWANGI, ID",,,"  336",",,S","  218",",,S","  273","H,,S"
"IDM00096791","2019-06-19","-6.75","108.267","50.0","CIREBON JATIWANGI, ID",,,"  340",",,S",,,"  271","H,,S"
"IDM00096791","2019-06-20","-6.75","108.267","50.0","CIREBON JATIWANGI, ID",,,"  342",",,S",,,"  266","H,,S"
"IDM00096791","2019-06-21","-6.75","108.267","50.0","CIREBON JATIWANGI, ID",,,"  330",",,S",,,"  259","H,,S"
"IDM00096791","2019-06-22","-6.75","108.267","50.0","CIREBON JATIWANGI, ID",,,"  324",",,S","  191",",,S","  269","H,,S"
"IDM00096791","2019-06-23","-6.75","108.267","50.0","CIREBON JATIWANGI, ID",,,"  328",",,S","  216",",,S","  268","H,,S"
"IDM00096791","2019-06-24","-6.75","108.267","50.0","CIREBON JATIWANGI, ID",,,"  340",",,S","  212",",,S","  270","H,,S"
"IDM00096791","2019-06-25","-6.75","108.267","50.0","CIREBON JATIWANGI, ID",,,"  337",",,S","  210",",,S","  269","H,,S"
"IDM00096791","2019-06-26","-6.75","108.267","50.0","CIREBON JATIWANGI, ID",,,"  332",",,S","  214",",,S","  274","H,,S"
"IDM00096791","2019-06-27","-6.75","108.267","50.0","CIREBON JATIWANGI, ID",,,"  342",",,S","  224",",,S","  278","H,,S"
"IDM00096791","2019-06-28","-6.75","108.267","50.0","CIREBON JATIWANGI, ID",,,"  336",",,S",,,"  273","H,,S"
"IDM00096791","2019-06-29","-6.75","108.267","50.0","CIREBON JATIWANGI, ID",,,"  330",",,S","  219",",,S","  267","H,,S"
"IDM00096791","2019-06-30","-6.75","108.267","50.0","CIREBON JATIWANGI, ID",,,"  333",",,S","  220",",,S","  272","H,,S"
"IDM00096791","2019-07-01","-6.75","108.267","50.0","CIREBON JATIWANGI, ID",,,"  329",",,S","  214",",,S","  268","H,,S"
"IDM00096791","2019-07-02","-6.75","108.267","50.0","CIREBON JATIWANGI, ID",,,"  328",",,S","  214",",,S","  267","H,,S"
"IDM00096791","2019-07-03","-6.75","108.267","50.0","CIREBON JATIWANGI, ID",,,"  344",",,S","  217",",,S","  280","H,,S"
"IDM00096791","2019-07-04","-6.75","108.267","50.0","CIREBON JATIWANGI, ID",,,"  350",",,S","  234",",,S","  286","H,,S"
"IDM00096791","2019-07-05","-6.75","108.267","50.0","CIREBON JATIWANGI, ID",,,"  338",",,S","  248",",,S","  279","H,,S"
"IDM00096791","2019-07-06","-6.75","108.267","50.0","CIREBON JATIWANGI, ID",,,"  348",",,S","  244",",,S","  279","H,,S"
"IDM00096791","2019-07-07","-6.75","108.267","50.0","CIREBON JATIWANGI, ID",,,"  334",",,S",,,"  275","H,,S"
"IDM00096791","2019-07-08","-6.75","108.267","50.0","CIREBON JATIWANGI, ID",,,"  332",",,S","  234",",,S","  276","H,,S"
"IDM00096791","2019-07-09","-6.75","108.267","50.0","CIREBON JATIWANGI, ID",,,"  336",",,S",,,"  273","H,,S"
"IDM00096791","2019-07-10","-6.75","108.267","50.0","CIREBON JATIWANGI, ID",,,"  331",",,S","  210",",,S","  267","H,,S"
"IDM00096791","2019-07-11","-6.75","108.267","50.0","CIREBON JATIWANGI, ID",,,"  336",",,S","  210",",,S","  271","H,,S"
"IDM00096791","2019-07-12","-6.75","108.267","50.0","CIREBON JATIWANGI, ID",,,,,"  228",",,S","  276","H,,S"
"IDM00096791","2019-07-13","-6.75","108.267","50.0","CIREBON JATIWANGI, ID",,,"  334",",,S",,,"  274","H,,S"
"IDM00096791","2019-07-14","-6.75","108.267","50.0","CIREBON JATIWANGI, ID",,,"  330",",,S","  190",",,S","  259","H,,S"
"IDM00096791","2019-07-15","-6.75","108.267","50.0","CIREBON JATIWANGI, ID",,,,,"  192",",,S","  269","H,,S"
"IDM00096791","2019-07-16","-6.75","108.267","50.0","CIREBON JATIWANGI, ID",,,"  324",",,S","  219",",,S","  273","H,,S"
"IDM00096791","2019-07-17","-6.75","108.267","50.0","CIREBON JATIWANGI, ID",,,"  338",",,S",,,"  272","H,,S"
"IDM00096791","2019-07-18","-6.75","108.267","50.0","CIREBON JATIWANGI, ID",,,"  345",",,S","  220",",,S","  284","H,,S"
"IDM00096791","2019-07-19","-6.75","108.267","50.0","CIREBON JATIWANGI, ID",,,,,"  236",",,S","  285","H,,S"
"IDM00096791","2019-07-20","-6.75","108.267","50.0","CIREBON JATIWANGI, ID",,,"  334",",,S","  254",",,S","  281","H,,S"
"IDM00096791","2019-07-21","-6.75","108.267","50.0","CIREBON JATIWANGI, ID",,,"  343",",,S","  240",",,S","  283","H,,S"
"IDM00096791","2019-07-22","-6.75","108.267","50.0","CIREBON JATIWANGI, ID",,,"  346",",,S",,,"  277","H,,S"
"IDM00096791","2019-07-23","-6.75","108.267","50.0","CIREBON JATIWANGI, ID",,,"  348",",,S","  224",",,S","  273","H,,S"
"IDM00096791","2019-07-24","-6.75","108.267","50.0","CIREBON JATIWANGI, ID",,,"  340",",,S","  225",",,S","  278","H,,S"
"IDM00096791","2019-07-25","-6.75","108.267","50.0","CIREBON JATIWANGI, ID",,,"  341",",,S",,,"  271","H,,S"
"IDM00096791","2019-07-26","-6.75","108.267","50.0","CIREBON JATIWANGI, ID",,,"  338",",,S","  216",",,S","  272","H,,S"
"IDM00096791","2019-07-27","-6.75","108.267","50.0","CIREBON JATIWANGI, ID",,,"  348",",,S","  219",",,S","  276","H,,S"
"IDM00096791","2019-07-28","-6.75","108.267","50.0","CIREBON JATIWANGI, ID",,,"  346",",,S","  210",",,S","  276","H,,S"
"IDM00096791","2019-07-29","-6.75","108.267","50.0","CIREBON JATIWANGI, ID",,,"  338",",,S",,,"  272","H,,S"
"IDM00096791","2019-07-30","-6.75","108.267","50.0","CIREBON JATIWANGI, ID",,,"  333",",,S","  219",",,S","  278","H,,S"
"IDM00096791","2019-07-31","-6.75","108.267","50.0","CIREBON JATIWANGI, ID",,,"  336",",,S","  240",",,S","  280","H,,S"
"IDM00096791","2019-08-01","-6.75","108.267","50.0","CIREBON JATIWANGI, ID",,,"  332",",,S","  244",",,S","  277","H,,S"
"IDM00096791","2019-08-02","-6.75","108.267","50.0","CIREBON JATIWANGI, ID",,,,,,,"  277","H,,S"
"IDM00096791","2019-08-03","-6.75","108.267","50.0","CIREBON JATIWANGI, ID",,,"  328",",,S","  218",",,S","  277","H,,S"
"IDM00096791","2019-08-04","-6.75","108.267","50.0","CIREBON JATIWANGI, ID",,,,,,,"  272","H,,S"
"IDM00096791","2019-08-05","-6.75","108.267","50.0","CIREBON JATIWANGI, ID",,,"  334",",,S","  228",",,S","  269","H,,S"
"IDM00096791","2019-08-06","-6.75","108.267","50.0","CIREBON JATIWANGI, ID",,,"  334",",,S",,,"  262","H,,S"
"IDM00096791","2019-08-07","-6.75","108.267","50.0","CIREBON JATIWANGI, ID",,,"  334",",,S","  190",",,S","  269","H,,S"
"IDM00096791","2019-08-08","-6.75","108.267","50.0","CIREBON JATIWANGI, ID",,,,,"  194",",,S","  271","H,,S"
"IDM00096791","2019-08-09","-6.75","108.267","50.0","CIREBON JATIWANGI, ID",,,"  340",",,S","  198",",,S","  273","H,,S"
"IDM00096791","2019-08-10","-6.75","108.267","50.0","CIREBON JATIWANGI, ID",,,"  340",",,S","  226",",,S","  276","H,,S"
"IDM00096791","2019-08-11","-6.75","108.267","50.0","CIREBON JATIWANGI, ID",,,"  332",",,S",,,"  269","H,,S"
"IDM00096791","2019-08-12","-6.75","108.267","50.0","CIREBON JATIWANGI, ID",,,"  336",",,S","  218",",,S","  274","H,,S"
"IDM00096791","2019-08-13","-6.75","108.267","50.0","CIREBON JATIWANGI, ID",,,"  346",",,S","  228",",,S","  278","H,,S"
"IDM00096791","2019-08-14","-6.75","108.267","50.0","CIREBON JATIWANGI, ID",,,"  340",",,S","  228",",,S","  274","H,,S"
"IDM00096791","2019-08-15","-6.75","108.267","50.0","CIREBON JATIWANGI, ID",,,"  347",",,S","  230",",,S","  279","H,,S"
"IDM00096791","2019-08-16","-6.75","108.267","50.0","CIREBON JATIWANGI, ID",,,"  350",",,S","  232",",,S","  285","H,,S"
"IDM00096791","2019-08-17","-6.75","108.267","50.0","CIREBON JATIWANGI, ID",,,"  345",",,S",,,"  281","H,,S"
"IDM00096791","2019-08-18","-6.75","108.267","50.0","CIREBON JATIWANGI, ID",,,"  350",",,S","  234",",,S","  281","H,,S"
"IDM00096791","2019-08-19","-6.75","108.267","50.0","CIREBON JATIWANGI, ID",,,,,"  233",",,S","  281","H,,S"
"IDM00096791","2019-08-20","-6.75","108.267","50.0","CIREBON JATIWANGI, ID",,,"  337",",,S","  228",",,S","  280","H,,S"
"IDM00096791","2019-08-21","-6.75","108.267","50.0","CIREBON JATIWANGI, ID",,,"  348",",,S","  233",",,S","  283","H,,S"
"IDM00096791","2019-08-22","-6.75","108.267","50.0","CIREBON JATIWANGI, ID",,,"  340",",,S","  234",",,S","  283","H,,S"
"IDM00096791","2019-08-23","-6.75","108.267","50.0","CIREBON JATIWANGI, ID",,,"  344",",,S","  235",",,S","  281","H,,S"
"IDM00096791","2019-08-24","-6.75","108.267","50.0","CIREBON JATIWANGI, ID",,,"  336",",,S",,,"  279","H,,S"
"IDM00096791","2019-08-25","-6.75","108.267","50.0","CIREBON JATIWANGI, ID",,,"  346",",,S","  222",",,S","  281","H,,S"
"IDM00096791","2019-08-26","-6.75","108.267","50.0","CIREBON JATIWANGI, ID",,,,,"  223",",,S","  279","H,,S"
"IDM00096791","2019-08-27","-6.75","108.267","50.0","CIREBON JATIWANGI, ID",,,"  346",",,S","  236",",,S","  285","H,,S"
"IDM00096791","2019-08-28","-6.75","108.267","50.0","CIREBON JATIWANGI, ID",,,"  342",",,S",,,"  275","H,,S"
"IDM00096791","2019-08-29","-6.75","108.267","50.0","CIREBON JATIWANGI, ID",,,"  340",",,S",,,"  277","H,,S"
"IDM00096791","2019-08-30","-6.75","108.267","50.0","CIREBON JATIWANGI, ID",,,"  340",",,S",,,"  281","H,,S"
"IDM00096791","2019-08-31","-6.75","108.267","50.0","CIREBON JATIWANGI, ID",,,"  342",",,S","  205",",,S","  278","H,,S"
"IDM00096791","2019-09-01","-6.75","108.267","50.0","CIREBON JATIWANGI, ID",,,"  350",",,S","  228",",,S","  284","H,,S"
"IDM00096791","2019-09-02","-6.75","108.267","50.0","CIREBON JATIWANGI, ID",,,"  350",",,S","  228",",,S","  282","H,,S"
"IDM00096791","2019-09-03","-6.75","108.267","50.0","CIREBON JATIWANGI, ID",,,"  350",",,S","  234",",,S","  284","H,,S"
"IDM00096791","2019-09-04","-6.75","108.267","50.0","CIREBON JATIWANGI, ID",,,"  356",",,S",,,"  283","H,,S"
"IDM00096791","2019-09-05","-6.75","108.267","50.0","CIREBON JATIWANGI, ID",,,,,,,"  277","H,,S"
"IDM00096791","2019-09-06","-6.75","108.267","50.0","CIREBON JATIWANGI, ID",,,"  350",",,S","  210",",,S","  278","H,,S"
"IDM00096791","2019-09-07","-6.75","108.267","50.0","CIREBON JATIWANGI, ID",,,"  350",",,S","  214",",,S","  283","H,,S"
"IDM00096791","2019-09-08","-6.75","108.267","50.0","CIREBON JATIWANGI, ID",,,,,"  224",",,S","  282","H,,S"
"IDM00096791","2019-09-09","-6.75","108.267","50.0","CIREBON JATIWANGI, ID",,,"  350",",,S","  230",",,S","  287","H,,S"
"IDM00096791","2019-09-10","-6.75","108.267","50.0","CIREBON JATIWANGI, ID",,,"  368",",,S","  237",",,S","  287","H,,S"
"IDM00096791","2019-09-11","-6.75","108.267","50.0","CIREBON JATIWANGI, ID",,,"  366",",,S","  216",",,S","  293","H,,S"
"IDM00096791","2019-09-12","-6.75","108.267","50.0","CIREBON JATIWANGI, ID",,,"  355",",,S","  230",",,S","  285","H,,S"
"IDM00096791","2019-09-13","-6.75","108.267","50.0","CIREBON JATIWANGI, ID",,,"  344",",,S","  224",",,S","  279","H,,S"
"IDM00096791","2019-09-14","-6.75","108.267","50.0","CIREBON JATIWANGI, ID",,,"  340",",,S",,,"  274","H,,S"
"IDM00096791","2019-09-15","-6.75","108.267","50.0","CIREBON JATIWANGI, ID",,,"  351",",,S","  216",",,S","  277","H,,S"
"IDM00096791","2019-09-16","-6.75","108.267","50.0","CIREBON JATIWANGI, ID",,,"  344",",,S","  223",",,S","  282","H,,S"
"IDM00096791","2019-09-17","-6.75","108.267","50.0","CIREBON JATIWANGI, ID",,,"  342",",,S","  226",",,S","  282","H,,S"
"IDM00096791","2019-09-18","-6.75","108.267","50.0","CIREBON JATIWANGI, ID",,,"  354",",,S",,,"  264","H,,S"
"IDM00096791","2019-09-19","-6.75","108.267","50.0","CIREBON JATIWANGI, ID",,,"  347",",,S","  234",",,S","  282","H,,S"
"IDM00096791","2019-09-20","-6.75","108.267","50.0","CIREBON JATIWANGI, ID",,,"  348",",,S",,,"  282","H,,S"
"IDM00096791","2019-09-21","-6.75","108.267","50.0","CIREBON JATIWANGI, ID",,,"  354",",,S",,,"  267","H,,S"
"IDM00096791","2019-09-22","-6.75","108.267","50.0","CIREBON JATIWANGI, ID",,,"  364",",,S","  211",",,S","  287","H,,S"
"IDM00096791","2019-09-23","-6.75","108.267","50.0","CIREBON JATIWANGI, ID",,,"  356",",,S","  229",",,S","  288","H,,S"
"IDM00096791","2019-09-24","-6.75","108.267","50.0","CIREBON JATIWANGI, ID",,,"  350",",,S","  250",",,S","  289","H,,S"
"IDM00096791","2019-09-25","-6.75","108.267","50.0","CIREBON JATIWANGI, ID",,,"  359",",,S","  247",",,S","  293","H,,S"
"IDM00096791","2019-09-26","-6.75","108.267","50.0","CIREBON JATIWANGI, ID",,,"  366",",,S","  238",",,S","  297","H,,S"
"IDM00096791","2019-09-27","-6.75","108.267","50.0","CIREBON JATIWANGI, ID",,,"  368",",,S","  253",",,S","  299","H,,S"
"IDM00096791","2019-09-28","-6.75","108.267","50.0","CIREBON JATIWANGI, ID",,,"  362",",,S","  254",",,S","  298","H,,S"
"IDM00096791","2019-09-29","-6.75","108.267","50.0","CIREBON JATIWANGI, ID",,,"  357",",,S",,,"  293","H,,S"
"IDM00096791","2019-09-30","-6.75","108.267","50.0","CIREBON JATIWANGI, ID",,,"  371",",,S",,,"  294","H,,S"
"IDM00096791","2019-10-01","-6.75","108.267","50.0","CIREBON JATIWANGI, ID",,,"  374",",,S","  235",",,S","  300","H,,S"
"IDM00096791","2019-10-02","-6.75","108.267","50.0","CIREBON JATIWANGI, ID",,,"  366",",,S","  252",",,S","  304","H,,S"
"IDM00096791","2019-10-03","-6.75","108.267","50.0","CIREBON JATIWANGI, ID",,,"  368",",,S","  248",",,S","  302","H,,S"
"IDM00096791","2019-10-04","-6.75","108.267","50.0","CIREBON JATIWANGI, ID",,,,,,,"  266","H,,S"
"IDM00096791","2019-10-05","-6.75","108.267","50.0","CIREBON JATIWANGI, ID",,,"  375",",,S","  252",",,S","  298","H,,S"
"IDM00096791","2019-10-06","-6.75","108.267","50.0","CIREBON JATIWANGI, ID",,,"  372",",,S",,,"  298","H,,S"
"IDM00096791","2019-10-07","-6.75","108.267","50.0","CIREBON JATIWANGI, ID",,,"  365",",,S","  250",",,S","  299","H,,S"
"IDM00096791","2019-10-08","-6.75","108.267","50.0","CIREBON JATIWANGI, ID",,,"  368",",,S","  250",",,S","  297","H,,S"
"IDM00096791","2019-10-09","-6.75","108.267","50.0","CIREBON JATIWANGI, ID",,,"  368",",,S","  246",",,S","  299","H,,S"
"IDM00096791","2019-10-10","-6.75","108.267","50.0","CIREBON JATIWANGI, ID",,,"  362",",,S","  251",",,S","  303","H,,S"
"IDM00096791","2019-10-11","-6.75","108.267","50.0","CIREBON JATIWANGI, ID",,,"  367",",,S",,,"  298","H,,S"
"IDM00096791","2019-10-12","-6.75","108.267","50.0","CIREBON JATIWANGI, ID",,,"  370",",,S","  237",",,S","  298","H,,S"
"IDM00096791","2019-10-13","-6.75","108.267","50.0","CIREBON JATIWANGI, ID",,,"  382",",,S","  248",",,S","  302","H,,S"
"IDM00096791","2019-10-14","-6.75","108.267","50.0","CIREBON JATIWANGI, ID",,,"  374",",,S","  251",",,S","  304","H,,S"
"IDM00096791","2019-10-15","-6.75","108.267","50.0","CIREBON JATIWANGI, ID",,,"  374",",,S","  253",",,S","  304","H,,S"
"IDM00096791","2019-10-16","-6.75","108.267","50.0","CIREBON JATIWANGI, ID",,,"  356",",,S","  253",",,S","  301","H,,S"
"IDM00096791","2019-10-17","-6.75","108.267","50.0","CIREBON JATIWANGI, ID",,,"  364",",,S","  250",",,S","  297","H,,S"
"IDM00096791","2019-10-18","-6.75","108.267","50.0","CIREBON JATIWANGI, ID",,,"  372",",,S",,,"  301","H,,S"
"IDM00096791","2019-10-19","-6.75","108.267","50.0","CIREBON JATIWANGI, ID",,,"  372",",,S","  244",",,S","  304","H,,S"
"IDM00096791","2019-10-20","-6.75","108.267","50.0","CIREBON JATIWANGI, ID",,,"  375",",,S",,,"  297","H,,S"
"IDM00096791","2019-10-21","-6.75","108.267","50.0","CIREBON JATIWANGI, ID",,,"  384",",,S","  229",",,S","  307","H,,S"
"IDM00096791","2019-10-22","-6.75","108.267","50.0","CIREBON JATIWANGI, ID",,,,,"  250",",,S","  313","H,,S"
"IDM00096791","2019-10-23","-6.75","108.267","50.0","CIREBON JATIWANGI, ID",,,"  388",",,S","  254",",,S","  308","H,,S"
"IDM00096791","2019-10-24","-6.75","108.267","50.0","CIREBON JATIWANGI, ID",,,"  388",",,S","  256",",,S","  309","H,,S"
"IDM00096791","2019-10-25","-6.75","108.267","50.0","CIREBON JATIWANGI, ID",,,,,,,"  304","H,,S"
"IDM00096791","2019-10-26","-6.75","108.267","50.0","CIREBON JATIWANGI, ID",,,"  380",",,S","  248",",,S","  308","H,,S"
"IDM00096791","2019-10-27","-6.75","108.267","50.0","CIREBON JATIWANGI, ID",,,"  363",",,S","  254",",,S","  299","H,,S"
"IDM00096791","2019-10-28","-6.75","108.267","50.0","CIREBON JATIWANGI, ID",,,"  372",",,S","  244",",,S","  304","H,,S"
"IDM00096791","2019-10-29","-6.75","108.267","50.0","CIREBON JATIWANGI, ID",,,"  370",",,S","  252",",,S","  304","H,,S"
"IDM00096791","2019-10-30","-6.75","108.267","50.0","CIREBON JATIWANGI, ID",,,,,"  254",",,S","  303","H,,S"
"IDM00096791","2019-10-31","-6.75","108.267","50.0","CIREBON JATIWANGI, ID",,,"  370",",,S","  250",",,S","  308","H,,S"
"IDM00096791","2019-11-01","-6.75","108.267","50.0","CIREBON JATIWANGI, ID",,,"  350",",,S","  254",",,S","  297","H,,S"
"IDM00096791","2019-11-02","-6.75","108.267","50.0","CIREBON JATIWANGI, ID",,,,,"  263",",,S","  290","H,,S"
"IDM00096791","2019-11-03","-6.75","108.267","50.0","CIREBON JATIWANGI, ID",,,"  360",",,S","  264",",,S","  301","H,,S"
"IDM00096791","2019-11-04","-6.75","108.267","50.0","CIREBON JATIWANGI, ID",,,"  350",",,S",,,"  293","H,,S"
"IDM00096791","2019-11-05","-6.75","108.267","50.0","CIREBON JATIWANGI, ID",,,"  371",",,S","  252",",,S","  296","H,,S"
"IDM00096791","2019-11-06","-6.75","108.267","50.0","CIREBON JATIWANGI, ID",,,"  381",",,S","  244",",,S","  307","H,,S"
"IDM00096791","2019-11-07","-6.75","108.267","50.0","CIREBON JATIWANGI, ID",,,"  378",",,S","  251",",,S","  315","H,,S"
"IDM00096791","2019-11-08","-6.75","108.267","50.0","CIREBON JATIWANGI, ID",,,"  384",",,S","  245",",,S","  304","H,,S"
"IDM00096791","2019-11-09","-6.75","108.267","50.0","CIREBON JATIWANGI, ID",,,"  385",",,S",,,"  301","H,,S"
"IDM00096791","2019-11-10","-6.75","108.267","50.0","CIREBON JATIWANGI, ID",,,"  388",",,S","  250",",,S","  308","H,,S"
"IDM00096791","2019-11-11","-6.75","108.267","50.0","CIREBON JATIWANGI, ID",,,"  388",",,S","  266",",,S","  318","H,,S"
"IDM00096791","2019-11-12","-6.75","108.267","50.0","CIREBON JATIWANGI, ID",,,"  376",",,S","  271",",,S","  317","H,,S"
"IDM00096791","2019-11-13","-6.75","108.267","50.0","CIREBON JATIWANGI, ID",,,"  364",",,S","  270",",,S","  306","H,,S"
"IDM00096791","2019-11-14","-6.75","108.267","50.0","CIREBON JATIWANGI, ID",,,"  347",",,S",,,"  294","H,,S"
"IDM00096791","2019-11-15","-6.75","108.267","50.0","CIREBON JATIWANGI, ID",,,"  380",",,S","  250",",,S","  308","H,,S"
"IDM00096791","2019-11-16","-6.75","108.267","50.0","CIREBON JATIWANGI, ID",,,"  392",",,S","  252",",,S","  311","H,,S"
"IDM00096791","2019-11-17","-6.75","108.267","50.0","CIREBON JATIWANGI, ID",,,"  386",",,S","  250",",,S","  312","H,,S"
"IDM00096791","2019-11-18","-6.75","108.267","50.0","CIREBON JATIWANGI, ID",,,"  387",",,S","  260",",,S","  313","H,,S"
"IDM00096791","2019-11-19","-6.75","108.267","50.0","CIREBON JATIWANGI, ID",,,"  382",",,S","  257",",,S","  313","H,,S"
"IDM00096791","2019-11-20","-6.75","108.267","50.0","CIREBON JATIWANGI, ID",,,"  366",",,S",,,"  288","H,,S"
"IDM00096791","2019-11-21","-6.75","108.267","50.0","CIREBON JATIWANGI, ID",,,"  348",",,S","  240",",,S","  287","H,,S"
"IDM00096791","2019-11-22","-6.75","108.267","50.0","CIREBON JATIWANGI, ID",,,"  357",",,S","  248",",,S","  281","H,,S"
"IDM00096791","2019-11-23","-6.75","108.267","50.0","CIREBON JATIWANGI, ID",,,,,"  250",",,S","  300","H,,S"
"IDM00096791","2019-11-24","-6.75","108.267","50.0","CIREBON JATIWANGI, ID",,,"  362",",,S","  249",",,S","  297","H,,S"
"IDM00096791","2019-11-25","-6.75","108.267","50.0","CIREBON JATIWANGI, ID",,,"  354",",,S",,,"  288","H,,S"
"IDM00096791","2019-11-26","-6.75","108.267","50.0","CIREBON JATIWANGI, ID",,,"  348",",,S","  244",",,S","  288","H,,S"
"IDM00096791","2019-11-27","-6.75","108.267","50.0","CIREBON JATIWANGI, ID",,,"  344",",,S",,,"  282","H,,S"
"IDM00096791","2019-11-28","-6.75","108.267","50.0","CIREBON JATIWANGI, ID",,,"  354",",,S","  245",",,S","  292","H,,S"
"IDM00096791","2019-11-29","-6.75","108.267","50.0","CIREBON JATIWANGI, ID",,,"  354",",,S","  250",",,S","  302","H,,S"
"IDM00096791","2019-11-30","-6.75","108.267","50.0","CIREBON JATIWANGI, ID",,,"  348",",,S","  254",",,S","  292","H,,S"
"IDM00096791","2019-12-01","-6.75","108.267","50.0","CIREBON JATIWANGI, ID",,,,,"  252",",,S","  301","H,,S"
"IDM00096791","2019-12-02","-6.75","108.267","50.0","CIREBON JATIWANGI, ID",,,,,"  260",",,S","  304","H,,S"
"IDM00096791","2019-12-03","-6.75","108.267","50.0","CIREBON JATIWANGI, ID",,,,,,,"  289","H,,S"
"IDM00096791","2019-12-04","-6.75","108.267","50.0","CIREBON JATIWANGI, ID",,,"  352",",,S",,,"  277","H,,S"
"IDM00096791","2019-12-05","-6.75","108.267","50.0","CIREBON JATIWANGI, ID",,,"  350",",,S","  242",",,S","  273","H,,S"
"IDM00096791","2019-12-06","-6.75","108.267","50.0","CIREBON JATIWANGI, ID",,,"  348",",,S","  246",",,S","  273","H,,S"
"IDM00096791","2019-12-07","-6.75","108.267","50.0","CIREBON JATIWANGI, ID",,,"  320",",,S","  248",",,S","  276","H,,S"
"IDM00096791","2019-12-08","-6.75","108.267","50.0","CIREBON JATIWANGI, ID",,,"  348",",,S","  249",",,S","  287","H,,S"
"IDM00096791","2019-12-09","-6.75","108.267","50.0","CIREBON JATIWANGI, ID",,,"  347",",,S","  246",",,S","  282","H,,S"
"IDM00096791","2019-12-10","-6.75","108.267","50.0","CIREBON JATIWANGI, ID",,,"  342",",,S",,,"  284","H,,S"
"IDM00096791","2019-12-11","-6.75","108.267","50.0","CIREBON JATIWANGI, ID",,,"  348",",,S",,,"  275","H,,S"
"IDM00096791","2019-12-12","-6.75","108.267","50.0","CIREBON JATIWANGI, ID",,,"  308",",,S","  235",",,S","  274","H,,S"
"IDM00096791","2019-12-13","-6.75","108.267","50.0","CIREBON JATIWANGI, ID",,,"  337",",,S","  242",",,S","  274","H,,S"
"IDM00096791","2019-12-14","-6.75","108.267","50.0","CIREBON JATIWANGI, ID",,,"  349",",,S","  243",",,S","  281","H,,S"
"IDM00096791","2019-12-15","-6.75","108.267","50.0","CIREBON JATIWANGI, ID",,,"  344",",,S",,,"  285","H,,S"
"IDM00096791","2019-12-16","-6.75","108.267","50.0","CIREBON JATIWANGI, ID",,,"  329",",,S","  239",",,S","  271","H,,S"
"IDM00096791","2019-12-17","-6.75","108.267","50.0","CIREBON JATIWANGI, ID",,,"  312",",,S",,,"  261","H,,S"
"IDM00096791","2019-12-18","-6.75","108.267","50.0","CIREBON JATIWANGI, ID",,,"  367",",,S","  237",",,S","  283","H,,S"
"IDM00096791","2019-12-19","-6.75","108.267","50.0","CIREBON JATIWANGI, ID",,,"  347",",,S","  242",",,S","  292","H,,S"
"IDM00096791","2019-12-20","-6.75","108.267","50.0","CIREBON JATIWANGI, ID",,,"  350",",,S","  252",",,S","  284","H,,S"
"IDM00096791","2019-12-21","-6.75","108.267","50.0","CIREBON JATIWANGI, ID",,,"  356",",,S",,,"  277","H,,S"
"IDM00096791","2019-12-22","-6.75","108.267","50.0","CIREBON JATIWANGI, ID",,,"  334",",,S","  244",",,S","  271","H,,S"
"IDM00096791","2019-12-23","-6.75","108.267","50.0","CIREBON JATIWANGI, ID",,,"  344",",,S",,,"  272","H,,S"
"IDM00096791","2019-12-24","-6.75","108.267","50.0","CIREBON JATIWANGI, ID",,,"  342",",,S","  238",",,S","  286","H,,S"
"IDM00096791","2019-12-25","-6.75","108.267","50.0","CIREBON JATIWANGI, ID",,,"  350",",,S","  244",",,S","  270","H,,S"
"IDM00096791","2019-12-26","-6.75","108.267","50.0","CIREBON JATIWANGI, ID",,,"  325",",,S",,,"  276","H,,S"
"IDM00096791","2019-12-27","-6.75","108.267","50.0","CIREBON JATIWANGI, ID",,,"  326",",,S",,,"  261","H,,S"
"IDM00096791","2019-12-28","-6.75","108.267","50.0","CIREBON JATIWANGI, ID",,,,,,,"  273","H,,S"
"IDM00096791","2019-12-29","-6.75","108.267","50.0","CIREBON JATIWANGI, ID",,,"  332",",,S","  239",",,S","  288","H,,S"
"IDM00096791","2019-12-30","-6.75","108.267","50.0","CIREBON JATIWANGI, ID",,,"  344",",,S","  248",",,S","  273","H,,S"
"IDM00096791","2019-12-31","-6.75","108.267","50.0","CIREBON JATIWANGI, ID","  511","D,,S","  332",",,S","  243",",,S","  266","H,,S"
"IDM00096791","2020-01-01","-6.75","108.267","50.0","CIREBON JATIWANGI, ID",,,"  308",",,S","  244",",,S","  265","H,,S"
"IDM00096791","2020-01-02","-6.75","108.267","50.0","CIREBON JATIWANGI, ID",,,"  320",",,S","  242",",,S","  277","H,,S"
"IDM00096791","2020-01-03","-6.75","108.267","50.0","CIREBON JATIWANGI, ID",,,"  322",",,S","  246",",,S","  283","H,,S"
"IDM00096791","2020-01-04","-6.75","108.267","50.0","CIREBON JATIWANGI, ID",,,"  306",",,S","  254",",,S","  277","H,,S"
"IDM00096791","2020-01-05","-6.75","108.267","50.0","CIREBON JATIWANGI, ID",,,"  310",",,S","  250",",,S","  271","H,,S"
"IDM00096791","2020-01-06","-6.75","108.267","50.0","CIREBON JATIWANGI, ID",,,"  316",",,S","  250",",,S","  272","H,,S"
"IDM00096791","2020-01-07","-6.75","108.267","50.0","CIREBON JATIWANGI, ID",,,"  319",",,S",,,"  266","H,,S"
"IDM00096791","2020-01-08","-6.75","108.267","50.0","CIREBON JATIWANGI, ID",,,"  323",",,S","  246",",,S","  266","H,,S"
"IDM00096791","2020-01-09","-6.75","108.267","50.0","CIREBON JATIWANGI, ID",,,"  258",",,S","  244",",,S","  249","H,,S"
"IDM00096791","2020-01-10","-6.75","108.267","50.0","CIREBON JATIWANGI, ID",,,"  298",",,S","  240",",,S","  268","H,,S"
"IDM00096791","2020-01-11","-6.75","108.267","50.0","CIREBON JATIWANGI, ID",,,"  320",",,S",,,"  263","H,,S"
"IDM00096791","2020-01-12","-6.75","108.267","50.0","CIREBON JATIWANGI, ID",,,"  336",",,S","  236",",,S","  284","H,,S"
"IDM00096791","2020-01-13","-6.75","108.267","50.0","CIREBON JATIWANGI, ID",,,"  324",",,S","  240",",,S","  288","H,,S"
"IDM00096791","2020-01-14","-6.75","108.267","50.0","CIREBON JATIWANGI, ID",,,"  330",",,S","  250",",,S","  285","H,,S"
"IDM00096791","2020-01-15","-6.75","108.267","50.0","CIREBON JATIWANGI, ID",,,"  312",",,S","  254",",,S","  279","H,,S"
"IDM00096791","2020-01-16","-6.75","108.267","50.0","CIREBON JATIWANGI, ID",,,"  344",",,S",,,"  271","H,,S"
"IDM00096791","2020-01-17","-6.75","108.267","50.0","CIREBON JATIWANGI, ID",,,"  340",",,S",,,"  276","H,,S"
"IDM00096791","2020-01-18","-6.75","108.267","50.0","CIREBON JATIWANGI, ID",,,"  324",",,S","  240",",,S","  281","H,,S"
"IDM00096791","2020-01-19","-6.75","108.267","50.0","CIREBON JATIWANGI, ID",,,"  340",",,S","  248",",,S","  283","H,,S"
"IDM00096791","2020-01-20","-6.75","108.267","50.0","CIREBON JATIWANGI, ID",,,"  329",",,S","  248",",,S","  277","H,,S"
"IDM00096791","2020-01-21","-6.75","108.267","50.0","CIREBON JATIWANGI, ID",,,"  316",",,S",,,"  276","H,,S"
"IDM00096791","2020-01-22","-6.75","108.267","50.0","CIREBON JATIWANGI, ID",,,"  344",",,S","  248",",,S","  292","H,,S"
"IDM00096791","2020-01-23","-6.75","108.267","50.0","CIREBON JATIWANGI, ID",,,"  338",",,S","  252",",,S","  284","H,,S"
"IDM00096791","2020-01-24","-6.75","108.267","50.0","CIREBON JATIWANGI, ID",,,"  340",",,S","  252",",,S","  283","H,,S"
"IDM00096791","2020-01-25","-6.75","108.267","50.0","CIREBON JATIWANGI, ID",,,"  298",",,S",,,"  258","H,,S"
"IDM00096791","2020-01-26","-6.75","108.267","50.0","CIREBON JATIWANGI, ID",,,"  328",",,S","  244",",,S","  272","H,,S"
"IDM00096791","2020-01-27","-6.75","108.267","50.0","CIREBON JATIWANGI, ID",,,"  334",",,S","  247",",,S","  276","H,,S"
"IDM00096791","2020-01-28","-6.75","108.267","50.0","CIREBON JATIWANGI, ID",,,"  336",",,S","  246",",,S","  279","H,,S"
"IDM00096791","2020-01-29","-6.75","108.267","50.0","CIREBON JATIWANGI, ID",,,"  326",",,S","  250",",,S","  276","H,,S"
"IDM00096791","2020-01-30","-6.75","108.267","50.0","CIREBON JATIWANGI, ID",,,"  308",",,S","  250",",,S","  280","H,,S"
"IDM00096791","2020-01-31","-6.75","108.267","50.0","CIREBON JATIWANGI, ID",,,"  317",",,S",,,"  270","H,,S"
"IDM00096791","2020-02-01","-6.75","108.267","50.0","CIREBON JATIWANGI, ID",,,"  322",",,S","  249",",,S","  273","H,,S"
"IDM00096791","2020-02-02","-6.75","108.267","50.0","CIREBON JATIWANGI, ID",,,"  320",",,S","  249",",,S","  282","H,,S"
"IDM00096791","2020-02-03","-6.75","108.267","50.0","CIREBON JATIWANGI, ID",,,"  324",",,S",,,"  268","H,,S"
"IDM00096791","2020-02-04","-6.75","108.267","50.0","CIREBON JATIWANGI, ID",,,"  313",",,S","  238",",,S","  268","H,,S"
"IDM00096791","2020-02-05","-6.75","108.267","50.0","CIREBON JATIWANGI, ID",,,"  327",",,S",,,"  263","H,,S"
"IDM00096791","2020-02-06","-6.75","108.267","50.0","CIREBON JATIWANGI, ID",,,"  320",",,S","  239",",,S","  268","H,,S"
"IDM00096791","2020-02-07","-6.75","108.267","50.0","CIREBON JATIWANGI, ID",,,"  322",",,S","  244",",,S","  269","H,,S"
"IDM00096791","2020-02-08","-6.75","108.267","50.0","CIREBON JATIWANGI, ID",,,"  309",",,S","  244",",,S","  273","H,,S"
"IDM00096791","2020-02-09","-6.75","108.267","50.0","CIREBON JATIWANGI, ID",,,"  313",",,S",,,"  268","H,,S"
"IDM00096791","2020-02-10","-6.75","108.267","50.0","CIREBON JATIWANGI, ID",,,"  327",",,S",,,"  267","H,,S"
"IDM00096791","2020-02-11","-6.75","108.267","50.0","CIREBON JATIWANGI, ID",,,"  326",",,S","  238",",,S","  264","H,,S"
"IDM00096791","2020-02-12","-6.75","108.267","50.0","CIREBON JATIWANGI, ID",,,"  330",",,S","  238",",,S","  282","H,,S"
"IDM00096791","2020-02-13","-6.75","108.267","50.0","CIREBON JATIWANGI, ID",,,"  331",",,S","  240",",,S","  281","H,,S"
"IDM00096791","2020-02-14","-6.75","108.267","50.0","CIREBON JATIWANGI, ID",,,"  331",",,S","  244",",,S","  278","H,,S"
"IDM00096791","2020-02-15","-6.75","108.267","50.0","CIREBON JATIWANGI, ID",,,"  333",",,S",,,"  269","H,,S"
"IDM00096791","2020-02-16","-6.75","108.267","50.0","CIREBON JATIWANGI, ID",,,"  322",",,S","  241",",,S","  268","H,,S"
"IDM00096791","2020-02-17","-6.75","108.267","50.0","CIREBON JATIWANGI, ID",,,"  320",",,S",,,"  253","H,,S"
"IDM00096791","2020-02-18","-6.75","108.267","50.0","CIREBON JATIWANGI, ID",,,"  311",",,S","  232",",,S","  259","H,,S"
"IDM00096791","2020-02-19","-6.75","108.267","50.0","CIREBON JATIWANGI, ID",,,"  314",",,S","  238",",,S","  264","H,,S"
"IDM00096791","2020-02-20","-6.75","108.267","50.0","CIREBON JATIWANGI, ID",,,"  282",",,S","  240",",,S","  257","H,,S"
"IDM00096791","2020-02-21","-6.75","108.267","50.0","CIREBON JATIWANGI, ID",,,"  326",",,S","  242",",,S","  274","H,,S"
"IDM00096791","2020-02-22","-6.75","108.267","50.0","CIREBON JATIWANGI, ID",,,"  332",",,S","  240",",,S","  277","H,,S"
"IDM00096791","2020-02-23","-6.75","108.267","50.0","CIREBON JATIWANGI, ID",,,"  304",",,S","  242",",,S","  276","H,,S"
"IDM00096791","2020-02-24","-6.75","108.267","50.0","CIREBON JATIWANGI, ID",,,"  272",",,S","  246",",,S","  252","H,,S"
"IDM00096791","2020-02-25","-6.75","108.267","50.0","CIREBON JATIWANGI, ID",,,"  312",",,S","  243",",,S","  266","H,,S"
"IDM00096791","2020-02-26","-6.75","108.267","50.0","CIREBON JATIWANGI, ID",,,"  331",",,S","  243",",,S","  274","H,,S"
"IDM00096791","2020-02-27","-6.75","108.267","50.0","CIREBON JATIWANGI, ID",,,"  322",",,S","  245",",,S","  271","H,,S"
"IDM00096791","2020-02-28","-6.75","108.267","50.0","CIREBON JATIWANGI, ID",,,"  320",",,S","  247",",,S","  270","H,,S"
"IDM00096791","2020-02-29","-6.75","108.267","50.0","CIREBON JATIWANGI, ID",,,"  326",",,S","  247",",,S","  273","H,,S"
"IDM00096791","2020-03-01","-6.75","108.267","50.0","CIREBON JATIWANGI, ID",,,"  309",",,S","  243",",,S","  272","H,,S"
"IDM00096791","2020-03-02","-6.75","108.267","50.0","CIREBON JATIWANGI, ID",,,"  332",",,S","  248",",,S","  286","H,,S"
"IDM00096791","2020-03-03","-6.75","108.267","50.0","CIREBON JATIWANGI, ID",,,"  332",",,S","  251",",,S","  279","H,,S"
"IDM00096791","2020-03-04","-6.75","108.267","50.0","CIREBON JATIWANGI, ID",,,"  326",",,S","  244",",,S","  262","H,,S"
"IDM00096791","2020-03-05","-6.75","108.267","50.0","CIREBON JATIWANGI, ID",,,"  329",",,S","  242",",,S","  273","H,,S"
"IDM00096791","2020-03-06","-6.75","108.267","50.0","CIREBON JATIWANGI, ID",,,"  332",",,S","  240",",,S","  269","H,,S"
"IDM00096791","2020-03-07","-6.75","108.267","50.0","CIREBON JATIWANGI, ID",,,"  320",",,S","  242",",,S","  274","H,,S"
"IDM00096791","2020-03-08","-6.75","108.267","50.0","CIREBON JATIWANGI, ID",,,"  332",",,S","  246",",,S","  273","H,,S"
"IDM00096791","2020-03-09","-6.75","108.267","50.0","CIREBON JATIWANGI, ID",,,"  335",",,S","  238",",,S","  278","H,,S"
"IDM00096791","2020-03-10","-6.75","108.267","50.0","CIREBON JATIWANGI, ID",,,"  338",",,S","  238",",,S","  276","H,,S"
"IDM00096791","2020-03-11","-6.75","108.267","50.0","CIREBON JATIWANGI, ID",,,,,"  253",",,S","  287","H,,S"
"IDM00096791","2020-03-12","-6.75","108.267","50.0","CIREBON JATIWANGI, ID",,,"  312",",,S",,,"  261","H,,S"
"IDM00096791","2020-03-13","-6.75","108.267","50.0","CIREBON JATIWANGI, ID",,,,,"  238",",,S","  274","H,,S"
"IDM00096791","2020-03-14","-6.75","108.267","50.0","CIREBON JATIWANGI, ID",,,,,"  242",",,S","  268","H,,S"
"IDM00096791","2020-03-15","-6.75","108.267","50.0","CIREBON JATIWANGI, ID",,,,,"  240",",,S","  279","H,,S"
"IDM00096791","2020-03-16","-6.75","108.267","50.0","CIREBON JATIWANGI, ID",,,,,"  240",",,S","  264","H,,S"
"IDM00096791","2020-03-17","-6.75","108.267","50.0","CIREBON JATIWANGI, ID",,,"  325",",,S","  236",",,S","  283","H,,S"
"IDM00096791","2020-03-18","-6.75","108.267","50.0","CIREBON JATIWANGI, ID",,,,,"  240",",,S","  271","H,,S"
"IDM00096791","2020-03-19","-6.75","108.267","50.0","CIREBON JATIWANGI, ID",,,"  320",",,S","  242",",,S","  268","H,,S"
"IDM00096791","2020-03-20","-6.75","108.267","50.0","CIREBON JATIWANGI, ID",,,"  321",",,S","  240",",,S","  269","H,,S"
"IDM00096791","2020-03-21","-6.75","108.267","50.0","CIREBON JATIWANGI, ID",,,"  328",",,S","  237",",,S","  279","H,,S"
"IDM00096791","2020-03-22","-6.75","108.267","50.0","CIREBON JATIWANGI, ID",,,"  332",",,S","  235",",,S","  273","H,,S"
"IDM00096791","2020-03-23","-6.75","108.267","50.0","CIREBON JATIWANGI, ID",,,"  336",",,S","  236",",,S","  279","H,,S"
"IDM00096791","2020-03-24","-6.75","108.267","50.0","CIREBON JATIWANGI, ID",,,"  310",",,S","  246",",,S","  269","H,,S"
"IDM00096791","2020-03-25","-6.75","108.267","50.0","CIREBON JATIWANGI, ID",,,"  342",",,S","  246",",,S","  283","H,,S"
"IDM00096791","2020-03-26","-6.75","108.267","50.0","CIREBON JATIWANGI, ID",,,"  328",",,S","  244",",,S","  261","H,,S"
"IDM00096791","2020-03-27","-6.75","108.267","50.0","CIREBON JATIWANGI, ID",,,"  340",",,S","  243",",,S","  286","H,,S"
"IDM00096791","2020-03-28","-6.75","108.267","50.0","CIREBON JATIWANGI, ID",,,"  344",",,S","  244",",,S","  288","H,,S"
"IDM00096791","2020-03-29","-6.75","108.267","50.0","CIREBON JATIWANGI, ID",,,"  334",",,S",,,"  273","H,,S"
"IDM00096791","2020-03-30","-6.75","108.267","50.0","CIREBON JATIWANGI, ID",,,"  334",",,S","  243",",,S","  267","H,,S"
"IDM00096791","2020-03-31","-6.75","108.267","50.0","CIREBON JATIWANGI, ID",,,"  340",",,S",,,"  271","H,,S"
"IDM00096791","2020-04-01","-6.75","108.267","50.0","CIREBON JATIWANGI, ID",,,"  333",",,S","  238",",,S","  284","H,,S"
"IDM00096791","2020-04-02","-6.75","108.267","50.0","CIREBON JATIWANGI, ID",,,"  333",",,S","  246",",,S","  280","H,,S"
"IDM00096791","2020-04-03","-6.75","108.267","50.0","CIREBON JATIWANGI, ID",,,"  346",",,S","  248",",,S","  288","H,,S"
"IDM00096791","2020-04-04","-6.75","108.267","50.0","CIREBON JATIWANGI, ID",,,"  338",",,S",,,"  278","H,,S"
"IDM00096791","2020-04-05","-6.75","108.267","50.0","CIREBON JATIWANGI, ID",,,"  342",",,S",,,"  273","H,,S"
"IDM00096791","2020-04-06","-6.75","108.267","50.0","CIREBON JATIWANGI, ID",,,"  310",",,S","  246",",,S","  261","H,,S"
"IDM00096791","2020-04-07","-6.75","108.267","50.0","CIREBON JATIWANGI, ID",,,"  340",",,S","  238",",,S","  272","H,,S"
"IDM00096791","2020-04-08","-6.75","108.267","50.0","CIREBON JATIWANGI, ID",,,"  325",",,S","  242",",,S","  273","H,,S"
"IDM00096791","2020-04-09","-6.75","108.267","50.0","CIREBON JATIWANGI, ID",,,"  336",",,S","  246",",,S","  272","H,,S"
"IDM00096791","2020-04-10","-6.75","108.267","50.0","CIREBON JATIWANGI, ID",,,"  339",",,S","  241",",,S","  282","H,,S"
"IDM00096791","2020-04-11","-6.75","108.267","50.0","CIREBON JATIWANGI, ID",,,"  337",",,S","  242",",,S","  292","H,,S"
"IDM00096791","2020-04-12","-6.75","108.267","50.0","CIREBON JATIWANGI, ID",,,"  344",",,S",,,"  285","H,,S"
"IDM00096791","2020-04-13","-6.75","108.267","50.0","CIREBON JATIWANGI, ID",,,"  332",",,S",,,"  277","H,,S"
"IDM00096791","2020-04-14","-6.75","108.267","50.0","CIREBON JATIWANGI, ID",,,"  328",",,S","  244",",,S","  272","H,,S"
"IDM00096791","2020-04-15","-6.75","108.267","50.0","CIREBON JATIWANGI, ID",,,"  320",",,S","  246",",,S","  273","H,,S"
"IDM00096791","2020-04-16","-6.75","108.267","50.0","CIREBON JATIWANGI, ID",,,"  326",",,S","  250",",,S","  288","H,,S"
"IDM00096791","2020-04-17","-6.75","108.267","50.0","CIREBON JATIWANGI, ID",,,"  348",",,S",,,"  281","H,,S"
"IDM00096791","2020-04-18","-6.75","108.267","50.0","CIREBON JATIWANGI, ID",,,"  326",",,S","  243",",,S","  274","H,,S"
"IDM00096791","2020-04-19","-6.75","108.267","50.0","CIREBON JATIWANGI, ID",,,"  330",",,S","  244",",,S","  289","H,,S"
"IDM00096791","2020-04-20","-6.75","108.267","50.0","CIREBON JATIWANGI, ID",,,"  342",",,S","  250",",,S","  292","H,,S"
"IDM00096791","2020-04-21","-6.75","108.267","50.0","CIREBON JATIWANGI, ID",,,"  302",",,S",,,"  268","H,,S"
"IDM00096791","2020-04-22","-6.75","108.267","50.0","CIREBON JATIWANGI, ID",,,"  335",",,S","  250",",,S","  291","H,,S"
"IDM00096791","2020-04-23","-6.75","108.267","50.0","CIREBON JATIWANGI, ID",,,"  342",",,S","  250",",,S","  293","H,,S"
"IDM00096791","2020-04-24","-6.75","108.267","50.0","CIREBON JATIWANGI, ID",,,"  331",",,S",,,"  278","H,,S"
"IDM00096791","2020-04-25","-6.75","108.267","50.0","CIREBON JATIWANGI, ID",,,"  334",",,S","  236",",,S","  283","H,,S"
"IDM00096791","2020-04-26","-6.75","108.267","50.0","CIREBON JATIWANGI, ID",,,"  314",",,S","  237",",,S","  282","H,,S"
"IDM00096791","2020-04-27","-6.75","108.267","50.0","CIREBON JATIWANGI, ID",,,"  345",",,S","  253",",,S","  289","H,,S"
"IDM00096791","2020-04-28","-6.75","108.267","50.0","CIREBON JATIWANGI, ID",,,"  300",",,S",,,"  264","H,,S"
"IDM00096791","2020-04-29","-6.75","108.267","50.0","CIREBON JATIWANGI, ID",,,"  327",",,S","  232",",,S","  280","H,,S"
"IDM00096791","2020-04-30","-6.75","108.267","50.0","CIREBON JATIWANGI, ID",,,"  335",",,S","  236",",,S","  286","H,,S"
"IDM00096791","2020-05-01","-6.75","108.267","50.0","CIREBON JATIWANGI, ID",,,"  340",",,S",,,"  284","H,,S"
"IDM00096791","2020-05-02","-6.75","108.267","50.0","CIREBON JATIWANGI, ID",,,"  320",",,S","  251",",,S","  281","H,,S"
"IDM00096791","2020-05-03","-6.75","108.267","50.0","CIREBON JATIWANGI, ID",,,"  332",",,S","  252",",,S","  286","H,,S"
"IDM00096791","2020-05-04","-6.75","108.267","50.0","CIREBON JATIWANGI, ID",,,"  320",",,S","  252",",,S","  274","H,,S"
"IDM00096791","2020-05-05","-6.75","108.267","50.0","CIREBON JATIWANGI, ID",,,,,"  252",",,S","  287","H,,S"
"IDM00096791","2020-05-06","-6.75","108.267","50.0","CIREBON JATIWANGI, ID",,,"  340",",,S","  250",",,S","  286","H,,S"
"IDM00096791","2020-05-07","-6.75","108.267","50.0","CIREBON JATIWANGI, ID",,,"  346",",,S","  246",",,S","  288","H,,S"
"IDM00096791","2020-05-08","-6.75","108.267","50.0","CIREBON JATIWANGI, ID",,,"  344",",,S","  247",",,S","  291","H,,S"
"IDM00096791","2020-05-09","-6.75","108.267","50.0","CIREBON JATIWANGI, ID",,,"  306",",,S","  252",",,S","  276","H,,S"
"IDM00096791","2020-05-10","-6.75","108.267","50.0","CIREBON JATIWANGI, ID",,,"  324",",,S","  255",",,S","  284","H,,S"
"IDM00096791","2020-05-11","-6.75","108.267","50.0","CIREBON JATIWANGI, ID",,,"  334",",,S","  248",",,S","  282","H,,S"
"IDM00096791","2020-05-12","-6.75","108.267","50.0","CIREBON JATIWANGI, ID",,,"  340",",,S","  252",",,S","  294","H,,S"
"IDM00096791","2020-05-13","-6.75","108.267","50.0","CIREBON JATIWANGI, ID",,,"  341",",,S",,,"  281","H,,S"
"IDM00096791","2020-05-14","-6.75","108.267","50.0","CIREBON JATIWANGI, ID",,,"  336",",,S","  244",",,S","  284","H,,S"
"IDM00096791","2020-05-15","-6.75","108.267","50.0","CIREBON JATIWANGI, ID",,,"  342",",,S","  244",",,S","  284","H,,S"
"IDM00096791","2020-05-16","-6.75","108.267","50.0","CIREBON JATIWANGI, ID",,,"  346",",,S","  242",",,S","  279","H,,S"
"IDM00096791","2020-05-17","-6.75","108.267","50.0","CIREBON JATIWANGI, ID",,,"  350",",,S","  245",",,S","  292","H,,S"
"IDM00096791","2020-05-18","-6.75","108.267","50.0","CIREBON JATIWANGI, ID",,,"  322",",,S",,,"  263","H,,S"
"IDM00096791","2020-05-19","-6.75","108.267","50.0","CIREBON JATIWANGI, ID",,,"  334",",,S","  248",",,S","  288","H,,S"
"IDM00096791","2020-05-20","-6.75","108.267","50.0","CIREBON JATIWANGI, ID",,,"  340",",,S",,,"  281","H,,S"
"IDM00096791","2020-05-21","-6.75","108.267","50.0","CIREBON JATIWANGI, ID",,,"  324",",,S","  242",",,S","  285","H,,S"
"IDM00096791","2020-05-22","-6.75","108.267","50.0","CIREBON JATIWANGI, ID",,,"  334",",,S","  251",",,S","  289","H,,S"
"IDM00096791","2020-05-23","-6.75","108.267","50.0","CIREBON JATIWANGI, ID",,,"  343",",,S",,,"  291","H,,S"
"IDM00096791","2020-05-24","-6.75","108.267","50.0","CIREBON JATIWANGI, ID",,,"  345",",,S",,,"  280","H,,S"
"IDM00096791","2020-05-25","-6.75","108.267","50.0","CIREBON JATIWANGI, ID",,,"  339",",,S","  246",",,S","  273","H,,S"
"IDM00096791","2020-05-26","-6.75","108.267","50.0","CIREBON JATIWANGI, ID",,,"  324",",,S","  246",",,S","  283","H,,S"
"IDM00096791","2020-05-27","-6.75","108.267","50.0","CIREBON JATIWANGI, ID",,,"  322",",,S",,,"  276","H,,S"
"IDM00096791","2020-05-28","-6.75","108.267","50.0","CIREBON JATIWANGI, ID",,,"  312",",,S","  239",",,S","  275","H,,S"
"IDM00096791","2020-05-29","-6.75","108.267","50.0","CIREBON JATIWANGI, ID",,,"  340",",,S","  245",",,S","  268","H,,S"
"IDM00096791","2020-05-30","-6.75","108.267","50.0","CIREBON JATIWANGI, ID",,,"  332",",,S","  240",",,S","  287","H,,S"
"IDM00096791","2020-05-31","-6.75","108.267","50.0","CIREBON JATIWANGI, ID",,,"  338",",,S","  240",",,S","  284","H,,S"
"IDM00096791","2020-06-01","-6.75","108.267","50.0","CIREBON JATIWANGI, ID",,,"  328",",,S","  246",",,S","  283","H,,S"
"IDM00096791","2020-06-02","-6.75","108.267","50.0","CIREBON JATIWANGI, ID",,,"  320",",,S","  243",",,S","  278","H,,S"
"IDM00096791","2020-06-03","-6.75","108.267","50.0","CIREBON JATIWANGI, ID",,,"  322",",,S","  242",",,S","  275","H,,S"
