"MA000067095","2018-06-30","-18.117","49.4","6.0","TOAMASINA, MA","    0",",,S","  272",",,S",,,"  213","H,,S"
"MA000067095","2018-07-01","-18.117","49.4","6.0","TOAMASINA, MA","   10",",,S","  272",",,S",,,"  226","H,,S"
"MA000067095","2018-07-02","-18.117","49.4","6.0","TOAMASINA, MA","   30",",,S","  270",",,S",,,"  221","H,,S"
"MA000067095","2018-07-03","-18.117","49.4","6.0","TOAMASINA, MA","  119",",,S","  271",",,S","  185",",,S","  223","H,,S"
"MA000067095","2018-07-04","-18.117","49.4","6.0","TOAMASINA, MA","  201",",,S","  271",",,S",,,"  212","H,,S"
"MA000067095","2018-07-05","-18.117","49.4","6.0","TOAMASINA, MA","  239",",,S","  262",",,S",,,"  222","H,,S"
"MA000067095","2018-07-06","-18.117","49.4","6.0","TOAMASINA, MA","   71",",,S","  272",",,S","   76",",O,S","  223","H,,S"
"MA000067095","2018-07-07","-18.117","49.4","6.0","TOAMASINA, MA","  221",",,S","  272",",,S","  120",",,S","  233","H,,S"
"MA000067095","2018-07-08","-18.117","49.4","6.0","TOAMASINA, MA","   89",",,S","  266",",,S","   66",",O,S","  203","H,,S"
"MA000067095","2018-07-09","-18.117","49.4","6.0","TOAMASINA, MA","  130",",,S","  237",",,S",,,"  198","H,,S"
"MA000067095","2018-07-10","-18.117","49.4","6.0","TOAMASINA, MA","  279",",,S","  222",",,S","  175",",,S","  193","H,,S"
"MA000067095","2018-07-11","-18.117","49.4","6.0","TOAMASINA, MA","  211",",,S","  229",",,S","  176",",,S","  195","H,,S"
"MA000067095","2018-07-12","-18.117","49.4","6.0","TOAMASINA, MA","   10",",,S","  262",",,S",,,"  204","H,,S"
"MA000067095","2018-07-13","-18.117","49.4","6.0","TOAMASINA, MA","  109",",,S","  263",",,S","  172",",,S","  211","H,,S"
"MA000067095","2018-07-14","-18.117","49.4","6.0","TOAMASINA, MA","   71",",,S","  263",",,S","  184",",,S","  210","H,,S"
"MA000067095","2018-07-15","-18.117","49.4","6.0","TOAMASINA, MA","   51",",,S","  263",",,S",,,"  203","H,,S"
"MA000067095","2018-07-16","-18.117","49.4","6.0","TOAMASINA, MA","    0",",,S","  266",",,S","  147",",,S","  209","H,,S"
"MA000067095","2018-07-17","-18.117","49.4","6.0","TOAMASINA, MA","   51",",,S","  266",",,S",,,"  180","H,,S"
"MA000067095","2018-07-18","-18.117","49.4","6.0","TOAMASINA, MA","  160",",,S",,,"  160",",,S","  181","H,,S"
"MA000067095","2018-07-19","-18.117","49.4","6.0","TOAMASINA, MA","   99",",,S","  242",",,S","  161",",,S","  196","H,,S"
"MA000067095","2018-07-20","-18.117","49.4","6.0","TOAMASINA, MA","   41",",,S","  242",",,S","  170",",,S","  196","H,,S"
"MA000067095","2018-07-21","-18.117","49.4","6.0","TOAMASINA, MA","  191",",,S","  240",",,S",,,"  201","H,,S"
"MA000067095","2018-07-22","-18.117","49.4","6.0","TOAMASINA, MA","   30",",,S","  255",",,S",,,"  207","H,,S"
"MA000067095","2018-07-23","-18.117","49.4","6.0","TOAMASINA, MA","   89",",,S","  255",",,S",,,"  197","H,,S"
"MA000067095","2018-07-24","-18.117","49.4","6.0","TOAMASINA, MA","  119",",,S","  245",",,S","  166",",,S","  194","H,,S"
"MA000067095","2018-07-25","-18.117","49.4","6.0","TOAMASINA, MA","  650",",,S","  242",",,S","  182",",,S","  202","H,,S"
"MA000067095","2018-07-26","-18.117","49.4","6.0","TOAMASINA, MA","   89",",,S","  262",",,S","  185",",,S","  217","H,,S"
"MA000067095","2018-07-27","-18.117","49.4","6.0","TOAMASINA, MA","   71",",,S","  262",",,S","  184",",,S","  210","H,,S"
"MA000067095","2018-07-28","-18.117","49.4","6.0","TOAMASINA, MA","   61",",,S","  262",",,S","  186",",,S","  212","H,,S"
"MA000067095","2018-07-29","-18.117","49.4","6.0","TOAMASINA, MA","    3",",,S","  262",",,S","  174",",,S","  213","H,,S"
"MA000067095","2018-07-30","-18.117","49.4","6.0","TOAMASINA, MA","    0",",,S",,,"  173",",,S","  209","H,,S"
"MA000067095","2018-07-31","-18.117","49.4","6.0","TOAMASINA, MA",,,"  262",",,S","  162",",,S","  212","H,,S"
"MA000067095","2018-08-01","-18.117","49.4","6.0","TOAMASINA, MA",,,,,"  180",",,S","  227","H,,S"
"MA000067095","2018-08-02","-18.117","49.4","6.0","TOAMASINA, MA","    0",",,S","  276",",,S","  190",",,S","  231","H,,S"
"MA000067095","2018-08-03","-18.117","49.4","6.0","TOAMASINA, MA",,,"  278",",,S","  191",",,S","  238","H,,S"
"MA000067095","2018-08-04","-18.117","49.4","6.0","TOAMASINA, MA",,,"  278",",,S","  195",",,S","  237","H,,S"
"MA000067095","2018-08-05","-18.117","49.4","6.0","TOAMASINA, MA",,,"  270",",,S",,,"  223","H,,S"
"MA000067095","2018-08-06","-18.117","49.4","6.0","TOAMASINA, MA",,,"  270",",,S",,,"  224","H,,S"
"MA000067095","2018-08-07","-18.117","49.4","6.0","TOAMASINA, MA",,,"  273",",,S","  168",",,S","  219","H,,S"
"MA000067095","2018-08-08","-18.117","49.4","6.0","TOAMASINA, MA",,,"  278",",,S",,,"  211","H,,S"
"MA000067095","2018-08-09","-18.117","49.4","6.0","TOAMASINA, MA",,,"  278",",,S","  150",",,S","  209","H,,S"
"MA000067095","2018-08-10","-18.117","49.4","6.0","TOAMASINA, MA",,,"  272",",,S","  170",",,S","  223","H,,S"
"MA000067095","2018-08-11","-18.117","49.4","6.0","TOAMASINA, MA",,,"  275",",,S","  180",",,S","  239","H,,S"
"MA000067095","2018-08-12","-18.117","49.4","6.0","TOAMASINA, MA",,,"  280",",,S",,,"  240","H,,S"
"MA000067095","2018-08-13","-18.117","49.4","6.0","TOAMASINA, MA",,,"  280",",,S",,,"  233","H,,S"
"MA000067095","2018-08-14","-18.117","49.4","6.0","TOAMASINA, MA","   20",",,S","  278",",,S",,,"  232","H,,S"
"MA000067095","2018-08-15","-18.117","49.4","6.0","TOAMASINA, MA","    0",",,S","  275",",,S","  178",",,S","  222","H,,S"
"MA000067095","2018-08-16","-18.117","49.4","6.0","TOAMASINA, MA",,,"  278",",,S","  178",",,S","  223","H,,S"
"MA000067095","2018-08-17","-18.117","49.4","6.0","TOAMASINA, MA","   20",",,S","  278",",,S","  184",",,S","  211","H,,S"
"MA000067095","2018-08-18","-18.117","49.4","6.0","TOAMASINA, MA","  150",",,S","  269",",,S","  190",",,S","  227","H,,S"
"MA000067095","2018-08-19","-18.117","49.4","6.0","TOAMASINA, MA","    3",",,S","  274",",,S",,,"  236","H,,S"
"MA000067095","2018-08-20","-18.117","49.4","6.0","TOAMASINA, MA","    0",",,S","  274",",,S","  174",",,S","  217","H,,S"
"MA000067095","2018-08-21","-18.117","49.4","6.0","TOAMASINA, MA","  170",",,S","  270",",,S","  183",",,S","  222","H,,S"
"MA000067095","2018-08-22","-18.117","49.4","6.0","TOAMASINA, MA","    0",",,S","  270",",,S","  188",",,S","  219","H,,S"
"MA000067095","2018-08-23","-18.117","49.4","6.0","TOAMASINA, MA","   20",",,S","  272",",,S",,,"  223","H,,S"
"MA000067095","2018-08-24","-18.117","49.4","6.0","TOAMASINA, MA","    0",",,S","  279",",,S","  195",",,S","  231","H,,S"
"MA000067095","2018-08-25","-18.117","49.4","6.0","TOAMASINA, MA","   79",",,S","  279",",,S","  183",",,S","  218","H,,S"
"MA000067095","2018-08-26","-18.117","49.4","6.0","TOAMASINA, MA","   10",",,S","  272",",,S",,,"  229","H,,S"
"MA000067095","2018-08-27","-18.117","49.4","6.0","TOAMASINA, MA","  119",",,S","  272",",,S","  190",",,S","  216","H,,S"
"MA000067095","2018-08-28","-18.117","49.4","6.0","TOAMASINA, MA","    0",",,S","  260",",,S",,,"  214","H,,S"
"MA000067095","2018-08-29","-18.117","49.4","6.0","TOAMASINA, MA",,,"  272",",,S",,,"  217","H,,S"
"MA000067095","2018-08-30","-18.117","49.4","6.0","TOAMASINA, MA","    8",",,S","  272",",,S","  180",",,S","  218","H,,S"
"MA000067095","2018-08-31","-18.117","49.4","6.0","TOAMASINA, MA","    0",",,S","  265",",,S","  187",",,S","  226","H,,S"
"MA000067095","2018-09-01","-18.117","49.4","6.0","TOAMASINA, MA",,,"  265",",,S","  180",",,S","  218","H,,S"
"MA000067095","2018-09-02","-18.117","49.4","6.0","TOAMASINA, MA","  130",",,S","  260",",,S","  185",",,S","  212","H,,S"
"MA000067095","2018-09-03","-18.117","49.4","6.0","TOAMASINA, MA","   71",",,S","  270",",,S","  184",",,S","  219","H,,S"
"MA000067095","2018-09-04","-18.117","49.4","6.0","TOAMASINA, MA","   30",",,S","  270",",,S","  186",",,S","  219","H,,S"
"MA000067095","2018-09-05","-18.117","49.4","6.0","TOAMASINA, MA","  140",",,S",,,,,"  221","H,,S"
"MA000067095","2018-09-06","-18.117","49.4","6.0","TOAMASINA, MA","  109",",,S","  270",",,S","  184",",,S","  222","H,,S"
"MA000067095","2018-09-07","-18.117","49.4","6.0","TOAMASINA, MA","  170",",,S","  275",",,S","  185",",,S","  227","H,,S"
"MA000067095","2018-09-08","-18.117","49.4","6.0","TOAMASINA, MA","  119",",,S","  275",",,S","  213",",,S","  246","H,,S"
"MA000067095","2018-09-09","-18.117","49.4","6.0","TOAMASINA, MA","    8",",,S","  272",",,S",,,"  233","H,,S"
"MA000067095","2018-09-10","-18.117","49.4","6.0","TOAMASINA, MA","   41",",,S","  272",",,S","  188",",,S","  228","H,,S"
"MA000067095","2018-09-11","-18.117","49.4","6.0","TOAMASINA, MA","    5",",,S","  272",",,S","  194",",,S","  234","H,,S"
"MA000067095","2018-09-12","-18.117","49.4","6.0","TOAMASINA, MA","    0",",,S","  275",",,S","  190",",,S","  239","H,,S"
"MA000067095","2018-09-13","-18.117","49.4","6.0","TOAMASINA, MA","   10",",,S","  276",",,S",,,"  241","H,,S"
"MA000067095","2018-09-14","-18.117","49.4","6.0","TOAMASINA, MA","    0",",,S","  276",",,S","  188",",,S","  229","H,,S"
"MA000067095","2018-09-15","-18.117","49.4","6.0","TOAMASINA, MA",,,"  274",",,S",,,"  232","H,,S"
"MA000067095","2018-09-16","-18.117","49.4","6.0","TOAMASINA, MA",,,"  273",",,S",,,"  228","H,,S"
"MA000067095","2018-09-17","-18.117","49.4","6.0","TOAMASINA, MA",,,,,,,"  187","H,,S"
"MA000067095","2018-09-18","-18.117","49.4","6.0","TOAMASINA, MA",,,"  276",",,S",,,"  233","H,,S"
"MA000067095","2018-09-19","-18.117","49.4","6.0","TOAMASINA, MA",,,"  276",",,S",,,"  231","H,,S"
"MA000067095","2018-09-20","-18.117","49.4","6.0","TOAMASINA, MA",,,"  276",",,S",,,"  229","H,,S"
"MA000067095","2018-09-21","-18.117","49.4","6.0","TOAMASINA, MA",,,,,"  176",",,S","  238","H,,S"
"MA000067095","2018-09-22","-18.117","49.4","6.0","TOAMASINA, MA",,,"  280",",,S",,,"  234","H,,S"
"MA000067095","2018-09-23","-18.117","49.4","6.0","TOAMASINA, MA",,,"  280",",,S","  170",",,S","  233","H,,S"
"MA000067095","2018-09-24","-18.117","49.4","6.0","TOAMASINA, MA",,,,,,,"  190","H,,S"
"MA000067095","2018-09-25","-18.117","49.4","6.0","TOAMASINA, MA",,,"  286",",,S",,,"  231","H,,S"
"MA000067095","2018-09-26","-18.117","49.4","6.0","TOAMASINA, MA",,,"  283",",,S",,,"  237","H,,S"
"MA000067095","2018-09-27","-18.117","49.4","6.0","TOAMASINA, MA","    0",",,S",,,,,"  222","H,,S"
"MA000067095","2018-09-28","-18.117","49.4","6.0","TOAMASINA, MA","    0",",,S","  278",",,S","  178",",,S","  232","H,,S"
"MA000067095","2018-09-29","-18.117","49.4","6.0","TOAMASINA, MA","    3",",,S",,,"  188",",,S","  235","H,,S"
"MA000067095","2018-09-30","-18.117","49.4","6.0","TOAMASINA, MA","    0",",,S",,,,,"  227","H,,S"
"MA000067095","2018-10-01","-18.117","49.4","6.0","TOAMASINA, MA","   10",",,S","  278",",,S","  171",",,S","  223","H,,S"
"MA000067095","2018-10-02","-18.117","49.4","6.0","TOAMASINA, MA","  119",",,S","  268",",,S",,,"  217","H,,S"
"MA000067095","2018-10-03","-18.117","49.4","6.0","TOAMASINA, MA","    0",",,S","  270",",,S",,,"  224","H,,S"
"MA000067095","2018-10-04","-18.117","49.4","6.0","TOAMASINA, MA",,,"  280",",,S","  170",",,S","  233","H,,S"
"MA000067095","2018-10-05","-18.117","49.4","6.0","TOAMASINA, MA",,,"  276",",,S",,,"  228","H,,S"
"MA000067095","2018-10-06","-18.117","49.4","6.0","TOAMASINA, MA",,,"  276",",,S","  167",",,S","  225","H,,S"
"MA000067095","2018-10-07","-18.117","49.4","6.0","TOAMASINA, MA",,,,,"  195",",,S","  242","H,,S"
"MA000067095","2018-10-08","-18.117","49.4","6.0","TOAMASINA, MA",,,"  290",",,S","  216",",,S","  252","H,,S"
"MA000067095","2018-10-09","-18.117","49.4","6.0","TOAMASINA, MA","   10",",,S","  290",",,S","  208",",,S","  239","H,,S"
"MA000067095","2018-10-10","-18.117","49.4","6.0","TOAMASINA, MA","   10",",,S","  281",",,S","  194",",,S","  238","H,,S"
"MA000067095","2018-10-11","-18.117","49.4","6.0","TOAMASINA, MA","    0",",,S","  282",",,S",,,"  247","H,,S"
"MA000067095","2018-10-12","-18.117","49.4","6.0","TOAMASINA, MA","    5",",,S","  282",",,S",,,"  249","H,,S"
"MA000067095","2018-10-13","-18.117","49.4","6.0","TOAMASINA, MA","    0",",,S","  275",",,S",,,"  244","H,,S"
"MA000067095","2018-10-14","-18.117","49.4","6.0","TOAMASINA, MA","    3",",,S","  280",",,S","  208",",,S","  243","H,,S"
"MA000067095","2018-10-15","-18.117","49.4","6.0","TOAMASINA, MA","    3",",,S","  292",",,S","  208",",,S","  246","H,,S"
"MA000067095","2018-10-16","-18.117","49.4","6.0","TOAMASINA, MA","   20",",,S","  292",",,S",,,"  242","H,,S"
"MA000067095","2018-10-17","-18.117","49.4","6.0","TOAMASINA, MA","   99",",,S","  284",",,S",,,"  247","H,,S"
"MA000067095","2018-10-18","-18.117","49.4","6.0","TOAMASINA, MA","    0",",,S","  287",",,S","  215",",,S","  252","H,,S"
"MA000067095","2018-10-19","-18.117","49.4","6.0","TOAMASINA, MA","    8",",,S","  288",",,S","  228",",,S","  260","H,,S"
"MA000067095","2018-10-20","-18.117","49.4","6.0","TOAMASINA, MA","   10",",,S","  290",",,S","  230",",,S","  255","H,,S"
"MA000067095","2018-10-21","-18.117","49.4","6.0","TOAMASINA, MA","   30",",,S","  292",",,S",,,"  256","H,,S"
"MA000067095","2018-10-22","-18.117","49.4","6.0","TOAMASINA, MA","    5",",,S","  292",",,S","  205",",,S","  236","H,,S"
"MA000067095","2018-10-23","-18.117","49.4","6.0","TOAMASINA, MA","   20",",,S","  284",",,S","  198",",,S","  227","H,,S"
"MA000067095","2018-10-24","-18.117","49.4","6.0","TOAMASINA, MA","    0",",,S","  274",",,S",,,"  223","H,,S"
"MA000067095","2018-10-25","-18.117","49.4","6.0","TOAMASINA, MA","   79",",,S",,,,,"  224","H,,S"
"MA000067095","2018-10-26","-18.117","49.4","6.0","TOAMASINA, MA","    0",",,S","  278",",,S","  173",",,S","  230","H,,S"
"MA000067095","2018-10-27","-18.117","49.4","6.0","TOAMASINA, MA",,,"  275",",,S","  173",",,S","  228","H,,S"
"MA000067095","2018-10-28","-18.117","49.4","6.0","TOAMASINA, MA",,,"  278",",,S","  198",",,S","  235","H,,S"
"MA000067095","2018-10-29","-18.117","49.4","6.0","TOAMASINA, MA","   41",",,S","  278",",,S","  187",",,S","  233","H,,S"
"MA000067095","2018-10-30","-18.117","49.4","6.0","TOAMASINA, MA","    0",",,S",,,"  208",",,S","  253","H,,S"
"MA000067095","2018-10-31","-18.117","49.4","6.0","TOAMASINA, MA",,,,,,,"  258","H,,S"
"MA000067095","2018-11-01","-18.117","49.4","6.0","TOAMASINA, MA","   61",",,S","  296",",,S","  220",",,S","  258","H,,S"
"MA000067095","2018-11-02","-18.117","49.4","6.0","TOAMASINA, MA","    3",",,S","  293",",,S",,,"  248","H,,S"
"MA000067095","2018-11-03","-18.117","49.4","6.0","TOAMASINA, MA","    0",",,S","  293",",,S","  200",",,S","  251","H,,S"
"MA000067095","2018-11-04","-18.117","49.4","6.0","TOAMASINA, MA","   20",",,S","  292",",,S","  217",",,S","  239","H,,S"
"MA000067095","2018-11-05","-18.117","49.4","6.0","TOAMASINA, MA","   61",",,S","  282",",,S","  219",",,S","  243","H,,S"
"MA000067095","2018-11-06","-18.117","49.4","6.0","TOAMASINA, MA","    0",",,S","  300",",,S","  214",",,S","  256","H,,S"
"MA000067095","2018-11-07","-18.117","49.4","6.0","TOAMASINA, MA",,,"  300",",,S","  207",",,S","  254","H,,S"
"MA000067095","2018-11-08","-18.117","49.4","6.0","TOAMASINA, MA",,,,,"  202",",,S","  252","H,,S"
"MA000067095","2018-11-09","-18.117","49.4","6.0","TOAMASINA, MA",,,,,"  195",",,S","  254","H,,S"
"MA000067095","2018-11-10","-18.117","49.4","6.0","TOAMASINA, MA",,,,,"  213",",,S","  259","H,,S"
"MA000067095","2018-11-11","-18.117","49.4","6.0","TOAMASINA, MA",,,,,,,"  258","H,,S"
"MA000067095","2018-11-12","-18.117","49.4","6.0","TOAMASINA, MA","   30",",,S","  304",",,S","  225",",,S","  267","H,,S"
"MA000067095","2018-11-13","-18.117","49.4","6.0","TOAMASINA, MA","    0",",,S","  304",",,S","  227",",,S","  246","H,,S"
"MA000067095","2018-11-14","-18.117","49.4","6.0","TOAMASINA, MA","   41",",,S","  296",",,S",,,"  236","H,,S"
"MA000067095","2018-11-15","-18.117","49.4","6.0","TOAMASINA, MA","  119",",,S","  290",",,S","  218",",,S","  239","H,,S"
"MA000067095","2018-11-16","-18.117","49.4","6.0","TOAMASINA, MA","   61",",,S",,,"  218",",,S","  261","H,,S"
"MA000067095","2018-11-23","-18.117","49.4","6.0","TOAMASINA, MA",,,,,"  223",",,S","  266","H,,S"
"MA000067095","2018-11-24","-18.117","49.4","6.0","TOAMASINA, MA",,,,,,,"  266","H,,S"
"MA000067095","2018-11-25","-18.117","49.4","6.0","TOAMASINA, MA","   79",",,S","  304",",,S","  226",",,S","  258","H,,S"
"MA000067095","2018-11-26","-18.117","49.4","6.0","TOAMASINA, MA","    0",",,S","  304",",,S","  218",",,S","  257","H,,S"
"MA000067095","2018-11-27","-18.117","49.4","6.0","TOAMASINA, MA",,,"  309",",,S","  210",",,S","  255","H,,S"
"MA000067095","2018-11-28","-18.117","49.4","6.0","TOAMASINA, MA",,,"  308",",,S","  201",",,S","  261","H,,S"
"MA000067095","2018-11-29","-18.117","49.4","6.0","TOAMASINA, MA",,,,,"  218",",,S","  268","H,,S"
"MA000067095","2018-11-30","-18.117","49.4","6.0","TOAMASINA, MA",,,"  310",",,S","  228",",,S","  268","H,,S"
"MA000067095","2018-12-01","-18.117","49.4","6.0","TOAMASINA, MA","  239",",,S","  310",",,S","  215",",,S","  238","H,,S"
"MA000067095","2018-12-02","-18.117","49.4","6.0","TOAMASINA, MA","    0",",,S",,,,,"  257","H,,S"
"MA000067095","2018-12-03","-18.117","49.4","6.0","TOAMASINA, MA",,,"  302",",,S","  224",",,S","  264","H,,S"
"MA000067095","2018-12-04","-18.117","49.4","6.0","TOAMASINA, MA","    5",",,S","  302",",,S","  228",",,S","  263","H,,S"
"MA000067095","2018-12-05","-18.117","49.4","6.0","TOAMASINA, MA","    3",",,S","  308",",,S","  225",",,S","  266","H,,S"
"MA000067095","2018-12-06","-18.117","49.4","6.0","TOAMASINA, MA","    0",",,S","  312",",,S","  230",",,S","  266","H,,S"
"MA000067095","2018-12-07","-18.117","49.4","6.0","TOAMASINA, MA","    3",",,S","  312",",,S","  227",",,S","  271","H,,S"
"MA000067095","2018-12-08","-18.117","49.4","6.0","TOAMASINA, MA","    0",",,S","  305",",,S",,,"  262","H,,S"
"MA000067095","2018-12-09","-18.117","49.4","6.0","TOAMASINA, MA",,,"  310",",,S",,,"  259","H,,S"
"MA000067095","2018-12-10","-18.117","49.4","6.0","TOAMASINA, MA",,,"  312",",,S","  200",",,S","  265","H,,S"
"MA000067095","2018-12-11","-18.117","49.4","6.0","TOAMASINA, MA",,,"  312",",,S","  216",",,S","  273","H,,S"
"MA000067095","2018-12-12","-18.117","49.4","6.0","TOAMASINA, MA",,,"  315",",,S","  236",",,S","  282","H,,S"
"MA000067095","2018-12-13","-18.117","49.4","6.0","TOAMASINA, MA","   10",",,S",,,,,"  279","H,,S"
"MA000067095","2018-12-14","-18.117","49.4","6.0","TOAMASINA, MA","    0",",,S","  316",",,S",,,"  271","H,,S"
"MA000067095","2018-12-15","-18.117","49.4","6.0","TOAMASINA, MA","  104","B,,S","  315",",,S","  224",",,S","  267","H,,S"
"MA000067095","2018-12-16","-18.117","49.4","6.0","TOAMASINA, MA","  119","B,,S","  310",",,S","  230",",,S","  254","H,,S"
"MA000067095","2018-12-17","-18.117","49.4","6.0","TOAMASINA, MA","  160","B,,S","  312",",,S",,,"  263","H,,S"
"MA000067095","2018-12-18","-18.117","49.4","6.0","TOAMASINA, MA",,,"  312",",,S",,,"  263","H,,S"
"MA000067095","2018-12-19","-18.117","49.4","6.0","TOAMASINA, MA","  119",",,S","  305",",,S","  225",",,S","  252","H,,S"
"MA000067095","2018-12-20","-18.117","49.4","6.0","TOAMASINA, MA","   79",",,S","  305",",,S","  215",",,S","  261","H,,S"
"MA000067095","2018-12-21","-18.117","49.4","6.0","TOAMASINA, MA","    0",",,S",,,,,"  267","H,,S"
"MA000067095","2018-12-22","-18.117","49.4","6.0","TOAMASINA, MA",,,"  312",",,S",,,"  272","H,,S"
"MA000067095","2018-12-23","-18.117","49.4","6.0","TOAMASINA, MA",,,"  314",",,S","  230",",,S","  276","H,,S"
"MA000067095","2018-12-24","-18.117","49.4","6.0","TOAMASINA, MA","   41",",,S","  320",",,S","  220",",,S","  265","H,,S"
"MA000067095","2018-12-25","-18.117","49.4","6.0","TOAMASINA, MA","  259",",,S","  320",",,S","  234",",,S","  276","H,,S"
"MA000067095","2018-12-26","-18.117","49.4","6.0","TOAMASINA, MA","   10",",,S","  319",",,S",,,"  279","H,,S"
"MA000067095","2018-12-27","-18.117","49.4","6.0","TOAMASINA, MA","  290",",,S","  325",",,S","  228",",,S","  274","H,,S"
"MA000067095","2018-12-28","-18.117","49.4","6.0","TOAMASINA, MA","   20",",,S","  325",",,S","  234",",,S","  279","H,,S"
"MA000067095","2018-12-29","-18.117","49.4","6.0","TOAMASINA, MA","   20",",,S","  320",",,S","  238",",,S","  279","H,,S"
"MA000067095","2018-12-30","-18.117","49.4","6.0","TOAMASINA, MA","    0",",,S","  320",",,S","  240",",,S","  281","H,,S"
"MA000067095","2018-12-31","-18.117","49.4","6.0","TOAMASINA, MA","   30",",,S","  327",",,S",,,"  283","H,,S"
"MA000067095","2019-01-01","-18.117","49.4","6.0","TOAMASINA, MA","    3",",,S","  327",",,S","  238",",,S","  281","H,,S"
"MA000067095","2019-01-02","-18.117","49.4","6.0","TOAMASINA, MA","   61",",,S","  323",",,S","  236",",,S","  273","H,,S"
"MA000067095","2019-01-03","-18.117","49.4","6.0","TOAMASINA, MA","   89",",,S","  315",",,S",,,"  279","H,,S"
"MA000067095","2019-01-04","-18.117","49.4","6.0","TOAMASINA, MA","    8",",,S","  320",",,S",,,"  280","H,,S"
"MA000067095","2019-01-05","-18.117","49.4","6.0","TOAMASINA, MA","    0",",,S","  322",",,S","  239",",,S","  280","H,,S"
"MA000067095","2019-01-06","-18.117","49.4","6.0","TOAMASINA, MA","   20",",,S","  322",",,S","  246",",,S","  287","H,,S"
"MA000067095","2019-01-07","-18.117","49.4","6.0","TOAMASINA, MA","   89",",,S","  320",",,S","  245",",,S","  275","H,,S"
"MA000067095","2019-01-08","-18.117","49.4","6.0","TOAMASINA, MA","    0",",,S","  322",",,S","  239",",,S","  271","H,,S"
"MA000067095","2019-01-09","-18.117","49.4","6.0","TOAMASINA, MA","   51",",,S","  322",",,S","  236",",,S","  273","H,,S"
"MA000067095","2019-01-10","-18.117","49.4","6.0","TOAMASINA, MA","   30",",,S","  320",",,S","  240",",,S","  275","H,,S"
"MA000067095","2019-01-11","-18.117","49.4","6.0","TOAMASINA, MA","    0",",,S",,,"  239",",,S","  281","H,,S"
"MA000067095","2019-01-12","-18.117","49.4","6.0","TOAMASINA, MA","   20",",,S",,,"  237",",,S","  278","H,,S"
"MA000067095","2019-01-13","-18.117","49.4","6.0","TOAMASINA, MA","   10",",,S","  320",",,S","  239",",,S","  288","H,,S"
"MA000067095","2019-01-14","-18.117","49.4","6.0","TOAMASINA, MA","   89",",,S","  320",",,S","  238",",,S","  273","H,,S"
"MA000067095","2019-01-15","-18.117","49.4","6.0","TOAMASINA, MA","   71",",,S","  320",",,S","  239",",,S","  272","H,,S"
"MA000067095","2019-01-16","-18.117","49.4","6.0","TOAMASINA, MA","  371",",,S","  320",",,S","  234",",,S","  268","H,,S"
"MA000067095","2019-01-17","-18.117","49.4","6.0","TOAMASINA, MA","    0",",,S","  312",",,S","  226",",,S","  274","H,,S"
"MA000067095","2019-01-18","-18.117","49.4","6.0","TOAMASINA, MA",,,"  321",",,S",,,"  277","H,,S"
"MA000067095","2019-01-19","-18.117","49.4","6.0","TOAMASINA, MA","   51",",,S","  321",",,S","  239",",,S","  278","H,,S"
"MA000067095","2019-01-20","-18.117","49.4","6.0","TOAMASINA, MA","   61",",,S","  312",",,S",,,"  267","H,,S"
"MA000067095","2019-01-21","-18.117","49.4","6.0","TOAMASINA, MA","  150",",,S","  310",",,S","  248",",,S","  272","H,,S"
"MA000067095","2019-01-22","-18.117","49.4","6.0","TOAMASINA, MA","   89",",,S","  310",",,S",,,"  264","H,,S"
"MA000067095","2019-01-23","-18.117","49.4","6.0","TOAMASINA, MA","  109",",,S","  312",",,S","  247",",,S","  277","H,,S"
"MA000067095","2019-01-24","-18.117","49.4","6.0","TOAMASINA, MA","    0",",,S","  312",",,S",,,"  281","H,,S"
"MA000067095","2019-01-25","-18.117","49.4","6.0","TOAMASINA, MA",,,"  310",",,S",,,"  281","H,,S"
"MA000067095","2019-01-26","-18.117","49.4","6.0","TOAMASINA, MA",,,,,,,"  269","H,,S"
"MA000067095","2019-01-27","-18.117","49.4","6.0","TOAMASINA, MA"," 1240","B,,S","  320",",,S",,,"  264","H,,S"
"MA000067095","2019-01-28","-18.117","49.4","6.0","TOAMASINA, MA","  879","B,,S","  314",",,S",,,"  247","H,,S"
"MA000067095","2019-01-29","-18.117","49.4","6.0","TOAMASINA, MA",,,,,"  228",",,S","  272","H,,S"
"MA000067095","2019-01-30","-18.117","49.4","6.0","TOAMASINA, MA",,,,,,,"  257","H,,S"
"MA000067095","2019-01-31","-18.117","49.4","6.0","TOAMASINA, MA",,,,,"  220",",,S","  268","H,,S"
"MA000067095","2019-02-01","-18.117","49.4","6.0","TOAMASINA, MA","    0",",,S",,,"  236",",,S","  258","H,,S"
"MA000067095","2019-02-02","-18.117","49.4","6.0","TOAMASINA, MA","   79",",,S","  315",",,S","  235",",,S","  269","H,,S"
"MA000067095","2019-02-03","-18.117","49.4","6.0","TOAMASINA, MA","   89",",,S","  315",",,S","  226",",,S","  263","H,,S"
"MA000067095","2019-02-04","-18.117","49.4","6.0","TOAMASINA, MA","    0",",,S","  314",",,S",,,"  269","H,,S"
"MA000067095","2019-02-05","-18.117","49.4","6.0","TOAMASINA, MA",,,"  322",",,S","  240",",,S","  279","H,,S"
"MA000067095","2019-02-06","-18.117","49.4","6.0","TOAMASINA, MA",,,"  323",",,S","  238",",,S","  278","H,,S"
"MA000067095","2019-02-07","-18.117","49.4","6.0","TOAMASINA, MA",,,"  323",",,S","  241",",,S","  283","H,,S"
"MA000067095","2019-02-08","-18.117","49.4","6.0","TOAMASINA, MA","   20",",,S",,,,,"  269","H,,S"
"MA000067095","2019-02-09","-18.117","49.4","6.0","TOAMASINA, MA","   79",",,S","  307",",,S","  228",",,S","  255","H,,S"
"MA000067095","2019-02-10","-18.117","49.4","6.0","TOAMASINA, MA","    5",",,S","  304",",,S","  228",",,S","  259","H,,S"
"MA000067095","2019-02-11","-18.117","49.4","6.0","TOAMASINA, MA","    0",",,S",,,"  235",",,S","  271","H,,S"
"MA000067095","2019-02-12","-18.117","49.4","6.0","TOAMASINA, MA",,,"  308",",,S","  215",",,S","  263","H,,S"
"MA000067095","2019-02-13","-18.117","49.4","6.0","TOAMASINA, MA",,,"  311",",,S","  218",",,S","  263","H,,S"
"MA000067095","2019-02-14","-18.117","49.4","6.0","TOAMASINA, MA",,,,,"  206",",,S","  267","H,,S"
"MA000067095","2019-02-15","-18.117","49.4","6.0","TOAMASINA, MA",,,"  318",",,S",,,"  269","H,,S"
"MA000067095","2019-02-16","-18.117","49.4","6.0","TOAMASINA, MA",,,,,"  227",",,S","  271","H,,S"
"MA000067095","2019-02-17","-18.117","49.4","6.0","TOAMASINA, MA",,,"  315",",,S","  218",",,S","  267","H,,S"
"MA000067095","2019-02-18","-18.117","49.4","6.0","TOAMASINA, MA",,,"  320",",,S",,,"  279","H,,S"
"MA000067095","2019-02-19","-18.117","49.4","6.0","TOAMASINA, MA",,,,,"  245",",,S","  280","H,,S"
"MA000067095","2019-02-20","-18.117","49.4","6.0","TOAMASINA, MA",,,"  329",",,S",,,"  287","H,,S"
"MA000067095","2019-02-21","-18.117","49.4","6.0","TOAMASINA, MA",,,"  330",",,S",,,"  285","H,,S"
"MA000067095","2019-02-22","-18.117","49.4","6.0","TOAMASINA, MA","   41","B,,S","  330",",,S","  240",",,S","  279","H,,S"
"MA000067095","2019-02-23","-18.117","49.4","6.0","TOAMASINA, MA","    8",",,S","  321",",,S",,,"  267","H,,S"
"MA000067095","2019-02-24","-18.117","49.4","6.0","TOAMASINA, MA","  211",",,S","  317",",,S","  230",",,S","  261","H,,S"
"MA000067095","2019-02-25","-18.117","49.4","6.0","TOAMASINA, MA","   10",",,S","  314",",,S","  236",",,S","  272","H,,S"
"MA000067095","2019-02-26","-18.117","49.4","6.0","TOAMASINA, MA","   51",",,S","  314",",,S","  238",",,S","  269","H,,S"
"MA000067095","2019-02-27","-18.117","49.4","6.0","TOAMASINA, MA","  541",",,S","  314",",,S","  242",",,S","  265","H,,S"
"MA000067095","2019-02-28","-18.117","49.4","6.0","TOAMASINA, MA","  419",",,S","  321",",,S","  243",",,S","  271","H,,S"
"MA000067095","2019-03-01","-18.117","49.4","6.0","TOAMASINA, MA","   20",",,S","  322",",,S","  238",",,S","  280","H,,S"
"MA000067095","2019-03-02","-18.117","49.4","6.0","TOAMASINA, MA","   51",",,S","  322",",,S","  247",",,S","  275","H,,S"
"MA000067095","2019-03-03","-18.117","49.4","6.0","TOAMASINA, MA","    0",",,S",,,,,"  278","H,,S"
"MA000067095","2019-03-04","-18.117","49.4","6.0","TOAMASINA, MA",,,"  316",",,S","  230",",,S","  275","H,,S"
"MA000067095","2019-03-05","-18.117","49.4","6.0","TOAMASINA, MA","    5",",,S","  316",",,S","  240",",,S","  273","H,,S"
"MA000067095","2019-03-06","-18.117","49.4","6.0","TOAMASINA, MA","  130",",,S","  316",",,S",,,"  267","H,,S"
"MA000067095","2019-03-07","-18.117","49.4","6.0","TOAMASINA, MA","   71",",,S","  313",",,S",,,"  271","H,,S"
"MA000067095","2019-03-08","-18.117","49.4","6.0","TOAMASINA, MA","    0",",,S","  317",",,S",,,"  268","H,,S"
"MA000067095","2019-03-09","-18.117","49.4","6.0","TOAMASINA, MA","  249",",,S","  317",",,S","  228",",,S","  271","H,,S"
"MA000067095","2019-03-10","-18.117","49.4","6.0","TOAMASINA, MA","    0",",,S","  306",",,S",,,"  263","H,,S"
"MA000067095","2019-03-11","-18.117","49.4","6.0","TOAMASINA, MA","  589",",,S","  306",",,S",,,"  264","H,,S"
"MA000067095","2019-03-12","-18.117","49.4","6.0","TOAMASINA, MA","  211",",,S","  310",",,S","  237",",,S","  275","H,,S"
"MA000067095","2019-03-13","-18.117","49.4","6.0","TOAMASINA, MA","    0",",,S","  310",",,S",,,"  261","H,,S"
"MA000067095","2019-03-14","-18.117","49.4","6.0","TOAMASINA, MA","  790",",,S","  305",",,S","  233",",,S","  253","H,,S"
"MA000067095","2019-03-15","-18.117","49.4","6.0","TOAMASINA, MA","  340",",,S","  306",",,S","  220",",,S","  263","H,,S"
"MA000067095","2019-03-16","-18.117","49.4","6.0","TOAMASINA, MA","    0",",,S","  314",",,S",,,"  269","H,,S"
"MA000067095","2019-03-17","-18.117","49.4","6.0","TOAMASINA, MA",,,"  314",",,S","  227",",,S","  267","H,,S"
"MA000067095","2019-03-18","-18.117","49.4","6.0","TOAMASINA, MA",,,"  318",",,S",,,"  263","H,,S"
"MA000067095","2019-03-19","-18.117","49.4","6.0","TOAMASINA, MA",,,"  320",",,S","  220",",,S","  277","H,,S"
"MA000067095","2019-03-20","-18.117","49.4","6.0","TOAMASINA, MA",,,"  320",",,S","  237",",,S","  276","H,,S"
"MA000067095","2019-03-21","-18.117","49.4","6.0","TOAMASINA, MA","   10",",,S","  320",",,S",,,"  276","H,,S"
"MA000067095","2019-03-22","-18.117","49.4","6.0","TOAMASINA, MA","   20",",,S","  321",",,S","  237",",,S","  277","H,,S"
"MA000067095","2019-03-23","-18.117","49.4","6.0","TOAMASINA, MA","  361",",,S","  321",",,S","  240",",,S","  276","H,,S"
"MA000067095","2019-03-24","-18.117","49.4","6.0","TOAMASINA, MA","    5",",,S","  321",",,S","  237",",,S","  277","H,,S"
"MA000067095","2019-03-25","-18.117","49.4","6.0","TOAMASINA, MA","    5",",,S","  320",",,S","  237",",,S","  273","H,,S"
"MA000067095","2019-03-26","-18.117","49.4","6.0","TOAMASINA, MA","    0",",,S","  320",",,S","  244",",,S","  276","H,,S"
"MA000067095","2019-03-27","-18.117","49.4","6.0","TOAMASINA, MA",,,"  322",",,S",,,"  279","H,,S"
"MA000067095","2019-03-28","-18.117","49.4","6.0","TOAMASINA, MA","  320",",,S","  322",",,S","  240",",,S","  272","H,,S"
"MA000067095","2019-03-29","-18.117","49.4","6.0","TOAMASINA, MA","  239",",,S","  320",",,S","  233",",,S","  275","H,,S"
"MA000067095","2019-03-30","-18.117","49.4","6.0","TOAMASINA, MA","   10",",,S","  320",",,S","  235",",,S","  273","H,,S"
"MA000067095","2019-03-31","-18.117","49.4","6.0","TOAMASINA, MA","    0",",,S",,,"  230",",,S","  273","H,,S"
"MA000067095","2019-04-01","-18.117","49.4","6.0","TOAMASINA, MA",,,"  322",",,S","  231",",,S","  278","H,,S"
"MA000067095","2019-04-02","-18.117","49.4","6.0","TOAMASINA, MA","   10",",,S","  322",",,S","  238",",,S","  280","H,,S"
"MA000067095","2019-04-03","-18.117","49.4","6.0","TOAMASINA, MA","    0",",,S","  322",",,S",,,"  267","H,,S"
"MA000067095","2019-04-04","-18.117","49.4","6.0","TOAMASINA, MA","    0",",,S","  322",",,S","  225",",,S","  264","H,,S"
"MA000067095","2019-04-05","-18.117","49.4","6.0","TOAMASINA, MA","   20",",,S","  320",",,S","  236",",,S","  272","H,,S"
"MA000067095","2019-04-06","-18.117","49.4","6.0","TOAMASINA, MA","    0",",,S","  319",",,S",,,"  263","H,,S"
"MA000067095","2019-04-07","-18.117","49.4","6.0","TOAMASINA, MA","   61",",,S","  319",",,S","  234",",,S","  259","H,,S"
"MA000067095","2019-04-08","-18.117","49.4","6.0","TOAMASINA, MA","  231",",,S","  306",",,S",,,"  255","H,,S"
"MA000067095","2019-04-09","-18.117","49.4","6.0","TOAMASINA, MA","    8",",,S","  320",",,S","  228",",,S","  271","H,,S"
"MA000067095","2019-04-10","-18.117","49.4","6.0","TOAMASINA, MA","    0",",,S","  320",",,S","  230",",,S","  274","H,,S"
"MA000067095","2019-04-11","-18.117","49.4","6.0","TOAMASINA, MA","  180",",,S","  320",",,S","  236",",,S","  267","H,,S"
"MA000067095","2019-04-12","-18.117","49.4","6.0","TOAMASINA, MA","    0",",,S","  321",",,S",,,"  273","H,,S"
"MA000067095","2019-04-13","-18.117","49.4","6.0","TOAMASINA, MA",,,"  321",",,S","  228",",,S","  275","H,,S"
"MA000067095","2019-04-14","-18.117","49.4","6.0","TOAMASINA, MA",,,"  322",",,S","  248",",,S","  274","H,,S"
"MA000067095","2019-04-15","-18.117","49.4","6.0","TOAMASINA, MA",,,"  322",",,S","  236",",,S","  279","H,,S"
"MA000067095","2019-04-16","-18.117","49.4","6.0","TOAMASINA, MA",,,"  320",",,S","  237",",,S","  270","H,,S"
"MA000067095","2019-04-17","-18.117","49.4","6.0","TOAMASINA, MA",,,"  320",",,S",,,"  276","H,,S"
"MA000067095","2019-04-18","-18.117","49.4","6.0","TOAMASINA, MA","  450",",,S","  320",",,S",,,"  266","H,,S"
"MA000067095","2019-04-19","-18.117","49.4","6.0","TOAMASINA, MA","  140",",,S","  308",",,S",,,"  248","H,,S"
"MA000067095","2019-04-20","-18.117","49.4","6.0","TOAMASINA, MA","  701",",,S","  314",",,S","  220",",,S","  260","H,,S"
"MA000067095","2019-04-21","-18.117","49.4","6.0","TOAMASINA, MA","    0",",,S","  314",",,S","  230",",,S","  262","H,,S"
"MA000067095","2019-04-22","-18.117","49.4","6.0","TOAMASINA, MA",,,,,,,"  276","H,,S"
"MA000067095","2019-04-23","-18.117","49.4","6.0","TOAMASINA, MA","  399",",,S","  318",",,S",,,"  254","H,,S"
"MA000067095","2019-04-24","-18.117","49.4","6.0","TOAMASINA, MA","  180",",,S","  306",",,S","  238",",,S","  263","H,,S"
"MA000067095","2019-04-25","-18.117","49.4","6.0","TOAMASINA, MA","   51",",,S","  310",",,S",,,"  268","H,,S"
"MA000067095","2019-04-26","-18.117","49.4","6.0","TOAMASINA, MA","   20",",,S","  310",",,S","  238",",,S","  261","H,,S"
"MA000067095","2019-04-27","-18.117","49.4","6.0","TOAMASINA, MA","  180",",,S","  305",",,S",,,"  263","H,,S"
"MA000067095","2019-04-28","-18.117","49.4","6.0","TOAMASINA, MA","  579",",,S","  307",",,S",,,"  258","H,,S"
"MA000067095","2019-04-29","-18.117","49.4","6.0","TOAMASINA, MA","  279",",,S","  307",",,S",,,"  243","H,,S"
"MA000067095","2019-04-30","-18.117","49.4","6.0","TOAMASINA, MA","  559",",,S","  300",",,S",,,"  238","H,,S"
"MA000067095","2019-05-01","-18.117","49.4","6.0","TOAMASINA, MA","   20",",,S","  288",",,S",,,"  237","H,,S"
"MA000067095","2019-05-02","-18.117","49.4","6.0","TOAMASINA, MA","  170",",,S",,,"  212",",,S","  242","H,,S"
"MA000067095","2019-05-03","-18.117","49.4","6.0","TOAMASINA, MA","  221",",,S","  290",",,S","  212",",,S","  244","H,,S"
"MA000067095","2019-05-04","-18.117","49.4","6.0","TOAMASINA, MA"," 2817",",,S","  290",",,S","  213",",,S","  239","H,,S"
"MA000067095","2019-05-05","-18.117","49.4","6.0","TOAMASINA, MA","   99",",,S",,,"  218",",,S","  245","H,,S"
"MA000067095","2019-05-06","-18.117","49.4","6.0","TOAMASINA, MA","   20",",,S",,,,,"  246","H,,S"
"MA000067095","2019-05-07","-18.117","49.4","6.0","TOAMASINA, MA","    0",",,S","  302",",,S",,,"  254","H,,S"
"MA000067095","2019-05-08","-18.117","49.4","6.0","TOAMASINA, MA",,,"  302",",,S","  228",",,S","  243","H,,S"
"MA000067095","2019-05-09","-18.117","49.4","6.0","TOAMASINA, MA","  991",",,S",,,"  223",",,S","  246","H,,S"
"MA000067095","2019-05-10","-18.117","49.4","6.0","TOAMASINA, MA","   61",",,S","  286",",,S",,,"  242","H,,S"
"MA000067095","2019-05-11","-18.117","49.4","6.0","TOAMASINA, MA","   71",",,S","  292",",,S",,,"  242","H,,S"
"MA000067095","2019-05-12","-18.117","49.4","6.0","TOAMASINA, MA","    0",",,S","  293",",,S","  197",",,S","  248","H,,S"
"MA000067095","2019-05-13","-18.117","49.4","6.0","TOAMASINA, MA",,,"  293",",,S",,,"  251","H,,S"
"MA000067095","2019-05-14","-18.117","49.4","6.0","TOAMASINA, MA",,,"  292",",,S","  215",",,S","  256","H,,S"
"MA000067095","2019-05-15","-18.117","49.4","6.0","TOAMASINA, MA",,,"  290",",,S","  218",",,S","  247","H,,S"
"MA000067095","2019-05-16","-18.117","49.4","6.0","TOAMASINA, MA","  102","B,,S","  292",",,S",,,"  241","H,,S"
"MA000067095","2019-05-17","-18.117","49.4","6.0","TOAMASINA, MA",,,"  292",",,S","  201",",,S","  246","H,,S"
"MA000067095","2019-05-18","-18.117","49.4","6.0","TOAMASINA, MA",,,"  292",",,S","  198",",,S","  238","H,,S"
"MA000067095","2019-05-19","-18.117","49.4","6.0","TOAMASINA, MA",,,"  292",",,S","  194",",,S","  234","H,,S"
"MA000067095","2019-05-20","-18.117","49.4","6.0","TOAMASINA, MA",,,"  294",",,S",,,"  236","H,,S"
"MA000067095","2019-05-21","-18.117","49.4","6.0","TOAMASINA, MA",,,"  296",",,S","  214",",,S","  244","H,,S"
"MA000067095","2019-05-22","-18.117","49.4","6.0","TOAMASINA, MA",,,"  302",",,S","  207",",,S","  249","H,,S"
"MA000067095","2019-05-23","-18.117","49.4","6.0","TOAMASINA, MA",,,"  302",",,S","  200",",,S","  247","H,,S"
"MA000067095","2019-05-24","-18.117","49.4","6.0","TOAMASINA, MA",,,"  300",",,S","  205",",,S","  247","H,,S"
"MA000067095","2019-05-25","-18.117","49.4","6.0","TOAMASINA, MA","  130",",,S","  282",",,S",,,"  233","H,,S"
"MA000067095","2019-05-26","-18.117","49.4","6.0","TOAMASINA, MA","   61",",,S","  282",",,S","  203",",,S","  232","H,,S"
"MA000067095","2019-05-27","-18.117","49.4","6.0","TOAMASINA, MA","  330",",,S","  282",",,S","  200",",,S","  219","H,,S"
"MA000067095","2019-05-28","-18.117","49.4","6.0","TOAMASINA, MA","  269",",,S","  260",",,S",,,"  218","H,,S"
"MA000067095","2019-05-29","-18.117","49.4","6.0","TOAMASINA, MA","   89",",,S","  260",",,S","  197",",,S","  213","H,,S"
"MA000067095","2019-05-30","-18.117","49.4","6.0","TOAMASINA, MA","  231",",,S","  277",",,S","  205",",,S","  232","H,,S"
"MA000067095","2019-05-31","-18.117","49.4","6.0","TOAMASINA, MA","    0",",,S","  290",",,S",,,"  240","H,,S"
"MA000067095","2019-06-01","-18.117","49.4","6.0","TOAMASINA, MA",,,"  290",",,S",,,"  234","H,,S"
"MA000067095","2019-06-02","-18.117","49.4","6.0","TOAMASINA, MA",,,"  290",",,S","  188",",,S","  237","H,,S"
"MA000067095","2019-06-03","-18.117","49.4","6.0","TOAMASINA, MA","   71","B,,S","  290",",,S","  198",",,S","  237","H,,S"
"MA000067095","2019-06-04","-18.117","49.4","6.0","TOAMASINA, MA","  130","B,,S","  280",",,S",,,"  233","H,,S"
"MA000067095","2019-06-05","-18.117","49.4","6.0","TOAMASINA, MA","   79","B,,S","  280",",,S",,,"  217","H,,S"
"MA000067095","2019-06-06","-18.117","49.4","6.0","TOAMASINA, MA",,,"  266",",,S",,,"  218","H,,S"
"MA000067095","2019-06-07","-18.117","49.4","6.0","TOAMASINA, MA","  170",",,S",,,"  205",",,S","  231","H,,S"
"MA000067095","2019-06-08","-18.117","49.4","6.0","TOAMASINA, MA","   61",",,S","  274",",,S","  200",",,S","  230","H,,S"
"MA000067095","2019-06-09","-18.117","49.4","6.0","TOAMASINA, MA","    3",",,S",,,"  195",",,S","  232","H,,S"
"MA000067095","2019-06-10","-18.117","49.4","6.0","TOAMASINA, MA","  119",",,S","  284",",,S","  197",",,S","  231","H,,S"
"MA000067095","2019-06-11","-18.117","49.4","6.0","TOAMASINA, MA","  330",",,S","  262",",,S",,,"  221","H,,S"
"MA000067095","2019-06-12","-18.117","49.4","6.0","TOAMASINA, MA","   89",",,S","  260",",,S","  190",",,S","  213","H,,S"
"MA000067095","2019-06-13","-18.117","49.4","6.0","TOAMASINA, MA","   30",",,S",,,"  186",",,S","  218","H,,S"
"MA000067095","2019-06-14","-18.117","49.4","6.0","TOAMASINA, MA","    0",",,S","  265",",,S","  180",",,S","  213","H,,S"
"MA000067095","2019-06-15","-18.117","49.4","6.0","TOAMASINA, MA","    3",",,S","  288",",,S",,,"  210","H,,S"
"MA000067095","2019-06-16","-18.117","49.4","6.0","TOAMASINA, MA","   99",",,S","  288",",,S","  187",",,S","  221","H,,S"
"MA000067095","2019-06-17","-18.117","49.4","6.0","TOAMASINA, MA","    0",",,S","  270",",,S","  190",",,S","  214","H,,S"
"MA000067095","2019-06-18","-18.117","49.4","6.0","TOAMASINA, MA","  130",",,S","  260",",,S","  192",",,S","  208","H,,S"
"MA000067095","2019-06-19","-18.117","49.4","6.0","TOAMASINA, MA","   41",",,S","  274",",,S",,,"  218","H,,S"
"MA000067095","2019-06-20","-18.117","49.4","6.0","TOAMASINA, MA","   10",",,S","  274",",,S",,,"  210","H,,S"
"MA000067095","2019-06-21","-18.117","49.4","6.0","TOAMASINA, MA","  130",",,S","  268",",,S","  187",",,S","  212","H,,S"
"MA000067095","2019-06-22","-18.117","49.4","6.0","TOAMASINA, MA","  681",",,S","  256",",,S",,,"  215","H,,S"
"MA000067095","2019-06-23","-18.117","49.4","6.0","TOAMASINA, MA","   61",",,S","  260",",,S","  194",",,S","  217","H,,S"
"MA000067095","2019-06-24","-18.117","49.4","6.0","TOAMASINA, MA","    0",",,S",,,"  180",",,S","  219","H,,S"
"MA000067095","2019-06-25","-18.117","49.4","6.0","TOAMASINA, MA",,,"  276",",,S","  176",",,S","  222","H,,S"
"MA000067095","2019-06-26","-18.117","49.4","6.0","TOAMASINA, MA","    0",",,S","  276",",,S","  190",",,S","  216","H,,S"
"MA000067095","2019-06-27","-18.117","49.4","6.0","TOAMASINA, MA","  191",",,S","  264",",,S",,,"  223","H,,S"
"MA000067095","2019-06-28","-18.117","49.4","6.0","TOAMASINA, MA","  180",",,S","  260",",,S","  204",",,S","  230","H,,S"
"MA000067095","2019-06-29","-18.117","49.4","6.0","TOAMASINA, MA","  239",",,S","  276",",,S",,,"  237","H,,S"
"MA000067095","2019-06-30","-18.117","49.4","6.0","TOAMASINA, MA","   79",",,S","  276",",,S",,,"  232","H,,S"
"MA000067095","2019-07-01","-18.117","49.4","6.0","TOAMASINA, MA","    0",",,S","  265",",,S","  187",",,S","  213","H,,S"
"MA000067095","2019-07-02","-18.117","49.4","6.0","TOAMASINA, MA","   99",",,S","  265",",,S","  193",",,S","  220","H,,S"
"MA000067095","2019-07-03","-18.117","49.4","6.0","TOAMASINA, MA","    0",",,S","  270",",,S",,,"  212","H,,S"
"MA000067095","2019-07-04","-18.117","49.4","6.0","TOAMASINA, MA",,,"  270",",,S","  173",",,S","  219","H,,S"
"MA000067095","2019-07-05","-18.117","49.4","6.0","TOAMASINA, MA","   30",",,S","  270",",,S","  188",",,S","  209","H,,S"
"MA000067095","2019-07-06","-18.117","49.4","6.0","TOAMASINA, MA","  170",",,S","  263",",,S","  194",",,S","  217","H,,S"
"MA000067095","2019-07-07","-18.117","49.4","6.0","TOAMASINA, MA","    0",",,S","  275",",,S",,,"  226","H,,S"
"MA000067095","2019-07-08","-18.117","49.4","6.0","TOAMASINA, MA","    5",",,S","  275",",,S","  195",",,S","  222","H,,S"
"MA000067095","2019-07-09","-18.117","49.4","6.0","TOAMASINA, MA","    0",",,S","  275",",,S","  190",",,S","  228","H,,S"
"MA000067095","2019-07-10","-18.117","49.4","6.0","TOAMASINA, MA",,,,,,,"  244","H,,S"
"MA000067095","2019-07-11","-18.117","49.4","6.0","TOAMASINA, MA",,,"  260",",,S",,,"  224","H,,S"
"MA000067095","2019-07-12","-18.117","49.4","6.0","TOAMASINA, MA",,,"  260",",,S",,,"  206","H,,S"
"MA000067095","2019-07-13","-18.117","49.4","6.0","TOAMASINA, MA","   41",",,S","  266",",,S",,,"  217","H,,S"
"MA000067095","2019-07-14","-18.117","49.4","6.0","TOAMASINA, MA","    0",",,S","  266",",,S","  170",",,S","  207","H,,S"
"MA000067095","2019-07-15","-18.117","49.4","6.0","TOAMASINA, MA","    0",",,S","  265",",,S",,,"  213","H,,S"
"MA000067095","2019-07-16","-18.117","49.4","6.0","TOAMASINA, MA","   20",",,S","  268",",,S","  180",",,S","  214","H,,S"
"MA000067095","2019-07-17","-18.117","49.4","6.0","TOAMASINA, MA","  170",",,S","  268",",,S","  176",",,S","  219","H,,S"
"MA000067095","2019-07-18","-18.117","49.4","6.0","TOAMASINA, MA","   51",",,S","  264",",,S","  170",",,S","  205","H,,S"
"MA000067095","2019-07-19","-18.117","49.4","6.0","TOAMASINA, MA","   51",",,S","  262",",,S","  181",",,S","  208","H,,S"
"MA000067095","2019-07-20","-18.117","49.4","6.0","TOAMASINA, MA","   51",",,S","  262",",,S","  185",",,S","  218","H,,S"
"MA000067095","2019-07-21","-18.117","49.4","6.0","TOAMASINA, MA","    5",",,S","  272",",,S","  186",",,S","  229","H,,S"
"MA000067095","2019-07-22","-18.117","49.4","6.0","TOAMASINA, MA","    0",",,S","  272",",,S",,,"  202","H,,S"
"MA000067095","2019-07-23","-18.117","49.4","6.0","TOAMASINA, MA","   71",",,S","  245",",,S","  158",",,S","  198","H,,S"
"MA000067095","2019-07-24","-18.117","49.4","6.0","TOAMASINA, MA","  160",",,S","  255",",,S","  170",",,S","  208","H,,S"
"MA000067095","2019-07-25","-18.117","49.4","6.0","TOAMASINA, MA","   51",",,S","  262",",,S",,,"  212","H,,S"
"MA000067095","2019-07-26","-18.117","49.4","6.0","TOAMASINA, MA","   61",",,S","  262",",,S","  175",",,S","  208","H,,S"
"MA000067095","2019-07-27","-18.117","49.4","6.0","TOAMASINA, MA","   20",",,S","  260",",,S","  176",",,S","  213","H,,S"
"MA000067095","2019-07-28","-18.117","49.4","6.0","TOAMASINA, MA","    0",",,S","  255",",,S","  195",",,S","  207","H,,S"
"MA000067095","2019-07-29","-18.117","49.4","6.0","TOAMASINA, MA","   89",",,S","  245",",,S","  194",",,S","  219","H,,S"
"MA000067095","2019-07-30","-18.117","49.4","6.0","TOAMASINA, MA","  259",",,S",,,,,"  238","H,,S"
"MA000067095","2019-07-31","-18.117","49.4","6.0","TOAMASINA, MA","   30",",,S","  270",",,S",,,"  241","H,,S"
"MA000067095","2019-08-01","-18.117","49.4","6.0","TOAMASINA, MA","   41",",,S","  270",",,S",,,"  232","H,,S"
"MA000067095","2019-08-02","-18.117","49.4","6.0","TOAMASINA, MA","    3",",,S","  270",",,S",,,"  229","H,,S"
"MA000067095","2019-08-03","-18.117","49.4","6.0","TOAMASINA, MA","    0",",,S","  267",",,S",,,"  213","H,,S"
"MA000067095","2019-08-04","-18.117","49.4","6.0","TOAMASINA, MA","    8",",,S",,,"  176",",,S","  218","H,,S"
"MA000067095","2019-08-05","-18.117","49.4","6.0","TOAMASINA, MA","    0",",,S","  267",",,S","  170",",,S","  215","H,,S"
"MA000067095","2019-08-06","-18.117","49.4","6.0","TOAMASINA, MA",,,"  270",",,S","  169",",,S","  211","H,,S"
"MA000067095","2019-08-07","-18.117","49.4","6.0","TOAMASINA, MA",,,"  270",",,S","  166",",,S","  210","H,,S"
"MA000067095","2019-08-08","-18.117","49.4","6.0","TOAMASINA, MA",,,,,"  162",",,S","  213","H,,S"
"MA000067095","2019-08-09","-18.117","49.4","6.0","TOAMASINA, MA",,,"  277",",,S",,,"  222","H,,S"
"MA000067095","2019-08-10","-18.117","49.4","6.0","TOAMASINA, MA",,,"  277",",,S","  162",",,S","  226","H,,S"
"MA000067095","2019-08-11","-18.117","49.4","6.0","TOAMASINA, MA",,,"  270",",,S",,,"  224","H,,S"
"MA000067095","2019-08-12","-18.117","49.4","6.0","TOAMASINA, MA","   71","B,,S","  268",",,S",,,"  207","H,,S"
"MA000067095","2019-08-13","-18.117","49.4","6.0","TOAMASINA, MA","  119","B,,S","  265",",,S","  181",",,S","  215","H,,S"
"MA000067095","2019-08-14","-18.117","49.4","6.0","TOAMASINA, MA",,,"  266",",,S","  180",",,S","  225","H,,S"
"MA000067095","2019-08-15","-18.117","49.4","6.0","TOAMASINA, MA","   71",",,S",,,"  190",",,S","  221","H,,S"
"MA000067095","2019-08-16","-18.117","49.4","6.0","TOAMASINA, MA","    3",",,S",,,,,"  219","H,,S"
"MA000067095","2019-08-17","-18.117","49.4","6.0","TOAMASINA, MA","    0",",,S",,,,,"  213","H,,S"
"MA000067095","2019-08-18","-18.117","49.4","6.0","TOAMASINA, MA",,,"  271",",,S","  158",",,S","  212","H,,S"
"MA000067095","2019-08-19","-18.117","49.4","6.0","TOAMASINA, MA","    3",",,S","  273",",,S","  184",",,S","  223","H,,S"
"MA000067095","2019-08-20","-18.117","49.4","6.0","TOAMASINA, MA","   10",",,S","  273",",,S","  194",",,S","  219","H,,S"
"MA000067095","2019-08-21","-18.117","49.4","6.0","TOAMASINA, MA","   20",",,S","  275",",,S","  197",",,S","  231","H,,S"
"MA000067095","2019-08-22","-18.117","49.4","6.0","TOAMASINA, MA","  239",",,S","  275",",,S",,,"  215","H,,S"
"MA000067095","2019-08-23","-18.117","49.4","6.0","TOAMASINA, MA","   51",",,S","  251",",,S","  184",",,S","  216","H,,S"
"MA000067095","2019-08-24","-18.117","49.4","6.0","TOAMASINA, MA","   10",",,S","  263",",,S","  190",",,S","  212","H,,S"
"MA000067095","2019-08-25","-18.117","49.4","6.0","TOAMASINA, MA","   10",",,S","  263",",,S","  180",",,S","  208","H,,S"
"MA000067095","2019-08-26","-18.117","49.4","6.0","TOAMASINA, MA","   71",",,S","  262",",,S","  185",",,S","  223","H,,S"
"MA000067095","2019-08-27","-18.117","49.4","6.0","TOAMASINA, MA","   71",",,S","  272",",,S",,,"  221","H,,S"
"MA000067095","2019-08-28","-18.117","49.4","6.0","TOAMASINA, MA","    0",",,S","  272",",,S","  160",",,S","  215","H,,S"
"MA000067095","2019-08-29","-18.117","49.4","6.0","TOAMASINA, MA",,,"  270",",,S","  172",",,S","  219","H,,S"
"MA000067095","2019-08-30","-18.117","49.4","6.0","TOAMASINA, MA","   10",",,S",,,"  184",",,S","  224","H,,S"
"MA000067095","2019-08-31","-18.117","49.4","6.0","TOAMASINA, MA","    0",",,S","  271",",,S",,,"  220","H,,S"
"MA000067095","2019-09-01","-18.117","49.4","6.0","TOAMASINA, MA",,,"  271",",,S","  166",",,S","  212","H,,S"
"MA000067095","2019-09-02","-18.117","49.4","6.0","TOAMASINA, MA",,,"  300",",,S",,,"  219","H,,S"
"MA000067095","2019-09-03","-18.117","49.4","6.0","TOAMASINA, MA",,,"  274",",,S",,,"  216","H,,S"
"MA000067095","2019-09-04","-18.117","49.4","6.0","TOAMASINA, MA",,,"  274",",,S","  168",",,S","  213","H,,S"
"MA000067095","2019-09-05","-18.117","49.4","6.0","TOAMASINA, MA",,,"  271",",,S",,,"  211","H,,S"
"MA000067095","2019-09-06","-18.117","49.4","6.0","TOAMASINA, MA",,,"  275",",,S",,,"  219","H,,S"
"MA000067095","2019-09-07","-18.117","49.4","6.0","TOAMASINA, MA",,,,,"  174",",,S","  222","H,,S"
"MA000067095","2019-09-08","-18.117","49.4","6.0","TOAMASINA, MA","  361",",,S","  277",",,S","  188",",,S","  203","H,,S"
"MA000067095","2019-09-09","-18.117","49.4","6.0","TOAMASINA, MA","  930",",,S","  264",",,S","  188",",,S","  228","H,,S"
"MA000067095","2019-09-10","-18.117","49.4","6.0","TOAMASINA, MA","   30",",,S","  264",",,S","  195",",,S","  217","H,,S"
"MA000067095","2019-09-11","-18.117","49.4","6.0","TOAMASINA, MA","   10",",,S","  265",",,S",,,"  218","H,,S"
"MA000067095","2019-09-12","-18.117","49.4","6.0","TOAMASINA, MA","    0",",,S","  275",",,S",,,"  222","H,,S"
"MA000067095","2019-09-13","-18.117","49.4","6.0","TOAMASINA, MA","    3",",,S","  275",",,S","  186",",,S","  227","H,,S"
"MA000067095","2019-09-14","-18.117","49.4","6.0","TOAMASINA, MA","   30",",,S","  275",",,S","  187",",,S","  221","H,,S"
"MA000067095","2019-09-15","-18.117","49.4","6.0","TOAMASINA, MA","    0",",,S","  274",",,S","  172",",,S","  223","H,,S"
"MA000067095","2019-09-16","-18.117","49.4","6.0","TOAMASINA, MA",,,"  281",",,S",,,"  222","H,,S"
"MA000067095","2019-09-17","-18.117","49.4","6.0","TOAMASINA, MA",,,"  281",",,S",,,"  226","H,,S"
"MA000067095","2019-09-18","-18.117","49.4","6.0","TOAMASINA, MA","   41",",,S","  275",",,S","  196",",,S","  226","H,,S"
"MA000067095","2019-09-19","-18.117","49.4","6.0","TOAMASINA, MA","   41",",,S","  274",",,S",,,"  229","H,,S"
"MA000067095","2019-09-20","-18.117","49.4","6.0","TOAMASINA, MA","    0",",,S","  271",",,S","  198",",,S","  231","H,,S"
"MA000067095","2019-09-21","-18.117","49.4","6.0","TOAMASINA, MA","   51",",,S","  271",",,S","  188",",,S","  213","H,,S"
"MA000067095","2019-09-22","-18.117","49.4","6.0","TOAMASINA, MA","    3",",,S","  272",",,S","  186",",,S","  232","H,,S"
"MA000067095","2019-09-23","-18.117","49.4","6.0","TOAMASINA, MA","   71",",,S","  272",",,S","  188",",,S","  222","H,,S"
"MA000067095","2019-09-24","-18.117","49.4","6.0","TOAMASINA, MA","    3",",,S","  271",",,S","  188",",,S","  227","H,,S"
"MA000067095","2019-09-25","-18.117","49.4","6.0","TOAMASINA, MA","    0",",,S","  275",",,S",,,"  226","H,,S"
"MA000067095","2019-09-26","-18.117","49.4","6.0","TOAMASINA, MA",,,"  277",",,S","  177",",,S","  230","H,,S"
"MA000067095","2019-09-27","-18.117","49.4","6.0","TOAMASINA, MA","   10",",,S",,,"  192",",,S","  240","H,,S"
"MA000067095","2019-09-28","-18.117","49.4","6.0","TOAMASINA, MA","    0",",,S","  278",",,S","  198",",,S","  231","H,,S"
"MA000067095","2019-09-29","-18.117","49.4","6.0","TOAMASINA, MA","   89",",,S","  281",",,S","  209",",,S","  240","H,,S"
"MA000067095","2019-09-30","-18.117","49.4","6.0","TOAMASINA, MA","    0",",,S","  287",",,S","  208",",,S","  252","H,,S"
"MA000067095","2019-10-01","-18.117","49.4","6.0","TOAMASINA, MA","  180",",,S","  287",",,S",,,"  241","H,,S"
"MA000067095","2019-10-02","-18.117","49.4","6.0","TOAMASINA, MA","  170",",,S","  287",",,S","  186",",,S","  241","H,,S"
"MA000067095","2019-10-03","-18.117","49.4","6.0","TOAMASINA, MA","    0",",,S","  285",",,S",,,"  244","H,,S"
"MA000067095","2019-10-04","-18.117","49.4","6.0","TOAMASINA, MA","    5",",,S","  290",",,S","  200",",,S","  246","H,,S"
"MA000067095","2019-10-05","-18.117","49.4","6.0","TOAMASINA, MA","    0",",,S","  292",",,S","  205",",,S","  253","H,,S"
"MA000067095","2019-10-06","-18.117","49.4","6.0","TOAMASINA, MA","  119",",,S","  292",",,S","  220",",,S","  252","H,,S"
"MA000067095","2019-10-07","-18.117","49.4","6.0","TOAMASINA, MA","   10",",,S","  286",",,S",,,"  243","H,,S"
"MA000067095","2019-10-08","-18.117","49.4","6.0","TOAMASINA, MA","   61",",,S","  295",",,S","  202",",,S","  245","H,,S"
"MA000067095","2019-10-09","-18.117","49.4","6.0","TOAMASINA, MA","    5",",,S","  295",",,S","  207",",,S","  247","H,,S"
"MA000067095","2019-10-10","-18.117","49.4","6.0","TOAMASINA, MA","   20",",,S","  282",",,S","  200",",,S","  237","H,,S"
"MA000067095","2019-10-11","-18.117","49.4","6.0","TOAMASINA, MA","    5",",,S","  282",",,S","  200",",,S","  247","H,,S"
"MA000067095","2019-10-12","-18.117","49.4","6.0","TOAMASINA, MA","    0",",,S","  286",",,S","  201",",,S","  242","H,,S"
"MA000067095","2019-10-13","-18.117","49.4","6.0","TOAMASINA, MA",,,"  286",",,S","  190",",,S","  243","H,,S"
"MA000067095","2019-10-14","-18.117","49.4","6.0","TOAMASINA, MA",,,"  290",",,S","  200",",,S","  247","H,,S"
"MA000067095","2019-10-15","-18.117","49.4","6.0","TOAMASINA, MA",,,"  295",",,S","  204",",,S","  258","H,,S"
"MA000067095","2019-10-16","-18.117","49.4","6.0","TOAMASINA, MA","   30",",,S","  295",",,S","  207",",,S","  238","H,,S"
"MA000067095","2019-10-17","-18.117","49.4","6.0","TOAMASINA, MA","   20",",,S","  291",",,S","  201",",,S","  244","H,,S"
"MA000067095","2019-10-18","-18.117","49.4","6.0","TOAMASINA, MA","   71",",,S","  286",",,S",,,"  233","H,,S"
"MA000067095","2019-10-19","-18.117","49.4","6.0","TOAMASINA, MA","    0",",,S","  285",",,S","  175",",,S","  230","H,,S"
"MA000067095","2019-10-20","-18.117","49.4","6.0","TOAMASINA, MA",,,"  282",",,S","  177",",,S","  239","H,,S"
"MA000067095","2019-10-21","-18.117","49.4","6.0","TOAMASINA, MA",,,"  286",",,S",,,"  241","H,,S"
"MA000067095","2019-10-22","-18.117","49.4","6.0","TOAMASINA, MA",,,"  300",",,S","  195",",,S","  257","H,,S"
"MA000067095","2019-10-23","-18.117","49.4","6.0","TOAMASINA, MA","   79",",,S","  300",",,S","  230",",,S","  264","H,,S"
"MA000067095","2019-10-24","-18.117","49.4","6.0","TOAMASINA, MA","    3",",,S","  300",",,S",,,"  254","H,,S"
"MA000067095","2019-10-25","-18.117","49.4","6.0","TOAMASINA, MA","    0",",,S","  297",",,S",,,"  248","H,,S"
"MA000067095","2019-10-26","-18.117","49.4","6.0","TOAMASINA, MA",,,,,"  208",",,S","  252","H,,S"
"MA000067095","2019-10-27","-18.117","49.4","6.0","TOAMASINA, MA",,,,,"  200",",,S","  248","H,,S"
"MA000067095","2019-10-28","-18.117","49.4","6.0","TOAMASINA, MA",,,"  307",",,S","  207",",,S","  259","H,,S"
"MA000067095","2019-10-29","-18.117","49.4","6.0","TOAMASINA, MA",,,"  307",",,S","  225",",,S","  261","H,,S"
"MA000067095","2019-10-30","-18.117","49.4","6.0","TOAMASINA, MA",,,"  304",",,S","  211",",,S","  257","H,,S"
"MA000067095","2019-10-31","-18.117","49.4","6.0","TOAMASINA, MA",,,"  310",",,S","  202",",,S","  254","H,,S"
"MA000067095","2019-11-01","-18.117","49.4","6.0","TOAMASINA, MA",,,"  310",",,S",,,"  257","H,,S"
"MA000067095","2019-11-02","-18.117","49.4","6.0","TOAMASINA, MA",,,"  310",",,S","  205",",,S","  226","H,,S"
"MA000067095","2019-11-03","-18.117","49.4","6.0","TOAMASINA, MA",,,"  295",",,S","  204",",,S","  246","H,,S"
"MA000067095","2019-11-04","-18.117","49.4","6.0","TOAMASINA, MA","   30",",,S",,,,,"  242","H,,S"
"MA000067095","2019-11-05","-18.117","49.4","6.0","TOAMASINA, MA","    0",",,S","  298",",,S","  208",",,S","  254","H,,S"
"MA000067095","2019-11-06","-18.117","49.4","6.0","TOAMASINA, MA","   10",",,S","  300",",,S","  218",",,S","  258","H,,S"
"MA000067095","2019-11-07","-18.117","49.4","6.0","TOAMASINA, MA","    0",",,S",,,"  210",",,S","  256","H,,S"
"MA000067095","2019-11-08","-18.117","49.4","6.0","TOAMASINA, MA","   51",",,S","  303",",,S","  212",",,S","  245","H,,S"
"MA000067095","2019-11-09","-18.117","49.4","6.0","TOAMASINA, MA","   51",",,S","  302",",,S","  222",",,S","  257","H,,S"
"MA000067095","2019-11-10","-18.117","49.4","6.0","TOAMASINA, MA","    0",",,S",,,,,"  257","H,,S"
"MA000067095","2019-11-11","-18.117","49.4","6.0","TOAMASINA, MA","    0",",,S","  300",",,S","  205",",,S","  250","H,,S"
"MA000067095","2019-11-12","-18.117","49.4","6.0","TOAMASINA, MA",,,"  301",",,S","  190",",,S","  257","H,,S"
"MA000067095","2019-11-13","-18.117","49.4","6.0","TOAMASINA, MA","   20",",,S","  307",",,S",,,"  266","H,,S"
"MA000067095","2019-11-14","-18.117","49.4","6.0","TOAMASINA, MA","    0",",,S","  310",",,S","  210",",,S","  269","H,,S"
"MA000067095","2019-11-15","-18.117","49.4","6.0","TOAMASINA, MA",,,"  310",",,S",,,"  262","H,,S"
"MA000067095","2019-11-16","-18.117","49.4","6.0","TOAMASINA, MA",,,"  315",",,S","  228",",,S","  274","H,,S"
"MA000067095","2019-11-17","-18.117","49.4","6.0","TOAMASINA, MA",,,"  315",",,S",,,"  282","H,,S"
"MA000067095","2019-11-18","-18.117","49.4","6.0","TOAMASINA, MA",,,"  315",",,S",,,"  271","H,,S"
"MA000067095","2019-11-19","-18.117","49.4","6.0","TOAMASINA, MA","   51",",,S","  315",",,S","  244",",,S","  276","H,,S"
"MA000067095","2019-11-20","-18.117","49.4","6.0","TOAMASINA, MA","    5",",,S","  310",",,S","  238",",,S","  271","H,,S"
"MA000067095","2019-11-21","-18.117","49.4","6.0","TOAMASINA, MA","    0",",,S","  315",",,S","  237",",,S","  279","H,,S"
"MA000067095","2019-11-22","-18.117","49.4","6.0","TOAMASINA, MA",,,"  315",",,S",,,"  276","H,,S"
"MA000067095","2019-11-23","-18.117","49.4","6.0","TOAMASINA, MA","   20",",,S","  324",",,S","  230",",,S","  274","H,,S"
"MA000067095","2019-11-24","-18.117","49.4","6.0","TOAMASINA, MA","    5",",,S","  324",",,S",,,"  259","H,,S"
"MA000067095","2019-11-25","-18.117","49.4","6.0","TOAMASINA, MA","  759",",,S","  310",",,S","  216",",,S","  249","H,,S"
"MA000067095","2019-11-26","-18.117","49.4","6.0","TOAMASINA, MA","    0",",,S","  305",",,S","  230",",,S","  259","H,,S"
"MA000067095","2019-11-27","-18.117","49.4","6.0","TOAMASINA, MA","   10",",,S","  310",",,S","  239",",,S","  272","H,,S"
"MA000067095","2019-11-28","-18.117","49.4","6.0","TOAMASINA, MA","   10",",,S","  311",",,S","  230",",,S","  272","H,,S"
"MA000067095","2019-11-29","-18.117","49.4","6.0","TOAMASINA, MA","    0",",,S","  318",",,S",,,"  275","H,,S"
"MA000067095","2019-11-30","-18.117","49.4","6.0","TOAMASINA, MA","  231",",,S","  318",",,S","  240",",,S","  264","H,,S"
"MA000067095","2019-12-01","-18.117","49.4","6.0","TOAMASINA, MA","  150",",,S","  306",",,S",,,"  252","H,,S"
"MA000067095","2019-12-02","-18.117","49.4","6.0","TOAMASINA, MA","   20",",,S","  309",",,S","  216",",,S","  260","H,,S"
"MA000067095","2019-12-03","-18.117","49.4","6.0","TOAMASINA, MA","   51",",,S","  309",",,S","  224",",,S","  267","H,,S"
"MA000067095","2019-12-04","-18.117","49.4","6.0","TOAMASINA, MA","    0",",,S","  305",",,S","  224",",,S","  267","H,,S"
"MA000067095","2019-12-05","-18.117","49.4","6.0","TOAMASINA, MA",,,"  310",",,S",,,"  266","H,,S"
"MA000067095","2019-12-06","-18.117","49.4","6.0","TOAMASINA, MA",,,"  310",",,S","  211",",,S","  262","H,,S"
"MA000067095","2019-12-07","-18.117","49.4","6.0","TOAMASINA, MA",,,"  308",",,S","  208",",,S","  268","H,,S"
"MA000067095","2019-12-08","-18.117","49.4","6.0","TOAMASINA, MA",,,"  313",",,S",,,"  281","H,,S"
"MA000067095","2019-12-09","-18.117","49.4","6.0","TOAMASINA, MA",,,"  318",",,S","  265",",,S","  282","H,,S"
"MA000067095","2019-12-10","-18.117","49.4","6.0","TOAMASINA, MA","   30",",,S",,,,,"  283","H,,S"
"MA000067095","2019-12-11","-18.117","49.4","6.0","TOAMASINA, MA","    0",",,S","  322",",,S",,,"  274","H,,S"
"MA000067095","2019-12-12","-18.117","49.4","6.0","TOAMASINA, MA",,,"  322",",,S",,,"  279","H,,S"
"MA000067095","2019-12-13","-18.117","49.4","6.0","TOAMASINA, MA",,,"  326",",,S",,,"  284","H,,S"
"MA000067095","2019-12-14","-18.117","49.4","6.0","TOAMASINA, MA","   20",",,S","  326",",,S",,,"  276","H,,S"
"MA000067095","2019-12-15","-18.117","49.4","6.0","TOAMASINA, MA","    0",",,S","  322",",,S",,,"  274","H,,S"
"MA000067095","2019-12-16","-18.117","49.4","6.0","TOAMASINA, MA",,,"  326",",,S","  230",",,S","  274","H,,S"
"MA000067095","2019-12-17","-18.117","49.4","6.0","TOAMASINA, MA",,,,,"  230",",,S","  279","H,,S"
"MA000067095","2019-12-18","-18.117","49.4","6.0","TOAMASINA, MA","  119",",,S","  335",",,S","  240",",,S","  276","H,,S"
"MA000067095","2019-12-19","-18.117","49.4","6.0","TOAMASINA, MA","    0",",,S","  321",",,S","  240",",,S","  272","H,,S"
"MA000067095","2019-12-20","-18.117","49.4","6.0","TOAMASINA, MA","   10",",,S","  321",",,S","  240",",,S","  280","H,,S"
"MA000067095","2019-12-21","-18.117","49.4","6.0","TOAMASINA, MA","   20",",,S","  328",",,S","  233",",,S","  272","H,,S"
"MA000067095","2019-12-22","-18.117","49.4","6.0","TOAMASINA, MA","   10",",,S","  328",",,S","  235",",,S","  272","H,,S"
"MA000067095","2019-12-23","-18.117","49.4","6.0","TOAMASINA, MA","  119",",,S","  320",",,S","  238",",,S","  277","H,,S"
"MA000067095","2019-12-24","-18.117","49.4","6.0","TOAMASINA, MA","  330",",,S","  320",",,S","  230",",,S","  254","H,,S"
"MA000067095","2019-12-25","-18.117","49.4","6.0","TOAMASINA, MA","  221",",,S","  310",",,S",,,"  272","H,,S"
"MA000067095","2019-12-26","-18.117","49.4","6.0","TOAMASINA, MA","  160",",,S","  314",",,S","  230",",,S","  252","H,,S"
"MA000067095","2019-12-27","-18.117","49.4","6.0","TOAMASINA, MA","  259",",,S","  314",",,S","  227",",,S","  252","H,,S"
"MA000067095","2019-12-28","-18.117","49.4","6.0","TOAMASINA, MA","  691",",,S",,,"  237",",,S","  270","H,,S"
"MA000067095","2019-12-29","-18.117","49.4","6.0","TOAMASINA, MA","    0",",,S","  315",",,S","  233",",,S","  273","H,,S"
"MA000067095","2019-12-30","-18.117","49.4","6.0","TOAMASINA, MA",,,,,"  232",",,S","  280","H,,S"
"MA000067095","2019-12-31","-18.117","49.4","6.0","TOAMASINA, MA",,,,,"  228",",,S","  279","H,,S"
"MA000067095","2020-01-01","-18.117","49.4","6.0","TOAMASINA, MA",,,"  325",",,S","  254",",,S","  283","H,,S"
"MA000067095","2020-01-02","-18.117","49.4","6.0","TOAMASINA, MA","    5",",,S","  321",",,S",,,"  262","H,,S"
"MA000067095","2020-01-03","-18.117","49.4","6.0","TOAMASINA, MA","  119",",,S","  316",",,S","  230",",,S","  266","H,,S"
"MA000067095","2020-01-04","-18.117","49.4","6.0","TOAMASINA, MA","    3",",,S",,,"  239",",,S","  272","H,,S"
"MA000067095","2020-01-05","-18.117","49.4","6.0","TOAMASINA, MA","    0",",,S","  329",",,S","  240",",,S","  276","H,,S"
"MA000067095","2020-01-06","-18.117","49.4","6.0","TOAMASINA, MA",,,"  330",",,S","  234",",,S","  281","H,,S"
"MA000067095","2020-01-07","-18.117","49.4","6.0","TOAMASINA, MA",,,"  330",",,S","  238",",,S","  281","H,,S"
"MA000067095","2020-01-08","-18.117","49.4","6.0","TOAMASINA, MA",,,,,"  248",",,S","  281","H,,S"
"MA000067095","2020-01-09","-18.117","49.4","6.0","TOAMASINA, MA","   41",",,S","  320",",,S","  240",",,S","  274","H,,S"
"MA000067095","2020-01-10","-18.117","49.4","6.0","TOAMASINA, MA","   79",",,S","  320",",,S","  235",",,S","  262","H,,S"
"MA000067095","2020-01-11","-18.117","49.4","6.0","TOAMASINA, MA","   20",",,S",,,"  228",",,S","  272","H,,S"
"MA000067095","2020-01-12","-18.117","49.4","6.0","TOAMASINA, MA","    0",",,S","  320",",,S","  220",",,S","  271","H,,S"
"MA000067095","2020-01-13","-18.117","49.4","6.0","TOAMASINA, MA",,,"  320",",,S","  227",",,S","  277","H,,S"
"MA000067095","2020-01-14","-18.117","49.4","6.0","TOAMASINA, MA",,,"  324",",,S","  238",",,S","  277","H,,S"
"MA000067095","2020-01-15","-18.117","49.4","6.0","TOAMASINA, MA","   99",",,S","  324",",,S","  232",",,S","  271","H,,S"
"MA000067095","2020-01-16","-18.117","49.4","6.0","TOAMASINA, MA","  191",",,S","  317",",,S",,,"  263","H,,S"
"MA000067095","2020-01-17","-18.117","49.4","6.0","TOAMASINA, MA","  409",",,S","  316",",,S","  240",",,S","  276","H,,S"
"MA000067095","2020-01-18","-18.117","49.4","6.0","TOAMASINA, MA","   20",",,S","  318",",,S","  248",",,S","  281","H,,S"
"MA000067095","2020-01-19","-18.117","49.4","6.0","TOAMASINA, MA","  569",",,S","  322",",,S","  243",",,S","  271","H,,S"
"MA000067095","2020-01-20","-18.117","49.4","6.0","TOAMASINA, MA","   30",",,S","  347",",,S","  250",",,S","  283","H,,S"
"MA000067095","2020-01-21","-18.117","49.4","6.0","TOAMASINA, MA","   10",",,S","  347",",,S",,,"  258","H,,S"
"MA000067095","2020-01-22","-18.117","49.4","6.0","TOAMASINA, MA","    0",",,S","  270",",,S",,,"  241","H,,S"
"MA000067095","2020-01-23","-18.117","49.4","6.0","TOAMASINA, MA","  399",",,S","  270",",,S","  222",",,S","  236","H,,S"
"MA000067095","2020-01-24","-18.117","49.4","6.0","TOAMASINA, MA","  460",",,S","  322",",,S","  225",",,S","  272","H,,S"
"MA000067095","2020-01-25","-18.117","49.4","6.0","TOAMASINA, MA","    0",",,S","  311",",,S",,,"  256","H,,S"
"MA000067095","2020-01-26","-18.117","49.4","6.0","TOAMASINA, MA","   41",",,S","  306",",,S","  226",",,S","  255","H,,S"
"MA000067095","2020-01-27","-18.117","49.4","6.0","TOAMASINA, MA","    0",",,S","  305",",,S","  222",",,S","  262","H,,S"
"MA000067095","2020-01-28","-18.117","49.4","6.0","TOAMASINA, MA","    0",",,S",,,,,"  267","H,,S"
"MA000067095","2020-01-29","-18.117","49.4","6.0","TOAMASINA, MA",,,,,"  244",",,S","  273","H,,S"
"MA000067095","2020-01-30","-18.117","49.4","6.0","TOAMASINA, MA",,,"  313",",,S","  238",",,S","  276","H,,S"
"MA000067095","2020-01-31","-18.117","49.4","6.0","TOAMASINA, MA",,,"  320",",,S","  223",",,S","  274","H,,S"
"MA000067095","2020-02-01","-18.117","49.4","6.0","TOAMASINA, MA","  231",",,S","  320",",,S","  222",",,S","  264","H,,S"
"MA000067095","2020-02-02","-18.117","49.4","6.0","TOAMASINA, MA","  221",",,S","  312",",,S","  228",",,S","  265","H,,S"
"MA000067095","2020-02-03","-18.117","49.4","6.0","TOAMASINA, MA","   41",",,S","  310",",,S","  226",",,S","  260","H,,S"
"MA000067095","2020-02-04","-18.117","49.4","6.0","TOAMASINA, MA","  361",",,S","  310",",,S","  238",",,S","  263","H,,S"
"MA000067095","2020-02-05","-18.117","49.4","6.0","TOAMASINA, MA","   51",",,S","  317",",,S","  232",",,S","  274","H,,S"
"MA000067095","2020-02-06","-18.117","49.4","6.0","TOAMASINA, MA","   20",",,S","  317",",,S","  229",",,S","  271","H,,S"
"MA000067095","2020-02-07","-18.117","49.4","6.0","TOAMASINA, MA","    5",",,S","  315",",,S","  220",",,S","  269","H,,S"
"MA000067095","2020-02-08","-18.117","49.4","6.0","TOAMASINA, MA","    0",",,S","  320",",,S","  224",",,S","  275","H,,S"
"MA000067095","2020-02-09","-18.117","49.4","6.0","TOAMASINA, MA",,,"  320",",,S","  230",",,S","  273","H,,S"
"MA000067095","2020-02-10","-18.117","49.4","6.0","TOAMASINA, MA",,,"  327",",,S","  226",",,S","  271","H,,S"
"MA000067095","2020-02-11","-18.117","49.4","6.0","TOAMASINA, MA","    3",",,S","  327",",,S","  229",",,S","  271","H,,S"
"MA000067095","2020-02-12","-18.117","49.4","6.0","TOAMASINA, MA","    0",",,S","  330",",,S","  235",",,S","  273","H,,S"
"MA000067095","2020-02-13","-18.117","49.4","6.0","TOAMASINA, MA","  361",",,S","  330",",,S","  237",",,S","  248","H,,S"
"MA000067095","2020-02-14","-18.117","49.4","6.0","TOAMASINA, MA","  521",",,S","  303",",,S","  236",",,S","  269","H,,S"
"MA000067095","2020-02-15","-18.117","49.4","6.0","TOAMASINA, MA","    0",",,S","  316",",,S",,,"  277","H,,S"
"MA000067095","2020-02-16","-18.117","49.4","6.0","TOAMASINA, MA"," 1260",",,S","  316",",,S",,,"  259","H,,S"
"MA000067095","2020-02-17","-18.117","49.4","6.0","TOAMASINA, MA","  630",",,S","  298",",,S","  230",",,S","  244","H,,S"
"MA000067095","2020-02-18","-18.117","49.4","6.0","TOAMASINA, MA","  569",",,S","  310",",,S","  233",",,S","  266","H,,S"
"MA000067095","2020-02-19","-18.117","49.4","6.0","TOAMASINA, MA","   51",",,S","  312",",,S","  237",",,S","  272","H,,S"
"MA000067095","2020-02-20","-18.117","49.4","6.0","TOAMASINA, MA","    0",",,S","  312",",,S",,,"  277","H,,S"
"MA000067095","2020-02-21","-18.117","49.4","6.0","TOAMASINA, MA","   10",",,S","  310",",,S","  238",",,S","  260","H,,S"
"MA000067095","2020-02-22","-18.117","49.4","6.0","TOAMASINA, MA","  119",",,S","  306",",,S","  234",",,S","  266","H,,S"
"MA000067095","2020-02-23","-18.117","49.4","6.0","TOAMASINA, MA","    0",",,S",,,,,"  279","H,,S"
"MA000067095","2020-02-24","-18.117","49.4","6.0","TOAMASINA, MA",,,"  323",",,S",,,"  276","H,,S"
"MA000067095","2020-02-25","-18.117","49.4","6.0","TOAMASINA, MA","   71",",,S","  323",",,S","  236",",,S","  272","H,,S"
"MA000067095","2020-02-26","-18.117","49.4","6.0","TOAMASINA, MA","   61",",,S","  317",",,S","  237",",,S","  255","H,,S"
"MA000067095","2020-02-27","-18.117","49.4","6.0","TOAMASINA, MA","    0",",,S","  310",",,S",,,"  266","H,,S"
"MA000067095","2020-02-28","-18.117","49.4","6.0","TOAMASINA, MA",,,,,,,"  273","H,,S"
"MA000067095","2020-02-29","-18.117","49.4","6.0","TOAMASINA, MA",,,"  315",",,S",,,"  270","H,,S"
"MA000067095","2020-03-01","-18.117","49.4","6.0","TOAMASINA, MA",,,,,,,"  273","H,,S"
"MA000067095","2020-03-02","-18.117","49.4","6.0","TOAMASINA, MA",,,,,,,"  274","H,,S"
"MA000067095","2020-03-03","-18.117","49.4","6.0","TOAMASINA, MA","   10",",,S","  320",",,S","  238",",,S","  274","H,,S"
"MA000067095","2020-03-04","-18.117","49.4","6.0","TOAMASINA, MA","    0",",,S","  325",",,S","  242",",,S","  277","H,,S"
"MA000067095","2020-03-05","-18.117","49.4","6.0","TOAMASINA, MA","   30",",,S","  325",",,S",,,"  271","H,,S"
"MA000067095","2020-03-06","-18.117","49.4","6.0","TOAMASINA, MA","    0",",,S","  334",",,S","  235",",,S","  285","H,,S"
"MA000067095","2020-03-07","-18.117","49.4","6.0","TOAMASINA, MA","    3",",,S","  334",",,S","  255",",,S","  281","H,,S"
"MA000067095","2020-03-08","-18.117","49.4","6.0","TOAMASINA, MA","  330",",,S","  322",",,S",,,"  248","H,,S"
"MA000067095","2020-03-09","-18.117","49.4","6.0","TOAMASINA, MA","  671",",,S","  310",",,S",,,"  269","H,,S"
"MA000067095","2020-03-10","-18.117","49.4","6.0","TOAMASINA, MA","  320",",,S","  310",",,S","  243",",,S","  269","H,,S"
"MA000067095","2020-03-11","-18.117","49.4","6.0","TOAMASINA, MA","  439",",,S","  310",",,S","  240",",,S","  261","H,,S"
"MA000067095","2020-03-12","-18.117","49.4","6.0","TOAMASINA, MA","  221",",,S","  310",",,S","  245",",,S","  272","H,,S"
"MA000067095","2020-03-13","-18.117","49.4","6.0","TOAMASINA, MA","   71",",,S",,,"  237",",,S","  266","H,,S"
"MA000067095","2020-03-14","-18.117","49.4","6.0","TOAMASINA, MA","    0",",,S","  270",",,S",,,"  247","H,,S"
"MA000067095","2020-03-15","-18.117","49.4","6.0","TOAMASINA, MA","   51",",,S","  282",",,S","  238",",,S","  257","H,,S"
"MA000067095","2020-03-16","-18.117","49.4","6.0","TOAMASINA, MA","  221",",,S","  315",",,S","  232",",,S","  265","H,,S"
"MA000067095","2020-03-17","-18.117","49.4","6.0","TOAMASINA, MA","    0",",,S","  315",",,S",,,"  266","H,,S"
"MA000067095","2020-03-18","-18.117","49.4","6.0","TOAMASINA, MA","  351",",,S","  310",",,S",,,"  262","H,,S"
"MA000067095","2020-03-19","-18.117","49.4","6.0","TOAMASINA, MA","   89",",,S","  304",",,S","  239",",,S","  267","H,,S"
"MA000067095","2020-03-20","-18.117","49.4","6.0","TOAMASINA, MA","  610",",,S","  302",",,S","  237",",,S","  261","H,,S"
"MA000067095","2020-03-21","-18.117","49.4","6.0","TOAMASINA, MA","  211",",,S","  300",",,S",,,"  256","H,,S"
"MA000067095","2020-03-22","-18.117","49.4","6.0","TOAMASINA, MA","   89",",,S","  307",",,S","  228",",,S","  269","H,,S"
"MA000067095","2020-03-23","-18.117","49.4","6.0","TOAMASINA, MA","   61",",,S","  307",",,S","  227",",,S","  250","H,,S"
"MA000067095","2020-03-24","-18.117","49.4","6.0","TOAMASINA, MA","  201",",,S","  310",",,S","  220",",,S","  268","H,,S"
"MA000067095","2020-03-25","-18.117","49.4","6.0","TOAMASINA, MA","   79",",,S","  310",",,S","  227",",,S","  256","H,,S"
"MA000067095","2020-03-26","-18.117","49.4","6.0","TOAMASINA, MA","   61",",,S","  305",",,S","  235",",,S","  264","H,,S"
"MA000067095","2020-03-27","-18.117","49.4","6.0","TOAMASINA, MA","   71",",,S","  305",",,S","  237",",,S","  259","H,,S"
"MA000067095","2020-03-28","-18.117","49.4","6.0","TOAMASINA, MA","  109",",,S","  305",",,S","  234",",,S","  269","H,,S"
"MA000067095","2020-03-29","-18.117","49.4","6.0","TOAMASINA, MA","   20",",,S","  306",",,S",,,"  272","H,,S"
"MA000067095","2020-03-30","-18.117","49.4","6.0","TOAMASINA, MA","    0",",,S","  312",",,S",,,"  278","H,,S"
"MA000067095","2020-03-31","-18.117","49.4","6.0","TOAMASINA, MA","  269",",,S","  312",",,S",,,"  264","H,,S"
"MA000067095","2020-04-01","-18.117","49.4","6.0","TOAMASINA, MA","  109",",,S","  308",",,S","  236",",,S","  271","H,,S"
"MA000067095","2020-04-02","-18.117","49.4","6.0","TOAMASINA, MA","   89",",,S","  308",",,S","  236",",,S","  263","H,,S"
"MA000067095","2020-04-03","-18.117","49.4","6.0","TOAMASINA, MA","   89",",,S","  307",",,S",,,"  244","H,,S"
"MA000067095","2020-04-04","-18.117","49.4","6.0","TOAMASINA, MA","   89",",,S","  293",",,S",,,"  252","H,,S"
"MA000067095","2020-04-05","-18.117","49.4","6.0","TOAMASINA, MA","    0",",,S","  306",",,S","  215",",,S","  258","H,,S"
"MA000067095","2020-04-06","-18.117","49.4","6.0","TOAMASINA, MA",,,"  306",",,S","  217",",,S","  264","H,,S"
"MA000067095","2020-04-07","-18.117","49.4","6.0","TOAMASINA, MA",,,"  306",",,S","  213",",,S","  271","H,,S"
"MA000067095","2020-04-08","-18.117","49.4","6.0","TOAMASINA, MA","  130",",,S","  305",",,S","  225",",,S","  271","H,,S"
"MA000067095","2020-04-09","-18.117","49.4","6.0","TOAMASINA, MA","  119",",,S","  305",",,S","  237",",,S","  266","H,,S"
"MA000067095","2020-04-10","-18.117","49.4","6.0","TOAMASINA, MA","   20",",,S","  305",",,S","  230",",,S","  267","H,,S"
"MA000067095","2020-04-11","-18.117","49.4","6.0","TOAMASINA, MA","    0",",,S","  305",",,S","  224",",,S","  250","H,,S"
"MA000067095","2020-04-12","-18.117","49.4","6.0","TOAMASINA, MA","  300",",,S","  302",",,S","  226",",,S","  256","H,,S"
"MA000067095","2020-04-13","-18.117","49.4","6.0","TOAMASINA, MA","  180",",,S","  302",",,S","  224",",,S","  247","H,,S"
"MA000067095","2020-04-14","-18.117","49.4","6.0","TOAMASINA, MA","  551",",,S","  304",",,S","  221",",,S","  262","H,,S"
"MA000067095","2020-04-15","-18.117","49.4","6.0","TOAMASINA, MA","  211",",,S","  304",",,S","  230",",,S","  272","H,,S"
"MA000067095","2020-04-16","-18.117","49.4","6.0","TOAMASINA, MA","  191",",,S","  305",",,S","  234",",,S","  267","H,,S"
"MA000067095","2020-04-17","-18.117","49.4","6.0","TOAMASINA, MA","   10",",,S","  305",",,S",,,"  262","H,,S"
"MA000067095","2020-04-18","-18.117","49.4","6.0","TOAMASINA, MA","   61",",,S","  300",",,S","  215",",,S","  237","H,,S"
"MA000067095","2020-04-19","-18.117","49.4","6.0","TOAMASINA, MA","  231",",,S","  288",",,S","  224",",,S","  244","H,,S"
"MA000067095","2020-04-20","-18.117","49.4","6.0","TOAMASINA, MA","  660",",,S","  288",",,S","  210",",,S","  237","H,,S"
"MA000067095","2020-04-21","-18.117","49.4","6.0","TOAMASINA, MA","   71",",,S","  280",",,S","  217",",,S","  232","H,,S"
"MA000067095","2020-04-22","-18.117","49.4","6.0","TOAMASINA, MA","  221",",,S","  260",",,S","  214",",,S","  237","H,,S"
"MA000067095","2020-04-23","-18.117","49.4","6.0","TOAMASINA, MA","   61",",,S","  277",",,S","  220",",,S","  246","H,,S"
"MA000067095","2020-04-24","-18.117","49.4","6.0","TOAMASINA, MA","   99",",,S","  290",",,S","  220",",,S","  247","H,,S"
"MA000067095","2020-04-25","-18.117","49.4","6.0","TOAMASINA, MA","    0",",,S","  300",",,S",,,"  256","H,,S"
"MA000067095","2020-04-26","-18.117","49.4","6.0","TOAMASINA, MA",,,"  306",",,S","  208",",,S","  260","H,,S"
"MA000067095","2020-04-27","-18.117","49.4","6.0","TOAMASINA, MA","    0",",,S","  310",",,S","  228",",,S","  260","H,,S"
"MA000067095","2020-04-28","-18.117","49.4","6.0","TOAMASINA, MA"," 1570",",,S","  310",",,S","  210",",,S","  229","H,,S"
"MA000067095","2020-04-29","-18.117","49.4","6.0","TOAMASINA, MA","  109",",,S","  309",",,S","  220",",,S","  247","H,,S"
"MA000067095","2020-04-30","-18.117","49.4","6.0","TOAMASINA, MA","   10",",,S","  286",",,S","  210",",,S","  249","H,,S"
"MA000067095","2020-05-01","-18.117","49.4","6.0","TOAMASINA, MA","    5",",,S","  286",",,S","  208",",,S","  243","H,,S"
"MA000067095","2020-05-02","-18.117","49.4","6.0","TOAMASINA, MA","   51",",,S","  292",",,S","  200",",,S","  250","H,,S"
"MA000067095","2020-05-03","-18.117","49.4","6.0","TOAMASINA, MA","    0",",,S","  292",",,S","  197",",,S","  249","H,,S"
"MA000067095","2020-05-04","-18.117","49.4","6.0","TOAMASINA, MA","    3",",,S","  301",",,S","  215",",,S","  259","H,,S"
"MA000067095","2020-05-05","-18.117","49.4","6.0","TOAMASINA, MA","   30",",,S","  301",",,S","  220",",,S","  254","H,,S"
"MA000067095","2020-05-06","-18.117","49.4","6.0","TOAMASINA, MA","   99",",,S","  300",",,S","  225",",,S","  251","H,,S"
"MA000067095","2020-05-07","-18.117","49.4","6.0","TOAMASINA, MA","    0",",,S",,,"  216",",,S","  256","H,,S"
"MA000067095","2020-05-08","-18.117","49.4","6.0","TOAMASINA, MA","    0",",,S","  300",",,S","  220",",,S","  256","H,,S"
"MA000067095","2020-05-09","-18.117","49.4","6.0","TOAMASINA, MA","  201",",,S","  300",",,S",,,"  237","H,,S"
"MA000067095","2020-05-10","-18.117","49.4","6.0","TOAMASINA, MA","    0",",,S","  280",",,S","  198",",,S","  222","H,,S"
"MA000067095","2020-05-11","-18.117","49.4","6.0","TOAMASINA, MA","  160",",,S","  252",",,S","  197",",,S","  218","H,,S"
"MA000067095","2020-05-12","-18.117","49.4","6.0","TOAMASINA, MA","   79",",,S","  284",",,S","  200",",,S","  241","H,,S"
"MA000067095","2020-05-13","-18.117","49.4","6.0","TOAMASINA, MA","    3",",,S","  284",",,S","  200",",,S","  242","H,,S"
"MA000067095","2020-05-14","-18.117","49.4","6.0","TOAMASINA, MA","    0",",,S","  292",",,S","  197",",,S","  247","H,,S"
"MA000067095","2020-05-15","-18.117","49.4","6.0","TOAMASINA, MA",,,"  292",",,S","  195",",,S","  252","H,,S"
"MA000067095","2020-05-16","-18.117","49.4","6.0","TOAMASINA, MA",,,"  291",",,S","  224",",,S","  252","H,,S"
"MA000067095","2020-05-17","-18.117","49.4","6.0","TOAMASINA, MA",,,,,"  222",",,S","  261","H,,S"
"MA000067095","2020-05-18","-18.117","49.4","6.0","TOAMASINA, MA","  170",",,S","  298",",,S","  203",",,S","  219","H,,S"
"MA000067095","2020-05-19","-18.117","49.4","6.0","TOAMASINA, MA","   20",",,S","  297",",,S","  197",",,S","  228","H,,S"
"MA000067095","2020-05-20","-18.117","49.4","6.0","TOAMASINA, MA","  140",",,S","  272",",,S","  188",",,S","  224","H,,S"
"MA000067095","2020-05-21","-18.117","49.4","6.0","TOAMASINA, MA","  231",",,S","  268",",,S","  198",",,S","  227","H,,S"
"MA000067095","2020-05-22","-18.117","49.4","6.0","TOAMASINA, MA","  290",",,S","  275",",,S","  198",",,S","  227","H,,S"
"MA000067095","2020-05-23","-18.117","49.4","6.0","TOAMASINA, MA","    0",",,S","  294",",,S",,,"  239","H,,S"
"MA000067095","2020-05-24","-18.117","49.4","6.0","TOAMASINA, MA","  150",",,S","  284",",,S","  196",",,S","  219","H,,S"
"MA000067095","2020-05-25","-18.117","49.4","6.0","TOAMASINA, MA","   41",",,S","  280",",,S","  190",",,S","  233","H,,S"
"MA000067095","2020-05-26","-18.117","49.4","6.0","TOAMASINA, MA","   20",",,S","  282",",,S","  177",",,S","  233","H,,S"
"MA000067095","2020-05-27","-18.117","49.4","6.0","TOAMASINA, MA","    0",",,S","  290",",,S","  175",",,S","  243","H,,S"
"MA000067095","2020-05-28","-18.117","49.4","6.0","TOAMASINA, MA",,,,,"  196",",,S","  251","H,,S"
"MA000067095","2020-05-29","-18.117","49.4","6.0","TOAMASINA, MA","   30",",,S","  290",",,S","  196",",,S","  228","H,,S"
"MA000067095","2020-05-30","-18.117","49.4","6.0","TOAMASINA, MA","  160",",,S","  285",",,S",,,"  246","H,,S"
"MA000067095","2020-05-31","-18.117","49.4","6.0","TOAMASINA, MA","   10",",,S","  289",",,S",,,"  243","H,,S"
"MA000067095","2020-06-01","-18.117","49.4","6.0","TOAMASINA, MA","  109",",,S","  289",",,S","  204",",,S","  232","H,,S"
"MA000067095","2020-06-02","-18.117","49.4","6.0","TOAMASINA, MA","   79",",,S","  275",",,S","  202",",,S","  217","H,,S"
"MA000067095","2020-06-03","-18.117","49.4","6.0","TOAMASINA, MA","  279",",,S","  266",",,S","  193",",,S","  224","H,,S"
