"MGM00044237","2018-06-27","48.533","101.383","1509.0","ERDENEMANDAL, MG",,,,,"  284",",,S","   78",",,S","  207","H,,S"
"MGM00044237","2018-06-28","48.533","101.383","1509.0","ERDENEMANDAL, MG",,,,,"  283",",,S",,,"  194","H,,S"
"MGM00044237","2018-06-29","48.533","101.383","1509.0","ERDENEMANDAL, MG",,,,,"  297",",,S","  105",",,S","  219","H,,S"
"MGM00044237","2018-06-30","48.533","101.383","1509.0","ERDENEMANDAL, MG",,,,,"  254",",,S","  118",",,S","  179","H,,S"
"MGM00044237","2018-07-01","48.533","101.383","1509.0","ERDENEMANDAL, MG","   79","B,,S",,,"  179",",,S",,,"  145","H,,S"
"MGM00044237","2018-07-02","48.533","101.383","1509.0","ERDENEMANDAL, MG","   51","B,,S",,,"  208",",,S",,,"  144","H,,S"
"MGM00044237","2018-07-03","48.533","101.383","1509.0","ERDENEMANDAL, MG",,,,,"  231",",,S","   92",",,S","  156","H,,S"
"MGM00044237","2018-07-04","48.533","101.383","1509.0","ERDENEMANDAL, MG",,,,,"  261",",,S","  107",",,S","  197","H,,S"
"MGM00044237","2018-07-05","48.533","101.383","1509.0","ERDENEMANDAL, MG","   71","B,,S",,,"  244",",,S",,,"  163","H,,S"
"MGM00044237","2018-07-06","48.533","101.383","1509.0","ERDENEMANDAL, MG",,,,,"  205",",,S",,,"  147","H,,S"
"MGM00044237","2018-07-07","48.533","101.383","1509.0","ERDENEMANDAL, MG",,,,,"  194",",,S",,,"  124","H,,S"
"MGM00044237","2018-07-08","48.533","101.383","1509.0","ERDENEMANDAL, MG",,,,,"  192",",,S","   34",",,S","  136","H,,S"
"MGM00044237","2018-07-09","48.533","101.383","1509.0","ERDENEMANDAL, MG",,,,,"  215",",,S","   70",",,S","  133","H,,S"
"MGM00044237","2018-07-10","48.533","101.383","1509.0","ERDENEMANDAL, MG",,,,,"  165",",,S","   91",",,S","  118","H,,S"
"MGM00044237","2018-07-11","48.533","101.383","1509.0","ERDENEMANDAL, MG","   28","B,,S",,,"  165",",,S",,,"  109","H,,S"
"MGM00044237","2018-07-12","48.533","101.383","1509.0","ERDENEMANDAL, MG",,,,,"  224",",,S","   71",",,S","  144","H,,S"
"MGM00044237","2018-07-13","48.533","101.383","1509.0","ERDENEMANDAL, MG",,,,,"  253",",,S","   71",",,S","  176","H,,S"
"MGM00044237","2018-07-14","48.533","101.383","1509.0","ERDENEMANDAL, MG",,,,,"  260",",,S","  108",",,S","  184","H,,S"
"MGM00044237","2018-07-15","48.533","101.383","1509.0","ERDENEMANDAL, MG","   30","B,,S",,,"  209",",,S",,,"  157","H,,S"
"MGM00044237","2018-07-16","48.533","101.383","1509.0","ERDENEMANDAL, MG",,,,,"  213",",,S","  109",",,S","  163","H,,S"
"MGM00044237","2018-07-17","48.533","101.383","1509.0","ERDENEMANDAL, MG","  211","B,,S",,,"  215",",,S","  132",",,S","  169","H,,S"
"MGM00044237","2018-07-18","48.533","101.383","1509.0","ERDENEMANDAL, MG","   43","B,,S",,,"  230",",,S",,,"  167","H,,S"
"MGM00044237","2018-07-19","48.533","101.383","1509.0","ERDENEMANDAL, MG","   61","B,,S",,,"  206",",,S",,,"  156","H,,S"
"MGM00044237","2018-07-20","48.533","101.383","1509.0","ERDENEMANDAL, MG",,,,,"  237",",,S","   98",",,S","  144","H,,S"
"MGM00044237","2018-07-21","48.533","101.383","1509.0","ERDENEMANDAL, MG",,,,,"  193",",,S",,,"  146","H,,S"
"MGM00044237","2018-07-22","48.533","101.383","1509.0","ERDENEMANDAL, MG","   23","B,,S",,,"  208",",,S","   89",",,S","  147","H,,S"
"MGM00044237","2018-07-23","48.533","101.383","1509.0","ERDENEMANDAL, MG",,,,,"  253",",,S","  100",",,S","  176","H,,S"
"MGM00044237","2018-07-24","48.533","101.383","1509.0","ERDENEMANDAL, MG",,,,,"  278",",,S","  116",",,S","  207","H,,S"
"MGM00044237","2018-07-25","48.533","101.383","1509.0","ERDENEMANDAL, MG","   51","B,,S",,,"  268",",,S",,,"  179","H,,S"
"MGM00044237","2018-07-26","48.533","101.383","1509.0","ERDENEMANDAL, MG",,,,,"  219",",,S",,,"  161","H,,S"
"MGM00044237","2018-07-27","48.533","101.383","1509.0","ERDENEMANDAL, MG",,,,,"  198",",,S","   89",",,S","  143","H,,S"
"MGM00044237","2018-07-28","48.533","101.383","1509.0","ERDENEMANDAL, MG",,,,,"  196",",,S",,,"  142","H,,S"
"MGM00044237","2018-07-29","48.533","101.383","1509.0","ERDENEMANDAL, MG",,,,,"  249",",,S","   78",",,S","  178","H,,S"
"MGM00044237","2018-07-30","48.533","101.383","1509.0","ERDENEMANDAL, MG",,,,,"  226",",,S",,,"  169","H,,S"
"MGM00044237","2018-07-31","48.533","101.383","1509.0","ERDENEMANDAL, MG",,,,,"  191",",,S","  101",",,S","  147","H,,S"
"MGM00044237","2018-08-01","48.533","101.383","1509.0","ERDENEMANDAL, MG","  170","B,,S",,,"  178",",,S","  130",",,S","  154","H,,S"
"MGM00044237","2018-08-02","48.533","101.383","1509.0","ERDENEMANDAL, MG","   18","B,,S",,,"  216",",,S",,,"  165","H,,S"
"MGM00044237","2018-08-03","48.533","101.383","1509.0","ERDENEMANDAL, MG",,,,,"  259",",,S",,,"  182","H,,S"
"MGM00044237","2018-08-04","48.533","101.383","1509.0","ERDENEMANDAL, MG","  117","B,,S",,,"  216",",,S","  122",",,S","  162","H,,S"
"MGM00044237","2018-08-05","48.533","101.383","1509.0","ERDENEMANDAL, MG",,,,,"  229",",,S","  120",",,S","  173","H,,S"
"MGM00044237","2018-08-06","48.533","101.383","1509.0","ERDENEMANDAL, MG",,,,,"  231",",,S","  113",",,S","  167","H,,S"
"MGM00044237","2018-08-07","48.533","101.383","1509.0","ERDENEMANDAL, MG",,,,,"  204",",,S",,,"  139","H,,S"
"MGM00044237","2018-08-08","48.533","101.383","1509.0","ERDENEMANDAL, MG",,,,,"  207",",,S","   63",",,S","  149","H,,S"
"MGM00044237","2018-08-09","48.533","101.383","1509.0","ERDENEMANDAL, MG",,,,,"  210",",,S","   84",",,S","  150","H,,S"
"MGM00044237","2018-08-10","48.533","101.383","1509.0","ERDENEMANDAL, MG",,,,,"  219",",,S","  105",",,S","  161","H,,S"
"MGM00044237","2018-08-11","48.533","101.383","1509.0","ERDENEMANDAL, MG",,,,,"  210",",,S",,,"  147","H,,S"
"MGM00044237","2018-08-12","48.533","101.383","1509.0","ERDENEMANDAL, MG",,,,,"  246",",,S","   87",",,S","  171","H,,S"
"MGM00044237","2018-08-13","48.533","101.383","1509.0","ERDENEMANDAL, MG",,,,,"  282",",,S","  113",",,S","  202","H,,S"
"MGM00044237","2018-08-14","48.533","101.383","1509.0","ERDENEMANDAL, MG",,,,,"  209",",,S",,,"  160","H,,S"
"MGM00044237","2018-08-15","48.533","101.383","1509.0","ERDENEMANDAL, MG",,,,,"  206",",,S",,,"  121","H,,S"
"MGM00044237","2018-08-16","48.533","101.383","1509.0","ERDENEMANDAL, MG",,,,,"  185",",,S","   60",",,S","  120","H,,S"
"MGM00044237","2018-08-17","48.533","101.383","1509.0","ERDENEMANDAL, MG",,,,,"  252",",,S","   61",",,S","  148","H,,S"
"MGM00044237","2018-08-18","48.533","101.383","1509.0","ERDENEMANDAL, MG",,,,,"  260",",,S","   74",",,S","  154","H,,S"
"MGM00044237","2018-08-19","48.533","101.383","1509.0","ERDENEMANDAL, MG",,,,,"  176",",,S",,,"  112","H,,S"
"MGM00044237","2018-08-20","48.533","101.383","1509.0","ERDENEMANDAL, MG",,,,,"  211",",,S","   43",",,S","  141","H,,S"
"MGM00044237","2018-08-21","48.533","101.383","1509.0","ERDENEMANDAL, MG",,,,,"  226",",,S","   98",",,S","  154","H,,S"
"MGM00044237","2018-08-22","48.533","101.383","1509.0","ERDENEMANDAL, MG",,,,,"  257",",,S","   93",",,S","  171","H,,S"
"MGM00044237","2018-08-23","48.533","101.383","1509.0","ERDENEMANDAL, MG",,,,,"  249",",,S","  118",",,S","  153","H,,S"
"MGM00044237","2018-08-24","48.533","101.383","1509.0","ERDENEMANDAL, MG",,,,,"  214",",,S",,,"  140","H,,S"
"MGM00044237","2018-08-25","48.533","101.383","1509.0","ERDENEMANDAL, MG",,,,,"  202",",,S","   62",",,S","  132","H,,S"
"MGM00044237","2018-08-26","48.533","101.383","1509.0","ERDENEMANDAL, MG",,,,,"  225",",,S","   68",",,S","  142","H,,S"
"MGM00044237","2018-08-27","48.533","101.383","1509.0","ERDENEMANDAL, MG",,,,,"  238",",,S","   64",",,S","  146","H,,S"
"MGM00044237","2018-08-28","48.533","101.383","1509.0","ERDENEMANDAL, MG",,,,,"  251",",,S","   74",",,S","  167","H,,S"
"MGM00044237","2018-08-29","48.533","101.383","1509.0","ERDENEMANDAL, MG","   20","B,,S",,,"  194",",,S",,,"  138","H,,S"
"MGM00044237","2018-08-30","48.533","101.383","1509.0","ERDENEMANDAL, MG",,,,,"  214",",,S","   76",",,S","  140","H,,S"
"MGM00044237","2018-08-31","48.533","101.383","1509.0","ERDENEMANDAL, MG",,,,,"  182",",,S",,,"  120","H,,S"
"MGM00044237","2018-09-01","48.533","101.383","1509.0","ERDENEMANDAL, MG",,,,,"  141",",,S","   47",",,S","   92","H,,S"
"MGM00044237","2018-09-02","48.533","101.383","1509.0","ERDENEMANDAL, MG",,,,,"  173",",,S",,,"  109","H,,S"
"MGM00044237","2018-09-03","48.533","101.383","1509.0","ERDENEMANDAL, MG",,,,,"  209",",,S","   53",",,S","  141","H,,S"
"MGM00044237","2018-09-04","48.533","101.383","1509.0","ERDENEMANDAL, MG",,,,,"  192",",,S",,,"  115","H,,S"
"MGM00044237","2018-09-05","48.533","101.383","1509.0","ERDENEMANDAL, MG","   51","B,,S",,,"   98",",,S","   42",",,S","   69","H,,S"
"MGM00044237","2018-09-06","48.533","101.383","1509.0","ERDENEMANDAL, MG",,,,,"  144",",,S",,,"   79","H,,S"
"MGM00044237","2018-09-07","48.533","101.383","1509.0","ERDENEMANDAL, MG",,,,,"  165",",,S","   32",",,S","   96","H,,S"
"MGM00044237","2018-09-08","48.533","101.383","1509.0","ERDENEMANDAL, MG",,,,,"  195",",,S","   24",",,S","  111","H,,S"
"MGM00044237","2018-09-09","48.533","101.383","1509.0","ERDENEMANDAL, MG",,,,,"  219",",,S","   51",",,S","  142","H,,S"
"MGM00044237","2018-09-10","48.533","101.383","1509.0","ERDENEMANDAL, MG","   30","B,,S",,,"  131",",,S",,,"   77","H,,S"
"MGM00044237","2018-09-11","48.533","101.383","1509.0","ERDENEMANDAL, MG",,,,,"  130",",,S",,,"   65","H,,S"
"MGM00044237","2018-09-12","48.533","101.383","1509.0","ERDENEMANDAL, MG",,,,,"  157",",,S","    1",",,S","   88","H,,S"
"MGM00044237","2018-09-13","48.533","101.383","1509.0","ERDENEMANDAL, MG",,,,,"   76",",,S",,,"   17","H,,S"
"MGM00044237","2018-09-14","48.533","101.383","1509.0","ERDENEMANDAL, MG",,,,,"  111",",,S","  -60",",,S","   29","H,,S"
"MGM00044237","2018-09-15","48.533","101.383","1509.0","ERDENEMANDAL, MG",,,,,"  160",",,S","  -31",",,S","   96","H,,S"
"MGM00044237","2018-09-16","48.533","101.383","1509.0","ERDENEMANDAL, MG",,,,,"  183",",,S",,,"   95","H,,S"
"MGM00044237","2018-09-19","48.533","101.383","1509.0","ERDENEMANDAL, MG",,,,,"   48",",,S",,,"   17","H,,S"
"MGM00044237","2018-09-20","48.533","101.383","1509.0","ERDENEMANDAL, MG",,,,,"   62",",,S",,,"   26","H,,S"
"MGM00044237","2018-09-21","48.533","101.383","1509.0","ERDENEMANDAL, MG",,,,,"  124",",,S","  -68",",,S","   27","H,,S"
"MGM00044237","2018-09-22","48.533","101.383","1509.0","ERDENEMANDAL, MG",,,,,"  146",",,S","  -63",",,S","   49","H,,S"
"MGM00044237","2018-09-23","48.533","101.383","1509.0","ERDENEMANDAL, MG",,,,,"  178",",,S","  -25",",,S","   79","H,,S"
"MGM00044237","2018-09-25","48.533","101.383","1509.0","ERDENEMANDAL, MG",,,,,"  179",",,S","   -3",",,S","   92","H,,S"
"MGM00044237","2018-09-26","48.533","101.383","1509.0","ERDENEMANDAL, MG",,,,,"  146",",,S",,,"   61","H,,S"
"MGM00044237","2018-09-27","48.533","101.383","1509.0","ERDENEMANDAL, MG",,,,,"  108",",,S","  -16",",,S","   48","H,,S"
"MGM00044237","2018-09-28","48.533","101.383","1509.0","ERDENEMANDAL, MG","   41","B,,S","   30",",,S","   71",",,S",,,"   11","H,,S"
"MGM00044237","2018-09-29","48.533","101.383","1509.0","ERDENEMANDAL, MG",,,,,"   97",",,S","  -40",",,S","   15","H,,S"
"MGM00044237","2018-09-30","48.533","101.383","1509.0","ERDENEMANDAL, MG",,,,,"  130",",,S","  -35",",,S","   39","H,,S"
"MGM00044237","2018-10-01","48.533","101.383","1509.0","ERDENEMANDAL, MG",,,,,"  156",",,S","  -18",",,S","   64","H,,S"
"MGM00044237","2018-10-02","48.533","101.383","1509.0","ERDENEMANDAL, MG",,,,,"  179",",,S","   -2",",,S","   86","H,,S"
"MGM00044237","2018-10-03","48.533","101.383","1509.0","ERDENEMANDAL, MG",,,,,"  184",",,S",,,"   97","H,,S"
"MGM00044237","2018-10-04","48.533","101.383","1509.0","ERDENEMANDAL, MG","    8","B,,S",,,"   -7",",,S",,,"  -24","H,,S"
"MGM00044237","2018-10-05","48.533","101.383","1509.0","ERDENEMANDAL, MG",,,,,"   26",",,S",,,"  -26","H,,S"
"MGM00044237","2018-10-06","48.533","101.383","1509.0","ERDENEMANDAL, MG",,,,,"   59",",,S","  -86",",,S","   14","H,,S"
"MGM00044237","2018-10-07","48.533","101.383","1509.0","ERDENEMANDAL, MG",,,,,"   67",",,S",,,"   -1","H,,S"
"MGM00044237","2018-10-08","48.533","101.383","1509.0","ERDENEMANDAL, MG",,,,,"   90",",,S","  -64",",,S","    5","H,,S"
"MGM00044237","2018-10-09","48.533","101.383","1509.0","ERDENEMANDAL, MG",,,,,"  123",",,S","  -51",",,S","   22","H,,S"
"MGM00044237","2018-10-10","48.533","101.383","1509.0","ERDENEMANDAL, MG",,,,,"  133",",,S","  -55",",,S","   28","H,,S"
"MGM00044237","2018-10-11","48.533","101.383","1509.0","ERDENEMANDAL, MG",,,,,"  139",",,S","  -30",",,S","   51","H,,S"
"MGM00044237","2018-10-12","48.533","101.383","1509.0","ERDENEMANDAL, MG",,,,,"  128",",,S","  -10",",,S","   48","H,,S"
"MGM00044237","2018-10-13","48.533","101.383","1509.0","ERDENEMANDAL, MG",,,,,"  129",",,S","  -33",",,S","   39","H,,S"
"MGM00044237","2018-10-14","48.533","101.383","1509.0","ERDENEMANDAL, MG",,,,,"  150",",,S","  -21",",,S","   49","H,,S"
"MGM00044237","2018-10-15","48.533","101.383","1509.0","ERDENEMANDAL, MG",,,,,"  157",",,S","  -23",",,S","   54","H,,S"
"MGM00044237","2018-10-16","48.533","101.383","1509.0","ERDENEMANDAL, MG",,,,,"  141",",,S","  -34",",,S","   31","H,,S"
"MGM00044237","2018-10-17","48.533","101.383","1509.0","ERDENEMANDAL, MG",,,,,"  143",",,S","  -47",",,S","   26","H,,S"
"MGM00044237","2018-10-18","48.533","101.383","1509.0","ERDENEMANDAL, MG",,,,,"  121",",,S","  -65",",,S","   23","H,,S"
"MGM00044237","2018-10-19","48.533","101.383","1509.0","ERDENEMANDAL, MG",,,,,"  109",",,S","  -76",",,S","   17","H,,S"
"MGM00044237","2018-10-20","48.533","101.383","1509.0","ERDENEMANDAL, MG",,,,,"   78",",,S","  -39",",,S","   23","H,,S"
"MGM00044237","2018-10-21","48.533","101.383","1509.0","ERDENEMANDAL, MG","   15","B,,S",,,"   15",",,S",,,"   -9","H,,S"
"MGM00044237","2018-10-22","48.533","101.383","1509.0","ERDENEMANDAL, MG",,,,,"   49",",,S","  -58",",,S","    9","H,,S"
"MGM00044237","2018-10-23","48.533","101.383","1509.0","ERDENEMANDAL, MG",,,,,"   93",",,S","  -39",",,S","    6","H,,S"
"MGM00044237","2018-10-24","48.533","101.383","1509.0","ERDENEMANDAL, MG",,,,,"  -13",",,S",,,"  -47","H,,S"
"MGM00044237","2018-10-25","48.533","101.383","1509.0","ERDENEMANDAL, MG",,,,,"   -9",",,S"," -111",",,S","  -52","H,,S"
"MGM00044237","2018-10-26","48.533","101.383","1509.0","ERDENEMANDAL, MG",,,,,"   54",",,S",,,"   28","H,,S"
"MGM00044237","2018-10-27","48.533","101.383","1509.0","ERDENEMANDAL, MG",,,"   20",",,S","   94",",,S","  -57",",,S","  -11","H,,S"
"MGM00044237","2018-10-28","48.533","101.383","1509.0","ERDENEMANDAL, MG",,,"   10",",,S","   98",",,S",,,"   -4","H,,S"
"MGM00044237","2018-10-29","48.533","101.383","1509.0","ERDENEMANDAL, MG",,,,,"   81",",,S","  -78",",,S","   -4","H,,S"
"MGM00044237","2018-10-30","48.533","101.383","1509.0","ERDENEMANDAL, MG",,,,,"   74",",,S","  -48",",,S","   -5","H,,S"
"MGM00044237","2018-10-31","48.533","101.383","1509.0","ERDENEMANDAL, MG",,,,,"  127",",,S","  -46",",,S","   32","H,,S"
"MGM00044237","2018-11-01","48.533","101.383","1509.0","ERDENEMANDAL, MG",,,,,"  123",",,S","  -30",",,S","   42","H,,S"
"MGM00044237","2018-11-02","48.533","101.383","1509.0","ERDENEMANDAL, MG",,,,,"  -31",",,S",,,"  -78","H,,S"
"MGM00044237","2018-11-03","48.533","101.383","1509.0","ERDENEMANDAL, MG",,,,,"  -38",",,S"," -155",",,S","  -97","H,,S"
"MGM00044237","2018-11-04","48.533","101.383","1509.0","ERDENEMANDAL, MG",,,,,"  -17",",,S"," -131",",,S","  -71","H,,S"
"MGM00044237","2018-11-05","48.533","101.383","1509.0","ERDENEMANDAL, MG",,,,,"  -12",",,S"," -119",",,S","  -54","H,,S"
"MGM00044237","2018-11-06","48.533","101.383","1509.0","ERDENEMANDAL, MG",,,,,"   65",",,S","  -92",",,S","  -33","H,,S"
"MGM00044237","2018-11-07","48.533","101.383","1509.0","ERDENEMANDAL, MG",,,,,"   -9",",,S",,,"  -62","H,,S"
"MGM00044237","2018-11-08","48.533","101.383","1509.0","ERDENEMANDAL, MG",,,,,"    3",",,S"," -133",",,S","  -52","H,,S"
"MGM00044237","2018-11-09","48.533","101.383","1509.0","ERDENEMANDAL, MG",,,,,"   17",",,S"," -103",",,S","  -48","H,,S"
"MGM00044237","2018-11-10","48.533","101.383","1509.0","ERDENEMANDAL, MG",,,,,"   48",",,S",,,"  -41","H,,S"
"MGM00044237","2018-11-11","48.533","101.383","1509.0","ERDENEMANDAL, MG",,,,,"   63",",,S","  -97",",,S","  -23","H,,S"
"MGM00044237","2018-11-12","48.533","101.383","1509.0","ERDENEMANDAL, MG",,,,,"   58",",,S",,,"  -19","H,,S"
"MGM00044237","2018-11-13","48.533","101.383","1509.0","ERDENEMANDAL, MG",,,,,,,,," -138","H,,S"
"MGM00044237","2018-11-14","48.533","101.383","1509.0","ERDENEMANDAL, MG",,,,,"  -82",",,S"," -204",",,S"," -144","H,,S"
"MGM00044237","2018-11-15","48.533","101.383","1509.0","ERDENEMANDAL, MG",,,,,"  -43",",,S"," -206",",,S"," -108","H,,S"
"MGM00044237","2018-11-16","48.533","101.383","1509.0","ERDENEMANDAL, MG",,,,,"  -32",",,S"," -137",",,S","  -62","H,,S"
"MGM00044237","2018-11-23","48.533","101.383","1509.0","ERDENEMANDAL, MG",,,,,"    7",",,S"," -177",",,S","  -62","H,,S"
"MGM00044237","2018-11-24","48.533","101.383","1509.0","ERDENEMANDAL, MG",,,,,"   43",",,S"," -110",",,S","  -24","H,,S"
"MGM00044237","2018-11-25","48.533","101.383","1509.0","ERDENEMANDAL, MG",,,,,"   72",",,S",,,"  -46","H,,S"
"MGM00044237","2018-11-26","48.533","101.383","1509.0","ERDENEMANDAL, MG",,,,," -105",",,S",,," -154","H,,S"
"MGM00044237","2018-11-27","48.533","101.383","1509.0","ERDENEMANDAL, MG",,,,,"  -94",",,S"," -227",",,S"," -156","H,,S"
"MGM00044237","2018-11-28","48.533","101.383","1509.0","ERDENEMANDAL, MG",,,,,"  -11",",,S"," -199",",,S","  -93","H,,S"
"MGM00044237","2018-11-29","48.533","101.383","1509.0","ERDENEMANDAL, MG",,,,,"    8",",,S"," -130",",,S","  -61","H,,S"
"MGM00044237","2018-11-30","48.533","101.383","1509.0","ERDENEMANDAL, MG",,,,,"   42",",,S"," -122",",,S","  -25","H,,S"
"MGM00044237","2018-12-01","48.533","101.383","1509.0","ERDENEMANDAL, MG",,,,,"   36",",,S",,,"  -49","H,,S"
"MGM00044237","2018-12-02","48.533","101.383","1509.0","ERDENEMANDAL, MG",,,,," -157",",,S",,," -198","H,,S"
"MGM00044237","2018-12-03","48.533","101.383","1509.0","ERDENEMANDAL, MG",,,,," -171",",,S"," -259",",,S"," -210","H,,S"
"MGM00044237","2018-12-04","48.533","101.383","1509.0","ERDENEMANDAL, MG",,,,," -150",",,S",,," -212","H,,S"
"MGM00044237","2018-12-05","48.533","101.383","1509.0","ERDENEMANDAL, MG",,,,," -210",",,S",,," -244","H,,S"
"MGM00044237","2018-12-06","48.533","101.383","1509.0","ERDENEMANDAL, MG",,,,," -209",",,S"," -313",",,S"," -269","H,,S"
"MGM00044237","2018-12-07","48.533","101.383","1509.0","ERDENEMANDAL, MG",,,,," -164",",,S"," -316",",,S"," -241","H,,S"
"MGM00044237","2018-12-08","48.533","101.383","1509.0","ERDENEMANDAL, MG",,,,,"  -90",",,S"," -262",",,S"," -181","H,,S"
"MGM00044237","2018-12-09","48.533","101.383","1509.0","ERDENEMANDAL, MG",,,,," -144",",,S",,," -196","H,,S"
"MGM00044237","2018-12-10","48.533","101.383","1509.0","ERDENEMANDAL, MG",,,,," -128",",,S"," -261",",,S"," -209","H,,S"
"MGM00044237","2018-12-11","48.533","101.383","1509.0","ERDENEMANDAL, MG",,,,,"  -58",",,S"," -243",",,S"," -154","H,,S"
"MGM00044237","2018-12-12","48.533","101.383","1509.0","ERDENEMANDAL, MG",,,,,"  -45",",,S"," -206",",,S"," -159","H,,S"
"MGM00044237","2018-12-13","48.533","101.383","1509.0","ERDENEMANDAL, MG",,,,,"  -79",",,S"," -225",",,S"," -163","H,,S"
"MGM00044237","2018-12-14","48.533","101.383","1509.0","ERDENEMANDAL, MG",,,,,"  -37",",,S"," -185",",,S"," -126","H,,S"
"MGM00044237","2018-12-15","48.533","101.383","1509.0","ERDENEMANDAL, MG",,,,,"  -51",",,S"," -182",",,S"," -104","H,,S"
"MGM00044237","2018-12-16","48.533","101.383","1509.0","ERDENEMANDAL, MG",,,,,"  -22",",,S"," -163",",,S","  -78","H,,S"
"MGM00044237","2018-12-17","48.533","101.383","1509.0","ERDENEMANDAL, MG",,,,,"  -33",",,S"," -124",",,S","  -82","H,,S"
"MGM00044237","2018-12-18","48.533","101.383","1509.0","ERDENEMANDAL, MG",,,,,"  -45",",,S",,," -103","H,,S"
"MGM00044237","2018-12-19","48.533","101.383","1509.0","ERDENEMANDAL, MG",,,,,"  -51",",,S"," -161",",,S"," -121","H,,S"
"MGM00044237","2018-12-20","48.533","101.383","1509.0","ERDENEMANDAL, MG",,,,,"  -60",",,S",,," -119","H,,S"
"MGM00044237","2018-12-21","48.533","101.383","1509.0","ERDENEMANDAL, MG",,,,," -138",",,S",,," -195","H,,S"
"MGM00044237","2018-12-22","48.533","101.383","1509.0","ERDENEMANDAL, MG",,,,," -125",",,S"," -268",",,S"," -166","H,,S"
"MGM00044237","2018-12-23","48.533","101.383","1509.0","ERDENEMANDAL, MG",,,,,"  -68",",,S"," -177",",,S"," -133","H,,S"
"MGM00044237","2018-12-24","48.533","101.383","1509.0","ERDENEMANDAL, MG",,,,," -113",",,S",,," -177","H,,S"
"MGM00044237","2018-12-25","48.533","101.383","1509.0","ERDENEMANDAL, MG",,,,," -166",",,S",,," -243","H,,S"
"MGM00044237","2018-12-26","48.533","101.383","1509.0","ERDENEMANDAL, MG",,,,," -191",",,S"," -323",",,S"," -279","H,,S"
"MGM00044237","2018-12-27","48.533","101.383","1509.0","ERDENEMANDAL, MG",,,,," -183",",,S"," -319",",,S"," -252","H,,S"
"MGM00044237","2018-12-28","48.533","101.383","1509.0","ERDENEMANDAL, MG",,,,," -134",",,S"," -289",",,S"," -219","H,,S"
"MGM00044237","2018-12-29","48.533","101.383","1509.0","ERDENEMANDAL, MG",,,,," -144",",,S",,," -229","H,,S"
"MGM00044237","2018-12-30","48.533","101.383","1509.0","ERDENEMANDAL, MG",,,,," -160",",,S",,," -253","H,,S"
"MGM00044237","2018-12-31","48.533","101.383","1509.0","ERDENEMANDAL, MG",,,,," -201",",,S",,," -272","H,,S"
"MGM00044237","2019-01-01","48.533","101.383","1509.0","ERDENEMANDAL, MG",,,,," -219",",,S"," -326",",,S"," -283","H,,S"
"MGM00044237","2019-01-02","48.533","101.383","1509.0","ERDENEMANDAL, MG",,,,," -168",",,S"," -327",",,S"," -253","H,,S"
"MGM00044237","2019-01-03","48.533","101.383","1509.0","ERDENEMANDAL, MG",,,,," -117",",,S"," -298",",,S"," -224","H,,S"
"MGM00044237","2019-01-04","48.533","101.383","1509.0","ERDENEMANDAL, MG",,,,," -155",",,S",,," -246","H,,S"
"MGM00044237","2019-01-05","48.533","101.383","1509.0","ERDENEMANDAL, MG",,,,," -165",",,S"," -312",",,S"," -254","H,,S"
"MGM00044237","2019-01-06","48.533","101.383","1509.0","ERDENEMANDAL, MG",,,,," -140",",,S"," -290",",,S"," -217","H,,S"
"MGM00044237","2019-01-07","48.533","101.383","1509.0","ERDENEMANDAL, MG",,,,,"  -81",",,S"," -263",",,S"," -167","H,,S"
"MGM00044237","2019-01-08","48.533","101.383","1509.0","ERDENEMANDAL, MG",,,,,"  -33",",,S"," -205",",,S"," -136","H,,S"
"MGM00044237","2019-01-09","48.533","101.383","1509.0","ERDENEMANDAL, MG",,,,,"  -30",",,S"," -186",",,S"," -131","H,,S"
"MGM00044237","2019-01-10","48.533","101.383","1509.0","ERDENEMANDAL, MG",,,,,"    7",",,S"," -188",",,S"," -121","H,,S"
"MGM00044237","2019-01-11","48.533","101.383","1509.0","ERDENEMANDAL, MG",,,,,"  -30",",,S"," -186",",,S"," -119","H,,S"
"MGM00044237","2019-01-12","48.533","101.383","1509.0","ERDENEMANDAL, MG",,,,,"  -71",",,S"," -221",",,S"," -152","H,,S"
"MGM00044237","2019-01-13","48.533","101.383","1509.0","ERDENEMANDAL, MG",,,,,"  -71",",,S",,," -179","H,,S"
"MGM00044237","2019-01-14","48.533","101.383","1509.0","ERDENEMANDAL, MG",,,,," -105",",,S"," -268",",,S"," -206","H,,S"
"MGM00044237","2019-01-15","48.533","101.383","1509.0","ERDENEMANDAL, MG",,,,,"  -75",",,S"," -236",",,S"," -176","H,,S"
"MGM00044237","2019-01-16","48.533","101.383","1509.0","ERDENEMANDAL, MG",,,,,"  -88",",,S"," -235",",,S"," -171","H,,S"
"MGM00044237","2019-01-17","48.533","101.383","1509.0","ERDENEMANDAL, MG",,,,,"  -65",",,S"," -226",",,S"," -174","H,,S"
"MGM00044237","2019-01-18","48.533","101.383","1509.0","ERDENEMANDAL, MG",,,,,"  -72",",,S"," -226",",,S"," -176","H,,S"
"MGM00044237","2019-01-19","48.533","101.383","1509.0","ERDENEMANDAL, MG",,,,,"  -77",",,S"," -242",",,S"," -160","H,,S"
"MGM00044237","2019-01-20","48.533","101.383","1509.0","ERDENEMANDAL, MG",,,,,"    9",",,S"," -192",",,S","  -97","H,,S"
"MGM00044237","2019-01-21","48.533","101.383","1509.0","ERDENEMANDAL, MG",,,,,"   10",",,S"," -185",",,S","  -96","H,,S"
"MGM00044237","2019-01-22","48.533","101.383","1509.0","ERDENEMANDAL, MG",,,,,"   -5",",,S"," -168",",,S"," -104","H,,S"
"MGM00044237","2019-01-23","48.533","101.383","1509.0","ERDENEMANDAL, MG",,,,,"  -64",",,S",,," -135","H,,S"
"MGM00044237","2019-01-24","48.533","101.383","1509.0","ERDENEMANDAL, MG",,,,,"  -87",",,S",,," -175","H,,S"
"MGM00044237","2019-01-25","48.533","101.383","1509.0","ERDENEMANDAL, MG",,,,," -121",",,S"," -243",",,S"," -172","H,,S"
"MGM00044237","2019-01-26","48.533","101.383","1509.0","ERDENEMANDAL, MG",,,,,"  -63",",,S",,," -137","H,,S"
"MGM00044237","2019-01-27","48.533","101.383","1509.0","ERDENEMANDAL, MG",,,,,"  -12",",,S"," -231",",,S"," -100","H,,S"
"MGM00044237","2019-01-28","48.533","101.383","1509.0","ERDENEMANDAL, MG",,,,,"  -22",",,S",,," -111","H,,S"
"MGM00044237","2019-01-29","48.533","101.383","1509.0","ERDENEMANDAL, MG",,,,," -192",",,S"," -244",",,S"," -216","H,,S"
"MGM00044237","2019-01-30","48.533","101.383","1509.0","ERDENEMANDAL, MG",,,,,"  -97",",,S"," -236",",,S"," -147","H,,S"
"MGM00044237","2019-01-31","48.533","101.383","1509.0","ERDENEMANDAL, MG",,,,,"   -5",",,S"," -164",",,S","  -83","H,,S"
"MGM00044237","2019-02-01","48.533","101.383","1509.0","ERDENEMANDAL, MG",,,,,"  -43",",,S",,," -110","H,,S"
"MGM00044237","2019-02-02","48.533","101.383","1509.0","ERDENEMANDAL, MG",,,,," -182",",,S",,," -229","H,,S"
"MGM00044237","2019-02-03","48.533","101.383","1509.0","ERDENEMANDAL, MG",,,,," -139",",,S"," -285",",,S"," -203","H,,S"
"MGM00044237","2019-02-04","48.533","101.383","1509.0","ERDENEMANDAL, MG",,,,," -143",",,S"," -262",",,S"," -204","H,,S"
"MGM00044237","2019-02-05","48.533","101.383","1509.0","ERDENEMANDAL, MG",,,,," -195",",,S",,," -253","H,,S"
"MGM00044237","2019-02-06","48.533","101.383","1509.0","ERDENEMANDAL, MG",,,,," -171",",,S"," -319",",,S"," -261","H,,S"
"MGM00044237","2019-02-07","48.533","101.383","1509.0","ERDENEMANDAL, MG",,,,," -197",",,S"," -314",",,S"," -240","H,,S"
"MGM00044237","2019-02-08","48.533","101.383","1509.0","ERDENEMANDAL, MG",,,"   10",",,S"," -181",",,S",,," -259","H,,S"
"MGM00044237","2019-02-09","48.533","101.383","1509.0","ERDENEMANDAL, MG",,,"   10",",,S"," -183",",,S"," -321",",,S"," -274","H,,S"
"MGM00044237","2019-02-10","48.533","101.383","1509.0","ERDENEMANDAL, MG",,,"   10",",,S"," -217",",,S",,," -283","H,,S"
"MGM00044237","2019-02-11","48.533","101.383","1509.0","ERDENEMANDAL, MG",,,"   10",",,S"," -219",",,S"," -339",",,S"," -292","H,,S"
"MGM00044237","2019-02-12","48.533","101.383","1509.0","ERDENEMANDAL, MG",,,"   10",",,S"," -196",",,S"," -336",",,S"," -279","H,,S"
"MGM00044237","2019-02-13","48.533","101.383","1509.0","ERDENEMANDAL, MG",,,"   10",",,S"," -176",",,S"," -326",",,S"," -249","H,,S"
"MGM00044237","2019-02-14","48.533","101.383","1509.0","ERDENEMANDAL, MG",,,"   10",",,S"," -147",",,S"," -316",",,S"," -233","H,,S"
"MGM00044237","2019-02-15","48.533","101.383","1509.0","ERDENEMANDAL, MG",,,,," -117",",,S"," -266",",,S"," -202","H,,S"
"MGM00044237","2019-02-16","48.533","101.383","1509.0","ERDENEMANDAL, MG",,,,,"  -95",",,S"," -255",",,S"," -183","H,,S"
"MGM00044237","2019-02-17","48.533","101.383","1509.0","ERDENEMANDAL, MG",,,,,"  -57",",,S"," -234",",,S"," -161","H,,S"
"MGM00044237","2019-02-18","48.533","101.383","1509.0","ERDENEMANDAL, MG",,,,,"  -40",",,S"," -238",",,S"," -146","H,,S"
"MGM00044237","2019-02-19","48.533","101.383","1509.0","ERDENEMANDAL, MG",,,,,"    3",",,S"," -197",",,S"," -123","H,,S"
"MGM00044237","2019-02-20","48.533","101.383","1509.0","ERDENEMANDAL, MG",,,,,"   13",",,S"," -196",",,S"," -108","H,,S"
"MGM00044237","2019-02-21","48.533","101.383","1509.0","ERDENEMANDAL, MG",,,,,"   10",",,S"," -179",",,S"," -104","H,,S"
"MGM00044237","2019-02-22","48.533","101.383","1509.0","ERDENEMANDAL, MG",,,,,"   31",",,S"," -176",",,S","  -61","H,,S"
"MGM00044237","2019-02-23","48.533","101.383","1509.0","ERDENEMANDAL, MG",,,,,"  -18",",,S",,," -101","H,,S"
"MGM00044237","2019-02-24","48.533","101.383","1509.0","ERDENEMANDAL, MG",,,,,"  -14",",,S"," -184",",,S"," -118","H,,S"
"MGM00044237","2019-02-25","48.533","101.383","1509.0","ERDENEMANDAL, MG",,,,,"   -8",",,S"," -191",",,S"," -103","H,,S"
"MGM00044237","2019-02-26","48.533","101.383","1509.0","ERDENEMANDAL, MG",,,,,"   22",",,S"," -172",",,S","  -89","H,,S"
"MGM00044237","2019-02-27","48.533","101.383","1509.0","ERDENEMANDAL, MG",,,,,"   13",",,S"," -176",",,S","  -97","H,,S"
"MGM00044237","2019-02-28","48.533","101.383","1509.0","ERDENEMANDAL, MG",,,,,"   50",",,S"," -169",",,S","  -70","H,,S"
"MGM00044237","2019-03-01","48.533","101.383","1509.0","ERDENEMANDAL, MG",,,,,"   67",",,S"," -136",",,S","  -36","H,,S"
"MGM00044237","2019-03-02","48.533","101.383","1509.0","ERDENEMANDAL, MG",,,,,"   27",",,S",,,"  -53","H,,S"
"MGM00044237","2019-03-03","48.533","101.383","1509.0","ERDENEMANDAL, MG",,,,,"   53",",,S"," -143",",,S","  -48","H,,S"
"MGM00044237","2019-03-04","48.533","101.383","1509.0","ERDENEMANDAL, MG",,,,,"   48",",,S"," -122",",,S","  -44","H,,S"
"MGM00044237","2019-03-05","48.533","101.383","1509.0","ERDENEMANDAL, MG",,,,,"   91",",,S"," -123",",,S","  -33","H,,S"
"MGM00044237","2019-03-06","48.533","101.383","1509.0","ERDENEMANDAL, MG",,,,,"   91",",,S","  -91",",,S","  -18","H,,S"
"MGM00044237","2019-03-07","48.533","101.383","1509.0","ERDENEMANDAL, MG",,,,,"   63",",,S","  -88",",,S","   -6","H,,S"
"MGM00044237","2019-03-08","48.533","101.383","1509.0","ERDENEMANDAL, MG","    3","B,,S","   10",",,S","  -32",",,S",,,"  -86","H,,S"
"MGM00044237","2019-03-09","48.533","101.383","1509.0","ERDENEMANDAL, MG",,,,,"   23",",,S"," -156",",,S","  -64","H,,S"
"MGM00044237","2019-03-10","48.533","101.383","1509.0","ERDENEMANDAL, MG",,,,,"   23",",,S"," -104",",,S","  -47","H,,S"
"MGM00044237","2019-03-11","48.533","101.383","1509.0","ERDENEMANDAL, MG",,,,,"   13",",,S"," -153",",,S","  -63","H,,S"
"MGM00044237","2019-03-12","48.533","101.383","1509.0","ERDENEMANDAL, MG",,,,,"   37",",,S"," -124",",,S","  -28","H,,S"
"MGM00044237","2019-03-13","48.533","101.383","1509.0","ERDENEMANDAL, MG",,,,,,,"  -87",",,S","  -16","H,,S"
"MGM00044237","2019-03-14","48.533","101.383","1509.0","ERDENEMANDAL, MG",,,,,"   91",",,S","  -77",",,S","   19","H,,S"
"MGM00044237","2019-03-15","48.533","101.383","1509.0","ERDENEMANDAL, MG",,,,,"   97",",,S",,,"   14","H,,S"
"MGM00044237","2019-03-16","48.533","101.383","1509.0","ERDENEMANDAL, MG",,,,,"  116",",,S","  -63",",,S","   21","H,,S"
"MGM00044237","2019-03-17","48.533","101.383","1509.0","ERDENEMANDAL, MG",,,,,"  114",",,S","  -65",",,S","   25","H,,S"
"MGM00044237","2019-03-18","48.533","101.383","1509.0","ERDENEMANDAL, MG",,,,,"   86",",,S",,,"  -15","H,,S"
"MGM00044237","2019-03-19","48.533","101.383","1509.0","ERDENEMANDAL, MG","    5","B,,S","   20",",,S","  -60",",,S",,," -108","H,,S"
"MGM00044237","2019-03-20","48.533","101.383","1509.0","ERDENEMANDAL, MG",,,,,"  -43",",,S"," -173",",,S"," -106","H,,S"
"MGM00044237","2019-03-21","48.533","101.383","1509.0","ERDENEMANDAL, MG",,,,,"  -14",",,S"," -156",",,S","  -71","H,,S"
"MGM00044237","2019-03-22","48.533","101.383","1509.0","ERDENEMANDAL, MG",,,,,"   34",",,S"," -110",",,S","  -41","H,,S"
"MGM00044237","2019-03-23","48.533","101.383","1509.0","ERDENEMANDAL, MG",,,,,"   75",",,S","  -99",",,S","    6","H,,S"
"MGM00044237","2019-03-24","48.533","101.383","1509.0","ERDENEMANDAL, MG",,,,,"   72",",,S","  -62",",,S","   -1","H,,S"
"MGM00044237","2019-03-25","48.533","101.383","1509.0","ERDENEMANDAL, MG",,,,,"   87",",,S","  -70",",,S","   14","H,,S"
"MGM00044237","2019-03-26","48.533","101.383","1509.0","ERDENEMANDAL, MG",,,,,"   17",",,S",,,"  -54","H,,S"
"MGM00044237","2019-03-27","48.533","101.383","1509.0","ERDENEMANDAL, MG",,,,,"    5",",,S"," -129",",,S","  -59","H,,S"
"MGM00044237","2019-03-28","48.533","101.383","1509.0","ERDENEMANDAL, MG",,,,,"   22",",,S","  -97",",,S","  -34","H,,S"
"MGM00044237","2019-03-29","48.533","101.383","1509.0","ERDENEMANDAL, MG",,,,,"   21",",,S","  -82",",,S","  -37","H,,S"
"MGM00044237","2019-03-30","48.533","101.383","1509.0","ERDENEMANDAL, MG",,,,,"   50",",,S","  -96",",,S","  -18","H,,S"
"MGM00044237","2019-03-31","48.533","101.383","1509.0","ERDENEMANDAL, MG",,,,,"  118",",,S","  -63",",,S","   45","H,,S"
"MGM00044237","2019-04-01","48.533","101.383","1509.0","ERDENEMANDAL, MG",,,,,"  119",",,S","  -41",",,S","   40","H,,S"
"MGM00044237","2019-04-02","48.533","101.383","1509.0","ERDENEMANDAL, MG",,,,,"  143",",,S","  -40",",,S","   51","H,,S"
"MGM00044237","2019-04-03","48.533","101.383","1509.0","ERDENEMANDAL, MG",,,,,"  161",",,S","  -13",",,S","   78","H,,S"
"MGM00044237","2019-04-04","48.533","101.383","1509.0","ERDENEMANDAL, MG",,,,,"  171",",,S","   -5",",,S","   80","H,,S"
"MGM00044237","2019-04-05","48.533","101.383","1509.0","ERDENEMANDAL, MG",,,,,"   88",",,S",,,"    3","H,,S"
"MGM00044237","2019-04-06","48.533","101.383","1509.0","ERDENEMANDAL, MG",,,,,"   57",",,S",,,"  -38","H,,S"
"MGM00044237","2019-04-07","48.533","101.383","1509.0","ERDENEMANDAL, MG",,,"   10",",,S","    0",",,S","  -76",",,S","  -27","H,,S"
"MGM00044237","2019-04-08","48.533","101.383","1509.0","ERDENEMANDAL, MG","   20","B,,S","   30",",,S","   14",",,S",,,"  -31","H,,S"
"MGM00044237","2019-04-09","48.533","101.383","1509.0","ERDENEMANDAL, MG",,,"   10",",,S","   44",",,S","  -87",",,S","  -21","H,,S"
"MGM00044237","2019-04-10","48.533","101.383","1509.0","ERDENEMANDAL, MG",,,,,"  101",",,S","  -68",",,S","   22","H,,S"
"MGM00044237","2019-04-11","48.533","101.383","1509.0","ERDENEMANDAL, MG",,,,,"   99",",,S",,,"   32","H,,S"
"MGM00044237","2019-04-12","48.533","101.383","1509.0","ERDENEMANDAL, MG",,,,,"   53",",,S","  -54",",,S","    4","H,,S"
"MGM00044237","2019-04-13","48.533","101.383","1509.0","ERDENEMANDAL, MG",,,,,"  117",",,S","  -52",",,S","   53","H,,S"
"MGM00044237","2019-04-14","48.533","101.383","1509.0","ERDENEMANDAL, MG",,,,,"  165",",,S","   -8",",,S","   78","H,,S"
"MGM00044237","2019-04-15","48.533","101.383","1509.0","ERDENEMANDAL, MG",,,,,"  164",",,S","   -5",",,S","   90","H,,S"
"MGM00044237","2019-04-16","48.533","101.383","1509.0","ERDENEMANDAL, MG",,,,,"  198",",,S","    5",",,S","   97","H,,S"
"MGM00044237","2019-04-17","48.533","101.383","1509.0","ERDENEMANDAL, MG",,,,,"   92",",,S",,,"   30","H,,S"
"MGM00044237","2019-04-18","48.533","101.383","1509.0","ERDENEMANDAL, MG",,,,,"  180",",,S","  -29",",,S","  100","H,,S"
"MGM00044237","2019-04-19","48.533","101.383","1509.0","ERDENEMANDAL, MG",,,,,"  129",",,S",,,"    4","H,,S"
"MGM00044237","2019-04-20","48.533","101.383","1509.0","ERDENEMANDAL, MG",,,,,"   52",",,S"," -112",",,S","    6","H,,S"
"MGM00044237","2019-04-21","48.533","101.383","1509.0","ERDENEMANDAL, MG",,,,,"  173",",,S","  -10",",,S","   86","H,,S"
"MGM00044237","2019-04-22","48.533","101.383","1509.0","ERDENEMANDAL, MG",,,,,"  121",",,S",,,"   57","H,,S"
"MGM00044237","2019-04-23","48.533","101.383","1509.0","ERDENEMANDAL, MG",,,,,"   84",",,S","  -44",",,S","   22","H,,S"
"MGM00044237","2019-04-24","48.533","101.383","1509.0","ERDENEMANDAL, MG",,,"   20",",,S","   83",",,S","  -34",",,S","   20","H,,S"
"MGM00044237","2019-04-25","48.533","101.383","1509.0","ERDENEMANDAL, MG","   71","B,,S","   20",",,S","   80",",,S","   -3",",,S","   38","H,,S"
"MGM00044237","2019-04-26","48.533","101.383","1509.0","ERDENEMANDAL, MG",,,,,"  161",",,S",,,"   83","H,,S"
"MGM00044237","2019-04-27","48.533","101.383","1509.0","ERDENEMANDAL, MG",,,,,"  148",",,S","    6",",,S","   84","H,,S"
"MGM00044237","2019-04-28","48.533","101.383","1509.0","ERDENEMANDAL, MG",,,,,"  150",",,S",,,"   71","H,,S"
"MGM00044237","2019-04-29","48.533","101.383","1509.0","ERDENEMANDAL, MG",,,,,"  126",",,S","  -14",",,S","   56","H,,S"
"MGM00044237","2019-04-30","48.533","101.383","1509.0","ERDENEMANDAL, MG",,,,,"  177",",,S","   -8",",,S","   89","H,,S"
"MGM00044237","2019-05-01","48.533","101.383","1509.0","ERDENEMANDAL, MG",,,,,"  206",",,S","   -2",",,S","  129","H,,S"
"MGM00044237","2019-05-02","48.533","101.383","1509.0","ERDENEMANDAL, MG",,,,,"  208",",,S",,,"  124","H,,S"
"MGM00044237","2019-05-03","48.533","101.383","1509.0","ERDENEMANDAL, MG",,,,,"  108",",,S",,,"   43","H,,S"
"MGM00044237","2019-05-04","48.533","101.383","1509.0","ERDENEMANDAL, MG",,,,,"   65",",,S","  -30",",,S","   26","H,,S"
"MGM00044237","2019-05-05","48.533","101.383","1509.0","ERDENEMANDAL, MG",,,,,"  122",",,S",,,"   59","H,,S"
"MGM00044237","2019-05-06","48.533","101.383","1509.0","ERDENEMANDAL, MG",,,,,"  160",",,S","  -13",",,S","   96","H,,S"
"MGM00044237","2019-05-07","48.533","101.383","1509.0","ERDENEMANDAL, MG",,,,,"  170",",,S",,,"   96","H,,S"
"MGM00044237","2019-05-08","48.533","101.383","1509.0","ERDENEMANDAL, MG",,,,,"  196",",,S","    9",",,S","  127","H,,S"
"MGM00044237","2019-05-09","48.533","101.383","1509.0","ERDENEMANDAL, MG",,,,,"  187",",,S",,,"  102","H,,S"
"MGM00044237","2019-05-10","48.533","101.383","1509.0","ERDENEMANDAL, MG","   61","B,,S","   79",",,S","   -6",",,S",,,"  -33","H,,S"
"MGM00044237","2019-05-11","48.533","101.383","1509.0","ERDENEMANDAL, MG",,,"   30",",,S","   30",",,S","  -52",",,S","   -9","H,,S"
"MGM00044237","2019-05-12","48.533","101.383","1509.0","ERDENEMANDAL, MG",,,"   10",",,S","  145",",,S","  -27",",,S","   75","H,,S"
"MGM00044237","2019-05-13","48.533","101.383","1509.0","ERDENEMANDAL, MG",,,,,"  159",",,S","   25",",,S","   96","H,,S"
"MGM00044237","2019-05-14","48.533","101.383","1509.0","ERDENEMANDAL, MG","   15","B,,S",,,"  102",",,S",,,"   28","H,,S"
"MGM00044237","2019-05-15","48.533","101.383","1509.0","ERDENEMANDAL, MG",,,"   20",",,S","   58",",,S","  -36",",,S","   17","H,,S"
"MGM00044237","2019-05-16","48.533","101.383","1509.0","ERDENEMANDAL, MG",,,,,"   67",",,S",,,"   17","H,,S"
"MGM00044237","2019-05-17","48.533","101.383","1509.0","ERDENEMANDAL, MG",,,,,"   47",",,S","  -30",",,S","    2","H,,S"
"MGM00044237","2019-05-18","48.533","101.383","1509.0","ERDENEMANDAL, MG","   13","B,,S","   10",",,S","   48",",,S","  -23",",,S","    7","H,,S"
"MGM00044237","2019-05-19","48.533","101.383","1509.0","ERDENEMANDAL, MG",,,,,"  122",",,S","  -25",",,S","   58","H,,S"
"MGM00044237","2019-05-20","48.533","101.383","1509.0","ERDENEMANDAL, MG",,,,,"  209",",,S","    0",",,S","  127","H,,S"
"MGM00044237","2019-05-21","48.533","101.383","1509.0","ERDENEMANDAL, MG",,,,,"  253",",,S","   47",",,S","  170","H,,S"
"MGM00044237","2019-05-22","48.533","101.383","1509.0","ERDENEMANDAL, MG",,,,,"  274",",,S","   91",",,S","  184","H,,S"
"MGM00044237","2019-05-23","48.533","101.383","1509.0","ERDENEMANDAL, MG",,,,,"  241",",,S",,,"  171","H,,S"
"MGM00044237","2019-05-24","48.533","101.383","1509.0","ERDENEMANDAL, MG","   43","B,,S",,,"  111",",,S",,,"   48","H,,S"
"MGM00044237","2019-05-25","48.533","101.383","1509.0","ERDENEMANDAL, MG",,,,,"   86",",,S",,,"   35","H,,S"
"MGM00044237","2019-05-26","48.533","101.383","1509.0","ERDENEMANDAL, MG",,,,,"  169",",,S","  -19",",,S","  101","H,,S"
"MGM00044237","2019-05-27","48.533","101.383","1509.0","ERDENEMANDAL, MG",,,,,"  231",",,S","   36",",,S","  149","H,,S"
"MGM00044237","2019-05-28","48.533","101.383","1509.0","ERDENEMANDAL, MG",,,,,"  166",",,S",,,"   81","H,,S"
"MGM00044237","2019-05-29","48.533","101.383","1509.0","ERDENEMANDAL, MG",,,,,"  166",",,S","  -17",",,S","   89","H,,S"
"MGM00044237","2019-05-30","48.533","101.383","1509.0","ERDENEMANDAL, MG",,,,,"  214",",,S","   12",",,S","  128","H,,S"
"MGM00044237","2019-05-31","48.533","101.383","1509.0","ERDENEMANDAL, MG",,,,,"  227",",,S","   48",",,S","  169","H,,S"
"MGM00044237","2019-06-01","48.533","101.383","1509.0","ERDENEMANDAL, MG",,,,,"  171",",,S",,,"  110","H,,S"
"MGM00044237","2019-06-02","48.533","101.383","1509.0","ERDENEMANDAL, MG",,,,,"  207",",,S","   12",",,S","  133","H,,S"
"MGM00044237","2019-06-03","48.533","101.383","1509.0","ERDENEMANDAL, MG",,,,,"  160",",,S",,,"   91","H,,S"
"MGM00044237","2019-06-04","48.533","101.383","1509.0","ERDENEMANDAL, MG",,,,,"  187",",,S","   11",",,S","  112","H,,S"
"MGM00044237","2019-06-05","48.533","101.383","1509.0","ERDENEMANDAL, MG",,,,,"  215",",,S","   30",",,S","  128","H,,S"
"MGM00044237","2019-06-06","48.533","101.383","1509.0","ERDENEMANDAL, MG",,,,,"  180",",,S",,,"  119","H,,S"
"MGM00044237","2019-06-07","48.533","101.383","1509.0","ERDENEMANDAL, MG",,,,,"  253",",,S","   41",",,S","  165","H,,S"
"MGM00044237","2019-06-08","48.533","101.383","1509.0","ERDENEMANDAL, MG",,,,,"  262",",,S","   56",",,S","  174","H,,S"
"MGM00044237","2019-06-09","48.533","101.383","1509.0","ERDENEMANDAL, MG",,,,,"  263",",,S","   80",",,S","  196","H,,S"
"MGM00044237","2019-06-10","48.533","101.383","1509.0","ERDENEMANDAL, MG",,,,,"  277",",,S",,,"  189","H,,S"
"MGM00044237","2019-06-11","48.533","101.383","1509.0","ERDENEMANDAL, MG",,,,,"  210",",,S","   86",",,S","  159","H,,S"
"MGM00044237","2019-06-12","48.533","101.383","1509.0","ERDENEMANDAL, MG",,,,,"  241",",,S","   81",",,S","  164","H,,S"
"MGM00044237","2019-06-13","48.533","101.383","1509.0","ERDENEMANDAL, MG",,,,,"  266",",,S","   68",",,S","  188","H,,S"
"MGM00044237","2019-06-14","48.533","101.383","1509.0","ERDENEMANDAL, MG",,,,,"  225",",,S",,,"  159","H,,S"
"MGM00044237","2019-06-15","48.533","101.383","1509.0","ERDENEMANDAL, MG","   71","B,,S",,,"  174",",,S",,,"  131","H,,S"
"MGM00044237","2019-06-16","48.533","101.383","1509.0","ERDENEMANDAL, MG",,,,,"  193",",,S",,,"  134","H,,S"
"MGM00044237","2019-06-17","48.533","101.383","1509.0","ERDENEMANDAL, MG",,,,,"  247",",,S","   77",",,S","  176","H,,S"
"MGM00044237","2019-06-18","48.533","101.383","1509.0","ERDENEMANDAL, MG",,,,,"  248",",,S","  106",",,S","  179","H,,S"
"MGM00044237","2019-06-19","48.533","101.383","1509.0","ERDENEMANDAL, MG",,,,,"  267",",,S","  108",",,S","  189","H,,S"
"MGM00044237","2019-06-20","48.533","101.383","1509.0","ERDENEMANDAL, MG",,,,,"  289",",,S","  102",",,S","  207","H,,S"
"MGM00044237","2019-06-21","48.533","101.383","1509.0","ERDENEMANDAL, MG",,,,,"  278",",,S","  112",",,S","  190","H,,S"
"MGM00044237","2019-06-22","48.533","101.383","1509.0","ERDENEMANDAL, MG",,,,,"  274",",,S","  123",",,S","  178","H,,S"
"MGM00044237","2019-06-23","48.533","101.383","1509.0","ERDENEMANDAL, MG",,,,,"  268",",,S","  111",",,S","  205","H,,S"
"MGM00044237","2019-06-24","48.533","101.383","1509.0","ERDENEMANDAL, MG","  409","B,,S",,,"  247",",,S",,,"  161","H,,S"
"MGM00044237","2019-06-25","48.533","101.383","1509.0","ERDENEMANDAL, MG",,,,,"  196",",,S",,,"  139","H,,S"
"MGM00044237","2019-06-26","48.533","101.383","1509.0","ERDENEMANDAL, MG",,,,,"  181",",,S","   56",",,S","  129","H,,S"
"MGM00044237","2019-06-27","48.533","101.383","1509.0","ERDENEMANDAL, MG",,,,,"  176",",,S","   79",",,S","  118","H,,S"
"MGM00044237","2019-06-28","48.533","101.383","1509.0","ERDENEMANDAL, MG","   20","B,,S",,,"  173",",,S","   81",",,S","  118","H,,S"
"MGM00044237","2019-06-29","48.533","101.383","1509.0","ERDENEMANDAL, MG","    3","B,,S",,,"  214",",,S",,,"  141","H,,S"
"MGM00044237","2019-06-30","48.533","101.383","1509.0","ERDENEMANDAL, MG",,,,,"  210",",,S","   72",",,S","  147","H,,S"
"MGM00044237","2019-07-01","48.533","101.383","1509.0","ERDENEMANDAL, MG",,,,,"  185",",,S","   89",",,S","  143","H,,S"
"MGM00044237","2019-07-02","48.533","101.383","1509.0","ERDENEMANDAL, MG","   20","B,,S",,,"  282",",,S","  104",",,S","  183","H,,S"
"MGM00044237","2019-07-03","48.533","101.383","1509.0","ERDENEMANDAL, MG","   64","B,,S",,,"  273",",,S","  102",",,S","  162","H,,S"
"MGM00044237","2019-07-04","48.533","101.383","1509.0","ERDENEMANDAL, MG",,,,,"  192",",,S","  101",",,S","  154","H,,S"
"MGM00044237","2019-07-05","48.533","101.383","1509.0","ERDENEMANDAL, MG",,,,,"  257",",,S",,,"  182","H,,S"
"MGM00044237","2019-07-06","48.533","101.383","1509.0","ERDENEMANDAL, MG",,,,,"  254",",,S","  100",",,S","  166","H,,S"
"MGM00044237","2019-07-07","48.533","101.383","1509.0","ERDENEMANDAL, MG",,,,,"  221",",,S",,,"  162","H,,S"
"MGM00044237","2019-07-08","48.533","101.383","1509.0","ERDENEMANDAL, MG",,,,,"  268",",,S","   94",",,S","  187","H,,S"
"MGM00044237","2019-07-09","48.533","101.383","1509.0","ERDENEMANDAL, MG",,,,,"  271",",,S","  103",",,S","  180","H,,S"
"MGM00044237","2019-07-10","48.533","101.383","1509.0","ERDENEMANDAL, MG",,,,,"  262",",,S",,,"  182","H,,S"
"MGM00044237","2019-07-11","48.533","101.383","1509.0","ERDENEMANDAL, MG",,,,,"  283",",,S","  109",",,S","  199","H,,S"
"MGM00044237","2019-07-12","48.533","101.383","1509.0","ERDENEMANDAL, MG",,,,,"  304",",,S",,,"  198","H,,S"
"MGM00044237","2019-07-13","48.533","101.383","1509.0","ERDENEMANDAL, MG",,,,,"  263",",,S","  123",",,S","  181","H,,S"
"MGM00044237","2019-07-14","48.533","101.383","1509.0","ERDENEMANDAL, MG","  259","B,,S",,,"  220",",,S",,,"  158","H,,S"
"MGM00044237","2019-07-15","48.533","101.383","1509.0","ERDENEMANDAL, MG",,,,,"  214",",,S",,,"  166","H,,S"
"MGM00044237","2019-07-16","48.533","101.383","1509.0","ERDENEMANDAL, MG",,,,,"  244",",,S","  113",",,S","  173","H,,S"
"MGM00044237","2019-07-17","48.533","101.383","1509.0","ERDENEMANDAL, MG",,,,,"  271",",,S","  115",",,S","  197","H,,S"
"MGM00044237","2019-07-18","48.533","101.383","1509.0","ERDENEMANDAL, MG",,,,,"  269",",,S",,,"  179","H,,S"
"MGM00044237","2019-07-19","48.533","101.383","1509.0","ERDENEMANDAL, MG",,,,,"  263",",,S",,,"  173","H,,S"
"MGM00044237","2019-07-20","48.533","101.383","1509.0","ERDENEMANDAL, MG","   18","B,,S",,,"  242",",,S","  102",",,S","  165","H,,S"
"MGM00044237","2019-07-21","48.533","101.383","1509.0","ERDENEMANDAL, MG",,,,,"  243",",,S","   94",",,S","  171","H,,S"
"MGM00044237","2019-07-22","48.533","101.383","1509.0","ERDENEMANDAL, MG",,,,,"  219",",,S",,,"  162","H,,S"
"MGM00044237","2019-07-23","48.533","101.383","1509.0","ERDENEMANDAL, MG",,,,,"  234",",,S","  111",",,S","  174","H,,S"
"MGM00044237","2019-07-24","48.533","101.383","1509.0","ERDENEMANDAL, MG",,,,,"  218",",,S",,,"  158","H,,S"
"MGM00044237","2019-07-25","48.533","101.383","1509.0","ERDENEMANDAL, MG",,,,,"  193",",,S","   93",",,S","  151","H,,S"
"MGM00044237","2019-07-26","48.533","101.383","1509.0","ERDENEMANDAL, MG",,,,,"  217",",,S","   94",",,S","  162","H,,S"
"MGM00044237","2019-07-27","48.533","101.383","1509.0","ERDENEMANDAL, MG",,,,,"  198",",,S","  121",",,S","  154","H,,S"
"MGM00044237","2019-07-28","48.533","101.383","1509.0","ERDENEMANDAL, MG",,,,,"  160",",,S",,,"  118","H,,S"
"MGM00044237","2019-07-29","48.533","101.383","1509.0","ERDENEMANDAL, MG","   25","B,,S",,,"  130",",,S","   90",",,S","  117","H,,S"
"MGM00044237","2019-07-30","48.533","101.383","1509.0","ERDENEMANDAL, MG",,,,,"  206",",,S",,,"  152","H,,S"
"MGM00044237","2019-07-31","48.533","101.383","1509.0","ERDENEMANDAL, MG",,,,,"  254",",,S","  101",",,S","  176","H,,S"
"MGM00044237","2019-08-01","48.533","101.383","1509.0","ERDENEMANDAL, MG",,,,,"  274",",,S",,,"  167","H,,S"
"MGM00044237","2019-08-02","48.533","101.383","1509.0","ERDENEMANDAL, MG","   20","B,,S",,,"  239",",,S","   92",",,S","  168","H,,S"
"MGM00044237","2019-08-03","48.533","101.383","1509.0","ERDENEMANDAL, MG","   38","B,,S",,,"  270",",,S",,,"  181","H,,S"
"MGM00044237","2019-08-04","48.533","101.383","1509.0","ERDENEMANDAL, MG","   23","B,,S",,,"  228",",,S","  118",",,S","  170","H,,S"
"MGM00044237","2019-08-05","48.533","101.383","1509.0","ERDENEMANDAL, MG",,,,,"  223",",,S",,,"  164","H,,S"
"MGM00044237","2019-08-06","48.533","101.383","1509.0","ERDENEMANDAL, MG",,,,,"  236",",,S","   92",",,S","  171","H,,S"
"MGM00044237","2019-08-07","48.533","101.383","1509.0","ERDENEMANDAL, MG",,,,,"  234",",,S",,,"  165","H,,S"
"MGM00044237","2019-08-08","48.533","101.383","1509.0","ERDENEMANDAL, MG",,,,,"  205",",,S","  108",",,S","  156","H,,S"
"MGM00044237","2019-08-09","48.533","101.383","1509.0","ERDENEMANDAL, MG",,,,,"  226",",,S","  108",",,S","  166","H,,S"
"MGM00044237","2019-08-10","48.533","101.383","1509.0","ERDENEMANDAL, MG",,,,,"  270",",,S","  109",",,S","  188","H,,S"
"MGM00044237","2019-08-11","48.533","101.383","1509.0","ERDENEMANDAL, MG",,,,,"  214",",,S",,,"  141","H,,S"
"MGM00044237","2019-08-12","48.533","101.383","1509.0","ERDENEMANDAL, MG",,,,,"  196",",,S","   77",",,S","  132","H,,S"
"MGM00044237","2019-08-13","48.533","101.383","1509.0","ERDENEMANDAL, MG",,,,,"  210",",,S",,,"  138","H,,S"
"MGM00044237","2019-08-14","48.533","101.383","1509.0","ERDENEMANDAL, MG","    8","B,,S",,,"  219",",,S",,,"  130","H,,S"
"MGM00044237","2019-08-15","48.533","101.383","1509.0","ERDENEMANDAL, MG",,,,,"  192",",,S","   36",",,S","  118","H,,S"
"MGM00044237","2019-08-16","48.533","101.383","1509.0","ERDENEMANDAL, MG",,,,,"  252",",,S","   44",",,S","  164","H,,S"
"MGM00044237","2019-08-17","48.533","101.383","1509.0","ERDENEMANDAL, MG",,,,,"  224",",,S",,,"  148","H,,S"
"MGM00044237","2019-08-18","48.533","101.383","1509.0","ERDENEMANDAL, MG",,,,,"  207",",,S","   60",",,S","  144","H,,S"
"MGM00044237","2019-08-19","48.533","101.383","1509.0","ERDENEMANDAL, MG",,,,,"  182",",,S",,,"  129","H,,S"
"MGM00044237","2019-08-20","48.533","101.383","1509.0","ERDENEMANDAL, MG",,,,,"  181",",,S","   83",",,S","  117","H,,S"
"MGM00044237","2019-08-21","48.533","101.383","1509.0","ERDENEMANDAL, MG",,,,,"  229",",,S","   72",",,S","  145","H,,S"
"MGM00044237","2019-08-22","48.533","101.383","1509.0","ERDENEMANDAL, MG",,,,,"  256",",,S","   74",",,S","  171","H,,S"
"MGM00044237","2019-08-23","48.533","101.383","1509.0","ERDENEMANDAL, MG","    0","B,,S",,,"  236",",,S",,,"  153","H,,S"
"MGM00044237","2019-08-24","48.533","101.383","1509.0","ERDENEMANDAL, MG",,,,,"  244",",,S",,,"  151","H,,S"
"MGM00044237","2019-08-25","48.533","101.383","1509.0","ERDENEMANDAL, MG",,,,,"  185",",,S","   56",",,S","  122","H,,S"
"MGM00044237","2019-08-26","48.533","101.383","1509.0","ERDENEMANDAL, MG",,,,,"  202",",,S","   39",",,S","  121","H,,S"
"MGM00044237","2019-08-27","48.533","101.383","1509.0","ERDENEMANDAL, MG",,,,,"  219",",,S","   39",",,S","  126","H,,S"
"MGM00044237","2019-08-28","48.533","101.383","1509.0","ERDENEMANDAL, MG",,,,,"  254",",,S","   41",",,S","  146","H,,S"
"MGM00044237","2019-08-29","48.533","101.383","1509.0","ERDENEMANDAL, MG",,,,,"  276",",,S","   53",",,S","  158","H,,S"
"MGM00044237","2019-08-30","48.533","101.383","1509.0","ERDENEMANDAL, MG",,,,,"  278",",,S","   57",",,S","  181","H,,S"
"MGM00044237","2019-08-31","48.533","101.383","1509.0","ERDENEMANDAL, MG",,,,,"  286",",,S","   87",",,S","  180","H,,S"
"MGM00044237","2019-09-01","48.533","101.383","1509.0","ERDENEMANDAL, MG",,,,,"  300",",,S","   87",",,S","  210","H,,S"
"MGM00044237","2019-09-02","48.533","101.383","1509.0","ERDENEMANDAL, MG",,,,,"  288",",,S",,,"  197","H,,S"
"MGM00044237","2019-09-03","48.533","101.383","1509.0","ERDENEMANDAL, MG",,,,,"  300",",,S",,,"  184","H,,S"
"MGM00044237","2019-09-04","48.533","101.383","1509.0","ERDENEMANDAL, MG",,,,,"  219",",,S","   74",",,S","  141","H,,S"
"MGM00044237","2019-09-05","48.533","101.383","1509.0","ERDENEMANDAL, MG",,,,,"  243",",,S","   73",",,S","  156","H,,S"
"MGM00044237","2019-09-06","48.533","101.383","1509.0","ERDENEMANDAL, MG",,,,,"  136",",,S","   78",",,S","  101","H,,S"
"MGM00044237","2019-09-07","48.533","101.383","1509.0","ERDENEMANDAL, MG",,,,,"  186",",,S",,,"  102","H,,S"
"MGM00044237","2019-09-08","48.533","101.383","1509.0","ERDENEMANDAL, MG",,,,,"  141",",,S","   41",",,S","   91","H,,S"
"MGM00044237","2019-09-09","48.533","101.383","1509.0","ERDENEMANDAL, MG",,,,,"  192",",,S","   55",",,S","  118","H,,S"
"MGM00044237","2019-09-10","48.533","101.383","1509.0","ERDENEMANDAL, MG",,,,,"  254",",,S","   56",",,S","  166","H,,S"
"MGM00044237","2019-09-11","48.533","101.383","1509.0","ERDENEMANDAL, MG",,,,,"  250",",,S",,,"  139","H,,S"
"MGM00044237","2019-09-12","48.533","101.383","1509.0","ERDENEMANDAL, MG",,,,,"  155",",,S",,,"   86","H,,S"
"MGM00044237","2019-09-13","48.533","101.383","1509.0","ERDENEMANDAL, MG",,,,,"  144",",,S","   15",",,S","   88","H,,S"
"MGM00044237","2019-09-14","48.533","101.383","1509.0","ERDENEMANDAL, MG",,,,,"  154",",,S",,,"   67","H,,S"
"MGM00044237","2019-09-15","48.533","101.383","1509.0","ERDENEMANDAL, MG",,,,,"  160",",,S","  -21",",,S","   78","H,,S"
"MGM00044237","2019-09-16","48.533","101.383","1509.0","ERDENEMANDAL, MG",,,,,"  163",",,S","   -4",",,S","   81","H,,S"
"MGM00044237","2019-09-17","48.533","101.383","1509.0","ERDENEMANDAL, MG",,,,,"  194",",,S","    1",",,S","  107","H,,S"
"MGM00044237","2019-09-18","48.533","101.383","1509.0","ERDENEMANDAL, MG",,,,,"  205",",,S",,,"  114","H,,S"
"MGM00044237","2019-09-19","48.533","101.383","1509.0","ERDENEMANDAL, MG",,,,,"  190",",,S","   27",",,S","  103","H,,S"
"MGM00044237","2019-09-20","48.533","101.383","1509.0","ERDENEMANDAL, MG",,,,,"  213",",,S","   22",",,S","  114","H,,S"
"MGM00044237","2019-09-21","48.533","101.383","1509.0","ERDENEMANDAL, MG",,,,,"  250",",,S","   35",",,S","  118","H,,S"
"MGM00044237","2019-09-22","48.533","101.383","1509.0","ERDENEMANDAL, MG",,,,,"  246",",,S","   38",",,S","  126","H,,S"
"MGM00044237","2019-09-23","48.533","101.383","1509.0","ERDENEMANDAL, MG",,,,,"  258",",,S","   36",",,S","  154","H,,S"
"MGM00044237","2019-09-24","48.533","101.383","1509.0","ERDENEMANDAL, MG",,,,,"  259",",,S",,,"  168","H,,S"
"MGM00044237","2019-09-25","48.533","101.383","1509.0","ERDENEMANDAL, MG",,,,,"  258",",,S","   81",",,S","  160","H,,S"
"MGM00044237","2019-09-26","48.533","101.383","1509.0","ERDENEMANDAL, MG",,,,,"  247",",,S",,,"  149","H,,S"
"MGM00044237","2019-09-27","48.533","101.383","1509.0","ERDENEMANDAL, MG",,,,,"  172",",,S",,,"   85","H,,S"
"MGM00044237","2019-09-28","48.533","101.383","1509.0","ERDENEMANDAL, MG",,,,,"  214",",,S","  -21",",,S","  101","H,,S"
"MGM00044237","2019-09-29","48.533","101.383","1509.0","ERDENEMANDAL, MG",,,,,"  211",",,S","   54",",,S","  116","H,,S"
"MGM00044237","2019-09-30","48.533","101.383","1509.0","ERDENEMANDAL, MG",,,,,"  237",",,S","   51",",,S","  132","H,,S"
"MGM00044237","2019-10-01","48.533","101.383","1509.0","ERDENEMANDAL, MG","  109","B,,S",,,,,,,"   21","H,,S"
"MGM00044237","2019-10-02","48.533","101.383","1509.0","ERDENEMANDAL, MG","   30","B,,S",,,"   -2",",,S",,,"  -16","H,,S"
"MGM00044237","2019-10-03","48.533","101.383","1509.0","ERDENEMANDAL, MG",,,,,"   38",",,S",,,"  -18","H,,S"
"MGM00044237","2019-10-04","48.533","101.383","1509.0","ERDENEMANDAL, MG",,,,,,,"  -53",",,S","    9","H,,S"
"MGM00044237","2019-10-05","48.533","101.383","1509.0","ERDENEMANDAL, MG",,,,,"  117",",,S","  -30",",,S","   54","H,,S"
"MGM00044237","2019-10-06","48.533","101.383","1509.0","ERDENEMANDAL, MG",,,,,"  140",",,S","   19",",,S","   82","H,,S"
"MGM00044237","2019-10-07","48.533","101.383","1509.0","ERDENEMANDAL, MG",,,,,"  145",",,S","   -2",",,S","   56","H,,S"
"MGM00044237","2019-10-08","48.533","101.383","1509.0","ERDENEMANDAL, MG",,,,,"  170",",,S","  -12",",,S","   82","H,,S"
"MGM00044237","2019-10-09","48.533","101.383","1509.0","ERDENEMANDAL, MG",,,,,"  135",",,S",,,"   57","H,,S"
"MGM00044237","2019-10-10","48.533","101.383","1509.0","ERDENEMANDAL, MG",,,,,"   92",",,S","  -53",",,S","   16","H,,S"
"MGM00044237","2019-10-11","48.533","101.383","1509.0","ERDENEMANDAL, MG",,,,,"   13",",,S",,,"  -43","H,,S"
"MGM00044237","2019-10-12","48.533","101.383","1509.0","ERDENEMANDAL, MG",,,,,"   28",",,S"," -105",",,S","  -43","H,,S"
"MGM00044237","2019-10-13","48.533","101.383","1509.0","ERDENEMANDAL, MG",,,,,"   79",",,S","  -93",",,S","  -23","H,,S"
"MGM00044237","2019-10-14","48.533","101.383","1509.0","ERDENEMANDAL, MG",,,,,"  119",",,S","  -81",",,S","    9","H,,S"
"MGM00044237","2019-10-15","48.533","101.383","1509.0","ERDENEMANDAL, MG",,,,,"  128",",,S","  -58",",,S","   19","H,,S"
"MGM00044237","2019-10-16","48.533","101.383","1509.0","ERDENEMANDAL, MG",,,,,"  134",",,S","  -57",",,S","   22","H,,S"
"MGM00044237","2019-10-17","48.533","101.383","1509.0","ERDENEMANDAL, MG",,,,,"  140",",,S","  -44",",,S","   39","H,,S"
"MGM00044237","2019-10-18","48.533","101.383","1509.0","ERDENEMANDAL, MG",,,,,"  155",",,S","   -6",",,S","   70","H,,S"
"MGM00044237","2019-10-19","48.533","101.383","1509.0","ERDENEMANDAL, MG",,,,,"   36",",,S",,,"  -18","H,,S"
"MGM00044237","2019-10-20","48.533","101.383","1509.0","ERDENEMANDAL, MG",,,,,"   64",",,S","  -68",",,S","    7","H,,S"
"MGM00044237","2019-10-21","48.533","101.383","1509.0","ERDENEMANDAL, MG",,,,,"   46",",,S","  -29",",,S","   -6","H,,S"
"MGM00044237","2019-10-22","48.533","101.383","1509.0","ERDENEMANDAL, MG","   41","B,,S","   79",",,S",,,,,"  -64","H,,S"
"MGM00044237","2019-10-23","48.533","101.383","1509.0","ERDENEMANDAL, MG",,,"   51",",,S","  -74",",,S",,," -118","H,,S"
"MGM00044237","2019-10-24","48.533","101.383","1509.0","ERDENEMANDAL, MG",,,"   51",",,S","   -5",",,S"," -170",",,S","  -69","H,,S"
"MGM00044237","2019-10-25","48.533","101.383","1509.0","ERDENEMANDAL, MG",,,"   51",",,S","   21",",,S"," -111",",,S","  -25","H,,S"
"MGM00044237","2019-10-26","48.533","101.383","1509.0","ERDENEMANDAL, MG",,,"   51",",,S","   65",",,S","  -54",",,S","    4","H,,S"
"MGM00044237","2019-10-27","48.533","101.383","1509.0","ERDENEMANDAL, MG",,,"   51",",,S",,,,,"  -31","H,,S"
"MGM00044237","2019-10-28","48.533","101.383","1509.0","ERDENEMANDAL, MG",,,"   41",",,S","   97",",,S","  -57",",,S","   30","H,,S"
"MGM00044237","2019-10-29","48.533","101.383","1509.0","ERDENEMANDAL, MG",,,"   10",",,S","   97",",,S","   -9",",,S","   55","H,,S"
"MGM00044237","2019-10-30","48.533","101.383","1509.0","ERDENEMANDAL, MG",,,,,"  121",",,S",,,"   57","H,,S"
"MGM00044237","2019-10-31","48.533","101.383","1509.0","ERDENEMANDAL, MG",,,,,"   85",",,S",,,"   12","H,,S"
"MGM00044237","2019-11-01","48.533","101.383","1509.0","ERDENEMANDAL, MG",,,,,"  111",",,S","  -45",",,S","    9","H,,S"
"MGM00044237","2019-11-02","48.533","101.383","1509.0","ERDENEMANDAL, MG",,,,,"  129",",,S","  -27",",,S","   23","H,,S"
"MGM00044237","2019-11-03","48.533","101.383","1509.0","ERDENEMANDAL, MG",,,,,"  113",",,S","  -28",",,S","   34","H,,S"
"MGM00044237","2019-11-04","48.533","101.383","1509.0","ERDENEMANDAL, MG",,,,,"   43",",,S","  -64",",,S","  -22","H,,S"
"MGM00044237","2019-11-05","48.533","101.383","1509.0","ERDENEMANDAL, MG",,,,,"  109",",,S","  -53",",,S","   30","H,,S"
"MGM00044237","2019-11-06","48.533","101.383","1509.0","ERDENEMANDAL, MG",,,,,"   75",",,S","  -50",",,S","  -11","H,,S"
"MGM00044237","2019-11-07","48.533","101.383","1509.0","ERDENEMANDAL, MG",,,,,"   86",",,S","  -56",",,S","    8","H,,S"
"MGM00044237","2019-11-08","48.533","101.383","1509.0","ERDENEMANDAL, MG",,,,,"   38",",,S","  -50",",,S","  -18","H,,S"
"MGM00044237","2019-11-09","48.533","101.383","1509.0","ERDENEMANDAL, MG",,,,,"   59",",,S","  -56",",,S","    8","H,,S"
"MGM00044237","2019-11-10","48.533","101.383","1509.0","ERDENEMANDAL, MG",,,,,"   22",",,S","  -47",",,S","  -18","H,,S"
"MGM00044237","2019-11-11","48.533","101.383","1509.0","ERDENEMANDAL, MG","   30","B,,S","   10",",,S","  -15",",,S",,,"  -74","H,,S"
"MGM00044237","2019-11-12","48.533","101.383","1509.0","ERDENEMANDAL, MG",,,"   10",",,S"," -154",",,S",,," -178","H,,S"
"MGM00044237","2019-11-13","48.533","101.383","1509.0","ERDENEMANDAL, MG",,,"   10",",,S",,," -217",",,S","  -78","H,,S"
"MGM00044237","2019-11-14","48.533","101.383","1509.0","ERDENEMANDAL, MG",,,,,"  -20",",,S",,,"  -74","H,,S"
"MGM00044237","2019-11-15","48.533","101.383","1509.0","ERDENEMANDAL, MG",,,,,"  -30",",,S"," -139",",,S","  -79","H,,S"
"MGM00044237","2019-11-16","48.533","101.383","1509.0","ERDENEMANDAL, MG","    5","B,,S",,," -101",",,S",,," -171","H,,S"
"MGM00044237","2019-11-17","48.533","101.383","1509.0","ERDENEMANDAL, MG",,,,," -180",",,S"," -259",",,S"," -219","H,,S"
"MGM00044237","2019-11-18","48.533","101.383","1509.0","ERDENEMANDAL, MG",,,,,"  -75",",,S"," -240",",,S"," -158","H,,S"
"MGM00044237","2019-11-19","48.533","101.383","1509.0","ERDENEMANDAL, MG",,,,,"  -32",",,S"," -183",",,S"," -107","H,,S"
"MGM00044237","2019-11-20","48.533","101.383","1509.0","ERDENEMANDAL, MG",,,,,"    3",",,S"," -161",",,S","  -48","H,,S"
"MGM00044237","2019-11-21","48.533","101.383","1509.0","ERDENEMANDAL, MG",,,,,"   -4",",,S",,,"  -72","H,,S"
"MGM00044237","2019-11-22","48.533","101.383","1509.0","ERDENEMANDAL, MG",,,,," -129",",,S",,," -181","H,,S"
"MGM00044237","2019-11-23","48.533","101.383","1509.0","ERDENEMANDAL, MG",,,,,,," -220",",,S"," -167","H,,S"
"MGM00044237","2019-11-24","48.533","101.383","1509.0","ERDENEMANDAL, MG",,,,,"  -79",",,S"," -202",",,S"," -145","H,,S"
"MGM00044237","2019-11-25","48.533","101.383","1509.0","ERDENEMANDAL, MG",,,,,"  -75",",,S"," -186",",,S"," -130","H,,S"
"MGM00044237","2019-11-26","48.533","101.383","1509.0","ERDENEMANDAL, MG",,,,,"  -89",",,S",,," -186","H,,S"
"MGM00044237","2019-11-27","48.533","101.383","1509.0","ERDENEMANDAL, MG",,,,," -112",",,S"," -223",",,S"," -179","H,,S"
"MGM00044237","2019-11-28","48.533","101.383","1509.0","ERDENEMANDAL, MG",,,,," -122",",,S"," -208",",,S"," -157","H,,S"
"MGM00044237","2019-11-29","48.533","101.383","1509.0","ERDENEMANDAL, MG",,,,," -106",",,S",,," -152","H,,S"
"MGM00044237","2019-11-30","48.533","101.383","1509.0","ERDENEMANDAL, MG",,,,,"  -88",",,S"," -194",",,S"," -133","H,,S"
"MGM00044237","2019-12-01","48.533","101.383","1509.0","ERDENEMANDAL, MG",,,,,"  -68",",,S"," -184",",,S","  -93","H,,S"
"MGM00044237","2019-12-02","48.533","101.383","1509.0","ERDENEMANDAL, MG",,,,,"  -20",",,S",,,"  -84","H,,S"
"MGM00044237","2019-12-03","48.533","101.383","1509.0","ERDENEMANDAL, MG",,,,,"   -1",",,S"," -172",",,S"," -109","H,,S"
"MGM00044237","2019-12-04","48.533","101.383","1509.0","ERDENEMANDAL, MG",,,,,"  -46",",,S"," -196",",,S"," -131","H,,S"
"MGM00044237","2019-12-05","48.533","101.383","1509.0","ERDENEMANDAL, MG",,,,,"  -25",",,S",,," -121","H,,S"
"MGM00044237","2019-12-06","48.533","101.383","1509.0","ERDENEMANDAL, MG",,,,,"  -46",",,S"," -178",",,S"," -129","H,,S"
"MGM00044237","2019-12-07","48.533","101.383","1509.0","ERDENEMANDAL, MG",,,,,"   30",",,S"," -152",",,S","  -68","H,,S"
"MGM00044237","2019-12-08","48.533","101.383","1509.0","ERDENEMANDAL, MG",,,,,"    7",",,S"," -118",",,S","  -53","H,,S"
"MGM00044237","2019-12-09","48.533","101.383","1509.0","ERDENEMANDAL, MG",,,,,"  -28",",,S"," -101",",,S","  -73","H,,S"
"MGM00044237","2019-12-10","48.533","101.383","1509.0","ERDENEMANDAL, MG",,,,,"  -49",",,S",,,"  -97","H,,S"
"MGM00044237","2019-12-11","48.533","101.383","1509.0","ERDENEMANDAL, MG",,,,,"   11",",,S"," -140",",,S","  -84","H,,S"
"MGM00044237","2019-12-12","48.533","101.383","1509.0","ERDENEMANDAL, MG",,,,,"  -15",",,S"," -149",",,S","  -84","H,,S"
"MGM00044237","2019-12-13","48.533","101.383","1509.0","ERDENEMANDAL, MG",,,,,"  -30",",,S"," -162",",,S"," -103","H,,S"
"MGM00044237","2019-12-14","48.533","101.383","1509.0","ERDENEMANDAL, MG",,,,,"   18",",,S"," -140",",,S","  -76","H,,S"
"MGM00044237","2019-12-15","48.533","101.383","1509.0","ERDENEMANDAL, MG",,,,,"  -27",",,S",,,"  -85","H,,S"
"MGM00044237","2019-12-16","48.533","101.383","1509.0","ERDENEMANDAL, MG",,,,," -110",",,S",,," -165","H,,S"
"MGM00044237","2019-12-17","48.533","101.383","1509.0","ERDENEMANDAL, MG",,,,,"  -96",",,S"," -235",",,S"," -167","H,,S"
"MGM00044237","2019-12-18","48.533","101.383","1509.0","ERDENEMANDAL, MG",,,,," -114",",,S",,," -186","H,,S"
"MGM00044237","2019-12-19","48.533","101.383","1509.0","ERDENEMANDAL, MG",,,,,"  -79",",,S"," -233",",,S"," -154","H,,S"
"MGM00044237","2019-12-20","48.533","101.383","1509.0","ERDENEMANDAL, MG",,,,,"  -65",",,S"," -208",",,S"," -153","H,,S"
"MGM00044237","2019-12-21","48.533","101.383","1509.0","ERDENEMANDAL, MG",,,,," -106",",,S"," -204",",,S"," -144","H,,S"
"MGM00044237","2019-12-22","48.533","101.383","1509.0","ERDENEMANDAL, MG",,,,,"  -99",",,S"," -204",",,S"," -164","H,,S"
"MGM00044237","2019-12-23","48.533","101.383","1509.0","ERDENEMANDAL, MG",,,,," -136",",,S"," -201",",,S"," -154","H,,S"
"MGM00044237","2019-12-24","48.533","101.383","1509.0","ERDENEMANDAL, MG",,,"   41",",,S"," -149",",,S",,," -178","H,,S"
"MGM00044237","2019-12-25","48.533","101.383","1509.0","ERDENEMANDAL, MG",,,"   41",",,S",,," -253",",,S"," -170","H,,S"
"MGM00044237","2019-12-26","48.533","101.383","1509.0","ERDENEMANDAL, MG",,,"   41",",,S","  -77",",,S"," -183",",,S"," -126","H,,S"
"MGM00044237","2019-12-27","48.533","101.383","1509.0","ERDENEMANDAL, MG",,,"   41",",,S"," -100",",,S",,," -169","H,,S"
"MGM00044237","2019-12-28","48.533","101.383","1509.0","ERDENEMANDAL, MG",,,"   41",",,S"," -175",",,S",,," -249","H,,S"
"MGM00044237","2019-12-29","48.533","101.383","1509.0","ERDENEMANDAL, MG",,,"   41",",,S"," -236",",,S"," -315",",,S"," -291","H,,S"
"MGM00044237","2019-12-30","48.533","101.383","1509.0","ERDENEMANDAL, MG",,,"   30",",,S",,," -317",",,S"," -212","H,,S"
"MGM00044237","2019-12-31","48.533","101.383","1509.0","ERDENEMANDAL, MG",,,"   30",",,S","  -94",",,S"," -220",",,S"," -159","H,,S"
"MGM00044237","2020-01-01","48.533","101.383","1509.0","ERDENEMANDAL, MG",,,"   30",",,S","  -98",",,S"," -206",",,S"," -169","H,,S"
"MGM00044237","2020-01-02","48.533","101.383","1509.0","ERDENEMANDAL, MG",,,"   30",",,S","  -68",",,S"," -180",",,S"," -127","H,,S"
"MGM00044237","2020-01-03","48.533","101.383","1509.0","ERDENEMANDAL, MG",,,"   20",",,S","  -92",",,S",,," -139","H,,S"
"MGM00044237","2020-01-04","48.533","101.383","1509.0","ERDENEMANDAL, MG",,,"   20",",,S","  -97",",,S"," -185",",,S"," -157","H,,S"
"MGM00044237","2020-01-05","48.533","101.383","1509.0","ERDENEMANDAL, MG",,,"   20",",,S"," -105",",,S"," -201",",,S"," -168","H,,S"
"MGM00044237","2020-01-06","48.533","101.383","1509.0","ERDENEMANDAL, MG",,,"   20",",,S"," -107",",,S",,," -182","H,,S"
"MGM00044237","2020-01-07","48.533","101.383","1509.0","ERDENEMANDAL, MG",,,"   20",",,S"," -158",",,S",,," -231","H,,S"
"MGM00044237","2020-01-08","48.533","101.383","1509.0","ERDENEMANDAL, MG",,,"   20",",,S"," -153",",,S"," -276",",,S"," -232","H,,S"
"MGM00044237","2020-01-09","48.533","101.383","1509.0","ERDENEMANDAL, MG",,,"   20",",,S"," -160",",,S"," -272",",,S"," -222","H,,S"
"MGM00044237","2020-01-10","48.533","101.383","1509.0","ERDENEMANDAL, MG",,,"   20",",,S"," -170",",,S"," -263",",,S"," -231","H,,S"
"MGM00044237","2020-01-11","48.533","101.383","1509.0","ERDENEMANDAL, MG",,,"   20",",,S"," -180",",,S",,," -244","H,,S"
"MGM00044237","2020-01-12","48.533","101.383","1509.0","ERDENEMANDAL, MG",,,"   20",",,S"," -178",",,S"," -278",",,S"," -227","H,,S"
"MGM00044237","2020-01-13","48.533","101.383","1509.0","ERDENEMANDAL, MG",,,"   20",",,S"," -125",",,S"," -251",",,S"," -193","H,,S"
"MGM00044237","2020-01-14","48.533","101.383","1509.0","ERDENEMANDAL, MG",,,"   20",",,S"," -115",",,S"," -236",",,S"," -178","H,,S"
"MGM00044237","2020-01-15","48.533","101.383","1509.0","ERDENEMANDAL, MG",,,"   20",",,S"," -115",",,S"," -232",",,S"," -193","H,,S"
"MGM00044237","2020-01-16","48.533","101.383","1509.0","ERDENEMANDAL, MG",,,"   20",",,S"," -107",",,S"," -228",",,S"," -173","H,,S"
"MGM00044237","2020-01-17","48.533","101.383","1509.0","ERDENEMANDAL, MG",,,"   20",",,S","  -75",",,S"," -218",",,S"," -154","H,,S"
"MGM00044237","2020-01-18","48.533","101.383","1509.0","ERDENEMANDAL, MG",,,"   20",",,S","  -77",",,S"," -202",",,S"," -126","H,,S"
"MGM00044237","2020-01-19","48.533","101.383","1509.0","ERDENEMANDAL, MG",,,"   20",",,S","  -72",",,S"," -197",",,S"," -149","H,,S"
"MGM00044237","2020-01-20","48.533","101.383","1509.0","ERDENEMANDAL, MG",,,"   20",",,S","  -45",",,S",,," -132","H,,S"
"MGM00044237","2020-01-21","48.533","101.383","1509.0","ERDENEMANDAL, MG",,,"   20",",,S"," -106",",,S"," -214",",,S"," -189","H,,S"
"MGM00044237","2020-01-22","48.533","101.383","1509.0","ERDENEMANDAL, MG",,,"   20",",,S","  -99",",,S"," -213",",,S"," -166","H,,S"
"MGM00044237","2020-01-23","48.533","101.383","1509.0","ERDENEMANDAL, MG",,,"   20",",,S","  -85",",,S"," -215",",,S"," -158","H,,S"
"MGM00044237","2020-01-24","48.533","101.383","1509.0","ERDENEMANDAL, MG",,,"   20",",,S","  -58",",,S"," -196",",,S"," -137","H,,S"
"MGM00044237","2020-01-25","48.533","101.383","1509.0","ERDENEMANDAL, MG",,,"   20",",,S","  -64",",,S"," -171",",,S"," -124","H,,S"
"MGM00044237","2020-01-26","48.533","101.383","1509.0","ERDENEMANDAL, MG",,,"   20",",,S","  -25",",,S"," -173",",,S"," -115","H,,S"
"MGM00044237","2020-01-27","48.533","101.383","1509.0","ERDENEMANDAL, MG",,,"   20",",,S","  -43",",,S",,," -146","H,,S"
"MGM00044237","2020-01-28","48.533","101.383","1509.0","ERDENEMANDAL, MG",,,"   10",",,S","  -81",",,S"," -207",",,S"," -172","H,,S"
"MGM00044237","2020-01-29","48.533","101.383","1509.0","ERDENEMANDAL, MG",,,"   10",",,S","  -36",",,S"," -205",",,S"," -136","H,,S"
"MGM00044237","2020-01-30","48.533","101.383","1509.0","ERDENEMANDAL, MG",,,"   10",",,S","  -85",",,S",,," -147","H,,S"
"MGM00044237","2020-01-31","48.533","101.383","1509.0","ERDENEMANDAL, MG",,,"   10",",,S"," -119",",,S"," -230",",,S"," -195","H,,S"
"MGM00044237","2020-02-01","48.533","101.383","1509.0","ERDENEMANDAL, MG",,,"   10",",,S"," -150",",,S"," -252",",,S"," -187","H,,S"
"MGM00044237","2020-02-02","48.533","101.383","1509.0","ERDENEMANDAL, MG",,,"   10",",,S","  -55",",,S"," -244",",,S"," -119","H,,S"
"MGM00044237","2020-02-03","48.533","101.383","1509.0","ERDENEMANDAL, MG",,,"   10",",,S","  -39",",,S"," -201",",,S"," -137","H,,S"
"MGM00044237","2020-02-04","48.533","101.383","1509.0","ERDENEMANDAL, MG",,,,,"  -48",",,S"," -194",",,S"," -143","H,,S"
"MGM00044237","2020-02-05","48.533","101.383","1509.0","ERDENEMANDAL, MG",,,,,"  -28",",,S"," -209",",,S"," -117","H,,S"
"MGM00044237","2020-02-06","48.533","101.383","1509.0","ERDENEMANDAL, MG",,,,,"  -21",",,S"," -193",",,S"," -138","H,,S"
"MGM00044237","2020-02-07","48.533","101.383","1509.0","ERDENEMANDAL, MG",,,,,"   10",",,S"," -190",",,S","  -88","H,,S"
"MGM00044237","2020-02-08","48.533","101.383","1509.0","ERDENEMANDAL, MG",,,,,"   15",",,S"," -138",",,S","  -50","H,,S"
"MGM00044237","2020-02-09","48.533","101.383","1509.0","ERDENEMANDAL, MG",,,,,"   62",",,S"," -101",",,S","  -29","H,,S"
"MGM00044237","2020-02-10","48.533","101.383","1509.0","ERDENEMANDAL, MG",,,,,"   90",",,S","  -90",",,S","    7","H,,S"
"MGM00044237","2020-02-11","48.533","101.383","1509.0","ERDENEMANDAL, MG",,,,,"   82",",,S","  -75",",,S","    8","H,,S"
"MGM00044237","2020-02-12","48.533","101.383","1509.0","ERDENEMANDAL, MG","   13","B,,S","   20",",,S",,,,," -146","H,,S"
"MGM00044237","2020-02-13","48.533","101.383","1509.0","ERDENEMANDAL, MG",,,"   30",",,S"," -134",",,S",,," -215","H,,S"
"MGM00044237","2020-02-14","48.533","101.383","1509.0","ERDENEMANDAL, MG",,,"   30",",,S"," -156",",,S"," -273",",,S"," -212","H,,S"
"MGM00044237","2020-02-15","48.533","101.383","1509.0","ERDENEMANDAL, MG",,,"   30",",,S"," -132",",,S"," -233",",,S"," -179","H,,S"
"MGM00044237","2020-02-16","48.533","101.383","1509.0","ERDENEMANDAL, MG",,,"   30",",,S","  -91",",,S"," -212",",,S"," -163","H,,S"
"MGM00044237","2020-02-17","48.533","101.383","1509.0","ERDENEMANDAL, MG",,,"   30",",,S","  -97",",,S"," -214",",,S"," -178","H,,S"
"MGM00044237","2020-02-18","48.533","101.383","1509.0","ERDENEMANDAL, MG",,,"   30",",,S"," -100",",,S",,," -196","H,,S"
"MGM00044237","2020-02-19","48.533","101.383","1509.0","ERDENEMANDAL, MG",,,"   30",",,S"," -103",",,S"," -242",",,S"," -142","H,,S"
"MGM00044237","2020-02-20","48.533","101.383","1509.0","ERDENEMANDAL, MG",,,"   30",",,S","  -67",",,S",,," -146","H,,S"
"MGM00044237","2020-02-21","48.533","101.383","1509.0","ERDENEMANDAL, MG",,,"   20",",,S","  -52",",,S"," -220",",,S"," -129","H,,S"
"MGM00044237","2020-02-22","48.533","101.383","1509.0","ERDENEMANDAL, MG",,,"   20",",,S","   12",",,S"," -163",",,S","  -79","H,,S"
"MGM00044237","2020-02-23","48.533","101.383","1509.0","ERDENEMANDAL, MG",,,"   20",",,S","  -31",",,S",,,"  -92","H,,S"
"MGM00044237","2020-02-24","48.533","101.383","1509.0","ERDENEMANDAL, MG",,,"   20",",,S","  -81",",,S",,," -121","H,,S"
"MGM00044237","2020-02-25","48.533","101.383","1509.0","ERDENEMANDAL, MG",,,"   61",",,S"," -149",",,S",,," -218","H,,S"
"MGM00044237","2020-02-26","48.533","101.383","1509.0","ERDENEMANDAL, MG",,,"   61",",,S"," -132",",,S"," -290",",,S"," -205","H,,S"
"MGM00044237","2020-02-27","48.533","101.383","1509.0","ERDENEMANDAL, MG",,,"   61",",,S"," -143",",,S",,," -218","H,,S"
"MGM00044237","2020-02-28","48.533","101.383","1509.0","ERDENEMANDAL, MG",,,"   61",",,S","  -43",",,S"," -259",",,S"," -123","H,,S"
"MGM00044237","2020-02-29","48.533","101.383","1509.0","ERDENEMANDAL, MG",,,"   61",",,S","  -62",",,S"," -142",",,S"," -100","H,,S"
"MGM00044237","2020-03-01","48.533","101.383","1509.0","ERDENEMANDAL, MG",,,"   51",",,S","  -41",",,S",,," -104","H,,S"
"MGM00044237","2020-03-02","48.533","101.383","1509.0","ERDENEMANDAL, MG",,,"   51",",,S","  -68",",,S",,," -169","H,,S"
"MGM00044237","2020-03-03","48.533","101.383","1509.0","ERDENEMANDAL, MG",,,"   41",",,S"," -151",",,S"," -259",",,S"," -214","H,,S"
"MGM00044237","2020-03-04","48.533","101.383","1509.0","ERDENEMANDAL, MG",,,"   41",",,S",,," -249",",,S"," -151","H,,S"
"MGM00044237","2020-03-05","48.533","101.383","1509.0","ERDENEMANDAL, MG",,,"   41",",,S","  -21",",,S"," -172",",,S"," -104","H,,S"
"MGM00044237","2020-03-06","48.533","101.383","1509.0","ERDENEMANDAL, MG",,,"   30",",,S","    4",",,S"," -174",",,S"," -105","H,,S"
"MGM00044237","2020-03-07","48.533","101.383","1509.0","ERDENEMANDAL, MG",,,"   20",",,S","  -46",",,S",,," -104","H,,S"
"MGM00044237","2020-03-08","48.533","101.383","1509.0","ERDENEMANDAL, MG",,,"   20",",,S"," -112",",,S",,," -133","H,,S"
"MGM00044237","2020-03-09","48.533","101.383","1509.0","ERDENEMANDAL, MG",,,"   20",",,S","  -58",",,S"," -173",",,S"," -100","H,,S"
"MGM00044237","2020-03-10","48.533","101.383","1509.0","ERDENEMANDAL, MG",,,"   20",",,S","   10",",,S"," -153",",,S","  -53","H,,S"
"MGM00044237","2020-03-11","48.533","101.383","1509.0","ERDENEMANDAL, MG",,,"   10",",,S",,,,," -118","H,,S"
"MGM00044237","2020-03-12","48.533","101.383","1509.0","ERDENEMANDAL, MG",,,"   10",",,S","  -33",",,S"," -199",",,S","  -87","H,,S"
"MGM00044237","2020-03-13","48.533","101.383","1509.0","ERDENEMANDAL, MG",,,"   10",",,S",,," -123",",,S","  -49","H,,S"
"MGM00044237","2020-03-14","48.533","101.383","1509.0","ERDENEMANDAL, MG",,,"   10",",,S",,," -128",",,S","  -57","H,,S"
"MGM00044237","2020-03-15","48.533","101.383","1509.0","ERDENEMANDAL, MG",,,,,"   53",",,S","  -69",",,S","   10","H,,S"
"MGM00044237","2020-03-16","48.533","101.383","1509.0","ERDENEMANDAL, MG",,,,,"   84",",,S","  -29",",,S","   36","H,,S"
"MGM00044237","2020-03-17","48.533","101.383","1509.0","ERDENEMANDAL, MG",,,,,"   97",",,S",,,"   30","H,,S"
"MGM00044237","2020-03-18","48.533","101.383","1509.0","ERDENEMANDAL, MG",,,,,"   82",",,S","  -58",",,S","   18","H,,S"
"MGM00044237","2020-03-19","48.533","101.383","1509.0","ERDENEMANDAL, MG",,,,,"   51",",,S",,,"   -5","H,,S"
"MGM00044237","2020-03-20","48.533","101.383","1509.0","ERDENEMANDAL, MG",,,,,"   39",",,S","  -66",",,S","   -6","H,,S"
"MGM00044237","2020-03-21","48.533","101.383","1509.0","ERDENEMANDAL, MG",,,,,"   76",",,S","  -46",",,S","   22","H,,S"
"MGM00044237","2020-03-22","48.533","101.383","1509.0","ERDENEMANDAL, MG",,,,,"  139",",,S","  -42",",,S","   41","H,,S"
"MGM00044237","2020-03-23","48.533","101.383","1509.0","ERDENEMANDAL, MG",,,,,"  132",",,S","  -33",",,S","   44","H,,S"
"MGM00044237","2020-03-24","48.533","101.383","1509.0","ERDENEMANDAL, MG",,,,,"   79",",,S",,,"  -34","H,,S"
"MGM00044237","2020-03-25","48.533","101.383","1509.0","ERDENEMANDAL, MG",,,,,"  -62",",,S",,," -103","H,,S"
"MGM00044237","2020-03-26","48.533","101.383","1509.0","ERDENEMANDAL, MG",,,,,"  -33",",,S"," -154",",,S","  -81","H,,S"
"MGM00044237","2020-03-27","48.533","101.383","1509.0","ERDENEMANDAL, MG",,,,,"   44",",,S"," -122",",,S","  -42","H,,S"
"MGM00044237","2020-03-28","48.533","101.383","1509.0","ERDENEMANDAL, MG",,,,,"   70",",,S"," -102",",,S","   -8","H,,S"
"MGM00044237","2020-03-29","48.533","101.383","1509.0","ERDENEMANDAL, MG",,,,,"   74",",,S","  -83",",,S","   -8","H,,S"
"MGM00044237","2020-03-30","48.533","101.383","1509.0","ERDENEMANDAL, MG",,,,,"   -8",",,S",,,"  -59","H,,S"
"MGM00044237","2020-03-31","48.533","101.383","1509.0","ERDENEMANDAL, MG",,,,,"   39",",,S"," -122",",,S","  -34","H,,S"
"MGM00044237","2020-04-01","48.533","101.383","1509.0","ERDENEMANDAL, MG",,,,,"  102",",,S","  -82",",,S","    9","H,,S"
"MGM00044237","2020-04-02","48.533","101.383","1509.0","ERDENEMANDAL, MG",,,,,"  135",",,S","  -62",",,S","   29","H,,S"
"MGM00044237","2020-04-03","48.533","101.383","1509.0","ERDENEMANDAL, MG",,,,,"  153",",,S","  -56",",,S","   51","H,,S"
"MGM00044237","2020-04-04","48.533","101.383","1509.0","ERDENEMANDAL, MG",,,,,"  141",",,S","  -45",",,S","   49","H,,S"
"MGM00044237","2020-04-05","48.533","101.383","1509.0","ERDENEMANDAL, MG",,,,,"  136",",,S","  -49",",,S","   40","H,,S"
"MGM00044237","2020-04-06","48.533","101.383","1509.0","ERDENEMANDAL, MG",,,,,"   95",",,S","  -48",",,S","   13","H,,S"
"MGM00044237","2020-04-07","48.533","101.383","1509.0","ERDENEMANDAL, MG",,,,,"  100",",,S","  -60",",,S","   16","H,,S"
"MGM00044237","2020-04-08","48.533","101.383","1509.0","ERDENEMANDAL, MG",,,,,"   87",",,S","  -66",",,S","   20","H,,S"
"MGM00044237","2020-04-09","48.533","101.383","1509.0","ERDENEMANDAL, MG",,,"   10",",,S","   93",",,S","  -24",",,S","   28","H,,S"
"MGM00044237","2020-04-10","48.533","101.383","1509.0","ERDENEMANDAL, MG",,,,,"  155",",,S","  -21",",,S","   62","H,,S"
"MGM00044237","2020-04-11","48.533","101.383","1509.0","ERDENEMANDAL, MG",,,,,"  158",",,S","  -30",",,S","   86","H,,S"
"MGM00044237","2020-04-12","48.533","101.383","1509.0","ERDENEMANDAL, MG",,,,,"  181",",,S",,,"   88","H,,S"
"MGM00044237","2020-04-13","48.533","101.383","1509.0","ERDENEMANDAL, MG",,,,,"  131",",,S","  -27",",,S","   46","H,,S"
"MGM00044237","2020-04-14","48.533","101.383","1509.0","ERDENEMANDAL, MG","    3","B,,S","   10",",,S","   73",",,S",,,"    2","H,,S"
"MGM00044237","2020-04-15","48.533","101.383","1509.0","ERDENEMANDAL, MG",,,,,"   97",",,S","  -66",",,S","   13","H,,S"
"MGM00044237","2020-04-16","48.533","101.383","1509.0","ERDENEMANDAL, MG",,,,,"  149",",,S","  -57",",,S","   69","H,,S"
"MGM00044237","2020-04-17","48.533","101.383","1509.0","ERDENEMANDAL, MG",,,,,"  157",",,S","   15",",,S","   81","H,,S"
"MGM00044237","2020-04-18","48.533","101.383","1509.0","ERDENEMANDAL, MG",,,,,"   82",",,S",,,"   14","H,,S"
"MGM00044237","2020-04-19","48.533","101.383","1509.0","ERDENEMANDAL, MG",,,,,"   81",",,S",,,"   -1","H,,S"
"MGM00044237","2020-04-20","48.533","101.383","1509.0","ERDENEMANDAL, MG",,,,,"   61",",,S"," -108",",,S","  -21","H,,S"
"MGM00044237","2020-04-21","48.533","101.383","1509.0","ERDENEMANDAL, MG",,,,,"   80",",,S"," -115",",,S","   -9","H,,S"
"MGM00044237","2020-04-22","48.533","101.383","1509.0","ERDENEMANDAL, MG",,,,,"  104",",,S","  -89",",,S","   22","H,,S"
"MGM00044237","2020-04-23","48.533","101.383","1509.0","ERDENEMANDAL, MG",,,,,"  176",",,S","  -39",",,S","   93","H,,S"
"MGM00044237","2020-04-24","48.533","101.383","1509.0","ERDENEMANDAL, MG",,,,,"  207",",,S","    5",",,S","  115","H,,S"
"MGM00044237","2020-04-25","48.533","101.383","1509.0","ERDENEMANDAL, MG",,,,,"  225",",,S","    9",",,S","  136","H,,S"
"MGM00044237","2020-04-26","48.533","101.383","1509.0","ERDENEMANDAL, MG",,,,,"  258",",,S","   45",",,S","  156","H,,S"
"MGM00044237","2020-04-27","48.533","101.383","1509.0","ERDENEMANDAL, MG",,,,,"  273",",,S",,,"  161","H,,S"
"MGM00044237","2020-04-28","48.533","101.383","1509.0","ERDENEMANDAL, MG",,,,,"  242",",,S","   10",",,S","  142","H,,S"
"MGM00044237","2020-04-29","48.533","101.383","1509.0","ERDENEMANDAL, MG",,,,,"  244",",,S","   52",",,S","  161","H,,S"
"MGM00044237","2020-04-30","48.533","101.383","1509.0","ERDENEMANDAL, MG",,,,,"  298",",,S","   87",",,S","  183","H,,S"
"MGM00044237","2020-05-01","48.533","101.383","1509.0","ERDENEMANDAL, MG",,,,,"  237",",,S",,,"  137","H,,S"
"MGM00044237","2020-05-02","48.533","101.383","1509.0","ERDENEMANDAL, MG",,,,,"  159",",,S",,,"   89","H,,S"
"MGM00044237","2020-05-03","48.533","101.383","1509.0","ERDENEMANDAL, MG",,,,,"  208",",,S","   13",",,S","  116","H,,S"
"MGM00044237","2020-05-04","48.533","101.383","1509.0","ERDENEMANDAL, MG",,,,,"  242",",,S","   28",",,S","  153","H,,S"
"MGM00044237","2020-05-05","48.533","101.383","1509.0","ERDENEMANDAL, MG",,,,,"  237",",,S",,,"  160","H,,S"
"MGM00044237","2020-05-06","48.533","101.383","1509.0","ERDENEMANDAL, MG",,,,,"  124",",,S",,,"   71","H,,S"
"MGM00044237","2020-05-07","48.533","101.383","1509.0","ERDENEMANDAL, MG",,,,,"  133",",,S","  -14",",,S","   67","H,,S"
"MGM00044237","2020-05-08","48.533","101.383","1509.0","ERDENEMANDAL, MG",,,,,"  121",",,S",,,"   35","H,,S"
"MGM00044237","2020-05-09","48.533","101.383","1509.0","ERDENEMANDAL, MG",,,,,"   98",",,S","  -58",",,S","   24","H,,S"
"MGM00044237","2020-05-10","48.533","101.383","1509.0","ERDENEMANDAL, MG",,,,,"  168",",,S","  -61",",,S","   87","H,,S"
"MGM00044237","2020-05-11","48.533","101.383","1509.0","ERDENEMANDAL, MG",,,,,"  211",",,S","   30",",,S","  136","H,,S"
"MGM00044237","2020-05-12","48.533","101.383","1509.0","ERDENEMANDAL, MG",,,,,"  229",",,S","   29",",,S","  159","H,,S"
"MGM00044237","2020-05-13","48.533","101.383","1509.0","ERDENEMANDAL, MG",,,,,"  219",",,S",,,"  141","H,,S"
"MGM00044237","2020-05-14","48.533","101.383","1509.0","ERDENEMANDAL, MG",,,,,"  228",",,S","   41",",,S","  151","H,,S"
"MGM00044237","2020-05-15","48.533","101.383","1509.0","ERDENEMANDAL, MG",,,,,"   95",",,S",,,"   32","H,,S"
"MGM00044237","2020-05-16","48.533","101.383","1509.0","ERDENEMANDAL, MG",,,,,"  190",",,S","  -56",",,S","   84","H,,S"
"MGM00044237","2020-05-17","48.533","101.383","1509.0","ERDENEMANDAL, MG",,,,,"  214",",,S","  -12",",,S","  127","H,,S"
"MGM00044237","2020-05-18","48.533","101.383","1509.0","ERDENEMANDAL, MG",,,,,"  238",",,S","   30",",,S","  148","H,,S"
"MGM00044237","2020-05-19","48.533","101.383","1509.0","ERDENEMANDAL, MG",,,,,"  207",",,S",,,"  116","H,,S"
"MGM00044237","2020-05-20","48.533","101.383","1509.0","ERDENEMANDAL, MG",,,,,"  155",",,S",,,"   86","H,,S"
"MGM00044237","2020-05-21","48.533","101.383","1509.0","ERDENEMANDAL, MG",,,,,"  206",",,S",,,"  105","H,,S"
"MGM00044237","2020-05-22","48.533","101.383","1509.0","ERDENEMANDAL, MG",,,,,"  148",",,S","    0",",,S","   83","H,,S"
"MGM00044237","2020-05-23","48.533","101.383","1509.0","ERDENEMANDAL, MG",,,,,"  163",",,S","   11",",,S","   89","H,,S"
"MGM00044237","2020-05-24","48.533","101.383","1509.0","ERDENEMANDAL, MG",,,,,"  188",",,S","   14",",,S","  118","H,,S"
"MGM00044237","2020-05-25","48.533","101.383","1509.0","ERDENEMANDAL, MG","    0","B,,S",,,"  206",",,S",,,"  121","H,,S"
"MGM00044237","2020-05-26","48.533","101.383","1509.0","ERDENEMANDAL, MG",,,,,"  214",",,S","   40",",,S","  153","H,,S"
"MGM00044237","2020-05-27","48.533","101.383","1509.0","ERDENEMANDAL, MG",,,,,"  271",",,S",,,"  162","H,,S"
"MGM00044237","2020-05-28","48.533","101.383","1509.0","ERDENEMANDAL, MG","   71","B,,S",,,,,,,"   17","H,,S"
"MGM00044237","2020-05-29","48.533","101.383","1509.0","ERDENEMANDAL, MG",,,,,"   71",",,S","   -2",",,S","   29","H,,S"
"MGM00044237","2020-05-30","48.533","101.383","1509.0","ERDENEMANDAL, MG",,,,,"  138",",,S","   -2",",,S","   81","H,,S"
"MGM00044237","2020-05-31","48.533","101.383","1509.0","ERDENEMANDAL, MG",,,,,"  183",",,S","   25",",,S","  103","H,,S"
"MGM00044237","2020-06-01","48.533","101.383","1509.0","ERDENEMANDAL, MG",,,,,"  211",",,S","   43",",,S","  157","H,,S"
"MGM00044237","2020-06-02","48.533","101.383","1509.0","ERDENEMANDAL, MG",,,,,"  161",",,S",,,"  114","H,,S"
"MGM00044237","2020-06-03","48.533","101.383","1509.0","ERDENEMANDAL, MG","   28","B,,S",,,"  208",",,S","   59",",,S","  131","H,,S"
