"MXM00076342","2018-06-24","26.883","-101.433","615.0","MONCLOVA, MX","    0",",,S","  435",",,S","  245",",,S","  336","H,,S"
"MXM00076342","2018-06-25","26.883","-101.433","615.0","MONCLOVA, MX","    0",",,S","  413",",,S","  240",",,S","  301","H,,S"
"MXM00076342","2018-06-26","26.883","-101.433","615.0","MONCLOVA, MX","    0",",,S","  375",",,S","  240",",,S","  297","H,,S"
"MXM00076342","2018-06-27","26.883","-101.433","615.0","MONCLOVA, MX","    0",",,S",,,,,"  318","H,,S"
"MXM00076342","2018-06-28","26.883","-101.433","615.0","MONCLOVA, MX","    0",",,S","  400",",,S","  250",",,S","  319","H,,S"
"MXM00076342","2018-06-29","26.883","-101.433","615.0","MONCLOVA, MX","    0",",,S","  398",",,S","  255",",,S","  312","H,,S"
"MXM00076342","2018-06-30","26.883","-101.433","615.0","MONCLOVA, MX","  170",",,S",,,,,"  311","H,,S"
"MXM00076342","2018-07-01","26.883","-101.433","615.0","MONCLOVA, MX","    0",",,S","  395",",,S","  243",",,S","  316","H,,S"
"MXM00076342","2018-07-02","26.883","-101.433","615.0","MONCLOVA, MX","    0",",,S",,,,,"  302","H,,S"
"MXM00076342","2018-07-03","26.883","-101.433","615.0","MONCLOVA, MX","    0",",,S","  400",",,S","  244",",,S","  326","H,,S"
"MXM00076342","2018-07-04","26.883","-101.433","615.0","MONCLOVA, MX","    0",",,S","  400",",,S","  255",",,S","  331","H,,S"
"MXM00076342","2018-07-05","26.883","-101.433","615.0","MONCLOVA, MX","    0",",,S",,,,,"  260","H,,S"
"MXM00076342","2018-07-06","26.883","-101.433","615.0","MONCLOVA, MX","   91",",,S",,,,,"  263","H,,S"
"MXM00076342","2018-07-07","26.883","-101.433","615.0","MONCLOVA, MX","    0",",,S","  337",",,S","  240",",,S","  273","H,,S"
"MXM00076342","2018-07-08","26.883","-101.433","615.0","MONCLOVA, MX",,,,,,,"  258","H,,S"
"MXM00076342","2018-07-09","26.883","-101.433","615.0","MONCLOVA, MX","    0",",,S","  326",",,S","  214",",,S","  266","H,,S"
"MXM00076342","2018-07-10","26.883","-101.433","615.0","MONCLOVA, MX","   15",",,S",,,,,"  286","H,,S"
"MXM00076342","2018-07-11","26.883","-101.433","615.0","MONCLOVA, MX","    0",",,S","  365",",,S","  225",",,S","  307","H,,S"
"MXM00076342","2018-07-12","26.883","-101.433","615.0","MONCLOVA, MX","    0",",,S","  380",",,S","  230",",,S","  312","H,,S"
"MXM00076342","2018-07-13","26.883","-101.433","615.0","MONCLOVA, MX","    0",",,S",,,,,"  319","H,,S"
"MXM00076342","2018-07-14","26.883","-101.433","615.0","MONCLOVA, MX","    0",",,S","  394",",,S","  248",",,S","  311","H,,S"
"MXM00076342","2018-07-15","26.883","-101.433","615.0","MONCLOVA, MX","  109",",,S","  385",",,S","  242",",,S","  313","H,,S"
"MXM00076342","2018-07-16","26.883","-101.433","615.0","MONCLOVA, MX","    0",",,S","  398",",,S","  242",",,S","  312","H,,S"
"MXM00076342","2018-07-17","26.883","-101.433","615.0","MONCLOVA, MX","    0",",,S",,,,,"  290","H,,S"
"MXM00076342","2018-07-18","26.883","-101.433","615.0","MONCLOVA, MX","    0",",,S","  390",",,S","  240",",,S","  339","H,,S"
"MXM00076342","2018-07-19","26.883","-101.433","615.0","MONCLOVA, MX","    0",",,S","  400",",,S","  252",",,S","  336","H,,S"
"MXM00076342","2018-07-20","26.883","-101.433","615.0","MONCLOVA, MX","    0",",,S","  411",",,S","  252",",,S","  333","H,,S"
"MXM00076342","2018-07-21","26.883","-101.433","615.0","MONCLOVA, MX","    0",",,S","  414",",,S","  258",",,S","  334","H,,S"
"MXM00076342","2018-07-22","26.883","-101.433","615.0","MONCLOVA, MX","    0",",,S",,,,,"  345","H,,S"
"MXM00076342","2018-07-23","26.883","-101.433","615.0","MONCLOVA, MX","    0",",,S",,,,,"  361","H,,S"
"MXM00076342","2018-07-24","26.883","-101.433","615.0","MONCLOVA, MX","    0",",,S","  432",",,S","  262",",,S","  352","H,,S"
"MXM00076342","2018-07-25","26.883","-101.433","615.0","MONCLOVA, MX","    0",",,S","  422",",,S","  262",",,S","  325","H,,S"
"MXM00076342","2018-07-26","26.883","-101.433","615.0","MONCLOVA, MX","    0",",,S",,,,,"  316","H,,S"
"MXM00076342","2018-07-27","26.883","-101.433","615.0","MONCLOVA, MX","    0",",,S","  388",",,S","  240",",,S","  309","H,,S"
"MXM00076342","2018-07-28","26.883","-101.433","615.0","MONCLOVA, MX","   20",",,S",,,,,"  314","H,,S"
"MXM00076342","2018-07-29","26.883","-101.433","615.0","MONCLOVA, MX","    0",",,S","  395",",,S","  250",",,S","  309","H,,S"
"MXM00076342","2018-07-30","26.883","-101.433","615.0","MONCLOVA, MX","    0",",,S","  404",",,S","  250",",,S","  323","H,,S"
"MXM00076342","2018-07-31","26.883","-101.433","615.0","MONCLOVA, MX","    0",",,S","  406",",,S","  264",",,S","  326","H,,S"
"MXM00076342","2018-08-01","26.883","-101.433","615.0","MONCLOVA, MX","    0",",,S",,,,,"  318","H,,S"
"MXM00076342","2018-08-02","26.883","-101.433","615.0","MONCLOVA, MX","    0",",,S","  386",",,S","  240",",,S","  326","H,,S"
"MXM00076342","2018-08-03","26.883","-101.433","615.0","MONCLOVA, MX","    0",",,S",,,,,"  314","H,,S"
"MXM00076342","2018-08-04","26.883","-101.433","615.0","MONCLOVA, MX","    0",",,S","  386",",,S","  236",",,S","  310","H,,S"
"MXM00076342","2018-08-05","26.883","-101.433","615.0","MONCLOVA, MX","    0",",,S","  395",",,S","  236",",,S","  296","H,,S"
"MXM00076342","2018-08-06","26.883","-101.433","615.0","MONCLOVA, MX","    0",",,S",,,,,"  277","H,,S"
"MXM00076342","2018-08-07","26.883","-101.433","615.0","MONCLOVA, MX","    0",",,S",,,,,"  311","H,,S"
"MXM00076342","2018-08-08","26.883","-101.433","615.0","MONCLOVA, MX","    0",",,S","  385",",,S","  250",",,S","  326","H,,S"
"MXM00076342","2018-08-09","26.883","-101.433","615.0","MONCLOVA, MX","    0",",,S","  402",",,S","  250",",,S","  322","H,,S"
"MXM00076342","2018-08-10","26.883","-101.433","615.0","MONCLOVA, MX","    0",",,S","  385",",,S","  245",",,S","  312","H,,S"
"MXM00076342","2018-08-11","26.883","-101.433","615.0","MONCLOVA, MX","    0",",,S","  390",",,S","  240",",,S","  296","H,,S"
"MXM00076342","2018-08-12","26.883","-101.433","615.0","MONCLOVA, MX","    0",",,S","  355",",,S","  228",",,S","  264","H,,S"
"MXM00076342","2018-08-13","26.883","-101.433","615.0","MONCLOVA, MX","   18",",,S","  335",",,S","  225",",,S","  261","H,,S"
"MXM00076342","2018-08-14","26.883","-101.433","615.0","MONCLOVA, MX","   25",",,S",,,,,"  265","H,,S"
"MXM00076342","2018-08-15","26.883","-101.433","615.0","MONCLOVA, MX","    0",",,S","  382",",,S","  222",",,S","  320","H,,S"
"MXM00076342","2018-08-16","26.883","-101.433","615.0","MONCLOVA, MX","    0",",,S",,,,,"  329","H,,S"
"MXM00076342","2018-08-17","26.883","-101.433","615.0","MONCLOVA, MX","    0",",,S","  396",",,S","  245",",,S","  321","H,,S"
"MXM00076342","2018-08-18","26.883","-101.433","615.0","MONCLOVA, MX","    0",",,S","  408",",,S","  252",",,S","  322","H,,S"
"MXM00076342","2018-08-19","26.883","-101.433","615.0","MONCLOVA, MX","    0",",,S","  405",",,S","  250",",,S","  333","H,,S"
"MXM00076342","2018-08-20","26.883","-101.433","615.0","MONCLOVA, MX","    0",",,S","  420",",,S","  250",",,S","  321","H,,S"
"MXM00076342","2018-08-21","26.883","-101.433","615.0","MONCLOVA, MX","    0",",,S","  390",",,S","  254",",,S","  309","H,,S"
"MXM00076342","2018-08-22","26.883","-101.433","615.0","MONCLOVA, MX","    0",",,S","  390",",,S","  250",",,S","  332","H,,S"
"MXM00076342","2018-08-23","26.883","-101.433","615.0","MONCLOVA, MX","    0",",,S","  400",",,S","  250",",,S","  336","H,,S"
"MXM00076342","2018-08-24","26.883","-101.433","615.0","MONCLOVA, MX","    0",",,S","  406",",,S","  252",",,S","  329","H,,S"
"MXM00076342","2018-08-25","26.883","-101.433","615.0","MONCLOVA, MX","    0",",,S","  411",",,S","  254",",,S","  323","H,,S"
"MXM00076342","2018-08-26","26.883","-101.433","615.0","MONCLOVA, MX","    0",",,S","  402",",,S","  246",",,S","  323","H,,S"
"MXM00076342","2018-08-27","26.883","-101.433","615.0","MONCLOVA, MX","    0",",,S","  400",",,S","  246",",,S","  317","H,,S"
"MXM00076342","2018-08-28","26.883","-101.433","615.0","MONCLOVA, MX","    0",",,S","  404",",,S","  254",",,S","  330","H,,S"
"MXM00076342","2018-08-29","26.883","-101.433","615.0","MONCLOVA, MX","    0",",,S","  410",",,S","  252",",,S","  333","H,,S"
"MXM00076342","2018-08-30","26.883","-101.433","615.0","MONCLOVA, MX","    0",",,S","  398",",,S","  250",",,S","  319","H,,S"
"MXM00076342","2018-08-31","26.883","-101.433","615.0","MONCLOVA, MX","    3",",,S","  395",",,S","  245",",,S","  307","H,,S"
"MXM00076342","2018-09-01","26.883","-101.433","615.0","MONCLOVA, MX","    0",",,S","  380",",,S","  242",",,S","  319","H,,S"
"MXM00076342","2018-09-02","26.883","-101.433","615.0","MONCLOVA, MX","    0",",,S","  383",",,S","  242",",,S","  309","H,,S"
"MXM00076342","2018-09-03","26.883","-101.433","615.0","MONCLOVA, MX","    0",",,S","  339",",,S","  210",",,S","  283","H,,S"
"MXM00076342","2018-09-04","26.883","-101.433","615.0","MONCLOVA, MX","    0",",,S","  354",",,S","  210",",,S","  266","H,,S"
"MXM00076342","2018-09-05","26.883","-101.433","615.0","MONCLOVA, MX","    0",",,S","  346",",,S","  225",",,S","  278","H,,S"
"MXM00076342","2018-09-06","26.883","-101.433","615.0","MONCLOVA, MX","    0",",,S",,,,,"  266","H,,S"
"MXM00076342","2018-09-07","26.883","-101.433","615.0","MONCLOVA, MX","    0",",,S","  324",",,S","  210",",,S","  239","H,,S"
"MXM00076342","2018-09-08","26.883","-101.433","615.0","MONCLOVA, MX","  267",",,S","  300",",,S","  210",",,S","  254","H,,S"
"MXM00076342","2018-09-09","26.883","-101.433","615.0","MONCLOVA, MX","    0",",,S",,,,,"  232","H,,S"
"MXM00076342","2018-09-10","26.883","-101.433","615.0","MONCLOVA, MX","  838",",,S","  270",",,S","  200",",,S","  239","H,,S"
"MXM00076342","2018-09-11","26.883","-101.433","615.0","MONCLOVA, MX","   30",",,S",,,,,"  237","H,,S"
"MXM00076342","2018-09-12","26.883","-101.433","615.0","MONCLOVA, MX","    0",",,S",,,,,"  266","H,,S"
"MXM00076342","2018-09-13","26.883","-101.433","615.0","MONCLOVA, MX","    0",",,S","  320",",,S","  196",",,S","  266","H,,S"
"MXM00076342","2018-09-14","26.883","-101.433","615.0","MONCLOVA, MX","    0",",,S","  323",",,S","  200",",,S","  252","H,,S"
"MXM00076342","2018-09-15","26.883","-101.433","615.0","MONCLOVA, MX",,,,,,,"  239","H,,S"
"MXM00076342","2018-09-16","26.883","-101.433","615.0","MONCLOVA, MX","   15",",,S",,,,,"  264","H,,S"
"MXM00076342","2018-09-18","26.883","-101.433","615.0","MONCLOVA, MX","    0",",,S",,,,,"  276","H,,S"
"MXM00076342","2018-09-19","26.883","-101.433","615.0","MONCLOVA, MX","    0",",,S","  306",",,S","  220",",,S","  257","H,,S"
"MXM00076342","2018-09-20","26.883","-101.433","615.0","MONCLOVA, MX",,,,,,,"  257","H,,S"
"MXM00076342","2018-09-21","26.883","-101.433","615.0","MONCLOVA, MX",,,,,,,"  284","H,,S"
"MXM00076342","2018-09-22","26.883","-101.433","615.0","MONCLOVA, MX","   28",",,S","  354",",,S","  220",",,S","  245","H,,S"
"MXM00076342","2018-09-23","26.883","-101.433","615.0","MONCLOVA, MX","    0",",,S",,,,,"  243","H,,S"
"MXM00076342","2018-09-25","26.883","-101.433","615.0","MONCLOVA, MX","    0",",,S",,,,,"  288","H,,S"
"MXM00076342","2018-09-26","26.883","-101.433","615.0","MONCLOVA, MX","    0",",,S","  350",",,S","  210",",,S","  272","H,,S"
"MXM00076342","2018-09-27","26.883","-101.433","615.0","MONCLOVA, MX","    0",",,S",,,,,"  221","H,,S"
"MXM00076342","2018-09-28","26.883","-101.433","615.0","MONCLOVA, MX","   23",",,S","  268",",,S","  170",",,S","  232","H,,S"
"MXM00076342","2018-09-29","26.883","-101.433","615.0","MONCLOVA, MX","    0",",,S",,,,,"  252","H,,S"
"MXM00076342","2018-09-30","26.883","-101.433","615.0","MONCLOVA, MX","    0",",,S",,,,,"  248","H,,S"
"MXM00076342","2018-10-01","26.883","-101.433","615.0","MONCLOVA, MX","    0",",,S","  296",",,S","  200",",,S","  258","H,,S"
"MXM00076342","2018-10-02","26.883","-101.433","615.0","MONCLOVA, MX","    0",",,S",,,,,"  265","H,,S"
"MXM00076342","2018-10-03","26.883","-101.433","615.0","MONCLOVA, MX","    0",",,S",,,,,"  278","H,,S"
"MXM00076342","2018-10-04","26.883","-101.433","615.0","MONCLOVA, MX","    0",",,S","  325",",,S","  208",",,S","  284","H,,S"
"MXM00076342","2018-10-05","26.883","-101.433","615.0","MONCLOVA, MX","    0",",,S",,,,,"  278","H,,S"
"MXM00076342","2018-10-06","26.883","-101.433","615.0","MONCLOVA, MX","    0",",,S","  334",",,S","  200",",,S","  283","H,,S"
"MXM00076342","2018-10-07","26.883","-101.433","615.0","MONCLOVA, MX","    0",",,S","  335",",,S","  200",",,S","  254","H,,S"
"MXM00076342","2018-10-08","26.883","-101.433","615.0","MONCLOVA, MX","    0",",,S",,,,,"  262","H,,S"
"MXM00076342","2018-10-09","26.883","-101.433","615.0","MONCLOVA, MX","    0",",,S",,,,,"  282","H,,S"
"MXM00076342","2018-10-10","26.883","-101.433","615.0","MONCLOVA, MX","    0",",,S","  335",",,S","  204",",,S","  259","H,,S"
"MXM00076342","2018-10-11","26.883","-101.433","615.0","MONCLOVA, MX","    0",",,S","  310",",,S","  204",",,S","  248","H,,S"
"MXM00076342","2018-10-12","26.883","-101.433","615.0","MONCLOVA, MX","    0",",,S",,,,,"  270","H,,S"
"MXM00076342","2018-10-13","26.883","-101.433","615.0","MONCLOVA, MX","    0",",,S",,,,,"  299","H,,S"
"MXM00076342","2018-10-14","26.883","-101.433","615.0","MONCLOVA, MX","    0",",,S","  365",",,S","  210",",,S","  291","H,,S"
"MXM00076342","2018-10-15","26.883","-101.433","615.0","MONCLOVA, MX","    0",",,S",,,,,"  155","H,,S"
"MXM00076342","2018-10-16","26.883","-101.433","615.0","MONCLOVA, MX",,,,,,,"   93","H,,S"
"MXM00076342","2018-10-17","26.883","-101.433","615.0","MONCLOVA, MX","   41",",,S",,,,,"  110","H,,S"
"MXM00076342","2018-10-18","26.883","-101.433","615.0","MONCLOVA, MX",,,,,,,"  134","H,,S"
"MXM00076342","2018-10-19","26.883","-101.433","615.0","MONCLOVA, MX","    3",",,S",,,,,"  158","H,,S"
"MXM00076342","2018-10-20","26.883","-101.433","615.0","MONCLOVA, MX","    0",",,S","  210",",,S","  116",",,S","  182","H,,S"
"MXM00076342","2018-10-21","26.883","-101.433","615.0","MONCLOVA, MX",,,,,,,"  162","H,,S"
"MXM00076342","2018-10-22","26.883","-101.433","615.0","MONCLOVA, MX",,,,,,,"  157","H,,S"
"MXM00076342","2018-10-23","26.883","-101.433","615.0","MONCLOVA, MX",,,,,,,"  137","H,,S"
"MXM00076342","2018-10-24","26.883","-101.433","615.0","MONCLOVA, MX",,,,,,,"  155","H,,S"
"MXM00076342","2018-10-25","26.883","-101.433","615.0","MONCLOVA, MX",,,,,,,"  183","H,,S"
"MXM00076342","2018-10-26","26.883","-101.433","615.0","MONCLOVA, MX","    0",",,S","  230",",,S","  150",",,S","  206","H,,S"
"MXM00076342","2018-10-27","26.883","-101.433","615.0","MONCLOVA, MX","   23",",,S",,,,,"  218","H,,S"
"MXM00076342","2018-10-28","26.883","-101.433","615.0","MONCLOVA, MX","    0",",,S",,,,,"  245","H,,S"
"MXM00076342","2018-10-29","26.883","-101.433","615.0","MONCLOVA, MX","    0",",,S","  290",",,S","  140",",,S","  237","H,,S"
"MXM00076342","2018-10-30","26.883","-101.433","615.0","MONCLOVA, MX","    0",",,S",,,,,"  262","H,,S"
"MXM00076342","2018-10-31","26.883","-101.433","615.0","MONCLOVA, MX","    0",",,S","  334",",,S","  118",",,S","  247","H,,S"
"MXM00076342","2018-11-01","26.883","-101.433","615.0","MONCLOVA, MX","    0",",,S","  280",",,S","  140",",,S","  189","H,,S"
"MXM00076342","2018-11-02","26.883","-101.433","615.0","MONCLOVA, MX","    0",",,S",,,,,"  198","H,,S"
"MXM00076342","2018-11-03","26.883","-101.433","615.0","MONCLOVA, MX","    0",",,S",,,,,"  213","H,,S"
"MXM00076342","2018-11-04","26.883","-101.433","615.0","MONCLOVA, MX","    0",",,S","  297",",,S","  138",",,S","  192","H,,S"
"MXM00076342","2018-11-05","26.883","-101.433","615.0","MONCLOVA, MX","    0",",,S",,,,,"  237","H,,S"
"MXM00076342","2018-11-06","26.883","-101.433","615.0","MONCLOVA, MX","    0",",,S",,,,,"  274","H,,S"
"MXM00076342","2018-11-07","26.883","-101.433","615.0","MONCLOVA, MX","    0",",,S","  332",",,S","  158",",,S","  258","H,,S"
"MXM00076342","2018-11-08","26.883","-101.433","615.0","MONCLOVA, MX","    0",",,S","  325",",,S","  172",",,S","  241","H,,S"
"MXM00076342","2018-11-09","26.883","-101.433","615.0","MONCLOVA, MX","    0",",,S",,,,,"  144","H,,S"
"MXM00076342","2018-11-10","26.883","-101.433","615.0","MONCLOVA, MX",,,,,,,"  112","H,,S"
"MXM00076342","2018-11-11","26.883","-101.433","615.0","MONCLOVA, MX","    0",",,S",,,,,"  157","H,,S"
"MXM00076342","2018-11-12","26.883","-101.433","615.0","MONCLOVA, MX","    0",",,S",,,,,"  134","H,,S"
"MXM00076342","2018-11-13","26.883","-101.433","615.0","MONCLOVA, MX","    0",",,S",,,,,"   81","H,,S"
"MXM00076342","2018-11-14","26.883","-101.433","615.0","MONCLOVA, MX","    5",",,S",,,,,"   96","H,,S"
"MXM00076342","2018-11-15","26.883","-101.433","615.0","MONCLOVA, MX","    0",",,S",,,,,"  121","H,,S"
"MXM00076342","2018-11-16","26.883","-101.433","615.0","MONCLOVA, MX","    0",",,S","  194",",,S","   26",",,S","  112","H,,S"
"MXM00076342","2018-11-23","26.883","-101.433","615.0","MONCLOVA, MX","    0",",,S",,,,,"  166","H,,S"
"MXM00076342","2018-11-24","26.883","-101.433","615.0","MONCLOVA, MX","    0",",,S",,,,,"  202","H,,S"
"MXM00076342","2018-11-25","26.883","-101.433","615.0","MONCLOVA, MX","    0",",,S","  276",",,S","  140",",,S","  206","H,,S"
"MXM00076342","2018-11-26","26.883","-101.433","615.0","MONCLOVA, MX","    0",",,S",,,,,"  129","H,,S"
"MXM00076342","2018-11-27","26.883","-101.433","615.0","MONCLOVA, MX","    0",",,S",,,,,"  151","H,,S"
"MXM00076342","2018-11-28","26.883","-101.433","615.0","MONCLOVA, MX","    0",",,S",,,,,"  175","H,,S"
"MXM00076342","2018-11-29","26.883","-101.433","615.0","MONCLOVA, MX","    0",",,S",,,,,"  214","H,,S"
"MXM00076342","2018-11-30","26.883","-101.433","615.0","MONCLOVA, MX","    0",",,S",,,,,"  226","H,,S"
"MXM00076342","2018-12-01","26.883","-101.433","615.0","MONCLOVA, MX","    0",",,S","  317",",,S","  125",",,S","  208","H,,S"
"MXM00076342","2018-12-02","26.883","-101.433","615.0","MONCLOVA, MX","    0",",,S",,,,,"  208","H,,S"
"MXM00076342","2018-12-03","26.883","-101.433","615.0","MONCLOVA, MX","    0",",,S","  298",",,S","  110",",,S","  173","H,,S"
"MXM00076342","2018-12-04","26.883","-101.433","615.0","MONCLOVA, MX","    0",",,S","  218",",,S","  110",",,S","  162","H,,S"
"MXM00076342","2018-12-05","26.883","-101.433","615.0","MONCLOVA, MX","    0",",,S","  188",",,S","   90",",,S","  118","H,,S"
"MXM00076342","2018-12-06","26.883","-101.433","615.0","MONCLOVA, MX","    0",",,S",,,,,"  147","H,,S"
"MXM00076342","2018-12-07","26.883","-101.433","615.0","MONCLOVA, MX","    3",",,S","  230",",,S","   90",",,S","  157","H,,S"
"MXM00076342","2018-12-08","26.883","-101.433","615.0","MONCLOVA, MX","    0",",,S","  140",",,S","  100",",,S","  119","H,,S"
"MXM00076342","2018-12-09","26.883","-101.433","615.0","MONCLOVA, MX","   51",",,S",,,,,"  115","H,,S"
"MXM00076342","2018-12-10","26.883","-101.433","615.0","MONCLOVA, MX","    0",",,S",,,,,"  129","H,,S"
"MXM00076342","2018-12-11","26.883","-101.433","615.0","MONCLOVA, MX","    0",",,S","  177",",,S","   70",",,S","  124","H,,S"
"MXM00076342","2018-12-12","26.883","-101.433","615.0","MONCLOVA, MX","    0",",,S",,,,,"  139","H,,S"
"MXM00076342","2018-12-13","26.883","-101.433","615.0","MONCLOVA, MX","    5",",,S",,,,,"  196","H,,S"
"MXM00076342","2018-12-14","26.883","-101.433","615.0","MONCLOVA, MX","    0",",,S",,,,,"  127","H,,S"
"MXM00076342","2018-12-15","26.883","-101.433","615.0","MONCLOVA, MX","    0",",,S",,,,,"  123","H,,S"
"MXM00076342","2018-12-16","26.883","-101.433","615.0","MONCLOVA, MX","    0",",,S","  205",",,S","   30",",,S","  137","H,,S"
"MXM00076342","2018-12-17","26.883","-101.433","615.0","MONCLOVA, MX","    0",",,S",,,,,"  154","H,,S"
"MXM00076342","2018-12-18","26.883","-101.433","615.0","MONCLOVA, MX","    0",",,S","  215",",,S","   70",",,S","  147","H,,S"
"MXM00076342","2018-12-19","26.883","-101.433","615.0","MONCLOVA, MX","    0",",,S",,,,,"  183","H,,S"
"MXM00076342","2018-12-20","26.883","-101.433","615.0","MONCLOVA, MX","    0",",,S","  244",",,S","   80",",,S","  179","H,,S"
"MXM00076342","2018-12-21","26.883","-101.433","615.0","MONCLOVA, MX","    0",",,S",,,,,"  167","H,,S"
"MXM00076342","2018-12-22","26.883","-101.433","615.0","MONCLOVA, MX","    0",",,S",,,,,"  207","H,,S"
"MXM00076342","2018-12-23","26.883","-101.433","615.0","MONCLOVA, MX","    0",",,S","  297",",,S","   97",",,S","  174","H,,S"
"MXM00076342","2018-12-24","26.883","-101.433","615.0","MONCLOVA, MX","    0",",,S","  228",",,S","   60",",,S","  140","H,,S"
"MXM00076342","2018-12-25","26.883","-101.433","615.0","MONCLOVA, MX","    0",",,S",,,,,"  154","H,,S"
"MXM00076342","2018-12-26","26.883","-101.433","615.0","MONCLOVA, MX","    0",",,S",,,,,"  188","H,,S"
"MXM00076342","2018-12-27","26.883","-101.433","615.0","MONCLOVA, MX","    0",",,S","  265",",,S","  100",",,S","  204","H,,S"
"MXM00076342","2018-12-28","26.883","-101.433","615.0","MONCLOVA, MX","    0",",,S","  235",",,S","   74",",,S","  147","H,,S"
"MXM00076342","2018-12-29","26.883","-101.433","615.0","MONCLOVA, MX","    0",",,S","  195",",,S","   60",",,S","   99","H,,S"
"MXM00076342","2018-12-30","26.883","-101.433","615.0","MONCLOVA, MX","    0",",,S","  116",",,S","   26",",,S","   53","H,,S"
"MXM00076342","2018-12-31","26.883","-101.433","615.0","MONCLOVA, MX","    0",",,S",,,,,"   96","H,,S"
"MXM00076342","2019-01-01","26.883","-101.433","615.0","MONCLOVA, MX","    0",",,S","  222",",,S","   47",",,S","  124","H,,S"
"MXM00076342","2019-01-02","26.883","-101.433","615.0","MONCLOVA, MX","    0",",,S","  130",",,S","   50",",,S","   71","H,,S"
"MXM00076342","2019-01-03","26.883","-101.433","615.0","MONCLOVA, MX","    3",",,S",,,,,"  101","H,,S"
"MXM00076342","2019-01-04","26.883","-101.433","615.0","MONCLOVA, MX","    0",",,S",,,,,"  144","H,,S"
"MXM00076342","2019-01-05","26.883","-101.433","615.0","MONCLOVA, MX","    0",",,S",,,,,"  163","H,,S"
"MXM00076342","2019-01-06","26.883","-101.433","615.0","MONCLOVA, MX","    0",",,S","  250",",,S","   60",",,S","  202","H,,S"
"MXM00076342","2019-01-07","26.883","-101.433","615.0","MONCLOVA, MX","    0",",,S","  260",",,S","  104",",,S","  203","H,,S"
"MXM00076342","2019-01-08","26.883","-101.433","615.0","MONCLOVA, MX","    0",",,S","  262",",,S","  116",",,S","  201","H,,S"
"MXM00076342","2019-01-09","26.883","-101.433","615.0","MONCLOVA, MX","    0",",,S",,,,,"  128","H,,S"
"MXM00076342","2019-01-10","26.883","-101.433","615.0","MONCLOVA, MX","   18",",,S","  180",",,S","   90",",,S","  125","H,,S"
"MXM00076342","2019-01-11","26.883","-101.433","615.0","MONCLOVA, MX","    0",",,S",,,,,"  142","H,,S"
"MXM00076342","2019-01-12","26.883","-101.433","615.0","MONCLOVA, MX","    8",",,S",,,,,"  168","H,,S"
"MXM00076342","2019-01-13","26.883","-101.433","615.0","MONCLOVA, MX","    0",",,S",,,,,"  123","H,,S"
"MXM00076342","2019-01-14","26.883","-101.433","615.0","MONCLOVA, MX","    0",",,S","  154",",,S","   76",",,S","  111","H,,S"
"MXM00076342","2019-01-15","26.883","-101.433","615.0","MONCLOVA, MX","    0",",,S",,,,,"  100","H,,S"
"MXM00076342","2019-01-16","26.883","-101.433","615.0","MONCLOVA, MX","   61",",,S",,,,,"  139","H,,S"
"MXM00076342","2019-01-17","26.883","-101.433","615.0","MONCLOVA, MX","    0",",,S",,,,,"  144","H,,S"
"MXM00076342","2019-01-18","26.883","-101.433","615.0","MONCLOVA, MX","    0",",,S",,,,,"  195","H,,S"
"MXM00076342","2019-01-19","26.883","-101.433","615.0","MONCLOVA, MX","    0",",,S",,,,,"  174","H,,S"
"MXM00076342","2019-01-20","26.883","-101.433","615.0","MONCLOVA, MX","    0",",,S",,,,,"  146","H,,S"
"MXM00076342","2019-01-21","26.883","-101.433","615.0","MONCLOVA, MX","    0",",,S",,,,,"  170","H,,S"
"MXM00076342","2019-01-22","26.883","-101.433","615.0","MONCLOVA, MX","    0",",,S",,,,,"  214","H,,S"
"MXM00076342","2019-01-23","26.883","-101.433","615.0","MONCLOVA, MX","    0",",,S",,,,,"  133","H,,S"
"MXM00076342","2019-01-24","26.883","-101.433","615.0","MONCLOVA, MX","    0",",,S",,,,,"  142","H,,S"
"MXM00076342","2019-01-25","26.883","-101.433","615.0","MONCLOVA, MX","    0",",,S","  235",",,S","   50",",,S","  130","H,,S"
"MXM00076342","2019-01-26","26.883","-101.433","615.0","MONCLOVA, MX","    0",",,S","  182",",,S","   74",",,S","  117","H,,S"
"MXM00076342","2019-01-27","26.883","-101.433","615.0","MONCLOVA, MX","    0",",,S",,,,,"  146","H,,S"
"MXM00076342","2019-01-28","26.883","-101.433","615.0","MONCLOVA, MX","    0",",,S",,,,,"  201","H,,S"
"MXM00076342","2019-01-29","26.883","-101.433","615.0","MONCLOVA, MX","    0",",,S","  282",",,S","   50",",,S","  138","H,,S"
"MXM00076342","2019-01-30","26.883","-101.433","615.0","MONCLOVA, MX","    0",",,S",,,,,"  100","H,,S"
"MXM00076342","2019-01-31","26.883","-101.433","615.0","MONCLOVA, MX","    0",",,S",,,,,"  140","H,,S"
"MXM00076342","2019-02-01","26.883","-101.433","615.0","MONCLOVA, MX","    0",",,S","  215",",,S","   68",",,S","  155","H,,S"
"MXM00076342","2019-02-02","26.883","-101.433","615.0","MONCLOVA, MX","    0",",,S",,,,,"  169","H,,S"
"MXM00076342","2019-02-03","26.883","-101.433","615.0","MONCLOVA, MX","    0",",,S",,,,,"  201","H,,S"
"MXM00076342","2019-02-04","26.883","-101.433","615.0","MONCLOVA, MX","    0",",,S",,,,,"  219","H,,S"
"MXM00076342","2019-02-05","26.883","-101.433","615.0","MONCLOVA, MX","    0",",,S",,,,,"  257","H,,S"
"MXM00076342","2019-02-06","26.883","-101.433","615.0","MONCLOVA, MX","    0",",,S",,,,,"  254","H,,S"
"MXM00076342","2019-02-07","26.883","-101.433","615.0","MONCLOVA, MX","    0",",,S","  340",",,S","  170",",,S","  250","H,,S"
"MXM00076342","2019-02-08","26.883","-101.433","615.0","MONCLOVA, MX","    0",",,S",,,,,"  120","H,,S"
"MXM00076342","2019-02-09","26.883","-101.433","615.0","MONCLOVA, MX","    0",",,S","  155",",,S","   10",",,S","   81","H,,S"
"MXM00076342","2019-02-10","26.883","-101.433","615.0","MONCLOVA, MX","    0",",,S",,,,,"  115","H,,S"
"MXM00076342","2019-02-11","26.883","-101.433","615.0","MONCLOVA, MX","    0",",,S",,,,,"  152","H,,S"
"MXM00076342","2019-02-12","26.883","-101.433","615.0","MONCLOVA, MX","    0",",,S","  245",",,S","   88",",,S","  156","H,,S"
"MXM00076342","2019-02-13","26.883","-101.433","615.0","MONCLOVA, MX","    0",",,S",,,,,"  167","H,,S"
"MXM00076342","2019-02-14","26.883","-101.433","615.0","MONCLOVA, MX","    0",",,S",,,,,"  221","H,,S"
"MXM00076342","2019-02-15","26.883","-101.433","615.0","MONCLOVA, MX","    0",",,S",,,,,"  275","H,,S"
"MXM00076342","2019-02-16","26.883","-101.433","615.0","MONCLOVA, MX","    0",",,S","  360",",,S","  156",",,S","  284","H,,S"
"MXM00076342","2019-02-17","26.883","-101.433","615.0","MONCLOVA, MX","    0",",,S","  365",",,S","  160",",,S","  230","H,,S"
"MXM00076342","2019-02-18","26.883","-101.433","615.0","MONCLOVA, MX","    0",",,S","  266",",,S","   80",",,S","  171","H,,S"
"MXM00076342","2019-02-19","26.883","-101.433","615.0","MONCLOVA, MX","    0",",,S",,,,,"  163","H,,S"
"MXM00076342","2019-02-20","26.883","-101.433","615.0","MONCLOVA, MX","    0",",,S","  235",",,S","   76",",,S","  129","H,,S"
"MXM00076342","2019-02-21","26.883","-101.433","615.0","MONCLOVA, MX","    3",",,S",,,,,"  168","H,,S"
"MXM00076342","2019-02-22","26.883","-101.433","615.0","MONCLOVA, MX","    0",",,S",,,,,"  203","H,,S"
"MXM00076342","2019-02-23","26.883","-101.433","615.0","MONCLOVA, MX","    0",",,S","  277",",,S","   98",",,S","  191","H,,S"
"MXM00076342","2019-02-24","26.883","-101.433","615.0","MONCLOVA, MX","    0",",,S","  260",",,S","   80",",,S","  188","H,,S"
"MXM00076342","2019-02-25","26.883","-101.433","615.0","MONCLOVA, MX","    0",",,S",,,,,"  188","H,,S"
"MXM00076342","2019-02-26","26.883","-101.433","615.0","MONCLOVA, MX","    0",",,S","  277",",,S","  100",",,S","  187","H,,S"
"MXM00076342","2019-02-27","26.883","-101.433","615.0","MONCLOVA, MX","    0",",,S",,,,,"  214","H,,S"
"MXM00076342","2019-02-28","26.883","-101.433","615.0","MONCLOVA, MX","    0",",,S","  315",",,S","  130",",,S","  231","H,,S"
"MXM00076342","2019-03-01","26.883","-101.433","615.0","MONCLOVA, MX","    0",",,S",,,,,"  227","H,,S"
"MXM00076342","2019-03-02","26.883","-101.433","615.0","MONCLOVA, MX","    0",",,S","  337",",,S","  140",",,S","  227","H,,S"
"MXM00076342","2019-03-03","26.883","-101.433","615.0","MONCLOVA, MX","    0",",,S","  316",",,S","  140",",,S","  227","H,,S"
"MXM00076342","2019-03-04","26.883","-101.433","615.0","MONCLOVA, MX","    0",",,S",,,,,"   82","H,,S"
"MXM00076342","2019-03-05","26.883","-101.433","615.0","MONCLOVA, MX","   33",",,S","  110",",,S","   24",",,S","   49","H,,S"
"MXM00076342","2019-03-06","26.883","-101.433","615.0","MONCLOVA, MX","    0",",,S",,,,,"  116","H,,S"
"MXM00076342","2019-03-07","26.883","-101.433","615.0","MONCLOVA, MX","    0",",,S",,,,,"  162","H,,S"
"MXM00076342","2019-03-08","26.883","-101.433","615.0","MONCLOVA, MX","    0",",,S",,,,,"  235","H,,S"
"MXM00076342","2019-03-09","26.883","-101.433","615.0","MONCLOVA, MX","    0",",,S","  336",",,S","  144",",,S","  260","H,,S"
"MXM00076342","2019-03-10","26.883","-101.433","615.0","MONCLOVA, MX","    0",",,S","  330",",,S","  160",",,S","  262","H,,S"
"MXM00076342","2019-03-11","26.883","-101.433","615.0","MONCLOVA, MX","    0",",,S","  336",",,S","  160",",,S","  234","H,,S"
"MXM00076342","2019-03-12","26.883","-101.433","615.0","MONCLOVA, MX","    0",",,S",,,,,"  224","H,,S"
"MXM00076342","2019-03-13","26.883","-101.433","615.0","MONCLOVA, MX","    8",",,S",,,,,"  297","H,,S"
"MXM00076342","2019-03-14","26.883","-101.433","615.0","MONCLOVA, MX","    0",",,S","  346",",,S","  150",",,S","  237","H,,S"
"MXM00076342","2019-03-15","26.883","-101.433","615.0","MONCLOVA, MX","    0",",,S","  280",",,S","  130",",,S","  170","H,,S"
"MXM00076342","2019-03-16","26.883","-101.433","615.0","MONCLOVA, MX","    0",",,S",,,,,"  129","H,,S"
"MXM00076342","2019-03-17","26.883","-101.433","615.0","MONCLOVA, MX","    0",",,S","  190",",,S","   86",",,S","  148","H,,S"
"MXM00076342","2019-03-18","26.883","-101.433","615.0","MONCLOVA, MX","    0",",,S","  176",",,S","   86",",,S","  128","H,,S"
"MXM00076342","2019-03-19","26.883","-101.433","615.0","MONCLOVA, MX","   13",",,S",,,,,"  178","H,,S"
"MXM00076342","2019-03-20","26.883","-101.433","615.0","MONCLOVA, MX","    0",",,S",,,,,"  187","H,,S"
"MXM00076342","2019-03-21","26.883","-101.433","615.0","MONCLOVA, MX","    0",",,S","  254",",,S","  100",",,S","  178","H,,S"
"MXM00076342","2019-03-22","26.883","-101.433","615.0","MONCLOVA, MX","    0",",,S",,,,,"  189","H,,S"
"MXM00076342","2019-03-23","26.883","-101.433","615.0","MONCLOVA, MX","    0",",,S",,,,,"  235","H,,S"
"MXM00076342","2019-03-24","26.883","-101.433","615.0","MONCLOVA, MX","    0",",,S","  316",",,S","  150",",,S","  264","H,,S"
"MXM00076342","2019-03-25","26.883","-101.433","615.0","MONCLOVA, MX","    0",",,S","  324",",,S","  180",",,S","  249","H,,S"
"MXM00076342","2019-03-26","26.883","-101.433","615.0","MONCLOVA, MX","    0",",,S","  325",",,S","  180",",,S","  228","H,,S"
"MXM00076342","2019-03-27","26.883","-101.433","615.0","MONCLOVA, MX","    0",",,S",,,,,"  218","H,,S"
"MXM00076342","2019-03-28","26.883","-101.433","615.0","MONCLOVA, MX","    0",",,S",,,,,"  236","H,,S"
"MXM00076342","2019-03-29","26.883","-101.433","615.0","MONCLOVA, MX","    0",",,S",,,,,"  242","H,,S"
"MXM00076342","2019-03-30","26.883","-101.433","615.0","MONCLOVA, MX","    0",",,S","  340",",,S","  166",",,S","  232","H,,S"
"MXM00076342","2019-03-31","26.883","-101.433","615.0","MONCLOVA, MX","    0",",,S",,,,,"  123","H,,S"
"MXM00076342","2019-04-01","26.883","-101.433","615.0","MONCLOVA, MX","    0",",,S",,,,,"  129","H,,S"
"MXM00076342","2019-04-02","26.883","-101.433","615.0","MONCLOVA, MX","    0",",,S",,,,,"  129","H,,S"
"MXM00076342","2019-04-03","26.883","-101.433","615.0","MONCLOVA, MX","    0",",,S",,,,,"  227","H,,S"
"MXM00076342","2019-04-04","26.883","-101.433","615.0","MONCLOVA, MX","    0",",,S",,,,,"  244","H,,S"
"MXM00076342","2019-04-05","26.883","-101.433","615.0","MONCLOVA, MX","    0",",,S","  340",",,S","  160",",,S","  272","H,,S"
"MXM00076342","2019-04-06","26.883","-101.433","615.0","MONCLOVA, MX","    0",",,S","  350",",,S","  176",",,S","  273","H,,S"
"MXM00076342","2019-04-07","26.883","-101.433","615.0","MONCLOVA, MX","    0",",,S",,,,,"  257","H,,S"
"MXM00076342","2019-04-08","26.883","-101.433","615.0","MONCLOVA, MX","    0",",,S",,,,,"  268","H,,S"
"MXM00076342","2019-04-09","26.883","-101.433","615.0","MONCLOVA, MX","    0",",,S",,,,,"  274","H,,S"
"MXM00076342","2019-04-10","26.883","-101.433","615.0","MONCLOVA, MX","    0",",,S",,,,,"  321","H,,S"
"MXM00076342","2019-04-11","26.883","-101.433","615.0","MONCLOVA, MX","    0",",,S","  415",",,S","  225",",,S","  307","H,,S"
"MXM00076342","2019-04-12","26.883","-101.433","615.0","MONCLOVA, MX","    0",",,S",,,,,"  266","H,,S"
"MXM00076342","2019-04-13","26.883","-101.433","615.0","MONCLOVA, MX","    0",",,S","  340",",,S","  170",",,S","  264","H,,S"
"MXM00076342","2019-04-14","26.883","-101.433","615.0","MONCLOVA, MX","    0",",,S","  315",",,S","  106",",,S","  201","H,,S"
"MXM00076342","2019-04-15","26.883","-101.433","615.0","MONCLOVA, MX","    0",",,S",,,,,"  243","H,,S"
"MXM00076342","2019-04-16","26.883","-101.433","615.0","MONCLOVA, MX","    0",",,S","  333",",,S","  150",",,S","  261","H,,S"
"MXM00076342","2019-04-17","26.883","-101.433","615.0","MONCLOVA, MX","    0",",,S",,,,,"  292","H,,S"
"MXM00076342","2019-04-18","26.883","-101.433","615.0","MONCLOVA, MX","    0",",,S","  414",",,S","  188",",,S","  284","H,,S"
"MXM00076342","2019-04-19","26.883","-101.433","615.0","MONCLOVA, MX","    0",",,S",,,,,"  246","H,,S"
"MXM00076342","2019-04-20","26.883","-101.433","615.0","MONCLOVA, MX","    0",",,S",,,,,"  266","H,,S"
"MXM00076342","2019-04-21","26.883","-101.433","615.0","MONCLOVA, MX","    0",",,S",,,,,"  278","H,,S"
"MXM00076342","2019-04-22","26.883","-101.433","615.0","MONCLOVA, MX","    0",",,S","  380",",,S","  188",",,S","  258","H,,S"
"MXM00076342","2019-04-23","26.883","-101.433","615.0","MONCLOVA, MX","    0",",,S","  310",",,S","  196",",,S","  242","H,,S"
"MXM00076342","2019-04-24","26.883","-101.433","615.0","MONCLOVA, MX","    0",",,S",,,,,"  239","H,,S"
"MXM00076342","2019-04-25","26.883","-101.433","615.0","MONCLOVA, MX","    0",",,S","  360",",,S","  150",",,S","  246","H,,S"
"MXM00076342","2019-04-26","26.883","-101.433","615.0","MONCLOVA, MX","    0",",,S","  360",",,S","  150",",,S","  272","H,,S"
"MXM00076342","2019-04-27","26.883","-101.433","615.0","MONCLOVA, MX","    0",",,S",,,,,"  275","H,,S"
"MXM00076342","2019-04-28","26.883","-101.433","615.0","MONCLOVA, MX","    0",",,S","  390",",,S","  197",",,S","  292","H,,S"
"MXM00076342","2019-04-29","26.883","-101.433","615.0","MONCLOVA, MX","    0",",,S","  376",",,S","  196",",,S","  299","H,,S"
"MXM00076342","2019-04-30","26.883","-101.433","615.0","MONCLOVA, MX","    0",",,S","  380",",,S","  196",",,S","  293","H,,S"
"MXM00076342","2019-05-01","26.883","-101.433","615.0","MONCLOVA, MX","    0",",,S",,,,,"  317","H,,S"
"MXM00076342","2019-05-02","26.883","-101.433","615.0","MONCLOVA, MX","    0",",,S","  413",",,S","  220",",,S","  299","H,,S"
"MXM00076342","2019-05-03","26.883","-101.433","615.0","MONCLOVA, MX","    0",",,S","  346",",,S","  218",",,S","  264","H,,S"
"MXM00076342","2019-05-04","26.883","-101.433","615.0","MONCLOVA, MX","    0",",,S","  317",",,S","  200",",,S","  249","H,,S"
"MXM00076342","2019-05-05","26.883","-101.433","615.0","MONCLOVA, MX","    0",",,S",,,,,"  267","H,,S"
"MXM00076342","2019-05-06","26.883","-101.433","615.0","MONCLOVA, MX","    0",",,S","  355",",,S","  185",",,S","  275","H,,S"
"MXM00076342","2019-05-07","26.883","-101.433","615.0","MONCLOVA, MX","    0",",,S","  355",",,S","  185",",,S","  294","H,,S"
"MXM00076342","2019-05-08","26.883","-101.433","615.0","MONCLOVA, MX","    0",",,S",,,,,"  312","H,,S"
"MXM00076342","2019-05-09","26.883","-101.433","615.0","MONCLOVA, MX","    0",",,S","  390",",,S","  225",",,S","  293","H,,S"
"MXM00076342","2019-05-10","26.883","-101.433","615.0","MONCLOVA, MX","    0",",,S",,,,,"  181","H,,S"
"MXM00076342","2019-05-11","26.883","-101.433","615.0","MONCLOVA, MX","   38",",,S",,,,,"  183","H,,S"
"MXM00076342","2019-05-12","26.883","-101.433","615.0","MONCLOVA, MX","    0",",,S",,,,,"  228","H,,S"
"MXM00076342","2019-05-13","26.883","-101.433","615.0","MONCLOVA, MX","    0",",,S","  297",",,S","  160",",,S","  244","H,,S"
"MXM00076342","2019-05-14","26.883","-101.433","615.0","MONCLOVA, MX","    0",",,S","  315",",,S","  180",",,S","  257","H,,S"
"MXM00076342","2019-05-15","26.883","-101.433","615.0","MONCLOVA, MX","    0",",,S","  330",",,S","  200",",,S","  270","H,,S"
"MXM00076342","2019-05-16","26.883","-101.433","615.0","MONCLOVA, MX","    0",",,S",,,,,"  281","H,,S"
"MXM00076342","2019-05-17","26.883","-101.433","615.0","MONCLOVA, MX","    0",",,S",,,,,"  286","H,,S"
"MXM00076342","2019-05-18","26.883","-101.433","615.0","MONCLOVA, MX","    0",",,S",,,,,"  312","H,,S"
"MXM00076342","2019-05-19","26.883","-101.433","615.0","MONCLOVA, MX","    0",",,S",,,,,"  296","H,,S"
"MXM00076342","2019-05-20","26.883","-101.433","615.0","MONCLOVA, MX","    0",",,S",,,,,"  310","H,,S"
"MXM00076342","2019-05-21","26.883","-101.433","615.0","MONCLOVA, MX","    0",",,S","  412",",,S","  255",",,S","  313","H,,S"
"MXM00076342","2019-05-22","26.883","-101.433","615.0","MONCLOVA, MX","    0",",,S",,,,,"  297","H,,S"
"MXM00076342","2019-05-23","26.883","-101.433","615.0","MONCLOVA, MX","    0",",,S","  420",",,S","  220",",,S","  308","H,,S"
"MXM00076342","2019-05-24","26.883","-101.433","615.0","MONCLOVA, MX","   10",",,S","  390",",,S","  255",",,S","  303","H,,S"
"MXM00076342","2019-05-25","26.883","-101.433","615.0","MONCLOVA, MX","    0",",,S",,,,,"  301","H,,S"
"MXM00076342","2019-05-26","26.883","-101.433","615.0","MONCLOVA, MX","    0",",,S",,,,,"  292","H,,S"
"MXM00076342","2019-05-27","26.883","-101.433","615.0","MONCLOVA, MX","    0",",,S",,,,,"  313","H,,S"
"MXM00076342","2019-05-28","26.883","-101.433","615.0","MONCLOVA, MX","    0",",,S",,,,,"  293","H,,S"
"MXM00076342","2019-05-29","26.883","-101.433","615.0","MONCLOVA, MX","   53",",,S","  408",",,S","  240",",,S","  313","H,,S"
"MXM00076342","2019-05-30","26.883","-101.433","615.0","MONCLOVA, MX","    0",",,S",,,,,"  288","H,,S"
"MXM00076342","2019-05-31","26.883","-101.433","615.0","MONCLOVA, MX","    0",",,S",,,,,"  264","H,,S"
"MXM00076342","2019-06-01","26.883","-101.433","615.0","MONCLOVA, MX","    0",",,S","  372",",,S","  220",",,S","  271","H,,S"
"MXM00076342","2019-06-02","26.883","-101.433","615.0","MONCLOVA, MX","   18",",,S",,,,,"  289","H,,S"
"MXM00076342","2019-06-03","26.883","-101.433","615.0","MONCLOVA, MX","    0",",,S",,,,,"  282","H,,S"
"MXM00076342","2019-06-04","26.883","-101.433","615.0","MONCLOVA, MX","    0",",,S",,,,,"  283","H,,S"
"MXM00076342","2019-06-05","26.883","-101.433","615.0","MONCLOVA, MX","    0",",,S",,,,,"  292","H,,S"
"MXM00076342","2019-06-06","26.883","-101.433","615.0","MONCLOVA, MX","    0",",,S",,,,,"  321","H,,S"
"MXM00076342","2019-06-07","26.883","-101.433","615.0","MONCLOVA, MX","    0",",,S",,,,,"  333","H,,S"
"MXM00076342","2019-06-08","26.883","-101.433","615.0","MONCLOVA, MX","    0",",,S",,,,,"  348","H,,S"
"MXM00076342","2019-06-09","26.883","-101.433","615.0","MONCLOVA, MX","    0",",,S","  445",",,S","  250",",,S","  373","H,,S"
"MXM00076342","2019-06-10","26.883","-101.433","615.0","MONCLOVA, MX","   18",",,S","  447",",,S","  210",",,S","  282","H,,S"
"MXM00076342","2019-06-11","26.883","-101.433","615.0","MONCLOVA, MX","    0",",,S","  314",",,S","  210",",,S","  257","H,,S"
"MXM00076342","2019-06-12","26.883","-101.433","615.0","MONCLOVA, MX","    0",",,S","  360",",,S","  210",",,S","  282","H,,S"
"MXM00076342","2019-06-13","26.883","-101.433","615.0","MONCLOVA, MX","    0",",,S","  360",",,S","  210",",,S","  293","H,,S"
"MXM00076342","2019-06-14","26.883","-101.433","615.0","MONCLOVA, MX","    0",",,S",,,,,"  305","H,,S"
"MXM00076342","2019-06-15","26.883","-101.433","615.0","MONCLOVA, MX","    0",",,S",,,,,"  322","H,,S"
"MXM00076342","2019-06-16","26.883","-101.433","615.0","MONCLOVA, MX","    0",",,S","  410",",,S","  250",",,S","  319","H,,S"
"MXM00076342","2019-06-17","26.883","-101.433","615.0","MONCLOVA, MX","  150",",,S","  412",",,S","  230",",,S","  310","H,,S"
"MXM00076342","2019-06-18","26.883","-101.433","615.0","MONCLOVA, MX","    0",",,S",,,,,"  306","H,,S"
"MXM00076342","2019-06-19","26.883","-101.433","615.0","MONCLOVA, MX","   41",",,S",,,,,"  334","H,,S"
"MXM00076342","2019-06-20","26.883","-101.433","615.0","MONCLOVA, MX","    0",",,S","  420",",,S","  265",",,S","  354","H,,S"
"MXM00076342","2019-06-21","26.883","-101.433","615.0","MONCLOVA, MX","    0",",,S",,,,,"  335","H,,S"
"MXM00076342","2019-06-22","26.883","-101.433","615.0","MONCLOVA, MX","    0",",,S","  420",",,S","  214",",,S","  310","H,,S"
"MXM00076342","2019-06-23","26.883","-101.433","615.0","MONCLOVA, MX","    0",",,S",,,,,"  343","H,,S"
"MXM00076342","2019-06-24","26.883","-101.433","615.0","MONCLOVA, MX","    0",",,S","  417",",,S","  240",",,S","  338","H,,S"
"MXM00076342","2019-06-25","26.883","-101.433","615.0","MONCLOVA, MX","  124",",,S","  394",",,S","  214",",,S","  265","H,,S"
"MXM00076342","2019-06-26","26.883","-101.433","615.0","MONCLOVA, MX","    0",",,S","  342",",,S","  214",",,S","  284","H,,S"
"MXM00076342","2019-06-27","26.883","-101.433","615.0","MONCLOVA, MX","    0",",,S",,,,,"  293","H,,S"
"MXM00076342","2019-06-28","26.883","-101.433","615.0","MONCLOVA, MX","    0",",,S",,,,,"  289","H,,S"
"MXM00076342","2019-06-29","26.883","-101.433","615.0","MONCLOVA, MX","    0",",,S",,,,,"  292","H,,S"
"MXM00076342","2019-06-30","26.883","-101.433","615.0","MONCLOVA, MX","    0",",,S",,,,,"  302","H,,S"
"MXM00076342","2019-07-01","26.883","-101.433","615.0","MONCLOVA, MX","    0",",,S","  370",",,S","  240",",,S","  308","H,,S"
"MXM00076342","2019-07-02","26.883","-101.433","615.0","MONCLOVA, MX","  399",",,S","  362",",,S","  225",",,S","  298","H,,S"
"MXM00076342","2019-07-03","26.883","-101.433","615.0","MONCLOVA, MX","    0",",,S","  350",",,S","  225",",,S","  302","H,,S"
"MXM00076342","2019-07-04","26.883","-101.433","615.0","MONCLOVA, MX","   71",",,S",,,,,"  308","H,,S"
"MXM00076342","2019-07-05","26.883","-101.433","615.0","MONCLOVA, MX","   71",",,S","  385",",,S","  230",",,S","  285","H,,S"
"MXM00076342","2019-07-06","26.883","-101.433","615.0","MONCLOVA, MX","    0",",,S","  361",",,S","  230",",,S","  303","H,,S"
"MXM00076342","2019-07-07","26.883","-101.433","615.0","MONCLOVA, MX","    0",",,S","  372",",,S","  248",",,S","  309","H,,S"
"MXM00076342","2019-07-08","26.883","-101.433","615.0","MONCLOVA, MX","    0",",,S",,,,,"  331","H,,S"
"MXM00076342","2019-07-09","26.883","-101.433","615.0","MONCLOVA, MX","    0",",,S",,,,,"  321","H,,S"
"MXM00076342","2019-07-10","26.883","-101.433","615.0","MONCLOVA, MX","    0",",,S","  408",",,S","  252",",,S","  336","H,,S"
"MXM00076342","2019-07-11","26.883","-101.433","615.0","MONCLOVA, MX","   13",",,S","  400",",,S","  250",",,S","  296","H,,S"
"MXM00076342","2019-07-12","26.883","-101.433","615.0","MONCLOVA, MX","    0",",,S","  360",",,S","  210",",,S","  283","H,,S"
"MXM00076342","2019-07-13","26.883","-101.433","615.0","MONCLOVA, MX","    0",",,S",,,,,"  321","H,,S"
"MXM00076342","2019-07-14","26.883","-101.433","615.0","MONCLOVA, MX","    0",",,S","  385",",,S","  240",",,S","  323","H,,S"
"MXM00076342","2019-07-15","26.883","-101.433","615.0","MONCLOVA, MX","    0",",,S","  388",",,S","  250",",,S","  327","H,,S"
"MXM00076342","2019-07-16","26.883","-101.433","615.0","MONCLOVA, MX","    0",",,S","  394",",,S","  250",",,S","  321","H,,S"
"MXM00076342","2019-07-17","26.883","-101.433","615.0","MONCLOVA, MX","    0",",,S","  394",",,S","  256",",,S","  324","H,,S"
"MXM00076342","2019-07-18","26.883","-101.433","615.0","MONCLOVA, MX","    0",",,S","  390",",,S","  256",",,S","  311","H,,S"
"MXM00076342","2019-07-19","26.883","-101.433","615.0","MONCLOVA, MX","    0",",,S","  376",",,S","  250",",,S","  317","H,,S"
"MXM00076342","2019-07-20","26.883","-101.433","615.0","MONCLOVA, MX","    0",",,S",,,,,"  332","H,,S"
"MXM00076342","2019-07-21","26.883","-101.433","615.0","MONCLOVA, MX","    0",",,S","  400",",,S","  240",",,S","  320","H,,S"
"MXM00076342","2019-07-22","26.883","-101.433","615.0","MONCLOVA, MX","    0",",,S","  396",",,S","  240",",,S","  303","H,,S"
"MXM00076342","2019-07-23","26.883","-101.433","615.0","MONCLOVA, MX",,,,,,,"  266","H,,S"
"MXM00076342","2019-07-24","26.883","-101.433","615.0","MONCLOVA, MX","    0",",,S","  331",",,S","  220",",,S","  274","H,,S"
"MXM00076342","2019-07-25","26.883","-101.433","615.0","MONCLOVA, MX","    0",",,S",,,,,"  284","H,,S"
"MXM00076342","2019-07-26","26.883","-101.433","615.0","MONCLOVA, MX","    0",",,S",,,,,"  283","H,,S"
"MXM00076342","2019-07-27","26.883","-101.433","615.0","MONCLOVA, MX","    0",",,S","  367",",,S","  218",",,S","  300","H,,S"
"MXM00076342","2019-07-28","26.883","-101.433","615.0","MONCLOVA, MX","    0",",,S",,,,,"  316","H,,S"
"MXM00076342","2019-07-29","26.883","-101.433","615.0","MONCLOVA, MX","    0",",,S","  394",",,S","  250",",,S","  327","H,,S"
"MXM00076342","2019-07-30","26.883","-101.433","615.0","MONCLOVA, MX","    0",",,S","  381",",,S","  250",",,S","  313","H,,S"
"MXM00076342","2019-07-31","26.883","-101.433","615.0","MONCLOVA, MX","    0",",,S",,,,,"  323","H,,S"
"MXM00076342","2019-08-01","26.883","-101.433","615.0","MONCLOVA, MX","    0",",,S","  403",",,S","  250",",,S","  327","H,,S"
"MXM00076342","2019-08-02","26.883","-101.433","615.0","MONCLOVA, MX","    0",",,S",,,,,"  324","H,,S"
"MXM00076342","2019-08-03","26.883","-101.433","615.0","MONCLOVA, MX","    0",",,S",,,,,"  336","H,,S"
"MXM00076342","2019-08-04","26.883","-101.433","615.0","MONCLOVA, MX","    0",",,S","  408",",,S","  262",",,S","  312","H,,S"
"MXM00076342","2019-08-05","26.883","-101.433","615.0","MONCLOVA, MX","    0",",,S",,,,,"  315","H,,S"
"MXM00076342","2019-08-06","26.883","-101.433","615.0","MONCLOVA, MX","    0",",,S","  415",",,S","  260",",,S","  334","H,,S"
"MXM00076342","2019-08-07","26.883","-101.433","615.0","MONCLOVA, MX","    0",",,S","  408",",,S","  260",",,S","  325","H,,S"
"MXM00076342","2019-08-08","26.883","-101.433","615.0","MONCLOVA, MX","    0",",,S",,,,,"  324","H,,S"
"MXM00076342","2019-08-09","26.883","-101.433","615.0","MONCLOVA, MX","    0",",,S",,,,,"  325","H,,S"
"MXM00076342","2019-08-10","26.883","-101.433","615.0","MONCLOVA, MX","    0",",,S",,,,,"  303","H,,S"
"MXM00076342","2019-08-11","26.883","-101.433","615.0","MONCLOVA, MX","    0",",,S","  413",",,S","  260",",,S","  338","H,,S"
"MXM00076342","2019-08-12","26.883","-101.433","615.0","MONCLOVA, MX","    0",",,S","  416",",,S","  260",",,S","  358","H,,S"
"MXM00076342","2019-08-13","26.883","-101.433","615.0","MONCLOVA, MX","    0",",,S","  420",",,S","  260",",,S","  339","H,,S"
"MXM00076342","2019-08-14","26.883","-101.433","615.0","MONCLOVA, MX","    0",",,S",,,,,"  338","H,,S"
"MXM00076342","2019-08-15","26.883","-101.433","615.0","MONCLOVA, MX","    0",",,S",,,,,"  331","H,,S"
"MXM00076342","2019-08-16","26.883","-101.433","615.0","MONCLOVA, MX","    0",",,S",,,,,"  352","H,,S"
"MXM00076342","2019-08-17","26.883","-101.433","615.0","MONCLOVA, MX","    0",",,S","  424",",,S","  270",",,S","  357","H,,S"
"MXM00076342","2019-08-18","26.883","-101.433","615.0","MONCLOVA, MX","    0",",,S","  425",",,S","  270",",,S","  340","H,,S"
"MXM00076342","2019-08-19","26.883","-101.433","615.0","MONCLOVA, MX","    0",",,S","  420",",,S","  270",",,S","  337","H,,S"
"MXM00076342","2019-08-20","26.883","-101.433","615.0","MONCLOVA, MX","    0",",,S","  400",",,S","  260",",,S","  307","H,,S"
"MXM00076342","2019-08-21","26.883","-101.433","615.0","MONCLOVA, MX","   89",",,S","  390",",,S","  250",",,S","  319","H,,S"
"MXM00076342","2019-08-22","26.883","-101.433","615.0","MONCLOVA, MX","    0",",,S","  385",",,S","  250",",,S","  317","H,,S"
"MXM00076342","2019-08-23","26.883","-101.433","615.0","MONCLOVA, MX","    5",",,S","  387",",,S","  250",",,S","  295","H,,S"
"MXM00076342","2019-08-24","26.883","-101.433","615.0","MONCLOVA, MX","   43",",,S","  395",",,S","  242",",,S","  294","H,,S"
"MXM00076342","2019-08-25","26.883","-101.433","615.0","MONCLOVA, MX","    8",",,S",,,,,"  313","H,,S"
"MXM00076342","2019-08-26","26.883","-101.433","615.0","MONCLOVA, MX","    0",",,S",,,,,"  338","H,,S"
"MXM00076342","2019-08-27","26.883","-101.433","615.0","MONCLOVA, MX","    0",",,S","  420",",,S","  260",",,S","  342","H,,S"
"MXM00076342","2019-08-28","26.883","-101.433","615.0","MONCLOVA, MX","    0",",,S",,,,,"  301","H,,S"
"MXM00076342","2019-08-29","26.883","-101.433","615.0","MONCLOVA, MX","   10",",,S",,,,,"  304","H,,S"
"MXM00076342","2019-08-30","26.883","-101.433","615.0","MONCLOVA, MX","    0",",,S",,,,,"  295","H,,S"
"MXM00076342","2019-08-31","26.883","-101.433","615.0","MONCLOVA, MX","    0",",,S",,,,,"  310","H,,S"
"MXM00076342","2019-09-01","26.883","-101.433","615.0","MONCLOVA, MX","    0",",,S",,,,,"  289","H,,S"
"MXM00076342","2019-09-02","26.883","-101.433","615.0","MONCLOVA, MX","    0",",,S",,,,,"  297","H,,S"
"MXM00076342","2019-09-03","26.883","-101.433","615.0","MONCLOVA, MX","    0",",,S","  360",",,S","  230",",,S","  286","H,,S"
"MXM00076342","2019-09-04","26.883","-101.433","615.0","MONCLOVA, MX","    0",",,S",,,,,"  254","H,,S"
"MXM00076342","2019-09-05","26.883","-101.433","615.0","MONCLOVA, MX",,,,,,,"  231","H,,S"
"MXM00076342","2019-09-06","26.883","-101.433","615.0","MONCLOVA, MX",,,"  293",",,S","  227",",,S","  254","H,,S"
"MXM00076342","2019-09-07","26.883","-101.433","615.0","MONCLOVA, MX","   84",",,S",,,,,"  265","H,,S"
"MXM00076342","2019-09-08","26.883","-101.433","615.0","MONCLOVA, MX","    0",",,S",,,,,"  276","H,,S"
"MXM00076342","2019-09-09","26.883","-101.433","615.0","MONCLOVA, MX","    0",",,S","  350",",,S","  220",",,S","  284","H,,S"
"MXM00076342","2019-09-10","26.883","-101.433","615.0","MONCLOVA, MX","   25",",,S","  335",",,S","  230",",,S","  279","H,,S"
"MXM00076342","2019-09-11","26.883","-101.433","615.0","MONCLOVA, MX","    0",",,S",,,,,"  278","H,,S"
"MXM00076342","2019-09-12","26.883","-101.433","615.0","MONCLOVA, MX","    0",",,S","  335",",,S","  230",",,S","  272","H,,S"
"MXM00076342","2019-09-13","26.883","-101.433","615.0","MONCLOVA, MX","    0",",,S",,,,,"  251","H,,S"
"MXM00076342","2019-09-14","26.883","-101.433","615.0","MONCLOVA, MX","    0",",,S",,,,,"  267","H,,S"
"MXM00076342","2019-09-15","26.883","-101.433","615.0","MONCLOVA, MX","    0",",,S",,,,,"  274","H,,S"
"MXM00076342","2019-09-16","26.883","-101.433","615.0","MONCLOVA, MX","    0",",,S","  325",",,S","  210",",,S","  272","H,,S"
"MXM00076342","2019-09-17","26.883","-101.433","615.0","MONCLOVA, MX","    0",",,S",,,,,"  287","H,,S"
"MXM00076342","2019-09-18","26.883","-101.433","615.0","MONCLOVA, MX","    0",",,S",,,,,"  306","H,,S"
"MXM00076342","2019-09-19","26.883","-101.433","615.0","MONCLOVA, MX","    0",",,S","  360",",,S","  230",",,S","  303","H,,S"
"MXM00076342","2019-09-20","26.883","-101.433","615.0","MONCLOVA, MX","    0",",,S","  356",",,S","  230",",,S","  295","H,,S"
"MXM00076342","2019-09-21","26.883","-101.433","615.0","MONCLOVA, MX","    0",",,S",,,,,"  282","H,,S"
"MXM00076342","2019-09-22","26.883","-101.433","615.0","MONCLOVA, MX","    0",",,S","  327",",,S","  230",",,S","  284","H,,S"
"MXM00076342","2019-09-23","26.883","-101.433","615.0","MONCLOVA, MX","    0",",,S","  336",",,S","  230",",,S","  288","H,,S"
"MXM00076342","2019-09-24","26.883","-101.433","615.0","MONCLOVA, MX","    0",",,S","  345",",,S","  232",",,S","  301","H,,S"
"MXM00076342","2019-09-25","26.883","-101.433","615.0","MONCLOVA, MX","    0",",,S","  345",",,S","  232",",,S","  302","H,,S"
"MXM00076342","2019-09-26","26.883","-101.433","615.0","MONCLOVA, MX","    0",",,S","  344",",,S","  220",",,S","  284","H,,S"
"MXM00076342","2019-09-27","26.883","-101.433","615.0","MONCLOVA, MX","    0",",,S","  343",",,S","  220",",,S","  282","H,,S"
"MXM00076342","2019-09-28","26.883","-101.433","615.0","MONCLOVA, MX","    0",",,S","  340",",,S","  227",",,S","  285","H,,S"
"MXM00076342","2019-09-29","26.883","-101.433","615.0","MONCLOVA, MX","    0",",,S","  342",",,S","  234",",,S","  287","H,,S"
"MXM00076342","2019-09-30","26.883","-101.433","615.0","MONCLOVA, MX","    0",",,S","  345",",,S","  240",",,S","  281","H,,S"
"MXM00076342","2019-10-01","26.883","-101.433","615.0","MONCLOVA, MX","    0",",,S",,,,,"  290","H,,S"
"MXM00076342","2019-10-02","26.883","-101.433","615.0","MONCLOVA, MX","    0",",,S","  350",",,S","  240",",,S","  294","H,,S"
"MXM00076342","2019-10-03","26.883","-101.433","615.0","MONCLOVA, MX","    0",",,S","  334",",,S","  230",",,S","  283","H,,S"
"MXM00076342","2019-10-04","26.883","-101.433","615.0","MONCLOVA, MX","    0",",,S","  322",",,S","  200",",,S","  258","H,,S"
"MXM00076342","2019-10-05","26.883","-101.433","615.0","MONCLOVA, MX","    0",",,S",,,,,"  304","H,,S"
"MXM00076342","2019-10-06","26.883","-101.433","615.0","MONCLOVA, MX","    0",",,S","  343",",,S","  212",",,S","  303","H,,S"
"MXM00076342","2019-10-07","26.883","-101.433","615.0","MONCLOVA, MX","    0",",,S",,,,,"  251","H,,S"
"MXM00076342","2019-10-08","26.883","-101.433","615.0","MONCLOVA, MX","    0",",,S",,,,,"  268","H,,S"
"MXM00076342","2019-10-09","26.883","-101.433","615.0","MONCLOVA, MX","    0",",,S",,,,,"  288","H,,S"
"MXM00076342","2019-10-10","26.883","-101.433","615.0","MONCLOVA, MX","    0",",,S",,,,,"  299","H,,S"
"MXM00076342","2019-10-11","26.883","-101.433","615.0","MONCLOVA, MX","    0",",,S",,,,,"  214","H,,S"
"MXM00076342","2019-10-12","26.883","-101.433","615.0","MONCLOVA, MX","    0",",,S","  250",",,S","  110",",,S","  133","H,,S"
"MXM00076342","2019-10-13","26.883","-101.433","615.0","MONCLOVA, MX","    0",",,S",,,,,"  210","H,,S"
"MXM00076342","2019-10-14","26.883","-101.433","615.0","MONCLOVA, MX","    0",",,S",,,,,"  243","H,,S"
"MXM00076342","2019-10-15","26.883","-101.433","615.0","MONCLOVA, MX","    0",",,S",,,,,"  267","H,,S"
"MXM00076342","2019-10-16","26.883","-101.433","615.0","MONCLOVA, MX","    0",",,S",,,,,"  206","H,,S"
"MXM00076342","2019-10-17","26.883","-101.433","615.0","MONCLOVA, MX","   46",",,S",,,,,"  191","H,,S"
"MXM00076342","2019-10-18","26.883","-101.433","615.0","MONCLOVA, MX","    0",",,S",,,,,"  221","H,,S"
"MXM00076342","2019-10-19","26.883","-101.433","615.0","MONCLOVA, MX","    0",",,S",,,,,"  276","H,,S"
"MXM00076342","2019-10-20","26.883","-101.433","615.0","MONCLOVA, MX","    0",",,S",,,,,"  271","H,,S"
"MXM00076342","2019-10-21","26.883","-101.433","615.0","MONCLOVA, MX","    0",",,S","  345",",,S","  194",",,S","  280","H,,S"
"MXM00076342","2019-10-22","26.883","-101.433","615.0","MONCLOVA, MX","    0",",,S","  307",",,S","  150",",,S","  226","H,,S"
"MXM00076342","2019-10-23","26.883","-101.433","615.0","MONCLOVA, MX","    0",",,S",,,,,"  237","H,,S"
"MXM00076342","2019-10-24","26.883","-101.433","615.0","MONCLOVA, MX","    0",",,S","  310",",,S","  170",",,S","  254","H,,S"
"MXM00076342","2019-10-25","26.883","-101.433","615.0","MONCLOVA, MX","    0",",,S","  312",",,S","   90",",,S","  159","H,,S"
"MXM00076342","2019-10-26","26.883","-101.433","615.0","MONCLOVA, MX","    0",",,S",,,,,"  176","H,,S"
"MXM00076342","2019-10-27","26.883","-101.433","615.0","MONCLOVA, MX","    0",",,S",,,,,"  234","H,,S"
"MXM00076342","2019-10-28","26.883","-101.433","615.0","MONCLOVA, MX","    0",",,S","  320",",,S","  115",",,S","  240","H,,S"
"MXM00076342","2019-10-29","26.883","-101.433","615.0","MONCLOVA, MX","    0",",,S","  320",",,S","  150",",,S","  248","H,,S"
"MXM00076342","2019-10-30","26.883","-101.433","615.0","MONCLOVA, MX","    0",",,S",,,,,"  184","H,,S"
"MXM00076342","2019-10-31","26.883","-101.433","615.0","MONCLOVA, MX","    3",",,S","  224",",,S","   80",",,S","  106","H,,S"
"MXM00076342","2019-11-01","26.883","-101.433","615.0","MONCLOVA, MX","    0",",,S",,,,,"  131","H,,S"
"MXM00076342","2019-11-02","26.883","-101.433","615.0","MONCLOVA, MX","    0",",,S","  205",",,S","   70",",,S","  173","H,,S"
"MXM00076342","2019-11-03","26.883","-101.433","615.0","MONCLOVA, MX","    0",",,S","  246",",,S","   95",",,S","  178","H,,S"
"MXM00076342","2019-11-04","26.883","-101.433","615.0","MONCLOVA, MX","    0",",,S",,,,,"  208","H,,S"
"MXM00076342","2019-11-05","26.883","-101.433","615.0","MONCLOVA, MX","    0",",,S","  320",",,S","  140",",,S","  254","H,,S"
"MXM00076342","2019-11-06","26.883","-101.433","615.0","MONCLOVA, MX","    0",",,S","  307",",,S","  190",",,S","  259","H,,S"
"MXM00076342","2019-11-07","26.883","-101.433","615.0","MONCLOVA, MX","    0",",,S","  308",",,S","  200",",,S","  266","H,,S"
"MXM00076342","2019-11-08","26.883","-101.433","615.0","MONCLOVA, MX","    0",",,S",,,,,"  114","H,,S"
"MXM00076342","2019-11-09","26.883","-101.433","615.0","MONCLOVA, MX","    0",",,S",,,,,"  149","H,,S"
"MXM00076342","2019-11-10","26.883","-101.433","615.0","MONCLOVA, MX","    0",",,S",,,,,"  197","H,,S"
"MXM00076342","2019-11-11","26.883","-101.433","615.0","MONCLOVA, MX","    0",",,S",,,,,"  224","H,,S"
"MXM00076342","2019-11-12","26.883","-101.433","615.0","MONCLOVA, MX","    0",",,S",,,,,"   46","H,,S"
"MXM00076342","2019-11-13","26.883","-101.433","615.0","MONCLOVA, MX","  211","D,,S",,,,,"   37","H,,S"
"MXM00076342","2019-11-14","26.883","-101.433","615.0","MONCLOVA, MX",,,,,,,"   89","H,,S"
"MXM00076342","2019-11-15","26.883","-101.433","615.0","MONCLOVA, MX","    0",",,S",,,,,"  114","H,,S"
"MXM00076342","2019-11-16","26.883","-101.433","615.0","MONCLOVA, MX","    0",",,S",,,,,"  141","H,,S"
"MXM00076342","2019-11-17","26.883","-101.433","615.0","MONCLOVA, MX","    0",",,S",,,,,"  186","H,,S"
"MXM00076342","2019-11-18","26.883","-101.433","615.0","MONCLOVA, MX","    0",",,S",,,,,"  186","H,,S"
"MXM00076342","2019-11-19","26.883","-101.433","615.0","MONCLOVA, MX","    0",",,S",,,,,"  231","H,,S"
"MXM00076342","2019-11-20","26.883","-101.433","615.0","MONCLOVA, MX","    0",",,S",,,,,"  233","H,,S"
"MXM00076342","2019-11-21","26.883","-101.433","615.0","MONCLOVA, MX","    0",",,S","  291",",,S","  162",",,S","  233","H,,S"
"MXM00076342","2019-11-22","26.883","-101.433","615.0","MONCLOVA, MX","    0",",,S","  270",",,S","  160",",,S","  193","H,,S"
"MXM00076342","2019-11-23","26.883","-101.433","615.0","MONCLOVA, MX","    0",",,S",,,,,"  164","H,,S"
"MXM00076342","2019-11-24","26.883","-101.433","615.0","MONCLOVA, MX","    0",",,S",,,,,"  184","H,,S"
"MXM00076342","2019-11-25","26.883","-101.433","615.0","MONCLOVA, MX","    0",",,S",,,,,"  218","H,,S"
"MXM00076342","2019-11-26","26.883","-101.433","615.0","MONCLOVA, MX","    0",",,S",,,,,"  234","H,,S"
"MXM00076342","2019-11-27","26.883","-101.433","615.0","MONCLOVA, MX","    0",",,S",,,,,"  197","H,,S"
"MXM00076342","2019-11-28","26.883","-101.433","615.0","MONCLOVA, MX","   10",",,S","  216",",,S","  100",",,S","  138","H,,S"
"MXM00076342","2019-11-29","26.883","-101.433","615.0","MONCLOVA, MX","    0",",,S",,,,,"  173","H,,S"
"MXM00076342","2019-11-30","26.883","-101.433","615.0","MONCLOVA, MX","    0",",,S",,,,,"  250","H,,S"
"MXM00076342","2019-12-01","26.883","-101.433","615.0","MONCLOVA, MX","    0",",,S","  336",",,S","  132",",,S","  200","H,,S"
"MXM00076342","2019-12-02","26.883","-101.433","615.0","MONCLOVA, MX","    0",",,S","  210",",,S","   72",",,S","  146","H,,S"
"MXM00076342","2019-12-03","26.883","-101.433","615.0","MONCLOVA, MX","    0",",,S",,,,,"  157","H,,S"
"MXM00076342","2019-12-04","26.883","-101.433","615.0","MONCLOVA, MX","    0",",,S","  266",",,S","   80",",,S","  179","H,,S"
"MXM00076342","2019-12-05","26.883","-101.433","615.0","MONCLOVA, MX","    0",",,S",,,,,"  202","H,,S"
"MXM00076342","2019-12-06","26.883","-101.433","615.0","MONCLOVA, MX","    0",",,S","  287",",,S","  107",",,S","  207","H,,S"
"MXM00076342","2019-12-07","26.883","-101.433","615.0","MONCLOVA, MX","    0",",,S","  255",",,S","   90",",,S","  160","H,,S"
"MXM00076342","2019-12-08","26.883","-101.433","615.0","MONCLOVA, MX","    0",",,S",,,,,"  182","H,,S"
"MXM00076342","2019-12-09","26.883","-101.433","615.0","MONCLOVA, MX","    0",",,S",,,,,"  227","H,,S"
"MXM00076342","2019-12-10","26.883","-101.433","615.0","MONCLOVA, MX","    0",",,S","  316",",,S","  140",",,S","  173","H,,S"
"MXM00076342","2019-12-11","26.883","-101.433","615.0","MONCLOVA, MX","    0",",,S",,,,,"  137","H,,S"
"MXM00076342","2019-12-12","26.883","-101.433","615.0","MONCLOVA, MX","    0",",,S",,,,,"  148","H,,S"
"MXM00076342","2019-12-13","26.883","-101.433","615.0","MONCLOVA, MX","    0",",,S",,,,,"  192","H,,S"
"MXM00076342","2019-12-14","26.883","-101.433","615.0","MONCLOVA, MX","    0",",,S",,,,,"  226","H,,S"
"MXM00076342","2019-12-15","26.883","-101.433","615.0","MONCLOVA, MX","    0",",,S",,,,,"  267","H,,S"
"MXM00076342","2019-12-16","26.883","-101.433","615.0","MONCLOVA, MX","    0",",,S","  346",",,S","  140",",,S","  245","H,,S"
"MXM00076342","2019-12-17","26.883","-101.433","615.0","MONCLOVA, MX","    0",",,S",,,,,"  104","H,,S"
"MXM00076342","2019-12-18","26.883","-101.433","615.0","MONCLOVA, MX","    0",",,S",,,,,"   81","H,,S"
"MXM00076342","2019-12-19","26.883","-101.433","615.0","MONCLOVA, MX","    0",",,S",,,,,"   89","H,,S"
"MXM00076342","2019-12-20","26.883","-101.433","615.0","MONCLOVA, MX","    0",",,S",,,,,"  131","H,,S"
"MXM00076342","2019-12-21","26.883","-101.433","615.0","MONCLOVA, MX","    0",",,S",,,,,"  134","H,,S"
"MXM00076342","2019-12-22","26.883","-101.433","615.0","MONCLOVA, MX","    0",",,S",,,,,"  143","H,,S"
"MXM00076342","2019-12-23","26.883","-101.433","615.0","MONCLOVA, MX","    0",",,S",,,,,"  144","H,,S"
"MXM00076342","2019-12-24","26.883","-101.433","615.0","MONCLOVA, MX","    0",",,S",,,,,"  162","H,,S"
"MXM00076342","2019-12-25","26.883","-101.433","615.0","MONCLOVA, MX","    0",",,S",,,,,"  212","H,,S"
"MXM00076342","2019-12-26","26.883","-101.433","615.0","MONCLOVA, MX","    0",",,S","  290",",,S","  100",",,S","  182","H,,S"
"MXM00076342","2019-12-27","26.883","-101.433","615.0","MONCLOVA, MX","    0",",,S","  232",",,S","  100",",,S","  179","H,,S"
"MXM00076342","2019-12-28","26.883","-101.433","615.0","MONCLOVA, MX","    0",",,S",,,,,"  238","H,,S"
"MXM00076342","2019-12-29","26.883","-101.433","615.0","MONCLOVA, MX","    0",",,S","  290",",,S","  100",",,S","  187","H,,S"
"MXM00076342","2019-12-30","26.883","-101.433","615.0","MONCLOVA, MX","    0",",,S","  218",",,S","   60",",,S","  141","H,,S"
"MXM00076342","2019-12-31","26.883","-101.433","615.0","MONCLOVA, MX","    0",",,S","  176",",,S","   46",",,S","  107","H,,S"
"MXM00076342","2020-01-01","26.883","-101.433","615.0","MONCLOVA, MX","    0",",,S",,,,,"  102","H,,S"
"MXM00076342","2020-01-02","26.883","-101.433","615.0","MONCLOVA, MX","   10",",,S",,,,,"  185","H,,S"
"MXM00076342","2020-01-03","26.883","-101.433","615.0","MONCLOVA, MX","    0",",,S",,,,,"  167","H,,S"
"MXM00076342","2020-01-04","26.883","-101.433","615.0","MONCLOVA, MX","    0",",,S",,,,,"  131","H,,S"
"MXM00076342","2020-01-05","26.883","-101.433","615.0","MONCLOVA, MX","    0",",,S",,,,,"  148","H,,S"
"MXM00076342","2020-01-06","26.883","-101.433","615.0","MONCLOVA, MX","    0",",,S","  260",",,S","   60",",,S","  179","H,,S"
"MXM00076342","2020-01-07","26.883","-101.433","615.0","MONCLOVA, MX","    0",",,S","  268",",,S","   70",",,S","  164","H,,S"
"MXM00076342","2020-01-08","26.883","-101.433","615.0","MONCLOVA, MX","    0",",,S",,,,,"  146","H,,S"
"MXM00076342","2020-01-09","26.883","-101.433","615.0","MONCLOVA, MX","    0",",,S",,,,,"  181","H,,S"
"MXM00076342","2020-01-10","26.883","-101.433","615.0","MONCLOVA, MX","    0",",,S",,,,,"  259","H,,S"
"MXM00076342","2020-01-11","26.883","-101.433","615.0","MONCLOVA, MX","    0",",,S","  335",",,S","   96",",,S","  218","H,,S"
"MXM00076342","2020-01-12","26.883","-101.433","615.0","MONCLOVA, MX","    0",",,S",,,,,"  134","H,,S"
"MXM00076342","2020-01-15","26.883","-101.433","615.0","MONCLOVA, MX","    0",",,S","  270",",,S","   90",",,S","  209","H,,S"
"MXM00076342","2020-01-16","26.883","-101.433","615.0","MONCLOVA, MX","    0",",,S",,,,,"  216","H,,S"
"MXM00076342","2020-01-17","26.883","-101.433","615.0","MONCLOVA, MX","    0",",,S",,,,,"  163","H,,S"
"MXM00076342","2020-01-18","26.883","-101.433","615.0","MONCLOVA, MX","    0",",,S",,,,,"  178","H,,S"
"MXM00076342","2020-01-19","26.883","-101.433","615.0","MONCLOVA, MX","    0",",,S",,,,,"  131","H,,S"
"MXM00076342","2020-01-20","26.883","-101.433","615.0","MONCLOVA, MX","    0",",,S",,,,,"  126","H,,S"
"MXM00076342","2020-01-21","26.883","-101.433","615.0","MONCLOVA, MX","    0",",,S","  174",",,S","   60",",,S","  116","H,,S"
"MXM00076342","2020-01-22","26.883","-101.433","615.0","MONCLOVA, MX","    0",",,S",,,,,"  136","H,,S"
"MXM00076342","2020-01-23","26.883","-101.433","615.0","MONCLOVA, MX","    0",",,S",,,,,"  169","H,,S"
"MXM00076342","2020-01-24","26.883","-101.433","615.0","MONCLOVA, MX","    0",",,S","  244",",,S","   76",",,S","  151","H,,S"
"MXM00076342","2020-01-25","26.883","-101.433","615.0","MONCLOVA, MX","    0",",,S",,,,,"  159","H,,S"
"MXM00076342","2020-01-26","26.883","-101.433","615.0","MONCLOVA, MX","    0",",,S",,,,,"  193","H,,S"
"MXM00076342","2020-01-27","26.883","-101.433","615.0","MONCLOVA, MX","    0",",,S",,,,,"  213","H,,S"
"MXM00076342","2020-01-28","26.883","-101.433","615.0","MONCLOVA, MX","    0",",,S","  308",",,S","  118",",,S","  217","H,,S"
"MXM00076342","2020-01-29","26.883","-101.433","615.0","MONCLOVA, MX","    0",",,S","  269",",,S","   60",",,S","  162","H,,S"
"MXM00076342","2020-01-30","26.883","-101.433","615.0","MONCLOVA, MX","    0",",,S","  216",",,S","   60",",,S","  124","H,,S"
"MXM00076342","2020-01-31","26.883","-101.433","615.0","MONCLOVA, MX","    0",",,S",,,,,"  115","H,,S"
"MXM00076342","2020-02-01","26.883","-101.433","615.0","MONCLOVA, MX","    0",",,S",,,,,"  143","H,,S"
"MXM00076342","2020-02-02","26.883","-101.433","615.0","MONCLOVA, MX","    0",",,S",,,,,"  162","H,,S"
"MXM00076342","2020-02-03","26.883","-101.433","615.0","MONCLOVA, MX","    0",",,S",,,,,"  224","H,,S"
"MXM00076342","2020-02-04","26.883","-101.433","615.0","MONCLOVA, MX","    0",",,S","  285",",,S","  150",",,S","  221","H,,S"
"MXM00076342","2020-02-05","26.883","-101.433","615.0","MONCLOVA, MX","    0",",,S",,,,,"  127","H,,S"
"MXM00076342","2020-02-06","26.883","-101.433","615.0","MONCLOVA, MX","    0",",,S",,,,,"   83","H,,S"
"MXM00076342","2020-02-07","26.883","-101.433","615.0","MONCLOVA, MX","    0",",,S",,,,,"  186","H,,S"
"MXM00076342","2020-02-08","26.883","-101.433","615.0","MONCLOVA, MX","    0",",,S","  290",",,S","   80",",,S","  207","H,,S"
"MXM00076342","2020-02-09","26.883","-101.433","615.0","MONCLOVA, MX","    0",",,S",,,,,"  222","H,,S"
"MXM00076342","2020-02-10","26.883","-101.433","615.0","MONCLOVA, MX","    0",",,S","  305",",,S","  160",",,S","  236","H,,S"
"MXM00076342","2020-02-11","26.883","-101.433","615.0","MONCLOVA, MX","    0",",,S","  306",",,S","  136",",,S","  184","H,,S"
"MXM00076342","2020-02-12","26.883","-101.433","615.0","MONCLOVA, MX","    0",",,S",,,,,"  122","H,,S"
"MXM00076342","2020-02-13","26.883","-101.433","615.0","MONCLOVA, MX","    0",",,S",,,,,"  143","H,,S"
"MXM00076342","2020-02-14","26.883","-101.433","615.0","MONCLOVA, MX","    0",",,S","  196",",,S","   40",",,S","  118","H,,S"
"MXM00076342","2020-02-15","26.883","-101.433","615.0","MONCLOVA, MX","    0",",,S",,,,,"  133","H,,S"
"MXM00076342","2020-02-16","26.883","-101.433","615.0","MONCLOVA, MX","    0",",,S",,,,,"  202","H,,S"
"MXM00076342","2020-02-17","26.883","-101.433","615.0","MONCLOVA, MX","    0",",,S","  300",",,S","  110",",,S","  236","H,,S"
"MXM00076342","2020-02-18","26.883","-101.433","615.0","MONCLOVA, MX","    0",",,S","  334",",,S","  140",",,S","  259","H,,S"
"MXM00076342","2020-02-19","26.883","-101.433","615.0","MONCLOVA, MX","    0",",,S","  303",",,S","  120",",,S","  166","H,,S"
"MXM00076342","2020-02-20","26.883","-101.433","615.0","MONCLOVA, MX","    0",",,S",,,,,"  128","H,,S"
"MXM00076342","2020-02-21","26.883","-101.433","615.0","MONCLOVA, MX",,,,,,,"   81","H,,S"
"MXM00076342","2020-02-22","26.883","-101.433","615.0","MONCLOVA, MX",,,,,,,"  111","H,,S"
"MXM00076342","2020-02-23","26.883","-101.433","615.0","MONCLOVA, MX","    0",",,S",,,,,"  186","H,,S"
"MXM00076342","2020-02-24","26.883","-101.433","615.0","MONCLOVA, MX","    0",",,S","  325",",,S","   94",",,S","  209","H,,S"
"MXM00076342","2020-02-25","26.883","-101.433","615.0","MONCLOVA, MX","    0",",,S","  255",",,S","  120",",,S","  199","H,,S"
"MXM00076342","2020-02-26","26.883","-101.433","615.0","MONCLOVA, MX","    0",",,S","  260",",,S","   58",",,S","  121","H,,S"
"MXM00076342","2020-02-27","26.883","-101.433","615.0","MONCLOVA, MX","    0",",,S",,,,,"  113","H,,S"
"MXM00076342","2020-02-28","26.883","-101.433","615.0","MONCLOVA, MX","    0",",,S",,,,,"  163","H,,S"
"MXM00076342","2020-02-29","26.883","-101.433","615.0","MONCLOVA, MX","    0",",,S",,,,,"  196","H,,S"
"MXM00076342","2020-03-01","26.883","-101.433","615.0","MONCLOVA, MX","    0",",,S",,,,,"  255","H,,S"
"MXM00076342","2020-03-02","26.883","-101.433","615.0","MONCLOVA, MX","    0",",,S",,,,,"  265","H,,S"
"MXM00076342","2020-03-03","26.883","-101.433","615.0","MONCLOVA, MX","    0",",,S","  336",",,S","  158",",,S","  220","H,,S"
"MXM00076342","2020-03-04","26.883","-101.433","615.0","MONCLOVA, MX","    0",",,S",,,,,"  217","H,,S"
"MXM00076342","2020-03-05","26.883","-101.433","615.0","MONCLOVA, MX","    0",",,S","  274",",,S","  100",",,S","  177","H,,S"
"MXM00076342","2020-03-06","26.883","-101.433","615.0","MONCLOVA, MX","    0",",,S",,,,,"  168","H,,S"
"MXM00076342","2020-03-07","26.883","-101.433","615.0","MONCLOVA, MX","    0",",,S",,,,,"  191","H,,S"
"MXM00076342","2020-03-08","26.883","-101.433","615.0","MONCLOVA, MX","    0",",,S","  262",",,S","  128",",,S","  179","H,,S"
"MXM00076342","2020-03-09","26.883","-101.433","615.0","MONCLOVA, MX","    0",",,S",,,,,"  214","H,,S"
"MXM00076342","2020-03-10","26.883","-101.433","615.0","MONCLOVA, MX","    0",",,S","  280",",,S","  148",",,S","  223","H,,S"
"MXM00076342","2020-03-11","26.883","-101.433","615.0","MONCLOVA, MX","    0",",,S",,,,,"  246","H,,S"
"MXM00076342","2020-03-12","26.883","-101.433","615.0","MONCLOVA, MX","    0",",,S","  336",",,S","  164",",,S","  278","H,,S"
"MXM00076342","2020-03-13","26.883","-101.433","615.0","MONCLOVA, MX","    0",",,S","  342",",,S","  202",",,S","  284","H,,S"
"MXM00076342","2020-03-14","26.883","-101.433","615.0","MONCLOVA, MX","    0",",,S","  326",",,S","  194",",,S","  272","H,,S"
"MXM00076342","2020-03-15","26.883","-101.433","615.0","MONCLOVA, MX","    0",",,S","  320",",,S","  194",",,S","  238","H,,S"
"MXM00076342","2020-03-16","26.883","-101.433","615.0","MONCLOVA, MX","    0",",,S",,,,,"  240","H,,S"
"MXM00076342","2020-03-17","26.883","-101.433","615.0","MONCLOVA, MX","   76",",,S","  297",",,S","  154",",,S","  243","H,,S"
"MXM00076342","2020-03-18","26.883","-101.433","615.0","MONCLOVA, MX","  130",",,S","  316",",,S","  154",",,S","  246","H,,S"
"MXM00076342","2020-03-19","26.883","-101.433","615.0","MONCLOVA, MX",,,,,,,"  285","H,,S"
"MXM00076342","2020-03-20","26.883","-101.433","615.0","MONCLOVA, MX","    0",",,S",,,,,"  229","H,,S"
"MXM00076342","2020-03-21","26.883","-101.433","615.0","MONCLOVA, MX","    0",",,S",,,,,"  160","H,,S"
"MXM00076342","2020-03-22","26.883","-101.433","615.0","MONCLOVA, MX",,,,,,,"  179","H,,S"
"MXM00076342","2020-03-23","26.883","-101.433","615.0","MONCLOVA, MX","    0",",,S",,,,,"  203","H,,S"
"MXM00076342","2020-03-24","26.883","-101.433","615.0","MONCLOVA, MX","    0",",,S","  325",",,S","  140",",,S","  266","H,,S"
"MXM00076342","2020-03-25","26.883","-101.433","615.0","MONCLOVA, MX","    0",",,S",,,,,"  296","H,,S"
"MXM00076342","2020-03-26","26.883","-101.433","615.0","MONCLOVA, MX","    0",",,S",,,,,"  303","H,,S"
"MXM00076342","2020-03-27","26.883","-101.433","615.0","MONCLOVA, MX","    0",",,S","  382",",,S","  218",",,S","  317","H,,S"
"MXM00076342","2020-03-28","26.883","-101.433","615.0","MONCLOVA, MX","    0",",,S","  376",",,S","  224",",,S","  289","H,,S"
"MXM00076342","2020-03-29","26.883","-101.433","615.0","MONCLOVA, MX","    0",",,S",,,,,"  147","H,,S"
"MXM00076342","2020-03-30","26.883","-101.433","615.0","MONCLOVA, MX","    0",",,S",,,,,"  187","H,,S"
"MXM00076342","2020-03-31","26.883","-101.433","615.0","MONCLOVA, MX","    0",",,S",,,,,"  256","H,,S"
"MXM00076342","2020-04-01","26.883","-101.433","615.0","MONCLOVA, MX","    0",",,S","  310",",,S","  180",",,S","  249","H,,S"
"MXM00076342","2020-04-02","26.883","-101.433","615.0","MONCLOVA, MX","    0",",,S",,,,,"  276","H,,S"
"MXM00076342","2020-04-03","26.883","-101.433","615.0","MONCLOVA, MX","    0",",,S","  350",",,S","  190",",,S","  272","H,,S"
"MXM00076342","2020-04-04","26.883","-101.433","615.0","MONCLOVA, MX","    0",",,S","  322",",,S","  140",",,S","  189","H,,S"
"MXM00076342","2020-04-05","26.883","-101.433","615.0","MONCLOVA, MX","    0",",,S",,,,,"  203","H,,S"
"MXM00076342","2020-04-06","26.883","-101.433","615.0","MONCLOVA, MX","    0",",,S","  290",",,S","  150",",,S","  213","H,,S"
"MXM00076342","2020-04-08","26.883","-101.433","615.0","MONCLOVA, MX","    0",",,S","  356",",,S","  190",",,S","  316","H,,S"
"MXM00076342","2020-04-09","26.883","-101.433","615.0","MONCLOVA, MX",,,,,,,"  308","H,,S"
"MXM00076342","2020-04-10","26.883","-101.433","615.0","MONCLOVA, MX",,,,,,,"  228","H,,S"
"MXM00076342","2020-04-11","26.883","-101.433","615.0","MONCLOVA, MX",,,,,,,"  290","H,,S"
"MXM00076342","2020-04-12","26.883","-101.433","615.0","MONCLOVA, MX","    0",",,S","  370",",,S","  190",",,S","  291","H,,S"
"MXM00076342","2020-04-14","26.883","-101.433","615.0","MONCLOVA, MX","    0",",,S","  284",",,S","  120",",,S","  211","H,,S"
"MXM00076342","2020-04-15","26.883","-101.433","615.0","MONCLOVA, MX","    0",",,S","  235",",,S","  112",",,S","  151","H,,S"
"MXM00076342","2020-04-16","26.883","-101.433","615.0","MONCLOVA, MX","    0",",,S",,,,,"  194","H,,S"
"MXM00076342","2020-04-17","26.883","-101.433","615.0","MONCLOVA, MX","    0",",,S",,,,,"  255","H,,S"
"MXM00076342","2020-04-18","26.883","-101.433","615.0","MONCLOVA, MX","    0",",,S",,,,,"  283","H,,S"
"MXM00076342","2020-04-19","26.883","-101.433","615.0","MONCLOVA, MX","    0",",,S",,,,,"  324","H,,S"
"MXM00076342","2020-04-20","26.883","-101.433","615.0","MONCLOVA, MX","    0",",,S",,,,,"  340","H,,S"
"MXM00076342","2020-04-21","26.883","-101.433","615.0","MONCLOVA, MX","    0",",,S","  400",",,S","  194",",,S","  342","H,,S"
"MXM00076342","2020-04-22","26.883","-101.433","615.0","MONCLOVA, MX","    0",",,S",,,,,"  317","H,,S"
"MXM00076342","2020-04-23","26.883","-101.433","615.0","MONCLOVA, MX","    0",",,S","  405",",,S","  240",",,S","  314","H,,S"
"MXM00076342","2020-04-24","26.883","-101.433","615.0","MONCLOVA, MX","    0",",,S",,,,,"  342","H,,S"
"MXM00076342","2020-04-25","26.883","-101.433","615.0","MONCLOVA, MX","    0",",,S",,,,,"  266","H,,S"
"MXM00076342","2020-04-26","26.883","-101.433","615.0","MONCLOVA, MX","    0",",,S",,,,,"  252","H,,S"
"MXM00076342","2020-04-27","26.883","-101.433","615.0","MONCLOVA, MX","    0",",,S",,,,,"  322","H,,S"
"MXM00076342","2020-04-28","26.883","-101.433","615.0","MONCLOVA, MX","    0",",,S","  385",",,S","  198",",,S","  341","H,,S"
"MXM00076342","2020-04-29","26.883","-101.433","615.0","MONCLOVA, MX",,,"  332",",,S","  200",",,S","  282","H,,S"
"MXM00076342","2020-04-30","26.883","-101.433","615.0","MONCLOVA, MX","    0",",,S",,,,,"  282","H,,S"
"MXM00076342","2020-05-01","26.883","-101.433","615.0","MONCLOVA, MX","    0",",,S",,,,,"  296","H,,S"
"MXM00076342","2020-05-02","26.883","-101.433","615.0","MONCLOVA, MX","    0",",,S",,,,,"  324","H,,S"
"MXM00076342","2020-05-03","26.883","-101.433","615.0","MONCLOVA, MX","    0",",,S","  405",",,S","  230",",,S","  309","H,,S"
"MXM00076342","2020-05-04","26.883","-101.433","615.0","MONCLOVA, MX","    0",",,S",,,,,"  341","H,,S"
"MXM00076342","2020-05-05","26.883","-101.433","615.0","MONCLOVA, MX","    0",",,S","  421",",,S","  250",",,S","  339","H,,S"
"MXM00076342","2020-05-06","26.883","-101.433","615.0","MONCLOVA, MX","    0",",,S",,,,,"  256","H,,S"
"MXM00076342","2020-05-07","26.883","-101.433","615.0","MONCLOVA, MX","    0",",,S",,,,,"  283","H,,S"
"MXM00076342","2020-05-08","26.883","-101.433","615.0","MONCLOVA, MX","    0",",,S","  378",",,S","  200",",,S","  289","H,,S"
"MXM00076342","2020-05-09","26.883","-101.433","615.0","MONCLOVA, MX","   43",",,S",,,,,"  223","H,,S"
"MXM00076342","2020-05-10","26.883","-101.433","615.0","MONCLOVA, MX","    0",",,S","  295",",,S","  170",",,S","  219","H,,S"
"MXM00076342","2020-05-11","26.883","-101.433","615.0","MONCLOVA, MX","    0",",,S",,,,,"  251","H,,S"
"MXM00076342","2020-05-12","26.883","-101.433","615.0","MONCLOVA, MX","    0",",,S",,,,,"  275","H,,S"
"MXM00076342","2020-05-13","26.883","-101.433","615.0","MONCLOVA, MX","    0",",,S","  365",",,S","  194",",,S","  284","H,,S"
"MXM00076342","2020-05-14","26.883","-101.433","615.0","MONCLOVA, MX","    0",",,S",,,,,"  304","H,,S"
"MXM00076342","2020-05-15","26.883","-101.433","615.0","MONCLOVA, MX","   23",",,S","  380",",,S","  190",",,S","  292","H,,S"
"MXM00076342","2020-05-16","26.883","-101.433","615.0","MONCLOVA, MX","    0",",,S","  372",",,S","  190",",,S","  283","H,,S"
"MXM00076342","2020-05-17","26.883","-101.433","615.0","MONCLOVA, MX","    0",",,S","  374",",,S","  190",",,S","  279","H,,S"
"MXM00076342","2020-05-18","26.883","-101.433","615.0","MONCLOVA, MX","    0",",,S",,,,,"  319","H,,S"
"MXM00076342","2020-05-19","26.883","-101.433","615.0","MONCLOVA, MX","    0",",,S",,,,,"  336","H,,S"
"MXM00076342","2020-05-20","26.883","-101.433","615.0","MONCLOVA, MX","    0",",,S","  421",",,S","  240",",,S","  339","H,,S"
"MXM00076342","2020-05-21","26.883","-101.433","615.0","MONCLOVA, MX","    0",",,S","  420",",,S","  238",",,S","  292","H,,S"
"MXM00076342","2020-05-22","26.883","-101.433","615.0","MONCLOVA, MX","   43",",,S","  372",",,S","  200",",,S","  281","H,,S"
"MXM00076342","2020-05-23","26.883","-101.433","615.0","MONCLOVA, MX","    0",",,S",,,,,"  287","H,,S"
"MXM00076342","2020-05-24","26.883","-101.433","615.0","MONCLOVA, MX","  109",",,S","  387",",,S","  218",",,S","  273","H,,S"
"MXM00076342","2020-05-25","26.883","-101.433","615.0","MONCLOVA, MX","    0",",,S","  370",",,S","  210",",,S","  277","H,,S"
"MXM00076342","2020-05-26","26.883","-101.433","615.0","MONCLOVA, MX","    0",",,S","  355",",,S","  200",",,S","  261","H,,S"
"MXM00076342","2020-05-27","26.883","-101.433","615.0","MONCLOVA, MX","    0",",,S",,,,,"  288","H,,S"
"MXM00076342","2020-05-28","26.883","-101.433","615.0","MONCLOVA, MX","    0",",,S","  390",",,S","  210",",,S","  306","H,,S"
"MXM00076342","2020-05-29","26.883","-101.433","615.0","MONCLOVA, MX","   38",",,S","  380",",,S","  200",",,S","  250","H,,S"
"MXM00076342","2020-05-30","26.883","-101.433","615.0","MONCLOVA, MX","   10",",,S","  335",",,S","  212",",,S","  259","H,,S"
"MXM00076342","2020-05-31","26.883","-101.433","615.0","MONCLOVA, MX","    3",",,S","  322",",,S","  185",",,S","  252","H,,S"
"MXM00076342","2020-06-01","26.883","-101.433","615.0","MONCLOVA, MX","   46",",,S","  320",",,S","  185",",,S","  252","H,,S"
"MXM00076342","2020-06-02","26.883","-101.433","615.0","MONCLOVA, MX","    0",",,S","  318",",,S","  200",",,S","  266","H,,S"
"MXM00076342","2020-06-03","26.883","-101.433","615.0","MONCLOVA, MX","    0",",,S",,,,,"  288","H,,S"
