"PA000086068","2018-05-13","-22.017","-60.6","172.0","MARISCAL ESTIGARRIB, PA",,,,,"  115",",,S","  180","H,,S"
"PA000086068","2018-05-14","-22.017","-60.6","172.0","MARISCAL ESTIGARRIB, PA",,,,,"  204",",,S","  261","H,,S"
"PA000086068","2018-05-15","-22.017","-60.6","172.0","MARISCAL ESTIGARRIB, PA",,,"  372",",,S","  224",",,S","  269","H,,S"
"PA000086068","2018-05-16","-22.017","-60.6","172.0","MARISCAL ESTIGARRIB, PA",,,"  325",",,S","  205",",,S","  226","H,,S"
"PA000086068","2018-05-17","-22.017","-60.6","172.0","MARISCAL ESTIGARRIB, PA","    3",",,S",,,"  180",",,S","  222","H,,S"
"PA000086068","2018-05-18","-22.017","-60.6","172.0","MARISCAL ESTIGARRIB, PA","    0",",,S",,,"  182",",,S","  234","H,,S"
"PA000086068","2018-05-19","-22.017","-60.6","172.0","MARISCAL ESTIGARRIB, PA","   15",",,S",,,"  145",",,S","  167","H,,S"
"PA000086068","2018-05-20","-22.017","-60.6","172.0","MARISCAL ESTIGARRIB, PA","    0",",,S",,,"   68",",,S","  161","H,,S"
"PA000086068","2018-05-21","-22.017","-60.6","172.0","MARISCAL ESTIGARRIB, PA",,,,,"   80",",,S","  177","H,,S"
"PA000086068","2018-05-22","-22.017","-60.6","172.0","MARISCAL ESTIGARRIB, PA",,,,,"   90",",,S","  173","H,,S"
"PA000086068","2018-05-23","-22.017","-60.6","172.0","MARISCAL ESTIGARRIB, PA",,,"  270",",,S","   70",",,S","  158","H,,S"
"PA000086068","2018-05-24","-22.017","-60.6","172.0","MARISCAL ESTIGARRIB, PA",,,"  250",",,S","   90",",,S","  178","H,,S"
"PA000086068","2018-05-25","-22.017","-60.6","172.0","MARISCAL ESTIGARRIB, PA",,,,,"  110",",,S","  184","H,,S"
"PA000086068","2018-05-26","-22.017","-60.6","172.0","MARISCAL ESTIGARRIB, PA",,,,,"   85",",,S","  199","H,,S"
"PA000086068","2018-05-27","-22.017","-60.6","172.0","MARISCAL ESTIGARRIB, PA",,,,,"  160",",,S","  274","H,,S"
"PA000086068","2018-05-28","-22.017","-60.6","172.0","MARISCAL ESTIGARRIB, PA",,,"  343",",,S","  205",",,S","  254","H,,S"
"PA000086068","2018-05-29","-22.017","-60.6","172.0","MARISCAL ESTIGARRIB, PA",,,,,"  204",",,S","  267","H,,S"
"PA000086068","2018-05-30","-22.017","-60.6","172.0","MARISCAL ESTIGARRIB, PA",,,"  338",",,S","  210",",,S","  280","H,,S"
"PA000086068","2018-05-31","-22.017","-60.6","172.0","MARISCAL ESTIGARRIB, PA",,,"  335",",,S",,,"  220","H,,S"
"PA000086068","2018-06-01","-22.017","-60.6","172.0","MARISCAL ESTIGARRIB, PA","    3",",,S",,,"  110",",,S","  130","H,,S"
"PA000086068","2018-06-02","-22.017","-60.6","172.0","MARISCAL ESTIGARRIB, PA","  117",",,S","  220",",,S","   80",",,S","   99","H,,S"
"PA000086068","2018-06-03","-22.017","-60.6","172.0","MARISCAL ESTIGARRIB, PA","    0",",,S","  145",",,S","   90",",,S","  122","H,,S"
"PA000086068","2018-06-04","-22.017","-60.6","172.0","MARISCAL ESTIGARRIB, PA",,,,,"  100",",,S","  134","H,,S"
"PA000086068","2018-06-05","-22.017","-60.6","172.0","MARISCAL ESTIGARRIB, PA",,,,,"  100",",,S","  137","H,,S"
"PA000086068","2018-06-06","-22.017","-60.6","172.0","MARISCAL ESTIGARRIB, PA",,,,,"  110",",,S","  137","H,,S"
"PA000086068","2018-06-07","-22.017","-60.6","172.0","MARISCAL ESTIGARRIB, PA","    0",",,S","  160",",,S","  110",",,S","  127","H,,S"
"PA000086068","2018-06-08","-22.017","-60.6","172.0","MARISCAL ESTIGARRIB, PA","    0",",,S",,,,,"  106","H,,S"
"PA000086068","2018-06-09","-22.017","-60.6","172.0","MARISCAL ESTIGARRIB, PA",,,,,"  124",",,S","  184","H,,S"
"PA000086068","2018-06-10","-22.017","-60.6","172.0","MARISCAL ESTIGARRIB, PA",,,,,"  164",",,S","  288","H,,S"
"PA000086068","2018-06-11","-22.017","-60.6","172.0","MARISCAL ESTIGARRIB, PA",,,"  360",",,S","  190",",,S","  253","H,,S"
"PA000086068","2018-06-12","-22.017","-60.6","172.0","MARISCAL ESTIGARRIB, PA",,,"  300",",,S","  188",",,S","  204","H,,S"
"PA000086068","2018-06-13","-22.017","-60.6","172.0","MARISCAL ESTIGARRIB, PA",,,"  284",",,S","  115",",,S","  148","H,,S"
"PA000086068","2018-06-14","-22.017","-60.6","172.0","MARISCAL ESTIGARRIB, PA",,,"  172",",,S","  116",",,S","  136","H,,S"
"PA000086068","2018-06-15","-22.017","-60.6","172.0","MARISCAL ESTIGARRIB, PA",,,"  165",",,S","  110",",,S","  124","H,,S"
"PA000086068","2018-06-16","-22.017","-60.6","172.0","MARISCAL ESTIGARRIB, PA",,,,,"   38",",,S","  103","H,,S"
"PA000086068","2018-06-17","-22.017","-60.6","172.0","MARISCAL ESTIGARRIB, PA",,,,,"   68",",,S","  138","H,,S"
"PA000086068","2018-06-18","-22.017","-60.6","172.0","MARISCAL ESTIGARRIB, PA",,,,,"  105",",,S","  171","H,,S"
"PA000086068","2018-06-19","-22.017","-60.6","172.0","MARISCAL ESTIGARRIB, PA",,,,,"  115",",,S","  204","H,,S"
"PA000086068","2018-06-20","-22.017","-60.6","172.0","MARISCAL ESTIGARRIB, PA",,,,,"  140",",,S","  247","H,,S"
"PA000086068","2018-06-21","-22.017","-60.6","172.0","MARISCAL ESTIGARRIB, PA",,,,,"  170",",,S","  254","H,,S"
"PA000086068","2018-06-22","-22.017","-60.6","172.0","MARISCAL ESTIGARRIB, PA",,,,,"  180",",,S","  242","H,,S"
"PA000086068","2018-06-23","-22.017","-60.6","172.0","MARISCAL ESTIGARRIB, PA",,,"  317",",,S","  177",",,S","  244","H,,S"
"PA000086068","2018-06-24","-22.017","-60.6","172.0","MARISCAL ESTIGARRIB, PA",,,"  314",",,S",,,"  179","H,,S"
"PA000086068","2018-06-25","-22.017","-60.6","172.0","MARISCAL ESTIGARRIB, PA",,,"  312",",,S",,,"  154","H,,S"
"PA000086068","2018-06-26","-22.017","-60.6","172.0","MARISCAL ESTIGARRIB, PA",,,"  276",",,S","  137",",,S","  176","H,,S"
"PA000086068","2018-06-27","-22.017","-60.6","172.0","MARISCAL ESTIGARRIB, PA",,,,,"  120",",,S","  189","H,,S"
"PA000086068","2018-06-28","-22.017","-60.6","172.0","MARISCAL ESTIGARRIB, PA",,,,,"  144",",,S","  265","H,,S"
"PA000086068","2018-06-29","-22.017","-60.6","172.0","MARISCAL ESTIGARRIB, PA",,,"  344",",,S","  195",",,S","  258","H,,S"
"PA000086068","2018-06-30","-22.017","-60.6","172.0","MARISCAL ESTIGARRIB, PA",,,"  320",",,S","  165",",,S","  241","H,,S"
"PA000086068","2018-07-01","-22.017","-60.6","172.0","MARISCAL ESTIGARRIB, PA",,,,,"  176",",,S","  242","H,,S"
"PA000086068","2018-07-02","-22.017","-60.6","172.0","MARISCAL ESTIGARRIB, PA",,,"  344",",,S","  200",",,S","  259","H,,S"
"PA000086068","2018-07-05","-22.017","-60.6","172.0","MARISCAL ESTIGARRIB, PA",,,,,"  132",",,S","  177","H,,S"
"PA000086068","2018-07-06","-22.017","-60.6","172.0","MARISCAL ESTIGARRIB, PA",,,,,,,"  192","H,,S"
"PA000086068","2018-07-07","-22.017","-60.6","172.0","MARISCAL ESTIGARRIB, PA",,,"  268",",,S",,,"  158","H,,S"
"PA000086068","2018-07-08","-22.017","-60.6","172.0","MARISCAL ESTIGARRIB, PA",,,"  268",",,S",,,"  123","H,,S"
"PA000086068","2018-07-09","-22.017","-60.6","172.0","MARISCAL ESTIGARRIB, PA","    8",",,S",,,"   90",",,S","  111","H,,S"
"PA000086068","2018-07-10","-22.017","-60.6","172.0","MARISCAL ESTIGARRIB, PA","    0",",,S","  180",",,S","   48",",,S","  126","H,,S"
"PA000086068","2018-07-11","-22.017","-60.6","172.0","MARISCAL ESTIGARRIB, PA",,,,,"   30",",,S","  122","H,,S"
"PA000086068","2018-07-12","-22.017","-60.6","172.0","MARISCAL ESTIGARRIB, PA",,,,,"   55",",,S","  183","H,,S"
"PA000086068","2018-07-13","-22.017","-60.6","172.0","MARISCAL ESTIGARRIB, PA",,,,,"   58",",,S","  208","H,,S"
"PA000086068","2018-07-14","-22.017","-60.6","172.0","MARISCAL ESTIGARRIB, PA",,,,,"  134",",,S","  229","H,,S"
"PA000086068","2018-07-15","-22.017","-60.6","172.0","MARISCAL ESTIGARRIB, PA",,,,,"  174",",,S","  279","H,,S"
"PA000086068","2018-07-16","-22.017","-60.6","172.0","MARISCAL ESTIGARRIB, PA",,,"  365",",,S","  196",",,S","  252","H,,S"
"PA000086068","2018-07-17","-22.017","-60.6","172.0","MARISCAL ESTIGARRIB, PA",,,,,"  150",",,S","  239","H,,S"
"PA000086068","2018-07-18","-22.017","-60.6","172.0","MARISCAL ESTIGARRIB, PA",,,,,,,"  288","H,,S"
"PA000086068","2018-07-20","-22.017","-60.6","172.0","MARISCAL ESTIGARRIB, PA",,,,,,,"  127","H,,S"
"PA000086068","2018-07-21","-22.017","-60.6","172.0","MARISCAL ESTIGARRIB, PA","    0",",,S","  160",",,S","   60",",,S","  119","H,,S"
"PA000086068","2018-07-22","-22.017","-60.6","172.0","MARISCAL ESTIGARRIB, PA","    0",",,S",,,"   66",",,S","  174","H,,S"
"PA000086068","2018-07-23","-22.017","-60.6","172.0","MARISCAL ESTIGARRIB, PA",,,"  326",",,S","  106",",,S","  168","H,,S"
"PA000086068","2018-07-24","-22.017","-60.6","172.0","MARISCAL ESTIGARRIB, PA",,,"  276",",,S","  110",",,S","  147","H,,S"
"PA000086068","2018-07-25","-22.017","-60.6","172.0","MARISCAL ESTIGARRIB, PA",,,,,"   60",",,S","  142","H,,S"
"PA000086068","2018-07-26","-22.017","-60.6","172.0","MARISCAL ESTIGARRIB, PA",,,,,,,"  131","H,,S"
"PA000086068","2018-07-27","-22.017","-60.6","172.0","MARISCAL ESTIGARRIB, PA",,,,,"   55",",,S","  139","H,,S"
"PA000086068","2018-07-28","-22.017","-60.6","172.0","MARISCAL ESTIGARRIB, PA",,,"  280",",,S","  100",",,S","  177","H,,S"
"PA000086068","2018-07-29","-22.017","-60.6","172.0","MARISCAL ESTIGARRIB, PA",,,"  246",",,S","  112",",,S","  174","H,,S"
"PA000086068","2018-07-30","-22.017","-60.6","172.0","MARISCAL ESTIGARRIB, PA",,,,,"  100",",,S","  181","H,,S"
"PA000086068","2018-07-31","-22.017","-60.6","172.0","MARISCAL ESTIGARRIB, PA",,,"  264",",,S","   86",",,S","  164","H,,S"
"PA000086068","2018-08-01","-22.017","-60.6","172.0","MARISCAL ESTIGARRIB, PA",,,,,"  112",",,S","  181","H,,S"
"PA000086068","2018-08-02","-22.017","-60.6","172.0","MARISCAL ESTIGARRIB, PA",,,"  245",",,S","  116",",,S","  156","H,,S"
"PA000086068","2018-08-03","-22.017","-60.6","172.0","MARISCAL ESTIGARRIB, PA",,,"  245",",,S","  130",",,S","  172","H,,S"
"PA000086068","2018-08-04","-22.017","-60.6","172.0","MARISCAL ESTIGARRIB, PA",,,,,"   86",",,S","  146","H,,S"
"PA000086068","2018-08-05","-22.017","-60.6","172.0","MARISCAL ESTIGARRIB, PA",,,,,"   98",",,S","  153","H,,S"
"PA000086068","2018-08-06","-22.017","-60.6","172.0","MARISCAL ESTIGARRIB, PA",,,,,"   98",",,S","  193","H,,S"
"PA000086068","2018-08-07","-22.017","-60.6","172.0","MARISCAL ESTIGARRIB, PA",,,,,"  130",",,S","  227","H,,S"
"PA000086068","2018-08-08","-22.017","-60.6","172.0","MARISCAL ESTIGARRIB, PA",,,"  315",",,S","  176",",,S","  223","H,,S"
"PA000086068","2018-08-09","-22.017","-60.6","172.0","MARISCAL ESTIGARRIB, PA",,,,,"   55",",,S","  154","H,,S"
"PA000086068","2018-08-10","-22.017","-60.6","172.0","MARISCAL ESTIGARRIB, PA",,,,,"   44",",,S","  154","H,,S"
"PA000086068","2018-08-11","-22.017","-60.6","172.0","MARISCAL ESTIGARRIB, PA",,,,,"   70",",,S","  188","H,,S"
"PA000086068","2018-08-12","-22.017","-60.6","172.0","MARISCAL ESTIGARRIB, PA",,,,,,,"  247","H,,S"
"PA000086068","2018-08-13","-22.017","-60.6","172.0","MARISCAL ESTIGARRIB, PA",,,,,"  178",",,S","  288","H,,S"
"PA000086068","2018-08-14","-22.017","-60.6","172.0","MARISCAL ESTIGARRIB, PA",,,"  375",",,S",,,"  239","H,,S"
"PA000086068","2018-08-15","-22.017","-60.6","172.0","MARISCAL ESTIGARRIB, PA",,,"  310",",,S","  114",",,S","  154","H,,S"
"PA000086068","2018-08-16","-22.017","-60.6","172.0","MARISCAL ESTIGARRIB, PA",,,,,"   88",",,S","  173","H,,S"
"PA000086068","2018-08-17","-22.017","-60.6","172.0","MARISCAL ESTIGARRIB, PA",,,,,,,"  227","H,,S"
"PA000086068","2018-08-18","-22.017","-60.6","172.0","MARISCAL ESTIGARRIB, PA",,,,,"  184",",,S","  283","H,,S"
"PA000086068","2018-08-19","-22.017","-60.6","172.0","MARISCAL ESTIGARRIB, PA",,,,,,,"  177","H,,S"
"PA000086068","2018-08-20","-22.017","-60.6","172.0","MARISCAL ESTIGARRIB, PA","   10",",,S",,,"   60",",,S","   92","H,,S"
"PA000086068","2018-08-21","-22.017","-60.6","172.0","MARISCAL ESTIGARRIB, PA","    0",",,S",,,"   82",",,S","  107","H,,S"
"PA000086068","2018-08-22","-22.017","-60.6","172.0","MARISCAL ESTIGARRIB, PA",,,,,"   84",",,S","  146","H,,S"
"PA000086068","2018-08-23","-22.017","-60.6","172.0","MARISCAL ESTIGARRIB, PA",,,,,"  100",",,S","  183","H,,S"
"PA000086068","2018-08-24","-22.017","-60.6","172.0","MARISCAL ESTIGARRIB, PA",,,"  350",",,S","  120",",,S","  263","H,,S"
"PA000086068","2018-08-25","-22.017","-60.6","172.0","MARISCAL ESTIGARRIB, PA",,,,,"   60",",,S","  146","H,,S"
"PA000086068","2018-08-26","-22.017","-60.6","172.0","MARISCAL ESTIGARRIB, PA",,,,,"   52",",,S","  147","H,,S"
"PA000086068","2018-08-27","-22.017","-60.6","172.0","MARISCAL ESTIGARRIB, PA",,,,,"   64",",,S","  186","H,,S"
"PA000086068","2018-08-28","-22.017","-60.6","172.0","MARISCAL ESTIGARRIB, PA",,,,,"  138",",,S","  242","H,,S"
"PA000086068","2018-08-29","-22.017","-60.6","172.0","MARISCAL ESTIGARRIB, PA",,,,,"  180",",,S","  319","H,,S"
"PA000086068","2018-08-30","-22.017","-60.6","172.0","MARISCAL ESTIGARRIB, PA",,,"  394",",,S","  210",",,S","  316","H,,S"
"PA000086068","2018-09-01","-22.017","-60.6","172.0","MARISCAL ESTIGARRIB, PA",,,,,"  115",",,S","  129","H,,S"
"PA000086068","2018-09-02","-22.017","-60.6","172.0","MARISCAL ESTIGARRIB, PA","   13",",,S",,,"   90",",,S","  143","H,,S"
"PA000086068","2018-09-03","-22.017","-60.6","172.0","MARISCAL ESTIGARRIB, PA","    0",",,S",,,"   52",",,S","  176","H,,S"
"PA000086068","2018-09-04","-22.017","-60.6","172.0","MARISCAL ESTIGARRIB, PA",,,,,"   80",",,S","  188","H,,S"
"PA000086068","2018-09-05","-22.017","-60.6","172.0","MARISCAL ESTIGARRIB, PA",,,,,"  105",",,S","  213","H,,S"
"PA000086068","2018-09-06","-22.017","-60.6","172.0","MARISCAL ESTIGARRIB, PA",,,,,"  145",",,S","  267","H,,S"
"PA000086068","2018-09-07","-22.017","-60.6","172.0","MARISCAL ESTIGARRIB, PA",,,,,"  138",",,S","  245","H,,S"
"PA000086068","2018-09-08","-22.017","-60.6","172.0","MARISCAL ESTIGARRIB, PA",,,,,"  126",",,S","  278","H,,S"
"PA000086068","2018-09-09","-22.017","-60.6","172.0","MARISCAL ESTIGARRIB, PA",,,"  376",",,S","  140",",,S","  263","H,,S"
"PA000086068","2018-09-10","-22.017","-60.6","172.0","MARISCAL ESTIGARRIB, PA",,,"  380",",,S","  168",",,S","  298","H,,S"
"PA000086068","2018-09-11","-22.017","-60.6","172.0","MARISCAL ESTIGARRIB, PA",,,"  392",",,S","  175",",,S","  245","H,,S"
"PA000086068","2018-09-12","-22.017","-60.6","172.0","MARISCAL ESTIGARRIB, PA",,,,,"  190",",,S","  281","H,,S"
"PA000086068","2018-09-13","-22.017","-60.6","172.0","MARISCAL ESTIGARRIB, PA","   61",",,S","  392",",,S","  196",",,S","  257","H,,S"
"PA000086068","2018-09-14","-22.017","-60.6","172.0","MARISCAL ESTIGARRIB, PA","   58",",,S","  324",",,S","  185",",,S","  209","H,,S"
"PA000086068","2018-09-15","-22.017","-60.6","172.0","MARISCAL ESTIGARRIB, PA","    5",",,S","  274",",,S","  182",",,S","  207","H,,S"
"PA000086068","2018-09-16","-22.017","-60.6","172.0","MARISCAL ESTIGARRIB, PA","    5",",,S",,,"  184",",,S","  241","H,,S"
"PA000086068","2018-09-18","-22.017","-60.6","172.0","MARISCAL ESTIGARRIB, PA","    0",",,S",,,"  130",",,S","  284","H,,S"
"PA000086068","2018-09-19","-22.017","-60.6","172.0","MARISCAL ESTIGARRIB, PA",,,,,"  172",",,S","  293","H,,S"
"PA000086068","2018-09-20","-22.017","-60.6","172.0","MARISCAL ESTIGARRIB, PA",,,,,"  222",",,S","  306","H,,S"
"PA000086068","2018-09-21","-22.017","-60.6","172.0","MARISCAL ESTIGARRIB, PA",,,,,"  220",",,S","  293","H,,S"
"PA000086068","2018-09-22","-22.017","-60.6","172.0","MARISCAL ESTIGARRIB, PA",,,,,"  244",",,S","  340","H,,S"
"PA000086068","2018-09-23","-22.017","-60.6","172.0","MARISCAL ESTIGARRIB, PA",,,,,"  295",",,S","  349","H,,S"
"PA000086068","2018-09-25","-22.017","-60.6","172.0","MARISCAL ESTIGARRIB, PA",,,,,"  244",",,S","  307","H,,S"
"PA000086068","2018-09-26","-22.017","-60.6","172.0","MARISCAL ESTIGARRIB, PA",,,,,"  250",",,S","  309","H,,S"
"PA000086068","2018-09-27","-22.017","-60.6","172.0","MARISCAL ESTIGARRIB, PA",,,,,"  226",",,S","  298","H,,S"
"PA000086068","2018-09-28","-22.017","-60.6","172.0","MARISCAL ESTIGARRIB, PA",,,,,"  218",",,S","  291","H,,S"
"PA000086068","2018-09-29","-22.017","-60.6","172.0","MARISCAL ESTIGARRIB, PA",,,,,"  242",",,S","  318","H,,S"
"PA000086068","2018-09-30","-22.017","-60.6","172.0","MARISCAL ESTIGARRIB, PA",,,,,"  254",",,S","  308","H,,S"
"PA000086068","2018-10-01","-22.017","-60.6","172.0","MARISCAL ESTIGARRIB, PA",,,,,"  262",",,S","  341","H,,S"
"PA000086068","2018-10-02","-22.017","-60.6","172.0","MARISCAL ESTIGARRIB, PA","  160",",,S",,,"  160",",,S","  195","H,,S"
"PA000086068","2018-10-03","-22.017","-60.6","172.0","MARISCAL ESTIGARRIB, PA","    0",",,S",,,"  160",",,S","  210","H,,S"
"PA000086068","2018-10-04","-22.017","-60.6","172.0","MARISCAL ESTIGARRIB, PA",,,,,"  164",",,S","  197","H,,S"
"PA000086068","2018-10-05","-22.017","-60.6","172.0","MARISCAL ESTIGARRIB, PA",,,,,"  185",",,S","  236","H,,S"
"PA000086068","2018-10-06","-22.017","-60.6","172.0","MARISCAL ESTIGARRIB, PA",,,,,"  155",",,S","  283","H,,S"
"PA000086068","2018-10-07","-22.017","-60.6","172.0","MARISCAL ESTIGARRIB, PA",,,,,"  212",",,S","  330","H,,S"
"PA000086068","2018-10-08","-22.017","-60.6","172.0","MARISCAL ESTIGARRIB, PA",,,,,"  215",",,S","  336","H,,S"
"PA000086068","2018-10-09","-22.017","-60.6","172.0","MARISCAL ESTIGARRIB, PA",,,,,"  260",",,S","  323","H,,S"
"PA000086068","2018-10-10","-22.017","-60.6","172.0","MARISCAL ESTIGARRIB, PA",,,,,"  242",",,S","  262","H,,S"
"PA000086068","2018-10-11","-22.017","-60.6","172.0","MARISCAL ESTIGARRIB, PA",,,,,"  175",",,S","  238","H,,S"
"PA000086068","2018-10-12","-22.017","-60.6","172.0","MARISCAL ESTIGARRIB, PA",,,,,"  184",",,S","  246","H,,S"
"PA000086068","2018-10-13","-22.017","-60.6","172.0","MARISCAL ESTIGARRIB, PA",,,,,"  154",",,S","  179","H,,S"
"PA000086068","2018-10-14","-22.017","-60.6","172.0","MARISCAL ESTIGARRIB, PA","    3",",,S",,,"  150",",,S","  187","H,,S"
"PA000086068","2018-10-15","-22.017","-60.6","172.0","MARISCAL ESTIGARRIB, PA","    0",",,S",,,"  168",",,S","  230","H,,S"
"PA000086068","2018-10-16","-22.017","-60.6","172.0","MARISCAL ESTIGARRIB, PA",,,,,"  195",",,S","  264","H,,S"
"PA000086068","2018-10-17","-22.017","-60.6","172.0","MARISCAL ESTIGARRIB, PA",,,,,"  238",",,S","  343","H,,S"
"PA000086068","2018-10-18","-22.017","-60.6","172.0","MARISCAL ESTIGARRIB, PA",,,,,"  284",",,S","  351","H,,S"
"PA000086068","2018-10-19","-22.017","-60.6","172.0","MARISCAL ESTIGARRIB, PA","  381",",,S",,,"  210",",,S","  257","H,,S"
"PA000086068","2018-10-20","-22.017","-60.6","172.0","MARISCAL ESTIGARRIB, PA","  117",",,S",,,"  216",",,S","  262","H,,S"
"PA000086068","2018-10-21","-22.017","-60.6","172.0","MARISCAL ESTIGARRIB, PA","    0",",,S",,,"  224",",,S","  276","H,,S"
"PA000086068","2018-10-22","-22.017","-60.6","172.0","MARISCAL ESTIGARRIB, PA","   10",",,S",,,"  244",",,S","  286","H,,S"
"PA000086068","2018-10-23","-22.017","-60.6","172.0","MARISCAL ESTIGARRIB, PA","    0",",,S",,,,,"  272","H,,S"
"PA000086068","2018-10-24","-22.017","-60.6","172.0","MARISCAL ESTIGARRIB, PA","   20",",,S",,,"  210",",,S","  222","H,,S"
"PA000086068","2018-10-25","-22.017","-60.6","172.0","MARISCAL ESTIGARRIB, PA","    0",",,S",,,"  212",",,S","  248","H,,S"
"PA000086068","2018-10-26","-22.017","-60.6","172.0","MARISCAL ESTIGARRIB, PA","   23",",,S",,,"  232",",,S","  245","H,,S"
"PA000086068","2018-10-27","-22.017","-60.6","172.0","MARISCAL ESTIGARRIB, PA","   48",",,S",,,"  215",",,S","  248","H,,S"
"PA000086068","2018-10-28","-22.017","-60.6","172.0","MARISCAL ESTIGARRIB, PA","    0",",,S",,,"  190",",,S","  237","H,,S"
"PA000086068","2018-10-29","-22.017","-60.6","172.0","MARISCAL ESTIGARRIB, PA",,,,,"  174",",,S","  241","H,,S"
"PA000086068","2018-10-30","-22.017","-60.6","172.0","MARISCAL ESTIGARRIB, PA",,,,,"  218",",,S","  327","H,,S"
"PA000086068","2018-10-31","-22.017","-60.6","172.0","MARISCAL ESTIGARRIB, PA",,,,,"  262",",,S","  335","H,,S"
"PA000086068","2018-11-01","-22.017","-60.6","172.0","MARISCAL ESTIGARRIB, PA",,,,,"  210",",,S","  239","H,,S"
"PA000086068","2018-11-02","-22.017","-60.6","172.0","MARISCAL ESTIGARRIB, PA",,,,,,,"  258","H,,S"
"PA000086068","2018-11-04","-22.017","-60.6","172.0","MARISCAL ESTIGARRIB, PA",,,,,"  235",",,S","  267","H,,S"
"PA000086068","2018-11-05","-22.017","-60.6","172.0","MARISCAL ESTIGARRIB, PA",,,,,"  226",",,S","  283","H,,S"
"PA000086068","2018-11-06","-22.017","-60.6","172.0","MARISCAL ESTIGARRIB, PA",,,,,,,"  261","H,,S"
"PA000086068","2018-11-08","-22.017","-60.6","172.0","MARISCAL ESTIGARRIB, PA",,,,,"  196",",,S","  262","H,,S"
"PA000086068","2018-11-09","-22.017","-60.6","172.0","MARISCAL ESTIGARRIB, PA",,,,,"  230",",,S","  281","H,,S"
"PA000086068","2018-11-10","-22.017","-60.6","172.0","MARISCAL ESTIGARRIB, PA",,,,,,,"  298","H,,S"
"PA000086068","2018-11-11","-22.017","-60.6","172.0","MARISCAL ESTIGARRIB, PA",,,,,"  266",",,S","  328","H,,S"
"PA000086068","2018-11-12","-22.017","-60.6","172.0","MARISCAL ESTIGARRIB, PA",,,,,"  266",",,S","  325","H,,S"
"PA000086068","2018-11-13","-22.017","-60.6","172.0","MARISCAL ESTIGARRIB, PA",,,,,"  275",",,S","  317","H,,S"
"PA000086068","2018-11-14","-22.017","-60.6","172.0","MARISCAL ESTIGARRIB, PA","  470",",,S",,,"  205",",,S","  229","H,,S"
"PA000086068","2018-11-15","-22.017","-60.6","172.0","MARISCAL ESTIGARRIB, PA","    0",",,S",,,"  210",",,S","  257","H,,S"
"PA000086068","2018-11-16","-22.017","-60.6","172.0","MARISCAL ESTIGARRIB, PA",,,,,"  246",",,S","  282","H,,S"
"PA000086068","2018-11-23","-22.017","-60.6","172.0","MARISCAL ESTIGARRIB, PA","  409",",,S",,,"  200",",,S","  255","H,,S"
"PA000086068","2018-11-24","-22.017","-60.6","172.0","MARISCAL ESTIGARRIB, PA","    0",",,S",,,"  136",",,S","  235","H,,S"
"PA000086068","2018-11-25","-22.017","-60.6","172.0","MARISCAL ESTIGARRIB, PA",,,,,,,"  248","H,,S"
"PA000086068","2018-11-26","-22.017","-60.6","172.0","MARISCAL ESTIGARRIB, PA",,,,,"  205",",,S","  262","H,,S"
"PA000086068","2018-11-27","-22.017","-60.6","172.0","MARISCAL ESTIGARRIB, PA",,,,,"  214",",,S","  290","H,,S"
"PA000086068","2018-11-28","-22.017","-60.6","172.0","MARISCAL ESTIGARRIB, PA","  475",",,S",,,"  200",",,S","  252","H,,S"
"PA000086068","2018-11-29","-22.017","-60.6","172.0","MARISCAL ESTIGARRIB, PA","  310",",,S",,,"  202",",,S","  243","H,,S"
"PA000086068","2018-11-30","-22.017","-60.6","172.0","MARISCAL ESTIGARRIB, PA","   61",",,S",,,"  226",",,S","  256","H,,S"
"PA000086068","2018-12-01","-22.017","-60.6","172.0","MARISCAL ESTIGARRIB, PA","   10",",,S",,,"  224",",,S","  268","H,,S"
"PA000086068","2018-12-02","-22.017","-60.6","172.0","MARISCAL ESTIGARRIB, PA","    0",",,S",,,"  182",",,S","  237","H,,S"
"PA000086068","2018-12-03","-22.017","-60.6","172.0","MARISCAL ESTIGARRIB, PA",,,,,"  135",",,S","  219","H,,S"
"PA000086068","2018-12-04","-22.017","-60.6","172.0","MARISCAL ESTIGARRIB, PA",,,,,"  136",",,S","  238","H,,S"
"PA000086068","2018-12-05","-22.017","-60.6","172.0","MARISCAL ESTIGARRIB, PA",,,,,"  185",",,S","  263","H,,S"
"PA000086068","2018-12-06","-22.017","-60.6","172.0","MARISCAL ESTIGARRIB, PA",,,,,"  224",",,S","  272","H,,S"
"PA000086068","2018-12-07","-22.017","-60.6","172.0","MARISCAL ESTIGARRIB, PA",,,,,"  190",",,S","  227","H,,S"
"PA000086068","2018-12-08","-22.017","-60.6","172.0","MARISCAL ESTIGARRIB, PA",,,,,"  184",",,S","  248","H,,S"
"PA000086068","2018-12-09","-22.017","-60.6","172.0","MARISCAL ESTIGARRIB, PA",,,,,"  192",",,S","  294","H,,S"
"PA000086068","2018-12-10","-22.017","-60.6","172.0","MARISCAL ESTIGARRIB, PA",,,,,"  160",",,S","  308","H,,S"
"PA000086068","2018-12-11","-22.017","-60.6","172.0","MARISCAL ESTIGARRIB, PA",,,,,"  248",",,S","  317","H,,S"
"PA000086068","2018-12-12","-22.017","-60.6","172.0","MARISCAL ESTIGARRIB, PA",,,,,"  254",",,S","  304","H,,S"
"PA000086068","2018-12-13","-22.017","-60.6","172.0","MARISCAL ESTIGARRIB, PA",,,,,"  264",",,S","  324","H,,S"
"PA000086068","2018-12-14","-22.017","-60.6","172.0","MARISCAL ESTIGARRIB, PA",,,,,"  260",",,S","  311","H,,S"
"PA000086068","2018-12-15","-22.017","-60.6","172.0","MARISCAL ESTIGARRIB, PA",,,,,"  266",",,S","  298","H,,S"
"PA000086068","2018-12-16","-22.017","-60.6","172.0","MARISCAL ESTIGARRIB, PA",,,,,"  240",",,S","  305","H,,S"
"PA000086068","2018-12-17","-22.017","-60.6","172.0","MARISCAL ESTIGARRIB, PA",,,,,"  260",",,S","  316","H,,S"
"PA000086068","2018-12-18","-22.017","-60.6","172.0","MARISCAL ESTIGARRIB, PA",,,,,,,"  299","H,,S"
"PA000086068","2018-12-19","-22.017","-60.6","172.0","MARISCAL ESTIGARRIB, PA",,,,,"  240",",,S","  306","H,,S"
"PA000086068","2018-12-20","-22.017","-60.6","172.0","MARISCAL ESTIGARRIB, PA",,,,,,,"  324","H,,S"
"PA000086068","2018-12-21","-22.017","-60.6","172.0","MARISCAL ESTIGARRIB, PA",,,,,,,"  301","H,,S"
"PA000086068","2018-12-22","-22.017","-60.6","172.0","MARISCAL ESTIGARRIB, PA","   20",",,S",,,,,"  241","H,,S"
"PA000086068","2018-12-23","-22.017","-60.6","172.0","MARISCAL ESTIGARRIB, PA","    0",",,S",,,"  216",",,S","  262","H,,S"
"PA000086068","2018-12-24","-22.017","-60.6","172.0","MARISCAL ESTIGARRIB, PA","   30",",,S",,,"  240",",,S","  286","H,,S"
"PA000086068","2018-12-25","-22.017","-60.6","172.0","MARISCAL ESTIGARRIB, PA","    0",",,S",,,,,"  284","H,,S"
"PA000086068","2018-12-26","-22.017","-60.6","172.0","MARISCAL ESTIGARRIB, PA",,,,,"  242",",,S","  322","H,,S"
"PA000086068","2018-12-27","-22.017","-60.6","172.0","MARISCAL ESTIGARRIB, PA",,,,,"  260",",,S","  343","H,,S"
"PA000086068","2018-12-28","-22.017","-60.6","172.0","MARISCAL ESTIGARRIB, PA",,,,,,,"  337","H,,S"
"PA000086068","2018-12-29","-22.017","-60.6","172.0","MARISCAL ESTIGARRIB, PA",,,,,"  264",",,S","  320","H,,S"
"PA000086068","2018-12-30","-22.017","-60.6","172.0","MARISCAL ESTIGARRIB, PA",,,,,"  260",",,S","  309","H,,S"
"PA000086068","2018-12-31","-22.017","-60.6","172.0","MARISCAL ESTIGARRIB, PA","  168",",,S",,,"  220",",,S","  274","H,,S"
"PA000086068","2019-01-01","-22.017","-60.6","172.0","MARISCAL ESTIGARRIB, PA",,,,,"  234",",,S","  316","H,,S"
"PA000086068","2019-01-02","-22.017","-60.6","172.0","MARISCAL ESTIGARRIB, PA",,,,,,,"  343","H,,S"
"PA000086068","2019-01-03","-22.017","-60.6","172.0","MARISCAL ESTIGARRIB, PA",,,,,"  272",",,S","  326","H,,S"
"PA000086068","2019-01-04","-22.017","-60.6","172.0","MARISCAL ESTIGARRIB, PA","   20",",,S",,,"  232",",,S","  287","H,,S"
"PA000086068","2019-01-05","-22.017","-60.6","172.0","MARISCAL ESTIGARRIB, PA","   41",",,S",,,"  250",",,S","  303","H,,S"
"PA000086068","2019-01-06","-22.017","-60.6","172.0","MARISCAL ESTIGARRIB, PA","    0",",,S",,,"  264",",,S","  318","H,,S"
"PA000086068","2019-01-07","-22.017","-60.6","172.0","MARISCAL ESTIGARRIB, PA",,,,,"  274",",,S","  314","H,,S"
"PA000086068","2019-01-08","-22.017","-60.6","172.0","MARISCAL ESTIGARRIB, PA","   13",",,S",,,,,"  286","H,,S"
"PA000086068","2019-01-09","-22.017","-60.6","172.0","MARISCAL ESTIGARRIB, PA","    0",",,S",,,"  260",",,S","  316","H,,S"
"PA000086068","2019-01-10","-22.017","-60.6","172.0","MARISCAL ESTIGARRIB, PA",,,,,"  262",",,S","  329","H,,S"
"PA000086068","2019-01-11","-22.017","-60.6","172.0","MARISCAL ESTIGARRIB, PA","  330",",,S",,,"  204",",,S","  221","H,,S"
"PA000086068","2019-01-12","-22.017","-60.6","172.0","MARISCAL ESTIGARRIB, PA","    0",",,S",,,"  210",",,S","  256","H,,S"
"PA000086068","2019-01-13","-22.017","-60.6","172.0","MARISCAL ESTIGARRIB, PA",,,,,"  222",",,S","  301","H,,S"
"PA000086068","2019-01-14","-22.017","-60.6","172.0","MARISCAL ESTIGARRIB, PA",,,,,"  245",",,S","  307","H,,S"
"PA000086068","2019-01-15","-22.017","-60.6","172.0","MARISCAL ESTIGARRIB, PA",,,,,"  265",",,S","  339","H,,S"
"PA000086068","2019-01-16","-22.017","-60.6","172.0","MARISCAL ESTIGARRIB, PA",,,,,"  258",",,S","  322","H,,S"
"PA000086068","2019-01-17","-22.017","-60.6","172.0","MARISCAL ESTIGARRIB, PA",,,,,"  254",",,S","  342","H,,S"
"PA000086068","2019-01-18","-22.017","-60.6","172.0","MARISCAL ESTIGARRIB, PA",,,,,"  215",",,S","  249","H,,S"
"PA000086068","2019-01-19","-22.017","-60.6","172.0","MARISCAL ESTIGARRIB, PA",,,,,"  184",",,S","  230","H,,S"
"PA000086068","2019-01-20","-22.017","-60.6","172.0","MARISCAL ESTIGARRIB, PA",,,,,"  175",",,S","  262","H,,S"
"PA000086068","2019-01-21","-22.017","-60.6","172.0","MARISCAL ESTIGARRIB, PA",,,,,"  220",",,S","  304","H,,S"
"PA000086068","2019-01-22","-22.017","-60.6","172.0","MARISCAL ESTIGARRIB, PA",,,,,"  262",",,S","  337","H,,S"
"PA000086068","2019-01-23","-22.017","-60.6","172.0","MARISCAL ESTIGARRIB, PA",,,,,"  265",",,S","  343","H,,S"
"PA000086068","2019-01-24","-22.017","-60.6","172.0","MARISCAL ESTIGARRIB, PA",,,,,"  270",",,S","  365","H,,S"
"PA000086068","2019-01-25","-22.017","-60.6","172.0","MARISCAL ESTIGARRIB, PA",,,,,,,"  368","H,,S"
"PA000086068","2019-01-26","-22.017","-60.6","172.0","MARISCAL ESTIGARRIB, PA",,,,,"  265",",,S","  341","H,,S"
"PA000086068","2019-01-27","-22.017","-60.6","172.0","MARISCAL ESTIGARRIB, PA",,,,,"  270",",,S","  345","H,,S"
"PA000086068","2019-01-28","-22.017","-60.6","172.0","MARISCAL ESTIGARRIB, PA",,,,,"  250",",,S","  303","H,,S"
"PA000086068","2019-01-29","-22.017","-60.6","172.0","MARISCAL ESTIGARRIB, PA",,,,,"  250",",,S","  314","H,,S"
"PA000086068","2019-01-30","-22.017","-60.6","172.0","MARISCAL ESTIGARRIB, PA",,,,,"  235",",,S","  288","H,,S"
"PA000086068","2019-01-31","-22.017","-60.6","172.0","MARISCAL ESTIGARRIB, PA",,,,,"  255",",,S","  330","H,,S"
"PA000086068","2019-02-01","-22.017","-60.6","172.0","MARISCAL ESTIGARRIB, PA",,,,,"  244",",,S","  349","H,,S"
"PA000086068","2019-02-02","-22.017","-60.6","172.0","MARISCAL ESTIGARRIB, PA",,,,,"  265",",,S","  319","H,,S"
"PA000086068","2019-02-03","-22.017","-60.6","172.0","MARISCAL ESTIGARRIB, PA","   53",",,S",,,"  236",",,S","  261","H,,S"
"PA000086068","2019-02-04","-22.017","-60.6","172.0","MARISCAL ESTIGARRIB, PA","    3",",,S",,,,,"  260","H,,S"
"PA000086068","2019-02-05","-22.017","-60.6","172.0","MARISCAL ESTIGARRIB, PA","    0",",,S",,,"  220",",,S","  274","H,,S"
"PA000086068","2019-02-06","-22.017","-60.6","172.0","MARISCAL ESTIGARRIB, PA",,,,,"  190",",,S","  289","H,,S"
"PA000086068","2019-02-07","-22.017","-60.6","172.0","MARISCAL ESTIGARRIB, PA",,,,,"  205",",,S","  322","H,,S"
"PA000086068","2019-02-08","-22.017","-60.6","172.0","MARISCAL ESTIGARRIB, PA",,,,,"  244",",,S","  346","H,,S"
"PA000086068","2019-02-09","-22.017","-60.6","172.0","MARISCAL ESTIGARRIB, PA",,,,,"  284",",,S","  349","H,,S"
"PA000086068","2019-02-10","-22.017","-60.6","172.0","MARISCAL ESTIGARRIB, PA","   10",",,S",,,"  252",",,S","  329","H,,S"
"PA000086068","2019-02-11","-22.017","-60.6","172.0","MARISCAL ESTIGARRIB, PA","   20",",,S",,,,,"  315","H,,S"
"PA000086068","2019-02-12","-22.017","-60.6","172.0","MARISCAL ESTIGARRIB, PA","    0",",,S",,,,,"  271","H,,S"
"PA000086068","2019-02-13","-22.017","-60.6","172.0","MARISCAL ESTIGARRIB, PA","   53",",,S",,,"  185",",,S","  213","H,,S"
"PA000086068","2019-02-14","-22.017","-60.6","172.0","MARISCAL ESTIGARRIB, PA","    3",",,S",,,"  190",",,S","  244","H,,S"
"PA000086068","2019-02-15","-22.017","-60.6","172.0","MARISCAL ESTIGARRIB, PA","    0",",,S",,,"  194",",,S","  286","H,,S"
"PA000086068","2019-02-16","-22.017","-60.6","172.0","MARISCAL ESTIGARRIB, PA",,,,,"  188",",,S","  290","H,,S"
"PA000086068","2019-02-17","-22.017","-60.6","172.0","MARISCAL ESTIGARRIB, PA",,,,,"  205",",,S","  278","H,,S"
"PA000086068","2019-02-18","-22.017","-60.6","172.0","MARISCAL ESTIGARRIB, PA",,,,,"  205",",,S","  310","H,,S"
"PA000086068","2019-02-19","-22.017","-60.6","172.0","MARISCAL ESTIGARRIB, PA",,,,,"  238",",,S","  308","H,,S"
"PA000086068","2019-02-20","-22.017","-60.6","172.0","MARISCAL ESTIGARRIB, PA",,,,,"  235",",,S","  327","H,,S"
"PA000086068","2019-02-21","-22.017","-60.6","172.0","MARISCAL ESTIGARRIB, PA",,,,,"  262",",,S","  337","H,,S"
"PA000086068","2019-02-22","-22.017","-60.6","172.0","MARISCAL ESTIGARRIB, PA",,,,,"  274",",,S","  345","H,,S"
"PA000086068","2019-02-23","-22.017","-60.6","172.0","MARISCAL ESTIGARRIB, PA",,,,,"  254",",,S","  318","H,,S"
"PA000086068","2019-02-24","-22.017","-60.6","172.0","MARISCAL ESTIGARRIB, PA",,,,,"  265",",,S","  321","H,,S"
"PA000086068","2019-02-25","-22.017","-60.6","172.0","MARISCAL ESTIGARRIB, PA",,,,,"  274",",,S","  312","H,,S"
"PA000086068","2019-02-28","-22.017","-60.6","172.0","MARISCAL ESTIGARRIB, PA",,,,,"  190",",,S","  262","H,,S"
"PA000086068","2019-03-01","-22.017","-60.6","172.0","MARISCAL ESTIGARRIB, PA",,,,,"  175",",,S","  277","H,,S"
"PA000086068","2019-03-02","-22.017","-60.6","172.0","MARISCAL ESTIGARRIB, PA",,,,,"  214",",,S","  307","H,,S"
"PA000086068","2019-03-03","-22.017","-60.6","172.0","MARISCAL ESTIGARRIB, PA",,,,,"  250",",,S","  322","H,,S"
"PA000086068","2019-03-04","-22.017","-60.6","172.0","MARISCAL ESTIGARRIB, PA",,,,,,,"  322","H,,S"
"PA000086068","2019-03-05","-22.017","-60.6","172.0","MARISCAL ESTIGARRIB, PA",,,,,"  280",",,S","  329","H,,S"
"PA000086068","2019-03-06","-22.017","-60.6","172.0","MARISCAL ESTIGARRIB, PA","   23",",,S",,,"  244",",,S","  299","H,,S"
"PA000086068","2019-03-07","-22.017","-60.6","172.0","MARISCAL ESTIGARRIB, PA","    0",",,S",,,"  258",",,S","  331","H,,S"
"PA000086068","2019-03-08","-22.017","-60.6","172.0","MARISCAL ESTIGARRIB, PA",,,,,"  280",",,S","  331","H,,S"
"PA000086068","2019-03-09","-22.017","-60.6","172.0","MARISCAL ESTIGARRIB, PA","  437",",,S",,,"  205",",,S","  227","H,,S"
"PA000086068","2019-03-10","-22.017","-60.6","172.0","MARISCAL ESTIGARRIB, PA","    5",",,S",,,"  194",",,S","  211","H,,S"
"PA000086068","2019-03-11","-22.017","-60.6","172.0","MARISCAL ESTIGARRIB, PA","    0",",,S",,,"  190",",,S","  234","H,,S"
"PA000086068","2019-03-13","-22.017","-60.6","172.0","MARISCAL ESTIGARRIB, PA",,,,,,,"  248","H,,S"
"PA000086068","2019-03-14","-22.017","-60.6","172.0","MARISCAL ESTIGARRIB, PA","   10",",,S",,,"  228",",,S","  248","H,,S"
"PA000086068","2019-03-15","-22.017","-60.6","172.0","MARISCAL ESTIGARRIB, PA","   48",",,S",,,"  228",",,S","  272","H,,S"
"PA000086068","2019-03-16","-22.017","-60.6","172.0","MARISCAL ESTIGARRIB, PA","   23",",,S","  320",",,S","  226",",,S","  251","H,,S"
"PA000086068","2019-03-17","-22.017","-60.6","172.0","MARISCAL ESTIGARRIB, PA","  216",",,S",,,"  226",",,S","  237","H,,S"
"PA000086068","2019-03-18","-22.017","-60.6","172.0","MARISCAL ESTIGARRIB, PA","   46",",,S",,,"  218",",,S","  243","H,,S"
"PA000086068","2019-03-19","-22.017","-60.6","172.0","MARISCAL ESTIGARRIB, PA","    3",",,S",,,"  224",",,S","  263","H,,S"
"PA000086068","2019-03-20","-22.017","-60.6","172.0","MARISCAL ESTIGARRIB, PA","  577",",,S",,,"  204",",,S","  219","H,,S"
"PA000086068","2019-03-21","-22.017","-60.6","172.0","MARISCAL ESTIGARRIB, PA","   56",",,S",,,"  170",",,S","  203","H,,S"
"PA000086068","2019-03-22","-22.017","-60.6","172.0","MARISCAL ESTIGARRIB, PA","    0",",,S",,,"  168",",,S","  229","H,,S"
"PA000086068","2019-03-23","-22.017","-60.6","172.0","MARISCAL ESTIGARRIB, PA",,,,,"  180",",,S","  236","H,,S"
"PA000086068","2019-03-24","-22.017","-60.6","172.0","MARISCAL ESTIGARRIB, PA",,,,,"  200",",,S","  278","H,,S"
"PA000086068","2019-03-25","-22.017","-60.6","172.0","MARISCAL ESTIGARRIB, PA",,,,,"  232",",,S","  251","H,,S"
"PA000086068","2019-03-26","-22.017","-60.6","172.0","MARISCAL ESTIGARRIB, PA",,,,,"  210",",,S","  222","H,,S"
"PA000086068","2019-03-27","-22.017","-60.6","172.0","MARISCAL ESTIGARRIB, PA",,,,,"  160",",,S","  214","H,,S"
"PA000086068","2019-03-28","-22.017","-60.6","172.0","MARISCAL ESTIGARRIB, PA",,,,,"  154",",,S","  234","H,,S"
"PA000086068","2019-03-29","-22.017","-60.6","172.0","MARISCAL ESTIGARRIB, PA",,,,,"  170",",,S","  249","H,,S"
"PA000086068","2019-03-30","-22.017","-60.6","172.0","MARISCAL ESTIGARRIB, PA","   13",",,S",,,"  220",",,S","  293","H,,S"
"PA000086068","2019-03-31","-22.017","-60.6","172.0","MARISCAL ESTIGARRIB, PA","    0",",,S",,,"  252",",,S","  296","H,,S"
"PA000086068","2019-04-01","-22.017","-60.6","172.0","MARISCAL ESTIGARRIB, PA","   81",",,S",,,,,"  282","H,,S"
"PA000086068","2019-04-02","-22.017","-60.6","172.0","MARISCAL ESTIGARRIB, PA","   61",",,S",,,"  244",",,S","  265","H,,S"
"PA000086068","2019-04-03","-22.017","-60.6","172.0","MARISCAL ESTIGARRIB, PA","   20",",,S",,,,,"  244","H,,S"
"PA000086068","2019-04-04","-22.017","-60.6","172.0","MARISCAL ESTIGARRIB, PA","    5",",,S",,,"  220",",,S","  264","H,,S"
"PA000086068","2019-04-05","-22.017","-60.6","172.0","MARISCAL ESTIGARRIB, PA","   43",",,S",,,,,"  221","H,,S"
"PA000086068","2019-04-06","-22.017","-60.6","172.0","MARISCAL ESTIGARRIB, PA","    0",",,S",,,"  130",",,S","  192","H,,S"
"PA000086068","2019-04-07","-22.017","-60.6","172.0","MARISCAL ESTIGARRIB, PA",,,,,"  118",",,S","  193","H,,S"
"PA000086068","2019-04-08","-22.017","-60.6","172.0","MARISCAL ESTIGARRIB, PA",,,,,"  110",",,S","  205","H,,S"
"PA000086068","2019-04-09","-22.017","-60.6","172.0","MARISCAL ESTIGARRIB, PA",,,,,"  126",",,S","  227","H,,S"
"PA000086068","2019-04-10","-22.017","-60.6","172.0","MARISCAL ESTIGARRIB, PA",,,,,"  145",",,S","  231","H,,S"
"PA000086068","2019-04-11","-22.017","-60.6","172.0","MARISCAL ESTIGARRIB, PA",,,,,"  150",",,S","  256","H,,S"
"PA000086068","2019-04-12","-22.017","-60.6","172.0","MARISCAL ESTIGARRIB, PA",,,,,"  180",",,S","  248","H,,S"
"PA000086068","2019-04-13","-22.017","-60.6","172.0","MARISCAL ESTIGARRIB, PA",,,,,"  205",",,S","  247","H,,S"
"PA000086068","2019-04-14","-22.017","-60.6","172.0","MARISCAL ESTIGARRIB, PA",,,,,"  200",",,S","  288","H,,S"
"PA000086068","2019-04-15","-22.017","-60.6","172.0","MARISCAL ESTIGARRIB, PA","   38",",,S",,,"  245",",,S","  308","H,,S"
"PA000086068","2019-04-16","-22.017","-60.6","172.0","MARISCAL ESTIGARRIB, PA","   71",",,S",,,"  218",",,S","  249","H,,S"
"PA000086068","2019-04-17","-22.017","-60.6","172.0","MARISCAL ESTIGARRIB, PA","   13",",,S",,,"  200",",,S","  247","H,,S"
"PA000086068","2019-04-18","-22.017","-60.6","172.0","MARISCAL ESTIGARRIB, PA","    0",",,S",,,"  205",",,S","  267","H,,S"
"PA000086068","2019-04-19","-22.017","-60.6","172.0","MARISCAL ESTIGARRIB, PA",,,,,"  240",",,S","  298","H,,S"
"PA000086068","2019-04-20","-22.017","-60.6","172.0","MARISCAL ESTIGARRIB, PA",,,,,"  245",",,S","  309","H,,S"
"PA000086068","2019-04-21","-22.017","-60.6","172.0","MARISCAL ESTIGARRIB, PA","    0",",,S",,,"  256",",,S","  278","H,,S"
"PA000086068","2019-04-23","-22.017","-60.6","172.0","MARISCAL ESTIGARRIB, PA","   10",",,S",,,,,"  209","H,,S"
"PA000086068","2019-04-24","-22.017","-60.6","172.0","MARISCAL ESTIGARRIB, PA","   13",",,S",,,"  165",",,S","  191","H,,S"
"PA000086068","2019-04-25","-22.017","-60.6","172.0","MARISCAL ESTIGARRIB, PA","   28",",,S",,,"  170",",,S","  201","H,,S"
"PA000086068","2019-04-26","-22.017","-60.6","172.0","MARISCAL ESTIGARRIB, PA","  122",",,S",,,"  175",",,S","  197","H,,S"
"PA000086068","2019-04-27","-22.017","-60.6","172.0","MARISCAL ESTIGARRIB, PA","    5",",,S",,,"  186",",,S","  204","H,,S"
"PA000086068","2019-04-28","-22.017","-60.6","172.0","MARISCAL ESTIGARRIB, PA","    0",",,S",,,"  135",",,S","  189","H,,S"
"PA000086068","2019-04-29","-22.017","-60.6","172.0","MARISCAL ESTIGARRIB, PA",,,,,"  154",",,S","  251","H,,S"
"PA000086068","2019-04-30","-22.017","-60.6","172.0","MARISCAL ESTIGARRIB, PA",,,,,"  205",",,S","  261","H,,S"
"PA000086068","2019-05-01","-22.017","-60.6","172.0","MARISCAL ESTIGARRIB, PA",,,,,,,"  213","H,,S"
"PA000086068","2019-05-02","-22.017","-60.6","172.0","MARISCAL ESTIGARRIB, PA","    3",",,S",,,"  190",",,S","  226","H,,S"
"PA000086068","2019-05-03","-22.017","-60.6","172.0","MARISCAL ESTIGARRIB, PA","    0",",,S",,,"  195",",,S","  258","H,,S"
"PA000086068","2019-05-04","-22.017","-60.6","172.0","MARISCAL ESTIGARRIB, PA",,,,,"  250",",,S","  279","H,,S"
"PA000086068","2019-05-05","-22.017","-60.6","172.0","MARISCAL ESTIGARRIB, PA",,,,,"  240",",,S","  291","H,,S"
"PA000086068","2019-05-06","-22.017","-60.6","172.0","MARISCAL ESTIGARRIB, PA",,,,,"  250",",,S","  264","H,,S"
"PA000086068","2019-05-07","-22.017","-60.6","172.0","MARISCAL ESTIGARRIB, PA","    0",",,S",,,"  205",",,S","  231","H,,S"
"PA000086068","2019-05-08","-22.017","-60.6","172.0","MARISCAL ESTIGARRIB, PA","    0",",,S",,,"  220",",,S","  263","H,,S"
"PA000086068","2019-05-09","-22.017","-60.6","172.0","MARISCAL ESTIGARRIB, PA","   41",",,S",,,"  220",",,S","  266","H,,S"
"PA000086068","2019-05-10","-22.017","-60.6","172.0","MARISCAL ESTIGARRIB, PA","    0",",,S",,,"  215",",,S","  263","H,,S"
"PA000086068","2019-05-11","-22.017","-60.6","172.0","MARISCAL ESTIGARRIB, PA","  302",",,S",,,,,"  177","H,,S"
"PA000086068","2019-05-12","-22.017","-60.6","172.0","MARISCAL ESTIGARRIB, PA","  173",",,S",,,"  130",",,S","  167","H,,S"
"PA000086068","2019-05-13","-22.017","-60.6","172.0","MARISCAL ESTIGARRIB, PA","    0",",,S",,,"  100",",,S","  161","H,,S"
"PA000086068","2019-05-14","-22.017","-60.6","172.0","MARISCAL ESTIGARRIB, PA",,,,,"  105",",,S","  172","H,,S"
"PA000086068","2019-05-15","-22.017","-60.6","172.0","MARISCAL ESTIGARRIB, PA",,,,,"   75",",,S","  158","H,,S"
"PA000086068","2019-05-16","-22.017","-60.6","172.0","MARISCAL ESTIGARRIB, PA",,,,,"  110",",,S","  189","H,,S"
"PA000086068","2019-05-20","-22.017","-60.6","172.0","MARISCAL ESTIGARRIB, PA","   10",",,S",,,"  120",",,S","  237","H,,S"
"PA000086068","2019-05-21","-22.017","-60.6","172.0","MARISCAL ESTIGARRIB, PA","    0",",,S",,,,,"  223","H,,S"
"PA000086068","2019-05-22","-22.017","-60.6","172.0","MARISCAL ESTIGARRIB, PA","    8",",,S",,,,,"  149","H,,S"
"PA000086068","2019-05-23","-22.017","-60.6","172.0","MARISCAL ESTIGARRIB, PA","   79",",,S",,,"  110",",,S","  121","H,,S"
"PA000086068","2019-05-24","-22.017","-60.6","172.0","MARISCAL ESTIGARRIB, PA","    5",",,S",,,"   66",",,S","  159","H,,S"
"PA000086068","2019-05-25","-22.017","-60.6","172.0","MARISCAL ESTIGARRIB, PA","    0",",,S",,,"   65",",,S","  132","H,,S"
"PA000086068","2019-05-26","-22.017","-60.6","172.0","MARISCAL ESTIGARRIB, PA",,,,,"  118",",,S","  193","H,,S"
"PA000086068","2019-05-27","-22.017","-60.6","172.0","MARISCAL ESTIGARRIB, PA",,,,,,,"  222","H,,S"
"PA000086068","2019-05-28","-22.017","-60.6","172.0","MARISCAL ESTIGARRIB, PA","    5",",,S",,,"  188",",,S","  199","H,,S"
"PA000086068","2019-05-29","-22.017","-60.6","172.0","MARISCAL ESTIGARRIB, PA","    0",",,S",,,"  155",",,S","  186","H,,S"
"PA000086068","2019-05-30","-22.017","-60.6","172.0","MARISCAL ESTIGARRIB, PA","   18",",,S",,,"  172",",,S","  219","H,,S"
"PA000086068","2019-05-31","-22.017","-60.6","172.0","MARISCAL ESTIGARRIB, PA","    8",",,S",,,"  178",",,S","  197","H,,S"
"PA000086068","2019-06-01","-22.017","-60.6","172.0","MARISCAL ESTIGARRIB, PA","    5",",,S",,,"  160",",,S","  184","H,,S"
"PA000086068","2019-06-02","-22.017","-60.6","172.0","MARISCAL ESTIGARRIB, PA","    0",",,S",,,"  120",",,S","  168","H,,S"
"PA000086068","2019-06-03","-22.017","-60.6","172.0","MARISCAL ESTIGARRIB, PA",,,,,"  140",",,S","  182","H,,S"
"PA000086068","2019-06-04","-22.017","-60.6","172.0","MARISCAL ESTIGARRIB, PA",,,,,"   80",",,S","  185","H,,S"
"PA000086068","2019-06-05","-22.017","-60.6","172.0","MARISCAL ESTIGARRIB, PA",,,,,"   90",",,S","  203","H,,S"
"PA000086068","2019-06-06","-22.017","-60.6","172.0","MARISCAL ESTIGARRIB, PA",,,,,"  146",",,S","  220","H,,S"
"PA000086068","2019-06-07","-22.017","-60.6","172.0","MARISCAL ESTIGARRIB, PA",,,,,"  150",",,S","  230","H,,S"
"PA000086068","2019-06-08","-22.017","-60.6","172.0","MARISCAL ESTIGARRIB, PA",,,,,"  160",",,S","  174","H,,S"
"PA000086068","2019-06-09","-22.017","-60.6","172.0","MARISCAL ESTIGARRIB, PA",,,,,"  130",",,S","  209","H,,S"
"PA000086068","2019-06-10","-22.017","-60.6","172.0","MARISCAL ESTIGARRIB, PA",,,,,"  150",",,S","  258","H,,S"
"PA000086068","2019-06-11","-22.017","-60.6","172.0","MARISCAL ESTIGARRIB, PA",,,,,"  206",",,S","  264","H,,S"
"PA000086068","2019-06-12","-22.017","-60.6","172.0","MARISCAL ESTIGARRIB, PA",,,,,"  220",",,S","  274","H,,S"
"PA000086068","2019-06-13","-22.017","-60.6","172.0","MARISCAL ESTIGARRIB, PA",,,,,"  195",",,S","  268","H,,S"
"PA000086068","2019-06-14","-22.017","-60.6","172.0","MARISCAL ESTIGARRIB, PA",,,,,"  200",",,S","  276","H,,S"
"PA000086068","2019-06-15","-22.017","-60.6","172.0","MARISCAL ESTIGARRIB, PA",,,,,"  200",",,S","  273","H,,S"
"PA000086068","2019-06-16","-22.017","-60.6","172.0","MARISCAL ESTIGARRIB, PA",,,,,,,"  179","H,,S"
"PA000086068","2019-06-17","-22.017","-60.6","172.0","MARISCAL ESTIGARRIB, PA",,,,,"  115",",,S","  135","H,,S"
"PA000086068","2019-06-18","-22.017","-60.6","172.0","MARISCAL ESTIGARRIB, PA",,,,,"  105",",,S","  137","H,,S"
"PA000086068","2019-06-19","-22.017","-60.6","172.0","MARISCAL ESTIGARRIB, PA","    0",",,S",,,"  124",",,S","  131","H,,S"
"PA000086068","2019-06-20","-22.017","-60.6","172.0","MARISCAL ESTIGARRIB, PA",,,,,"  124",",,S","  158","H,,S"
"PA000086068","2019-06-21","-22.017","-60.6","172.0","MARISCAL ESTIGARRIB, PA",,,,,"  145",",,S","  226","H,,S"
"PA000086068","2019-06-22","-22.017","-60.6","172.0","MARISCAL ESTIGARRIB, PA",,,,,"  170",",,S","  235","H,,S"
"PA000086068","2019-06-23","-22.017","-60.6","172.0","MARISCAL ESTIGARRIB, PA",,,,,"  194",",,S","  255","H,,S"
"PA000086068","2019-06-24","-22.017","-60.6","172.0","MARISCAL ESTIGARRIB, PA",,,,,"  192",",,S","  244","H,,S"
"PA000086068","2019-06-25","-22.017","-60.6","172.0","MARISCAL ESTIGARRIB, PA",,,,,"  200",",,S","  256","H,,S"
"PA000086068","2019-06-26","-22.017","-60.6","172.0","MARISCAL ESTIGARRIB, PA","   79",",,S",,,"   55",",,S","  126","H,,S"
"PA000086068","2019-06-27","-22.017","-60.6","172.0","MARISCAL ESTIGARRIB, PA","    0",",,S",,,"   60",",,S","  128","H,,S"
"PA000086068","2019-06-28","-22.017","-60.6","172.0","MARISCAL ESTIGARRIB, PA",,,,,"  120",",,S","  263","H,,S"
"PA000086068","2019-06-29","-22.017","-60.6","172.0","MARISCAL ESTIGARRIB, PA",,,,,"  248",",,S","  292","H,,S"
"PA000086068","2019-06-30","-22.017","-60.6","172.0","MARISCAL ESTIGARRIB, PA",,,,,,,"  211","H,,S"
"PA000086068","2019-07-01","-22.017","-60.6","172.0","MARISCAL ESTIGARRIB, PA",,,,,"  120",",,S","  134","H,,S"
"PA000086068","2019-07-02","-22.017","-60.6","172.0","MARISCAL ESTIGARRIB, PA",,,,,"  112",",,S","  141","H,,S"
"PA000086068","2019-07-03","-22.017","-60.6","172.0","MARISCAL ESTIGARRIB, PA","    0",",,S",,,"  115",",,S","  149","H,,S"
"PA000086068","2019-07-04","-22.017","-60.6","172.0","MARISCAL ESTIGARRIB, PA","    5",",,S",,,"  115",",,S","  141","H,,S"
"PA000086068","2019-07-05","-22.017","-60.6","172.0","MARISCAL ESTIGARRIB, PA","    0",",,S",,,"  115",",,S","  151","H,,S"
"PA000086068","2019-07-06","-22.017","-60.6","172.0","MARISCAL ESTIGARRIB, PA",,,,,"   40",",,S","  110","H,,S"
"PA000086068","2019-07-07","-22.017","-60.6","172.0","MARISCAL ESTIGARRIB, PA",,,,,"    0",",,S","   95","H,,S"
"PA000086068","2019-07-08","-22.017","-60.6","172.0","MARISCAL ESTIGARRIB, PA",,,,,,,"  132","H,,S"
"PA000086068","2019-07-09","-22.017","-60.6","172.0","MARISCAL ESTIGARRIB, PA",,,,,"  114",",,S","  211","H,,S"
"PA000086068","2019-07-10","-22.017","-60.6","172.0","MARISCAL ESTIGARRIB, PA",,,,,"  134",",,S","  278","H,,S"
"PA000086068","2019-07-11","-22.017","-60.6","172.0","MARISCAL ESTIGARRIB, PA",,,,,"  170",",,S","  256","H,,S"
"PA000086068","2019-07-12","-22.017","-60.6","172.0","MARISCAL ESTIGARRIB, PA",,,,,"  180",",,S","  252","H,,S"
"PA000086068","2019-07-13","-22.017","-60.6","172.0","MARISCAL ESTIGARRIB, PA",,,,,"  196",",,S","  237","H,,S"
"PA000086068","2019-07-14","-22.017","-60.6","172.0","MARISCAL ESTIGARRIB, PA",,,,,,,"  201","H,,S"
"PA000086068","2019-07-15","-22.017","-60.6","172.0","MARISCAL ESTIGARRIB, PA","    8",",,S",,,"  170",",,S","  176","H,,S"
"PA000086068","2019-07-16","-22.017","-60.6","172.0","MARISCAL ESTIGARRIB, PA","  211",",,S",,,"  122",",,S","  177","H,,S"
"PA000086068","2019-07-17","-22.017","-60.6","172.0","MARISCAL ESTIGARRIB, PA","    0",",,S",,,"  122",",,S","  186","H,,S"
"PA000086068","2019-07-18","-22.017","-60.6","172.0","MARISCAL ESTIGARRIB, PA",,,,,"  142",",,S","  210","H,,S"
"PA000086068","2019-07-19","-22.017","-60.6","172.0","MARISCAL ESTIGARRIB, PA",,,,,"  180",",,S","  229","H,,S"
"PA000086068","2019-07-20","-22.017","-60.6","172.0","MARISCAL ESTIGARRIB, PA",,,,,,,"  241","H,,S"
"PA000086068","2019-07-21","-22.017","-60.6","172.0","MARISCAL ESTIGARRIB, PA",,,,,"  194",",,S","  291","H,,S"
"PA000086068","2019-07-22","-22.017","-60.6","172.0","MARISCAL ESTIGARRIB, PA",,,,,"  210",",,S","  267","H,,S"
"PA000086068","2019-07-23","-22.017","-60.6","172.0","MARISCAL ESTIGARRIB, PA",,,,,,,"  160","H,,S"
"PA000086068","2019-07-24","-22.017","-60.6","172.0","MARISCAL ESTIGARRIB, PA","    3",",,S",,,,,"  114","H,,S"
"PA000086068","2019-07-26","-22.017","-60.6","172.0","MARISCAL ESTIGARRIB, PA","   18",",,S",,,"   72",",,S","  111","H,,S"
"PA000086068","2019-07-27","-22.017","-60.6","172.0","MARISCAL ESTIGARRIB, PA","    0",",,S",,,,,"  121","H,,S"
"PA000086068","2019-07-28","-22.017","-60.6","172.0","MARISCAL ESTIGARRIB, PA",,,,,"   50",",,S","  144","H,,S"
"PA000086068","2019-07-29","-22.017","-60.6","172.0","MARISCAL ESTIGARRIB, PA",,,,,"   88",",,S","  226","H,,S"
"PA000086068","2019-07-30","-22.017","-60.6","172.0","MARISCAL ESTIGARRIB, PA",,,,,"  148",",,S","  213","H,,S"
"PA000086068","2019-07-31","-22.017","-60.6","172.0","MARISCAL ESTIGARRIB, PA",,,,,"  130",",,S","  234","H,,S"
"PA000086068","2019-08-01","-22.017","-60.6","172.0","MARISCAL ESTIGARRIB, PA",,,,,"  200",",,S","  265","H,,S"
"PA000086068","2019-08-02","-22.017","-60.6","172.0","MARISCAL ESTIGARRIB, PA",,,,,"  148",",,S","  165","H,,S"
"PA000086068","2019-08-03","-22.017","-60.6","172.0","MARISCAL ESTIGARRIB, PA",,,,,"   32",",,S","  126","H,,S"
"PA000086068","2019-08-04","-22.017","-60.6","172.0","MARISCAL ESTIGARRIB, PA",,,,,,,"  116","H,,S"
"PA000086068","2019-08-05","-22.017","-60.6","172.0","MARISCAL ESTIGARRIB, PA",,,,,"    0",",,S","  131","H,,S"
"PA000086068","2019-08-06","-22.017","-60.6","172.0","MARISCAL ESTIGARRIB, PA",,,,,"   52",",,S","  153","H,,S"
"PA000086068","2019-08-07","-22.017","-60.6","172.0","MARISCAL ESTIGARRIB, PA",,,,,,,"  265","H,,S"
"PA000086068","2019-08-08","-22.017","-60.6","172.0","MARISCAL ESTIGARRIB, PA",,,,,"  148",",,S","  226","H,,S"
"PA000086068","2019-08-09","-22.017","-60.6","172.0","MARISCAL ESTIGARRIB, PA",,,,,"  120",",,S","  159","H,,S"
"PA000086068","2019-08-10","-22.017","-60.6","172.0","MARISCAL ESTIGARRIB, PA",,,,,"  120",",,S","  156","H,,S"
"PA000086068","2019-08-11","-22.017","-60.6","172.0","MARISCAL ESTIGARRIB, PA",,,,,"  100",",,S","  183","H,,S"
"PA000086068","2019-08-12","-22.017","-60.6","172.0","MARISCAL ESTIGARRIB, PA",,,,,"  112",",,S","  250","H,,S"
"PA000086068","2019-08-13","-22.017","-60.6","172.0","MARISCAL ESTIGARRIB, PA",,,,,"  136",",,S","  195","H,,S"
"PA000086068","2019-08-14","-22.017","-60.6","172.0","MARISCAL ESTIGARRIB, PA",,,,,"   90",",,S","  146","H,,S"
"PA000086068","2019-08-15","-22.017","-60.6","172.0","MARISCAL ESTIGARRIB, PA",,,,,"   80",",,S","  190","H,,S"
"PA000086068","2019-08-16","-22.017","-60.6","172.0","MARISCAL ESTIGARRIB, PA",,,,,"  100",",,S","  264","H,,S"
"PA000086068","2019-08-17","-22.017","-60.6","172.0","MARISCAL ESTIGARRIB, PA",,,,,"  214",",,S","  286","H,,S"
"PA000086068","2019-08-18","-22.017","-60.6","172.0","MARISCAL ESTIGARRIB, PA",,,,,"  206",",,S","  259","H,,S"
"PA000086068","2019-08-19","-22.017","-60.6","172.0","MARISCAL ESTIGARRIB, PA",,,,,"  142",",,S","  192","H,,S"
"PA000086068","2019-08-20","-22.017","-60.6","172.0","MARISCAL ESTIGARRIB, PA",,,,,"  104",",,S","  178","H,,S"
"PA000086068","2019-08-21","-22.017","-60.6","172.0","MARISCAL ESTIGARRIB, PA",,,,,"  116",",,S","  203","H,,S"
"PA000086068","2019-08-22","-22.017","-60.6","172.0","MARISCAL ESTIGARRIB, PA",,,,,"  134",",,S","  218","H,,S"
"PA000086068","2019-08-23","-22.017","-60.6","172.0","MARISCAL ESTIGARRIB, PA",,,,,"  122",",,S","  206","H,,S"
"PA000086068","2019-08-24","-22.017","-60.6","172.0","MARISCAL ESTIGARRIB, PA",,,,,"  132",",,S","  160","H,,S"
"PA000086068","2019-08-25","-22.017","-60.6","172.0","MARISCAL ESTIGARRIB, PA",,,,,"  166",",,S","  303","H,,S"
"PA000086068","2019-08-26","-22.017","-60.6","172.0","MARISCAL ESTIGARRIB, PA",,,,,"  184",",,S","  291","H,,S"
"PA000086068","2019-08-27","-22.017","-60.6","172.0","MARISCAL ESTIGARRIB, PA",,,,,"  172",",,S","  226","H,,S"
"PA000086068","2019-08-28","-22.017","-60.6","172.0","MARISCAL ESTIGARRIB, PA",,,,,"  200",",,S","  281","H,,S"
"PA000086068","2019-08-29","-22.017","-60.6","172.0","MARISCAL ESTIGARRIB, PA",,,,,"  212",",,S","  297","H,,S"
"PA000086068","2019-08-30","-22.017","-60.6","172.0","MARISCAL ESTIGARRIB, PA",,,,,"  238",",,S","  311","H,,S"
"PA000086068","2019-08-31","-22.017","-60.6","172.0","MARISCAL ESTIGARRIB, PA",,,,,"  184",",,S","  228","H,,S"
"PA000086068","2019-09-01","-22.017","-60.6","172.0","MARISCAL ESTIGARRIB, PA",,,,,"  178",",,S","  199","H,,S"
"PA000086068","2019-09-02","-22.017","-60.6","172.0","MARISCAL ESTIGARRIB, PA",,,,,"  110",",,S","  194","H,,S"
"PA000086068","2019-09-03","-22.017","-60.6","172.0","MARISCAL ESTIGARRIB, PA",,,,,"  150",",,S","  219","H,,S"
"PA000086068","2019-09-04","-22.017","-60.6","172.0","MARISCAL ESTIGARRIB, PA",,,,,"  162",",,S","  204","H,,S"
"PA000086068","2019-09-05","-22.017","-60.6","172.0","MARISCAL ESTIGARRIB, PA",,,,,"  156",",,S","  196","H,,S"
"PA000086068","2019-09-06","-22.017","-60.6","172.0","MARISCAL ESTIGARRIB, PA",,,,,"  145",",,S","  224","H,,S"
"PA000086068","2019-09-07","-22.017","-60.6","172.0","MARISCAL ESTIGARRIB, PA",,,,,,,"  316","H,,S"
"PA000086068","2019-09-08","-22.017","-60.6","172.0","MARISCAL ESTIGARRIB, PA",,,,,"  210",",,S","  299","H,,S"
"PA000086068","2019-09-09","-22.017","-60.6","172.0","MARISCAL ESTIGARRIB, PA",,,,,"  212",",,S","  348","H,,S"
"PA000086068","2019-09-10","-22.017","-60.6","172.0","MARISCAL ESTIGARRIB, PA",,,,,"  210",",,S","  263","H,,S"
"PA000086068","2019-09-11","-22.017","-60.6","172.0","MARISCAL ESTIGARRIB, PA",,,,,"  170",",,S","  201","H,,S"
"PA000086068","2019-09-12","-22.017","-60.6","172.0","MARISCAL ESTIGARRIB, PA",,,,,"  152",",,S","  197","H,,S"
"PA000086068","2019-09-13","-22.017","-60.6","172.0","MARISCAL ESTIGARRIB, PA",,,,,"  130",",,S","  186","H,,S"
"PA000086068","2019-09-14","-22.017","-60.6","172.0","MARISCAL ESTIGARRIB, PA",,,,,"  150",",,S","  269","H,,S"
"PA000086068","2019-09-15","-22.017","-60.6","172.0","MARISCAL ESTIGARRIB, PA",,,,,"  200",",,S","  339","H,,S"
"PA000086068","2019-09-17","-22.017","-60.6","172.0","MARISCAL ESTIGARRIB, PA",,,,,,,"  216","H,,S"
"PA000086068","2019-09-18","-22.017","-60.6","172.0","MARISCAL ESTIGARRIB, PA",,,,,"  155",",,S","  202","H,,S"
"PA000086068","2019-09-19","-22.017","-60.6","172.0","MARISCAL ESTIGARRIB, PA",,,,,"  174",",,S","  255","H,,S"
"PA000086068","2019-09-20","-22.017","-60.6","172.0","MARISCAL ESTIGARRIB, PA",,,,,"  175",",,S","  262","H,,S"
"PA000086068","2019-09-21","-22.017","-60.6","172.0","MARISCAL ESTIGARRIB, PA",,,,,"  200",",,S","  234","H,,S"
"PA000086068","2019-09-22","-22.017","-60.6","172.0","MARISCAL ESTIGARRIB, PA",,,,,"  200",",,S","  248","H,,S"
"PA000086068","2019-09-23","-22.017","-60.6","172.0","MARISCAL ESTIGARRIB, PA",,,,,"  165",",,S","  282","H,,S"
"PA000086068","2019-09-24","-22.017","-60.6","172.0","MARISCAL ESTIGARRIB, PA",,,,,"  205",",,S","  278","H,,S"
"PA000086068","2019-09-25","-22.017","-60.6","172.0","MARISCAL ESTIGARRIB, PA","    0",",,S",,,"  228",",,S","  271","H,,S"
"PA000086068","2019-09-26","-22.017","-60.6","172.0","MARISCAL ESTIGARRIB, PA","    0",",,S",,,"  152",",,S","  208","H,,S"
"PA000086068","2019-09-27","-22.017","-60.6","172.0","MARISCAL ESTIGARRIB, PA",,,,,,,"  321","H,,S"
"PA000086068","2019-09-28","-22.017","-60.6","172.0","MARISCAL ESTIGARRIB, PA",,,,,"  205",",,S","  296","H,,S"
"PA000086068","2019-09-29","-22.017","-60.6","172.0","MARISCAL ESTIGARRIB, PA",,,,,"  256",",,S","  327","H,,S"
"PA000086068","2019-09-30","-22.017","-60.6","172.0","MARISCAL ESTIGARRIB, PA",,,,,,,"  350","H,,S"
"PA000086068","2019-10-01","-22.017","-60.6","172.0","MARISCAL ESTIGARRIB, PA",,,,,"  296",",,S","  363","H,,S"
"PA000086068","2019-10-02","-22.017","-60.6","172.0","MARISCAL ESTIGARRIB, PA",,,,,,,"  225","H,,S"
"PA000086068","2019-10-03","-22.017","-60.6","172.0","MARISCAL ESTIGARRIB, PA",,,,,"  152",",,S","  189","H,,S"
"PA000086068","2019-10-04","-22.017","-60.6","172.0","MARISCAL ESTIGARRIB, PA",,,,,,,"  228","H,,S"
"PA000086068","2019-10-05","-22.017","-60.6","172.0","MARISCAL ESTIGARRIB, PA","    3",",,S",,,,,"  180","H,,S"
"PA000086068","2019-10-06","-22.017","-60.6","172.0","MARISCAL ESTIGARRIB, PA","   84",",,S",,,"  142",",,S","  156","H,,S"
"PA000086068","2019-10-07","-22.017","-60.6","172.0","MARISCAL ESTIGARRIB, PA","    0",",,S",,,"  115",",,S","  192","H,,S"
"PA000086068","2019-10-08","-22.017","-60.6","172.0","MARISCAL ESTIGARRIB, PA","    0",",,S",,,"  155",",,S","  247","H,,S"
"PA000086068","2019-10-09","-22.017","-60.6","172.0","MARISCAL ESTIGARRIB, PA",,,,,"  186",",,S","  283","H,,S"
"PA000086068","2019-10-10","-22.017","-60.6","172.0","MARISCAL ESTIGARRIB, PA",,,,,"  208",",,S","  295","H,,S"
"PA000086068","2019-10-11","-22.017","-60.6","172.0","MARISCAL ESTIGARRIB, PA",,,,,"  208",",,S","  336","H,,S"
"PA000086068","2019-10-12","-22.017","-60.6","172.0","MARISCAL ESTIGARRIB, PA",,,,,"  254",",,S","  333","H,,S"
"PA000086068","2019-10-13","-22.017","-60.6","172.0","MARISCAL ESTIGARRIB, PA",,,,,"  270",",,S","  346","H,,S"
"PA000086068","2019-10-14","-22.017","-60.6","172.0","MARISCAL ESTIGARRIB, PA",,,,,,,"  267","H,,S"
"PA000086068","2019-10-15","-22.017","-60.6","172.0","MARISCAL ESTIGARRIB, PA",,,,,"  150",",,S","  181","H,,S"
"PA000086068","2019-10-16","-22.017","-60.6","172.0","MARISCAL ESTIGARRIB, PA",,,,,"  150",",,S","  202","H,,S"
"PA000086068","2019-10-17","-22.017","-60.6","172.0","MARISCAL ESTIGARRIB, PA",,,,,"  160",",,S","  249","H,,S"
"PA000086068","2019-10-18","-22.017","-60.6","172.0","MARISCAL ESTIGARRIB, PA","   36",",,S",,,"  180",",,S","  236","H,,S"
"PA000086068","2019-10-19","-22.017","-60.6","172.0","MARISCAL ESTIGARRIB, PA","    0",",,S",,,,,"  221","H,,S"
"PA000086068","2019-10-20","-22.017","-60.6","172.0","MARISCAL ESTIGARRIB, PA",,,,,"  180",",,S","  238","H,,S"
"PA000086068","2019-10-21","-22.017","-60.6","172.0","MARISCAL ESTIGARRIB, PA",,,,,"  190",",,S","  239","H,,S"
"PA000086068","2019-10-22","-22.017","-60.6","172.0","MARISCAL ESTIGARRIB, PA",,,,,"  135",",,S","  234","H,,S"
"PA000086068","2019-10-24","-22.017","-60.6","172.0","MARISCAL ESTIGARRIB, PA",,,,,"  214",",,S","  296","H,,S"
"PA000086068","2019-10-25","-22.017","-60.6","172.0","MARISCAL ESTIGARRIB, PA",,,,,"  242",",,S","  303","H,,S"
"PA000086068","2019-10-28","-22.017","-60.6","172.0","MARISCAL ESTIGARRIB, PA",,,,,"  292",",,S","  356","H,,S"
"PA000086068","2019-10-29","-22.017","-60.6","172.0","MARISCAL ESTIGARRIB, PA",,,,,"  290",",,S","  366","H,,S"
"PA000086068","2019-10-30","-22.017","-60.6","172.0","MARISCAL ESTIGARRIB, PA",,,,,"  282",",,S","  363","H,,S"
"PA000086068","2019-10-31","-22.017","-60.6","172.0","MARISCAL ESTIGARRIB, PA",,,,,"  238",",,S","  308","H,,S"
"PA000086068","2019-11-01","-22.017","-60.6","172.0","MARISCAL ESTIGARRIB, PA",,,,,"  230",",,S","  338","H,,S"
"PA000086068","2019-11-02","-22.017","-60.6","172.0","MARISCAL ESTIGARRIB, PA",,,,,"  270",",,S","  347","H,,S"
"PA000086068","2019-11-03","-22.017","-60.6","172.0","MARISCAL ESTIGARRIB, PA","   10",",,S",,,"  268",",,S","  337","H,,S"
"PA000086068","2019-11-04","-22.017","-60.6","172.0","MARISCAL ESTIGARRIB, PA","    0",",,S",,,"  255",",,S","  341","H,,S"
"PA000086068","2019-11-05","-22.017","-60.6","172.0","MARISCAL ESTIGARRIB, PA",,,,,,,"  317","H,,S"
"PA000086068","2019-11-06","-22.017","-60.6","172.0","MARISCAL ESTIGARRIB, PA",,,,,"  242",",,S","  277","H,,S"
"PA000086068","2019-11-07","-22.017","-60.6","172.0","MARISCAL ESTIGARRIB, PA",,,,,"  246",",,S","  267","H,,S"
"PA000086068","2019-11-10","-22.017","-60.6","172.0","MARISCAL ESTIGARRIB, PA","   71",",,S",,,"  208",",,S","  247","H,,S"
"PA000086068","2019-11-11","-22.017","-60.6","172.0","MARISCAL ESTIGARRIB, PA","    0",",,S",,,"  206",",,S","  302","H,,S"
"PA000086068","2019-11-13","-22.017","-60.6","172.0","MARISCAL ESTIGARRIB, PA","   15",",,S",,,"  250",",,S","  299","H,,S"
"PA000086068","2019-11-16","-22.017","-60.6","172.0","MARISCAL ESTIGARRIB, PA",,,,,,,"  300","H,,S"
"PA000086068","2019-11-17","-22.017","-60.6","172.0","MARISCAL ESTIGARRIB, PA",,,,,"  175",",,S","  297","H,,S"
"PA000086068","2019-11-18","-22.017","-60.6","172.0","MARISCAL ESTIGARRIB, PA",,,,,,,"  311","H,,S"
"PA000086068","2019-11-19","-22.017","-60.6","172.0","MARISCAL ESTIGARRIB, PA",,,,,"  198",",,S","  338","H,,S"
"PA000086068","2019-11-20","-22.017","-60.6","172.0","MARISCAL ESTIGARRIB, PA","   13",",,S",,,"  260",",,S","  347","H,,S"
"PA000086068","2019-11-21","-22.017","-60.6","172.0","MARISCAL ESTIGARRIB, PA","    0",",,S",,,"  265",",,S","  336","H,,S"
"PA000086068","2019-11-22","-22.017","-60.6","172.0","MARISCAL ESTIGARRIB, PA",,,,,"  264",",,S","  297","H,,S"
"PA000086068","2019-11-23","-22.017","-60.6","172.0","MARISCAL ESTIGARRIB, PA",,,,,,,"  303","H,,S"
"PA000086068","2019-11-24","-22.017","-60.6","172.0","MARISCAL ESTIGARRIB, PA",,,,,"  230",",,S","  331","H,,S"
"PA000086068","2019-11-25","-22.017","-60.6","172.0","MARISCAL ESTIGARRIB, PA",,,,,"  265",",,S","  334","H,,S"
"PA000086068","2019-11-27","-22.017","-60.6","172.0","MARISCAL ESTIGARRIB, PA","  645",",,S",,,"  215",",,S","  230","H,,S"
"PA000086068","2019-11-28","-22.017","-60.6","172.0","MARISCAL ESTIGARRIB, PA","    0",",,S",,,"  200",",,S","  256","H,,S"
"PA000086068","2019-11-29","-22.017","-60.6","172.0","MARISCAL ESTIGARRIB, PA",,,,,"  242",",,S","  304","H,,S"
"PA000086068","2019-11-30","-22.017","-60.6","172.0","MARISCAL ESTIGARRIB, PA",,,,,"  270",",,S","  327","H,,S"
"PA000086068","2019-12-01","-22.017","-60.6","172.0","MARISCAL ESTIGARRIB, PA",,,,,,,"  252","H,,S"
"PA000086068","2019-12-02","-22.017","-60.6","172.0","MARISCAL ESTIGARRIB, PA","   69",",,S",,,"  208",",,S","  272","H,,S"
"PA000086068","2019-12-03","-22.017","-60.6","172.0","MARISCAL ESTIGARRIB, PA","    0",",,S",,,"  230",",,S","  275","H,,S"
"PA000086068","2019-12-04","-22.017","-60.6","172.0","MARISCAL ESTIGARRIB, PA","    0",",,S",,,"  240",",,S","  276","H,,S"
"PA000086068","2019-12-05","-22.017","-60.6","172.0","MARISCAL ESTIGARRIB, PA","   23",",,S",,,"  200",",,S","  234","H,,S"
"PA000086068","2019-12-06","-22.017","-60.6","172.0","MARISCAL ESTIGARRIB, PA","    0",",,S",,,"  166",",,S","  238","H,,S"
"PA000086068","2019-12-07","-22.017","-60.6","172.0","MARISCAL ESTIGARRIB, PA",,,,,"  226",",,S","  297","H,,S"
"PA000086068","2019-12-08","-22.017","-60.6","172.0","MARISCAL ESTIGARRIB, PA",,,,,"  230",",,S","  272","H,,S"
"PA000086068","2019-12-09","-22.017","-60.6","172.0","MARISCAL ESTIGARRIB, PA","  231",",,S",,,"  200",",,S","  244","H,,S"
"PA000086068","2019-12-10","-22.017","-60.6","172.0","MARISCAL ESTIGARRIB, PA","    0",",,S",,,"  210",",,S","  262","H,,S"
"PA000086068","2019-12-11","-22.017","-60.6","172.0","MARISCAL ESTIGARRIB, PA",,,,,"  225",",,S","  274","H,,S"
"PA000086068","2019-12-12","-22.017","-60.6","172.0","MARISCAL ESTIGARRIB, PA",,,,,"  242",",,S","  299","H,,S"
"PA000086068","2019-12-14","-22.017","-60.6","172.0","MARISCAL ESTIGARRIB, PA",,,,,"  234",",,S","  318","H,,S"
"PA000086068","2019-12-15","-22.017","-60.6","172.0","MARISCAL ESTIGARRIB, PA",,,,,"  258",",,S","  299","H,,S"
"PA000086068","2019-12-16","-22.017","-60.6","172.0","MARISCAL ESTIGARRIB, PA","  140",",,S",,,"  202",",,S","  208","H,,S"
"PA000086068","2019-12-17","-22.017","-60.6","172.0","MARISCAL ESTIGARRIB, PA","   38",",,S",,,"  198",",,S","  236","H,,S"
"PA000086068","2019-12-18","-22.017","-60.6","172.0","MARISCAL ESTIGARRIB, PA","    0",",,S",,,"  175",",,S","  244","H,,S"
"PA000086068","2019-12-19","-22.017","-60.6","172.0","MARISCAL ESTIGARRIB, PA",,,,,"  225",",,S","  298","H,,S"
"PA000086068","2019-12-20","-22.017","-60.6","172.0","MARISCAL ESTIGARRIB, PA",,,,,"  255",",,S","  319","H,,S"
"PA000086068","2019-12-21","-22.017","-60.6","172.0","MARISCAL ESTIGARRIB, PA",,,,,,,"  264","H,,S"
"PA000086068","2019-12-22","-22.017","-60.6","172.0","MARISCAL ESTIGARRIB, PA","   76",",,S",,,"  210",",,S","  251","H,,S"
"PA000086068","2019-12-23","-22.017","-60.6","172.0","MARISCAL ESTIGARRIB, PA","    0",",,S",,,"  180",",,S","  253","H,,S"
"PA000086068","2019-12-24","-22.017","-60.6","172.0","MARISCAL ESTIGARRIB, PA",,,,,"  195",",,S","  291","H,,S"
"PA000086068","2019-12-25","-22.017","-60.6","172.0","MARISCAL ESTIGARRIB, PA",,,,,"  195",",,S","  325","H,,S"
"PA000086068","2019-12-26","-22.017","-60.6","172.0","MARISCAL ESTIGARRIB, PA",,,,,"  266",",,S","  332","H,,S"
"PA000086068","2019-12-27","-22.017","-60.6","172.0","MARISCAL ESTIGARRIB, PA",,,,,"  260",",,S","  323","H,,S"
"PA000086068","2019-12-28","-22.017","-60.6","172.0","MARISCAL ESTIGARRIB, PA","   13",",,S",,,,,"  304","H,,S"
"PA000086068","2019-12-29","-22.017","-60.6","172.0","MARISCAL ESTIGARRIB, PA","    0",",,S",,,"  260",",,S","  304","H,,S"
"PA000086068","2019-12-30","-22.017","-60.6","172.0","MARISCAL ESTIGARRIB, PA",,,,,"  244",",,S","  295","H,,S"
"PA000086068","2019-12-31","-22.017","-60.6","172.0","MARISCAL ESTIGARRIB, PA",,,,,"  244",",,S","  269","H,,S"
"PA000086068","2020-01-01","-22.017","-60.6","172.0","MARISCAL ESTIGARRIB, PA",,,,,,,"  301","H,,S"
"PA000086068","2020-01-02","-22.017","-60.6","172.0","MARISCAL ESTIGARRIB, PA",,,,,"  212",",,S","  291","H,,S"
"PA000086068","2020-01-03","-22.017","-60.6","172.0","MARISCAL ESTIGARRIB, PA",,,,,"  212",",,S","  282","H,,S"
"PA000086068","2020-01-04","-22.017","-60.6","172.0","MARISCAL ESTIGARRIB, PA",,,,,"  190",",,S","  266","H,,S"
"PA000086068","2020-01-05","-22.017","-60.6","172.0","MARISCAL ESTIGARRIB, PA",,,,,"  200",",,S","  318","H,,S"
"PA000086068","2020-01-06","-22.017","-60.6","172.0","MARISCAL ESTIGARRIB, PA",,,,,"  276",",,S","  307","H,,S"
"PA000086068","2020-01-07","-22.017","-60.6","172.0","MARISCAL ESTIGARRIB, PA",,,,,"  238",",,S","  265","H,,S"
"PA000086068","2020-01-08","-22.017","-60.6","172.0","MARISCAL ESTIGARRIB, PA",,,,,"  232",",,S","  288","H,,S"
"PA000086068","2020-01-09","-22.017","-60.6","172.0","MARISCAL ESTIGARRIB, PA",,,,,"  225",",,S","  295","H,,S"
"PA000086068","2020-01-10","-22.017","-60.6","172.0","MARISCAL ESTIGARRIB, PA",,,,,"  275",",,S","  320","H,,S"
"PA000086068","2020-01-11","-22.017","-60.6","172.0","MARISCAL ESTIGARRIB, PA",,,,,"  268",",,S","  318","H,,S"
"PA000086068","2020-01-12","-22.017","-60.6","172.0","MARISCAL ESTIGARRIB, PA",,,,,"  264",",,S","  336","H,,S"
"PA000086068","2020-01-13","-22.017","-60.6","172.0","MARISCAL ESTIGARRIB, PA","   94",",,S",,,"  260",",,S","  293","H,,S"
"PA000086068","2020-01-14","-22.017","-60.6","172.0","MARISCAL ESTIGARRIB, PA","  617",",,S",,,"  250",",,S","  289","H,,S"
"PA000086068","2020-01-15","-22.017","-60.6","172.0","MARISCAL ESTIGARRIB, PA","    0",",,S",,,"  268",",,S","  325","H,,S"
"PA000086068","2020-01-16","-22.017","-60.6","172.0","MARISCAL ESTIGARRIB, PA",,,,,"  250",",,S","  318","H,,S"
"PA000086068","2020-01-17","-22.017","-60.6","172.0","MARISCAL ESTIGARRIB, PA","    8",",,S",,,"  232",",,S","  241","H,,S"
"PA000086068","2020-01-18","-22.017","-60.6","172.0","MARISCAL ESTIGARRIB, PA","    0",",,S",,,,,"  242","H,,S"
"PA000086068","2020-01-19","-22.017","-60.6","172.0","MARISCAL ESTIGARRIB, PA",,,,,"  236",",,S","  354","H,,S"
"PA000086068","2020-01-20","-22.017","-60.6","172.0","MARISCAL ESTIGARRIB, PA",,,,,"  272",",,S","  346","H,,S"
"PA000086068","2020-01-21","-22.017","-60.6","172.0","MARISCAL ESTIGARRIB, PA",,,,,"  282",",,S","  338","H,,S"
"PA000086068","2020-01-22","-22.017","-60.6","172.0","MARISCAL ESTIGARRIB, PA",,,,,"  240",",,S","  290","H,,S"
"PA000086068","2020-01-23","-22.017","-60.6","172.0","MARISCAL ESTIGARRIB, PA",,,,,"  245",",,S","  296","H,,S"
"PA000086068","2020-01-24","-22.017","-60.6","172.0","MARISCAL ESTIGARRIB, PA",,,,,"  200",",,S","  274","H,,S"
"PA000086068","2020-01-27","-22.017","-60.6","172.0","MARISCAL ESTIGARRIB, PA",,,,,"  225",",,S","  306","H,,S"
"PA000086068","2020-01-28","-22.017","-60.6","172.0","MARISCAL ESTIGARRIB, PA",,,,,"  250",",,S","  292","H,,S"
"PA000086068","2020-01-29","-22.017","-60.6","172.0","MARISCAL ESTIGARRIB, PA",,,"  340",",,S","  252",",,S","  267","H,,S"
"PA000086068","2020-01-31","-22.017","-60.6","172.0","MARISCAL ESTIGARRIB, PA",,,,,,,"  249","H,,S"
"PA000086068","2020-02-02","-22.017","-60.6","172.0","MARISCAL ESTIGARRIB, PA",,,,,"  246",",,S","  306","H,,S"
"PA000086068","2020-02-05","-22.017","-60.6","172.0","MARISCAL ESTIGARRIB, PA",,,,,"  266",",,S","  308","H,,S"
"PA000086068","2020-02-06","-22.017","-60.6","172.0","MARISCAL ESTIGARRIB, PA",,,,,"  265",",,S","  313","H,,S"
"PA000086068","2020-02-07","-22.017","-60.6","172.0","MARISCAL ESTIGARRIB, PA",,,,,"  276",",,S","  308","H,,S"
"PA000086068","2020-02-08","-22.017","-60.6","172.0","MARISCAL ESTIGARRIB, PA",,,,,"  252",",,S","  309","H,,S"
"PA000086068","2020-02-09","-22.017","-60.6","172.0","MARISCAL ESTIGARRIB, PA","  178",",,S","  382",",,S","  244",",,S","  301","H,,S"
"PA000086068","2020-02-11","-22.017","-60.6","172.0","MARISCAL ESTIGARRIB, PA",,,,,"  232",",,S","  302","H,,S"
"PA000086068","2020-02-12","-22.017","-60.6","172.0","MARISCAL ESTIGARRIB, PA",,,,,"  238",",,S","  313","H,,S"
"PA000086068","2020-02-13","-22.017","-60.6","172.0","MARISCAL ESTIGARRIB, PA",,,,,"  260",",,S","  318","H,,S"
"PA000086068","2020-02-14","-22.017","-60.6","172.0","MARISCAL ESTIGARRIB, PA",,,,,,,"  301","H,,S"
"PA000086068","2020-02-16","-22.017","-60.6","172.0","MARISCAL ESTIGARRIB, PA",,,,,"  268",",,S","  329","H,,S"
"PA000086068","2020-02-17","-22.017","-60.6","172.0","MARISCAL ESTIGARRIB, PA",,,,,"  275",",,S","  336","H,,S"
"PA000086068","2020-02-18","-22.017","-60.6","172.0","MARISCAL ESTIGARRIB, PA",,,,,"  290",",,S","  331","H,,S"
"PA000086068","2020-02-19","-22.017","-60.6","172.0","MARISCAL ESTIGARRIB, PA",,,,,,,"  281","H,,S"
"PA000086068","2020-02-20","-22.017","-60.6","172.0","MARISCAL ESTIGARRIB, PA",,,,,"  236",",,S","  274","H,,S"
"PA000086068","2020-02-21","-22.017","-60.6","172.0","MARISCAL ESTIGARRIB, PA","  361",",,S",,,"  225",",,S","  261","H,,S"
"PA000086068","2020-02-22","-22.017","-60.6","172.0","MARISCAL ESTIGARRIB, PA","    0",",,S",,,,,"  242","H,,S"
"PA000086068","2020-02-23","-22.017","-60.6","172.0","MARISCAL ESTIGARRIB, PA",,,,,"  148",",,S","  229","H,,S"
"PA000086068","2020-02-25","-22.017","-60.6","172.0","MARISCAL ESTIGARRIB, PA",,,,,"  244",",,S","  273","H,,S"
"PA000086068","2020-02-26","-22.017","-60.6","172.0","MARISCAL ESTIGARRIB, PA","   66",",,S",,,"  220",",,S","  266","H,,S"
"PA000086068","2020-02-27","-22.017","-60.6","172.0","MARISCAL ESTIGARRIB, PA","    0",",,S",,,"  160",",,S","  233","H,,S"
"PA000086068","2020-02-28","-22.017","-60.6","172.0","MARISCAL ESTIGARRIB, PA",,,,,"  150",",,S","  252","H,,S"
"PA000086068","2020-02-29","-22.017","-60.6","172.0","MARISCAL ESTIGARRIB, PA",,,,,"  180",",,S","  288","H,,S"
"PA000086068","2020-03-01","-22.017","-60.6","172.0","MARISCAL ESTIGARRIB, PA",,,,,"  170",",,S","  269","H,,S"
"PA000086068","2020-03-02","-22.017","-60.6","172.0","MARISCAL ESTIGARRIB, PA",,,,,"  220",",,S","  296","H,,S"
"PA000086068","2020-03-03","-22.017","-60.6","172.0","MARISCAL ESTIGARRIB, PA",,,,,"  190",",,S","  273","H,,S"
"PA000086068","2020-03-04","-22.017","-60.6","172.0","MARISCAL ESTIGARRIB, PA",,,,,"  184",",,S","  304","H,,S"
"PA000086068","2020-03-05","-22.017","-60.6","172.0","MARISCAL ESTIGARRIB, PA",,,,,"  192",",,S","  296","H,,S"
"PA000086068","2020-03-06","-22.017","-60.6","172.0","MARISCAL ESTIGARRIB, PA",,,,,"  200",",,S","  309","H,,S"
"PA000086068","2020-03-07","-22.017","-60.6","172.0","MARISCAL ESTIGARRIB, PA",,,,,"  200",",,S","  309","H,,S"
"PA000086068","2020-03-08","-22.017","-60.6","172.0","MARISCAL ESTIGARRIB, PA",,,,,"  245",",,S","  338","H,,S"
"PA000086068","2020-03-09","-22.017","-60.6","172.0","MARISCAL ESTIGARRIB, PA",,,,,,,"  336","H,,S"
"PA000086068","2020-03-10","-22.017","-60.6","172.0","MARISCAL ESTIGARRIB, PA",,,,,"  256",",,S","  334","H,,S"
"PA000086068","2020-03-11","-22.017","-60.6","172.0","MARISCAL ESTIGARRIB, PA",,,,,"  245",",,S","  323","H,,S"
"PA000086068","2020-03-12","-22.017","-60.6","172.0","MARISCAL ESTIGARRIB, PA",,,,,"  255",",,S","  326","H,,S"
"PA000086068","2020-03-13","-22.017","-60.6","172.0","MARISCAL ESTIGARRIB, PA",,,,,"  258",",,S","  329","H,,S"
"PA000086068","2020-03-14","-22.017","-60.6","172.0","MARISCAL ESTIGARRIB, PA",,,,,,,"  337","H,,S"
"PA000086068","2020-03-15","-22.017","-60.6","172.0","MARISCAL ESTIGARRIB, PA",,,,,,,"  321","H,,S"
"PA000086068","2020-03-16","-22.017","-60.6","172.0","MARISCAL ESTIGARRIB, PA","    0",",,S",,,"  240",",,S","  262","H,,S"
"PA000086068","2020-03-17","-22.017","-60.6","172.0","MARISCAL ESTIGARRIB, PA",,,,,"  222",",,S","  285","H,,S"
"PA000086068","2020-03-18","-22.017","-60.6","172.0","MARISCAL ESTIGARRIB, PA","    3",",,S",,,"  246",",,S","  318","H,,S"
"PA000086068","2020-03-19","-22.017","-60.6","172.0","MARISCAL ESTIGARRIB, PA","    0",",,S",,,"  260",",,S","  283","H,,S"
"PA000086068","2020-03-20","-22.017","-60.6","172.0","MARISCAL ESTIGARRIB, PA","   33",",,S",,,"  228",",,S","  258","H,,S"
"PA000086068","2020-03-21","-22.017","-60.6","172.0","MARISCAL ESTIGARRIB, PA","    0",",,S",,,"  152",",,S","  241","H,,S"
"PA000086068","2020-03-22","-22.017","-60.6","172.0","MARISCAL ESTIGARRIB, PA",,,,,"  156",",,S","  245","H,,S"
"PA000086068","2020-03-23","-22.017","-60.6","172.0","MARISCAL ESTIGARRIB, PA",,,,,"  200",",,S","  306","H,,S"
"PA000086068","2020-03-24","-22.017","-60.6","172.0","MARISCAL ESTIGARRIB, PA",,,,,"  226",",,S","  303","H,,S"
"PA000086068","2020-03-27","-22.017","-60.6","172.0","MARISCAL ESTIGARRIB, PA",,,,,"  224",",,S","  261","H,,S"
"PA000086068","2020-03-28","-22.017","-60.6","172.0","MARISCAL ESTIGARRIB, PA","   10",",,S",,,"  228",",,S","  261","H,,S"
"PA000086068","2020-04-01","-22.017","-60.6","172.0","MARISCAL ESTIGARRIB, PA",,,,,"  240",",,S","  295","H,,S"
"PA000086068","2020-04-02","-22.017","-60.6","172.0","MARISCAL ESTIGARRIB, PA",,,,,"  252",",,S","  300","H,,S"
"PA000086068","2020-04-05","-22.017","-60.6","172.0","MARISCAL ESTIGARRIB, PA",,,,,"  172",",,S","  261","H,,S"
"PA000086068","2020-04-06","-22.017","-60.6","172.0","MARISCAL ESTIGARRIB, PA",,,,,"  244",",,S","  290","H,,S"
"PA000086068","2020-04-07","-22.017","-60.6","172.0","MARISCAL ESTIGARRIB, PA",,,,,"  220",",,S","  262","H,,S"
"PA000086068","2020-04-09","-22.017","-60.6","172.0","MARISCAL ESTIGARRIB, PA",,,,,"  110",",,S","  187","H,,S"
"PA000086068","2020-04-13","-22.017","-60.6","172.0","MARISCAL ESTIGARRIB, PA",,,,,"  160",",,S","  252","H,,S"
"PA000086068","2020-04-14","-22.017","-60.6","172.0","MARISCAL ESTIGARRIB, PA",,,,,"  162",",,S","  227","H,,S"
"PA000086068","2020-04-15","-22.017","-60.6","172.0","MARISCAL ESTIGARRIB, PA",,,,,"  106",",,S","  209","H,,S"
"PA000086068","2020-04-16","-22.017","-60.6","172.0","MARISCAL ESTIGARRIB, PA",,,,,"  104",",,S","  201","H,,S"
"PA000086068","2020-04-17","-22.017","-60.6","172.0","MARISCAL ESTIGARRIB, PA",,,,,"  114",",,S","  193","H,,S"
"PA000086068","2020-04-18","-22.017","-60.6","172.0","MARISCAL ESTIGARRIB, PA",,,,,"  100",",,S","  183","H,,S"
"PA000086068","2020-04-19","-22.017","-60.6","172.0","MARISCAL ESTIGARRIB, PA",,,,,"  100",",,S","  211","H,,S"
"PA000086068","2020-04-20","-22.017","-60.6","172.0","MARISCAL ESTIGARRIB, PA",,,,,"  142",",,S","  256","H,,S"
"PA000086068","2020-04-21","-22.017","-60.6","172.0","MARISCAL ESTIGARRIB, PA",,,,,"  185",",,S","  283","H,,S"
"PA000086068","2020-04-22","-22.017","-60.6","172.0","MARISCAL ESTIGARRIB, PA",,,,,"  178",",,S","  289","H,,S"
"PA000086068","2020-04-23","-22.017","-60.6","172.0","MARISCAL ESTIGARRIB, PA",,,,,"  194",",,S","  304","H,,S"
"PA000086068","2020-04-24","-22.017","-60.6","172.0","MARISCAL ESTIGARRIB, PA",,,,,"  200",",,S","  285","H,,S"
"PA000086068","2020-04-25","-22.017","-60.6","172.0","MARISCAL ESTIGARRIB, PA",,,,,"  220",",,S","  301","H,,S"
"PA000086068","2020-04-26","-22.017","-60.6","172.0","MARISCAL ESTIGARRIB, PA",,,,,"  230",",,S","  314","H,,S"
"PA000086068","2020-04-27","-22.017","-60.6","172.0","MARISCAL ESTIGARRIB, PA",,,,,"  242",",,S","  304","H,,S"
"PA000086068","2020-04-28","-22.017","-60.6","172.0","MARISCAL ESTIGARRIB, PA",,,,,"  242",",,S","  290","H,,S"
"PA000086068","2020-04-29","-22.017","-60.6","172.0","MARISCAL ESTIGARRIB, PA","  358",",,S",,,"  210",",,S","  253","H,,S"
"PA000086068","2020-04-30","-22.017","-60.6","172.0","MARISCAL ESTIGARRIB, PA","    5",",,S",,,"  190",",,S","  245","H,,S"
"PA000086068","2020-05-01","-22.017","-60.6","172.0","MARISCAL ESTIGARRIB, PA","    0",",,S",,,"  200",",,S","  254","H,,S"
"PA000086068","2020-05-02","-22.017","-60.6","172.0","MARISCAL ESTIGARRIB, PA",,,,,,,"  227","H,,S"
"PA000086068","2020-05-03","-22.017","-60.6","172.0","MARISCAL ESTIGARRIB, PA",,,,,"  182",",,S","  228","H,,S"
"PA000086068","2020-05-04","-22.017","-60.6","172.0","MARISCAL ESTIGARRIB, PA",,,,,"  182",",,S","  274","H,,S"
"PA000086068","2020-05-05","-22.017","-60.6","172.0","MARISCAL ESTIGARRIB, PA",,,,,"  226",",,S","  257","H,,S"
"PA000086068","2020-05-06","-22.017","-60.6","172.0","MARISCAL ESTIGARRIB, PA","   79",",,S",,,"  170",",,S","  195","H,,S"
"PA000086068","2020-05-08","-22.017","-60.6","172.0","MARISCAL ESTIGARRIB, PA",,,,,"   35",",,S","  193","H,,S"
"PA000086068","2020-05-09","-22.017","-60.6","172.0","MARISCAL ESTIGARRIB, PA",,,,,"  105",",,S","  194","H,,S"
"PA000086068","2020-05-10","-22.017","-60.6","172.0","MARISCAL ESTIGARRIB, PA",,,,,"  128",",,S","  236","H,,S"
"PA000086068","2020-05-11","-22.017","-60.6","172.0","MARISCAL ESTIGARRIB, PA",,,,,"  192",",,S","  264","H,,S"
"PA000086068","2020-05-12","-22.017","-60.6","172.0","MARISCAL ESTIGARRIB, PA",,,,,"  176",",,S","  222","H,,S"
"PA000086068","2020-05-13","-22.017","-60.6","172.0","MARISCAL ESTIGARRIB, PA",,,,,"  172",",,S","  193","H,,S"
"PA000086068","2020-05-14","-22.017","-60.6","172.0","MARISCAL ESTIGARRIB, PA",,,,,"  140",",,S","  206","H,,S"
"PA000086068","2020-05-15","-22.017","-60.6","172.0","MARISCAL ESTIGARRIB, PA",,,,,"   75",",,S","  170","H,,S"
"PA000086068","2020-05-16","-22.017","-60.6","172.0","MARISCAL ESTIGARRIB, PA",,,,,"   80",",,S","  190","H,,S"
"PA000086068","2020-05-17","-22.017","-60.6","172.0","MARISCAL ESTIGARRIB, PA",,,,,"   86",",,S","  176","H,,S"
"PA000086068","2020-05-18","-22.017","-60.6","172.0","MARISCAL ESTIGARRIB, PA",,,,,"  104",",,S","  213","H,,S"
"PA000086068","2020-05-19","-22.017","-60.6","172.0","MARISCAL ESTIGARRIB, PA",,,,,"  172",",,S","  238","H,,S"
"PA000086068","2020-05-20","-22.017","-60.6","172.0","MARISCAL ESTIGARRIB, PA",,,,,"  220",",,S","  291","H,,S"
"PA000086068","2020-05-21","-22.017","-60.6","172.0","MARISCAL ESTIGARRIB, PA",,,,,"  256",",,S","  289","H,,S"
"PA000086068","2020-05-22","-22.017","-60.6","172.0","MARISCAL ESTIGARRIB, PA","  102",",,S",,,,,"  186","H,,S"
"PA000086068","2020-05-23","-22.017","-60.6","172.0","MARISCAL ESTIGARRIB, PA","    0",",,S",,,"   76",",,S","  140","H,,S"
"PA000086068","2020-05-24","-22.017","-60.6","172.0","MARISCAL ESTIGARRIB, PA",,,,,"   24",",,S","  126","H,,S"
"PA000086068","2020-05-25","-22.017","-60.6","172.0","MARISCAL ESTIGARRIB, PA",,,,,"   42",",,S","  163","H,,S"
"PA000086068","2020-05-26","-22.017","-60.6","172.0","MARISCAL ESTIGARRIB, PA",,,,,"   80",",,S","  109","H,,S"
"PA000086068","2020-05-27","-22.017","-60.6","172.0","MARISCAL ESTIGARRIB, PA",,,,,"   62",",,S","  199","H,,S"
"PA000086068","2020-05-28","-22.017","-60.6","172.0","MARISCAL ESTIGARRIB, PA",,,,,"  110",",,S","  201","H,,S"
"PA000086068","2020-05-29","-22.017","-60.6","172.0","MARISCAL ESTIGARRIB, PA",,,,,"  130",",,S","  217","H,,S"
"PA000086068","2020-05-30","-22.017","-60.6","172.0","MARISCAL ESTIGARRIB, PA",,,,,"  138",",,S","  236","H,,S"
"PA000086068","2020-05-31","-22.017","-60.6","172.0","MARISCAL ESTIGARRIB, PA",,,,,"  132",",,S","  199","H,,S"
"PA000086068","2020-06-01","-22.017","-60.6","172.0","MARISCAL ESTIGARRIB, PA",,,,,"  128",",,S","  142","H,,S"
"PA000086068","2020-06-02","-22.017","-60.6","172.0","MARISCAL ESTIGARRIB, PA",,,,,"  114",",,S","  145","H,,S"
"PA000086068","2020-06-03","-22.017","-60.6","172.0","MARISCAL ESTIGARRIB, PA",,,,,"  106",",,S","  135","H,,S"
