"RSM00034267","2016-02-06","50.367","44.117","102.0","DANILOVKA, RS","    0","B,,S","   51",",,S","    2",",,S",,,"  -20","H,,S"
"RSM00034267","2016-02-07","50.367","44.117","102.0","DANILOVKA, RS","    0","B,,S","   51",",,S","    7",",,S",,,"  -28","H,,S"
"RSM00034267","2016-02-08","50.367","44.117","102.0","DANILOVKA, RS","    0","B,,S","   51",",,S","    8",",,S","  -98",",,S","  -47","H,,S"
"RSM00034267","2016-02-09","50.367","44.117","102.0","DANILOVKA, RS","    0","B,,S","   51",",,S","   26",",,S","  -90",",,S","  -27","H,,S"
"RSM00034267","2016-02-10","50.367","44.117","102.0","DANILOVKA, RS","    0","B,,S","   51",",,S","   19",",,S","  -44",",,S","  -18","H,,S"
"RSM00034267","2016-02-11","50.367","44.117","102.0","DANILOVKA, RS",,,"   41",",,S",,,"  -43",",,S","  -13","H,,S"
"RSM00034267","2016-02-12","50.367","44.117","102.0","DANILOVKA, RS","    5","B,,S","   41",",,S",,,"  -35",",,S","  -11","H,,S"
"RSM00034267","2016-02-13","50.367","44.117","102.0","DANILOVKA, RS","   10","B,,S","   51",",,S",,,"  -24",",,S","   -7","H,,S"
"RSM00034267","2016-02-14","50.367","44.117","102.0","DANILOVKA, RS","   25","B,,S","   61",",,S",,,"   -3",",,S","   12","H,,S"
"RSM00034267","2016-02-15","50.367","44.117","102.0","DANILOVKA, RS",,,"   41",",,S",,,"    9",",,S","   14","H,,S"
"RSM00034267","2016-02-16","50.367","44.117","102.0","DANILOVKA, RS","   36","B,,S","   30",",,S",,,"   12",",,S","   39","H,,S"
"RSM00034267","2016-02-17","50.367","44.117","102.0","DANILOVKA, RS","    0","B,,S",,,,,,,"   -1","H,,S"
"RSM00034267","2016-02-18","50.367","44.117","102.0","DANILOVKA, RS","    0","B,,S",,,"   -7",",,S","  -31",",,S","  -20","H,,S"
"RSM00034267","2016-02-19","50.367","44.117","102.0","DANILOVKA, RS","   10","B,,S","   30",",,S","  -12",",,S",,,"  -36","H,,S"
"RSM00034267","2016-02-20","50.367","44.117","102.0","DANILOVKA, RS","    0","B,,S","   20",",,S","  -20",",,S","  -75",",,S","  -37","H,,S"
"RSM00034267","2016-02-21","50.367","44.117","102.0","DANILOVKA, RS","    8","B,,S","   10",",,S","  -18",",,S","  -76",",,S","  -45","H,,S"
"RSM00034267","2016-02-22","50.367","44.117","102.0","DANILOVKA, RS","   30","B,,S","   10",",,S",,,"  -51",",,S","   -8","H,,S"
"RSM00034267","2016-02-23","50.367","44.117","102.0","DANILOVKA, RS","   10","B,,S","   10",",,S","   55",",,S","    5",",,S","   37","H,,S"
"RSM00034267","2016-02-24","50.367","44.117","102.0","DANILOVKA, RS","    0","B,,S",,,"   59",",,S","   18",",,S","   36","H,,S"
"RSM00034267","2016-02-25","50.367","44.117","102.0","DANILOVKA, RS","   23","B,,S",,,"   61",",,S","   17",",,S","   35","H,,S"
"RSM00034267","2016-02-26","50.367","44.117","102.0","DANILOVKA, RS","    0","B,,S",,,"   52",",,S",,,"    6","H,,S"
"RSM00034267","2016-02-27","50.367","44.117","102.0","DANILOVKA, RS","   20","B,,S",,,"   42",",,S","  -31",",,S","   22","H,,S"
"RSM00034267","2016-02-28","50.367","44.117","102.0","DANILOVKA, RS","   64","B,,S",,,"   39",",,S","   17",",,S","   26","H,,S"
"RSM00034267","2016-02-29","50.367","44.117","102.0","DANILOVKA, RS","    0","B,,S",,,"   38",",,S","    6",",,S","   18","H,,S"
"RSM00034267","2016-03-01","50.367","44.117","102.0","DANILOVKA, RS","    0","B,,S",,,"   50",",,S","    3",",,S","   29","H,,S"
"RSM00034267","2016-03-02","50.367","44.117","102.0","DANILOVKA, RS","    5","B,,S",,,,,"    7",",,S","   22","H,,S"
"RSM00034267","2016-03-03","50.367","44.117","102.0","DANILOVKA, RS","    5","B,,S",,,"   59",",,S","   25",",,S","   37","H,,S"
"RSM00034267","2016-03-04","50.367","44.117","102.0","DANILOVKA, RS","    0","B,,S",,,"   51",",,S",,,"   32","H,,S"
"RSM00034267","2016-03-05","50.367","44.117","102.0","DANILOVKA, RS","    5","B,,S",,,"  113",",,S","   20",",,S","   55","H,,S"
"RSM00034267","2016-03-06","50.367","44.117","102.0","DANILOVKA, RS","    0","B,,S",,,"  119",",,S","   54",",,S","   78","H,,S"
"RSM00034267","2016-03-07","50.367","44.117","102.0","DANILOVKA, RS","   20","B,,S",,,"  101",",,S",,,"   73","H,,S"
"RSM00034267","2016-03-08","50.367","44.117","102.0","DANILOVKA, RS","    0","B,,S",,,"  120",",,S","   20",",,S","   52","H,,S"
"RSM00034267","2016-03-09","50.367","44.117","102.0","DANILOVKA, RS","    0","B,,S",,,"   46",",,S","    3",",,S","   22","H,,S"
"RSM00034267","2016-03-10","50.367","44.117","102.0","DANILOVKA, RS","    0","B,,S",,,"   40",",,S","    3",",,S","   19","H,,S"
"RSM00034267","2016-03-11","50.367","44.117","102.0","DANILOVKA, RS",,,,,,,"    6",",,S","   31","H,,S"
"RSM00034267","2016-03-12","50.367","44.117","102.0","DANILOVKA, RS","    0","B,,S",,,"  108",",,S","   26",",,S","   58","H,,S"
"RSM00034267","2016-03-13","50.367","44.117","102.0","DANILOVKA, RS","   20","B,,S",,,"   88",",,S","   22",",,S","   43","H,,S"
"RSM00034267","2016-03-14","50.367","44.117","102.0","DANILOVKA, RS","   79","B,,S","   10",",,S",,,,,"    0","H,,S"
"RSM00034267","2016-03-15","50.367","44.117","102.0","DANILOVKA, RS","    0","B,,S","   10",",,S","    4",",,S",,,"  -23","H,,S"
"RSM00034267","2016-03-16","50.367","44.117","102.0","DANILOVKA, RS","    0","B,,S",,,"   36",",,S","  -75",",,S","   -8","H,,S"
"RSM00034267","2016-03-17","50.367","44.117","102.0","DANILOVKA, RS","    0","B,,S",,,"   66",",,S","    4",",,S","   28","H,,S"
"RSM00034267","2016-03-18","50.367","44.117","102.0","DANILOVKA, RS","    8","B,,S",,,"   66",",,S","    9",",,S","   39","H,,S"
"RSM00034267","2016-03-19","50.367","44.117","102.0","DANILOVKA, RS","   30","B,,S",,,,,,,"  -26","H,,S"
"RSM00034267","2016-03-20","50.367","44.117","102.0","DANILOVKA, RS","    0","B,,S",,,"    9",",,S","  -93",",,S","  -36","H,,S"
"RSM00034267","2016-03-21","50.367","44.117","102.0","DANILOVKA, RS","   43","B,,S","   71",",,S","    2",",,S",,,"  -25","H,,S"
"RSM00034267","2016-03-22","50.367","44.117","102.0","DANILOVKA, RS","   51","B,,S","   79",",,S","   57",",,S","  -44",",,S","   15","H,,S"
"RSM00034267","2016-03-23","50.367","44.117","102.0","DANILOVKA, RS","  140","B,,S",,,"   38",",,S",,,"   20","H,,S"
"RSM00034267","2016-03-24","50.367","44.117","102.0","DANILOVKA, RS","    5","B,,S",,,"   72",",,S","  -21",",,S","   31","H,,S"
"RSM00034267","2016-03-25","50.367","44.117","102.0","DANILOVKA, RS","    8","B,,S",,,"  150",",,S","   45",",,S","   82","H,,S"
"RSM00034267","2016-03-26","50.367","44.117","102.0","DANILOVKA, RS","    0","B,,S",,,"  106",",,S",,,"   75","H,,S"
"RSM00034267","2016-03-27","50.367","44.117","102.0","DANILOVKA, RS","    0","B,,S",,,"   69",",,S","   33",",,S","   49","H,,S"
"RSM00034267","2016-03-28","50.367","44.117","102.0","DANILOVKA, RS","    0","B,,S",,,"   95",",,S",,,"   51","H,,S"
"RSM00034267","2016-03-29","50.367","44.117","102.0","DANILOVKA, RS","    0","B,,S",,,"  103",",,S","  -12",",,S","   57","H,,S"
"RSM00034267","2016-03-30","50.367","44.117","102.0","DANILOVKA, RS","   10","B,,S",,,"  123",",,S","   38",",,S","   74","H,,S"
"RSM00034267","2016-03-31","50.367","44.117","102.0","DANILOVKA, RS","    0","B,,S",,,"  130",",,S","   35",",,S","   83","H,,S"
"RSM00034267","2016-06-23","50.367","44.117","102.0","DANILOVKA, RS",,,,,,,,,"  228","H,,S"
"RSM00034267","2016-07-20","50.367","44.117","102.0","DANILOVKA, RS",,,,,,,"  179",",,S","  212","H,,S"
"RSM00034267","2016-07-21","50.367","44.117","102.0","DANILOVKA, RS",,,,,,,"  139",",,S","  224","H,,S"
"RSM00034267","2016-08-22","50.367","44.117","102.0","DANILOVKA, RS",,,,,,,,,"  288","H,,S"
"RSM00034267","2016-08-23","50.367","44.117","102.0","DANILOVKA, RS",,,,,,,"  146",",,S","  278","H,,S"
"RSM00034267","2016-08-24","50.367","44.117","102.0","DANILOVKA, RS",,,,,,,"  126",",,S","  243","H,,S"
"RSM00034267","2016-08-25","50.367","44.117","102.0","DANILOVKA, RS",,,,,,,"  128",",,S","  221","H,,S"
"RSM00034267","2016-08-26","50.367","44.117","102.0","DANILOVKA, RS",,,,,,,,,"  250","H,,S"
"RSM00034267","2016-09-02","50.367","44.117","102.0","DANILOVKA, RS",,,,,,,,,"  135","H,,S"
"RSM00034267","2016-09-25","50.367","44.117","102.0","DANILOVKA, RS","  239","B,,S",,,,,,,"   86","H,,S"
"RSM00034267","2016-09-26","50.367","44.117","102.0","DANILOVKA, RS",,,,,,,"   76",",,S","   83","H,,S"
"RSM00034267","2016-09-28","50.367","44.117","102.0","DANILOVKA, RS",,,,,,,,,"   87","H,,S"
"RSM00034267","2016-09-30","50.367","44.117","102.0","DANILOVKA, RS",,,,,,,"   21",",,S","   95","H,,S"
"RSM00034267","2016-10-27","50.367","44.117","102.0","DANILOVKA, RS",,,,,"   40",",,S",,,"   18","H,,S"
"RSM00034267","2016-10-28","50.367","44.117","102.0","DANILOVKA, RS","    0","B,,S",,,"   33",",,S","   -1",",,S","   11","H,,S"
"RSM00034267","2016-10-29","50.367","44.117","102.0","DANILOVKA, RS","    5","B,,S",,,"   25",",,S","    0",",,S","   10","H,,S"
"RSM00034267","2016-10-30","50.367","44.117","102.0","DANILOVKA, RS","   23","B,,S",,,"   45",",,S",,,"   20","H,,S"
"RSM00034267","2016-10-31","50.367","44.117","102.0","DANILOVKA, RS","  180","B,,S","   51",",,S","   26",",,S",,,"    4","H,,S"
"RSM00034267","2016-11-01","50.367","44.117","102.0","DANILOVKA, RS","    0","B,,S","   10",",,S","   11",",,S","  -12",",,S","    1","H,,S"
"RSM00034267","2016-11-02","50.367","44.117","102.0","DANILOVKA, RS","    3","B,,S",,,"    2",",,S","  -15",",,S","   -9","H,,S"
"RSM00034267","2016-11-03","50.367","44.117","102.0","DANILOVKA, RS","   79","B,,S",,,"   17",",,S","  -14",",,S","    1","H,,S"
"RSM00034267","2016-11-04","50.367","44.117","102.0","DANILOVKA, RS","  119","B,,S","   20",",,S","   53",",,S","   -3",",,S","   27","H,,S"
"RSM00034267","2016-11-05","50.367","44.117","102.0","DANILOVKA, RS","    0","B,,S",,,"   36",",,S",,,"   11","H,,S"
"RSM00034267","2016-11-06","50.367","44.117","102.0","DANILOVKA, RS","    0","B,,S",,,"   38",",,S","  -49",",,S","    3","H,,S"
"RSM00034267","2016-11-07","50.367","44.117","102.0","DANILOVKA, RS","   51","B,,S",,,,,"   11",",,S","   51","H,,S"
"RSM00034267","2016-11-08","50.367","44.117","102.0","DANILOVKA, RS","    3","B,,S",,,,,"   70",",,S","   99","H,,S"
"RSM00034267","2016-11-09","50.367","44.117","102.0","DANILOVKA, RS","   10","B,,S",,,"  130",",,S","   79",",,S","  113","H,,S"
"RSM00034267","2016-11-10","50.367","44.117","102.0","DANILOVKA, RS",,,,,"  148",",,S","   87",",,S","  113","H,,S"
"RSM00034267","2016-11-11","50.367","44.117","102.0","DANILOVKA, RS","    0","B,,S",,,,,,,"   63","H,,S"
"RSM00034267","2016-11-12","50.367","44.117","102.0","DANILOVKA, RS","    0","B,,S",,,"   35",",,S","   -2",",,S","   17","H,,S"
"RSM00034267","2016-11-13","50.367","44.117","102.0","DANILOVKA, RS","    0","B,,S",,,"   24",",,S",,,"   -6","H,,S"
"RSM00034267","2016-11-14","50.367","44.117","102.0","DANILOVKA, RS","   66","B,,S","   10",",,S","   -5",",,S","  -32",",,S","  -17","H,,S"
"RSM00034267","2016-11-15","50.367","44.117","102.0","DANILOVKA, RS","   43","B,,S","   89",",,S","   -4",",,S",,,"  -22","H,,S"
"RSM00034267","2016-11-16","50.367","44.117","102.0","DANILOVKA, RS","    0","B,,S","   61",",,S",,,,,"  -64","H,,S"
"RSM00034267","2016-11-17","50.367","44.117","102.0","DANILOVKA, RS","    0","B,,S","   61",",,S","  -52",",,S","  -77",",,S","  -65","H,,S"
"RSM00034267","2016-11-18","50.367","44.117","102.0","DANILOVKA, RS","    0","B,,S","   61",",,S","  -39",",,S"," -118",",,S","  -62","H,,S"
"RSM00034267","2016-11-19","50.367","44.117","102.0","DANILOVKA, RS","    0","B,,S","   51",",,S","  -28",",,S",,,"  -52","H,,S"
"RSM00034267","2016-11-20","50.367","44.117","102.0","DANILOVKA, RS","    0","B,,S","   51",",,S",,," -129",",,S","  -98","H,,S"
"RSM00034267","2016-11-21","50.367","44.117","102.0","DANILOVKA, RS","    0","B,,S","   51",",,S","  -70",",,S"," -143",",,S"," -116","H,,S"
"RSM00034267","2016-11-22","50.367","44.117","102.0","DANILOVKA, RS","    0","B,,S","   51",",,S","  -53",",,S"," -160",",,S"," -110","H,,S"
"RSM00034267","2016-11-23","50.367","44.117","102.0","DANILOVKA, RS","    0","B,,S","   51",",,S","  -42",",,S"," -161",",,S"," -105","H,,S"
"RSM00034267","2016-11-24","50.367","44.117","102.0","DANILOVKA, RS","    0","B,,S","   51",",,S",,," -151",",,S","  -57","H,,S"
"RSM00034267","2016-11-25","50.367","44.117","102.0","DANILOVKA, RS","    0","B,,S","   51",",,S","   -4",",,S","  -62",",,S","  -28","H,,S"
"RSM00034267","2016-11-26","50.367","44.117","102.0","DANILOVKA, RS","   30","B,,S","   61",",,S","   -2",",,S","  -56",",,S","  -33","H,,S"
"RSM00034267","2016-11-27","50.367","44.117","102.0","DANILOVKA, RS","    0","B,,S","   79",",,S",,,"  -45",",,S","   -3","H,,S"
"RSM00034267","2016-11-28","50.367","44.117","102.0","DANILOVKA, RS","   61","B,,S","   51",",,S","   80",",,S",,,"   39","H,,S"
"RSM00034267","2016-11-29","50.367","44.117","102.0","DANILOVKA, RS","    0","B,,S",,,"   15",",,S",,,"  -12","H,,S"
"RSM00034267","2016-11-30","50.367","44.117","102.0","DANILOVKA, RS","    0","B,,S",,,"  -39",",,S",,,"  -81","H,,S"
"RSM00034267","2016-12-01","50.367","44.117","102.0","DANILOVKA, RS","    0","B,,S",,,"  -42",",,S"," -148",",,S","  -78","H,,S"
"RSM00034267","2016-12-02","50.367","44.117","102.0","DANILOVKA, RS","   51","B,,S","   10",",,S","  -46",",,S",,,"  -53","H,,S"
"RSM00034267","2016-12-03","50.367","44.117","102.0","DANILOVKA, RS","   10","B,,S","   71",",,S","  -36",",,S",,,"  -65","H,,S"
"RSM00034267","2016-12-04","50.367","44.117","102.0","DANILOVKA, RS","   38","B,,S","   89",",,S","  -39",",,S"," -101",",,S","  -61","H,,S"
"RSM00034267","2016-12-05","50.367","44.117","102.0","DANILOVKA, RS","   20","B,,S","  109",",,S","  -77",",,S"," -118",",,S","  -94","H,,S"
"RSM00034267","2016-12-06","50.367","44.117","102.0","DANILOVKA, RS","   10","B,,S","   99",",,S","  -29",",,S","  -97",",,S","  -46","H,,S"
"RSM00034267","2016-12-07","50.367","44.117","102.0","DANILOVKA, RS","    8","B,,S","   79",",,S",,,,," -125","H,,S"
"RSM00034267","2016-12-08","50.367","44.117","102.0","DANILOVKA, RS","   10","B,,S","   79",",,S",,," -180",",,S"," -108","H,,S"
"RSM00034267","2016-12-09","50.367","44.117","102.0","DANILOVKA, RS","   20","B,,S","   99",",,S","  -22",",,S","  -71",",,S","  -33","H,,S"
"RSM00034267","2016-12-10","50.367","44.117","102.0","DANILOVKA, RS","    5","B,,S","  109",",,S","   22",",,S","  -35",",,S","    6","H,,S"
"RSM00034267","2016-12-11","50.367","44.117","102.0","DANILOVKA, RS","    5","B,,S","   61",",,S",,,,,"  -69","H,,S"
"RSM00034267","2016-12-12","50.367","44.117","102.0","DANILOVKA, RS","   81","B,,S","   61",",,S","  -67",",,S"," -119",",,S","  -85","H,,S"
"RSM00034267","2016-12-13","50.367","44.117","102.0","DANILOVKA, RS","   30","B,,S","  180",",,S",,,,," -179","H,,S"
"RSM00034267","2016-12-14","50.367","44.117","102.0","DANILOVKA, RS","    0","B,,S","  180",",,S"," -179",",,S"," -285",",,S"," -209","H,,S"
"RSM00034267","2016-12-15","50.367","44.117","102.0","DANILOVKA, RS","   10","B,,S","  170",",,S","  -70",",,S"," -226",",,S"," -131","H,,S"
"RSM00034267","2016-12-16","50.367","44.117","102.0","DANILOVKA, RS","    3","B,,S","  170",",,S"," -181",",,S",,," -228","H,,S"
"RSM00034267","2016-12-17","50.367","44.117","102.0","DANILOVKA, RS",,,"  160",",,S",,," -311",",,S"," -234","H,,S"
"RSM00034267","2016-12-18","50.367","44.117","102.0","DANILOVKA, RS","    3","B,,S","  160",",,S",,," -230",",,S","  -70","H,,S"
"RSM00034267","2016-12-19","50.367","44.117","102.0","DANILOVKA, RS","   56","B,,S","  160",",,S","   -9",",,S","  -41",",,S","  -18","H,,S"
"RSM00034267","2016-12-20","50.367","44.117","102.0","DANILOVKA, RS","   15","B,,S","  231",",,S","  -19",",,S",,," -100","H,,S"
"RSM00034267","2016-12-21","50.367","44.117","102.0","DANILOVKA, RS","    0","B,,S","  231",",,S",,," -277",",,S"," -166","H,,S"
"RSM00034267","2016-12-22","50.367","44.117","102.0","DANILOVKA, RS","    0","B,,S","  231",",,S","  -20",",,S"," -107",",,S","  -37","H,,S"
"RSM00034267","2016-12-23","50.367","44.117","102.0","DANILOVKA, RS",,,"  231",",,S",,,,,"  -54","H,,S"
"RSM00034267","2016-12-24","50.367","44.117","102.0","DANILOVKA, RS","    5","B,,S","  201",",,S","  -70",",,S","  -84",",,S","  -76","H,,S"
"RSM00034267","2016-12-25","50.367","44.117","102.0","DANILOVKA, RS","    5","B,,S","  211",",,S","  -34",",,S","  -89",",,S","  -49","H,,S"
"RSM00034267","2016-12-26","50.367","44.117","102.0","DANILOVKA, RS","    0","B,,S","  211",",,S","  -29",",,S","  -61",",,S","  -46","H,,S"
"RSM00034267","2016-12-27","50.367","44.117","102.0","DANILOVKA, RS","    3","B,,S","  211",",,S","  -15",",,S","  -48",",,S","  -33","H,,S"
"RSM00034267","2016-12-28","50.367","44.117","102.0","DANILOVKA, RS","    8","B,,S","  201",",,S","   -3",",,S","  -38",",,S","  -17","H,,S"
"RSM00034267","2016-12-29","50.367","44.117","102.0","DANILOVKA, RS","    8","B,,S","  211",",,S","   14",",,S",,,"   -6","H,,S"
"RSM00034267","2016-12-30","50.367","44.117","102.0","DANILOVKA, RS","    0","B,,S","  191",",,S","   -5",",,S","  -86",",,S","  -34","H,,S"
"RSM00034267","2016-12-31","50.367","44.117","102.0","DANILOVKA, RS","    0","B,,S","  191",",,S","  -36",",,S",,,"  -52","H,,S"
"RSM00034267","2017-01-01","50.367","44.117","102.0","DANILOVKA, RS","    0","B,,S","  191",",,S",,,"  -87",",,S","  -70","H,,S"
"RSM00034267","2017-01-02","50.367","44.117","102.0","DANILOVKA, RS","    0","B,,S","  191",",,S",,,"  -64",",,S","  -20","H,,S"
"RSM00034267","2017-01-03","50.367","44.117","102.0","DANILOVKA, RS","    3","B,,S","  191",",,S",,,,,"  -12","H,,S"
"RSM00034267","2017-01-04","50.367","44.117","102.0","DANILOVKA, RS","    0","B,,S","  180",",,S",,,,,"  -57","H,,S"
"RSM00034267","2017-01-05","50.367","44.117","102.0","DANILOVKA, RS","   71","B,,S","  180",",,S","   18",",,S","  -91",",,S","  -11","H,,S"
"RSM00034267","2017-01-06","50.367","44.117","102.0","DANILOVKA, RS","   89","B,,S","  160",",,S","   19",",,S",,,"    7","H,,S"
"RSM00034267","2017-01-07","50.367","44.117","102.0","DANILOVKA, RS","   79","B,,S","  191",",,S","   11",",,S","    1",",,S","    5","H,,S"
"RSM00034267","2017-01-08","50.367","44.117","102.0","DANILOVKA, RS","    0","B,,S","  170",",,S",,,,,"  -13","H,,S"
"RSM00034267","2017-01-09","50.367","44.117","102.0","DANILOVKA, RS","    5","B,,S","  170",",,S",,,,,"  -52","H,,S"
"RSM00034267","2017-01-10","50.367","44.117","102.0","DANILOVKA, RS","    5","B,,S","  170",",,S","  -68",",,S","  -86",",,S","  -79","H,,S"
"RSM00034267","2017-01-11","50.367","44.117","102.0","DANILOVKA, RS","    0","B,,S","  180",",,S",,,,," -113","H,,S"
"RSM00034267","2017-01-12","50.367","44.117","102.0","DANILOVKA, RS","    3","B,,S","  180",",,S",,," -187",",,S","  -58","H,,S"
"RSM00034267","2017-01-13","50.367","44.117","102.0","DANILOVKA, RS","    3","B,,S","  180",",,S","   10",",,S","  -53",",,S","   -6","H,,S"
"RSM00034267","2017-01-14","50.367","44.117","102.0","DANILOVKA, RS","    0","B,,S","  170",",,S","  -14",",,S",,,"  -28","H,,S"
"RSM00034267","2017-01-15","50.367","44.117","102.0","DANILOVKA, RS","   10","B,,S","  170",",,S",,,,,"  -53","H,,S"
"RSM00034267","2017-01-16","50.367","44.117","102.0","DANILOVKA, RS",,,"  191",",,S",,,,,"  -88","H,,S"
"RSM00034267","2017-01-17","50.367","44.117","102.0","DANILOVKA, RS","   23","B,,S","  221",",,S",,," -117",",,S","  -88","H,,S"
"RSM00034267","2017-01-18","50.367","44.117","102.0","DANILOVKA, RS","    0","B,,S","  211",",,S",,," -136",",,S","  -85","H,,S"
"RSM00034267","2017-01-19","50.367","44.117","102.0","DANILOVKA, RS","    0","B,,S","  201",",,S","  -55",",,S",,,"  -83","H,,S"
"RSM00034267","2017-01-20","50.367","44.117","102.0","DANILOVKA, RS","   10","B,,S","  201",",,S",,," -135",",,S","  -88","H,,S"
"RSM00034267","2017-01-21","50.367","44.117","102.0","DANILOVKA, RS","   10","B,,S","  211",",,S",,,"  -74",",,S","  -38","H,,S"
"RSM00034267","2017-01-22","50.367","44.117","102.0","DANILOVKA, RS","   20","B,,S","  239",",,S","  -61",",,S"," -119",",,S","  -89","H,,S"
"RSM00034267","2017-01-23","50.367","44.117","102.0","DANILOVKA, RS","   10","B,,S","  239",",,S","    7",",,S"," -100",",,S","  -17","H,,S"
"RSM00034267","2017-01-24","50.367","44.117","102.0","DANILOVKA, RS","    3","B,,S","  249",",,S","  -21",",,S","  -55",",,S","  -41","H,,S"
"RSM00034267","2017-01-25","50.367","44.117","102.0","DANILOVKA, RS","    3","B,,S","  239",",,S","  -19",",,S",,,"  -39","H,,S"
"RSM00034267","2017-01-26","50.367","44.117","102.0","DANILOVKA, RS","   10","B,,S","  249",",,S",,,,," -143","H,,S"
"RSM00034267","2017-01-27","50.367","44.117","102.0","DANILOVKA, RS","    0","B,,S","  259",",,S"," -125",",,S"," -241",",,S"," -189","H,,S"
"RSM00034267","2017-01-28","50.367","44.117","102.0","DANILOVKA, RS","    5","B,,S","  259",",,S"," -145",",,S"," -253",",,S"," -182","H,,S"
"RSM00034267","2017-01-29","50.367","44.117","102.0","DANILOVKA, RS","    5","B,,S","  259",",,S"," -139",",,S"," -200",",,S"," -173","H,,S"
"RSM00034267","2017-01-30","50.367","44.117","102.0","DANILOVKA, RS","    0","B,,S","  259",",,S"," -134",",,S"," -247",",,S"," -198","H,,S"
"RSM00034267","2017-01-31","50.367","44.117","102.0","DANILOVKA, RS","    0","B,,S","  259",",,S"," -129",",,S"," -214",",,S"," -177","H,,S"
"RSM00034267","2017-02-01","50.367","44.117","102.0","DANILOVKA, RS","    5","B,,S","  259",",,S",,," -192",",,S"," -127","H,,S"
"RSM00034267","2017-02-02","50.367","44.117","102.0","DANILOVKA, RS","    3","B,,S","  259",",,S","  -45",",,S",,,"  -86","H,,S"
"RSM00034267","2017-02-03","50.367","44.117","102.0","DANILOVKA, RS","    0","B,,S","  259",",,S"," -105",",,S"," -205",",,S"," -167","H,,S"
"RSM00034267","2017-02-04","50.367","44.117","102.0","DANILOVKA, RS","   10","B,,S","  259",",,S",,," -233",",,S"," -128","H,,S"
"RSM00034267","2017-02-05","50.367","44.117","102.0","DANILOVKA, RS","  170","B,,S","  361",",,S","   11",",,S","  -94",",,S","  -41","H,,S"
"RSM00034267","2017-02-06","50.367","44.117","102.0","DANILOVKA, RS","    0","B,,S","  361",",,S",,,,," -173","H,,S"
"RSM00034267","2017-02-07","50.367","44.117","102.0","DANILOVKA, RS","    0","B,,S","  351",",,S"," -172",",,S",,," -226","H,,S"
"RSM00034267","2017-02-08","50.367","44.117","102.0","DANILOVKA, RS","    0","B,,S","  351",",,S"," -173",",,S"," -290",",,S"," -230","H,,S"
"RSM00034267","2017-02-09","50.367","44.117","102.0","DANILOVKA, RS","    0","B,,S","  351",",,S",,," -266",",,S"," -191","H,,S"
"RSM00034267","2017-02-10","50.367","44.117","102.0","DANILOVKA, RS","    5","B,,S","  361",",,S",,," -164",",,S","  -91","H,,S"
"RSM00034267","2017-02-11","50.367","44.117","102.0","DANILOVKA, RS","    8","B,,S","  371",",,S","  -17",",,S","  -72",",,S","  -39","H,,S"
"RSM00034267","2017-02-12","50.367","44.117","102.0","DANILOVKA, RS","    3","B,,S","  371",",,S","  -43",",,S","  -87",",,S","  -62","H,,S"
"RSM00034267","2017-02-13","50.367","44.117","102.0","DANILOVKA, RS","   23","B,,S","  391",",,S","  -23",",,S","  -86",",,S","  -60","H,,S"
"RSM00034267","2017-02-14","50.367","44.117","102.0","DANILOVKA, RS","   36","B,,S","  399",",,S","  -45",",,S","  -81",",,S","  -63","H,,S"
"RSM00034267","2017-02-15","50.367","44.117","102.0","DANILOVKA, RS","   30","B,,S","  419",",,S","  -65",",,S",,,"  -88","H,,S"
"RSM00034267","2017-02-16","50.367","44.117","102.0","DANILOVKA, RS","    5","B,,S","  439",",,S","  -57",",,S",,,"  -91","H,,S"
"RSM00034267","2017-02-17","50.367","44.117","102.0","DANILOVKA, RS","    0","B,,S","  419",",,S","  -68",",,S"," -193",",,S"," -129","H,,S"
"RSM00034267","2017-02-18","50.367","44.117","102.0","DANILOVKA, RS","    3","B,,S","  419",",,S",,," -190",",,S","  -30","H,,S"
"RSM00034267","2017-02-19","50.367","44.117","102.0","DANILOVKA, RS","    0","B,,S","  391",",,S","   18",",,S","   -2",",,S","   13","H,,S"
"RSM00034267","2017-02-20","50.367","44.117","102.0","DANILOVKA, RS","    0","B,,S","  351",",,S","   44",",,S",,,"   16","H,,S"
"RSM00034267","2017-02-21","50.367","44.117","102.0","DANILOVKA, RS","    0","B,,S","  310",",,S","   44",",,S","  -53",",,S","    6","H,,S"
"RSM00034267","2017-02-22","50.367","44.117","102.0","DANILOVKA, RS","    5","B,,S","  279",",,S","   25",",,S",,,"   17","H,,S"
"RSM00034267","2017-02-23","50.367","44.117","102.0","DANILOVKA, RS","    5","B,,S","  249",",,S","   28",",,S","    5",",,S","   14","H,,S"
"RSM00034267","2017-02-24","50.367","44.117","102.0","DANILOVKA, RS","   20","B,,S",,,"   59",",,S","    6",",,S","   27","H,,S"
"RSM00034267","2017-02-25","50.367","44.117","102.0","DANILOVKA, RS","    8","B,,S","  140",",,S","   50",",,S",,,"   27","H,,S"
"RSM00034267","2017-02-26","50.367","44.117","102.0","DANILOVKA, RS","   61","B,,S","  119",",,S","   -5",",,S",,,"  -34","H,,S"
"RSM00034267","2017-02-27","50.367","44.117","102.0","DANILOVKA, RS","    5","B,,S","  119",",,S","   19",",,S","  -55",",,S","   -2","H,,S"
"RSM00034267","2017-02-28","50.367","44.117","102.0","DANILOVKA, RS","   10","B,,S","   99",",,S","   33",",,S",,,"   13","H,,S"
"RSM00034267","2017-03-01","50.367","44.117","102.0","DANILOVKA, RS","    0","B,,S","   79",",,S","   37",",,S","  -26",",,S","   12","H,,S"
"RSM00034267","2017-03-02","50.367","44.117","102.0","DANILOVKA, RS","    0","B,,S","   61",",,S","   59",",,S","    1",",,S","   26","H,,S"
"RSM00034267","2017-03-03","50.367","44.117","102.0","DANILOVKA, RS","    0","B,,S","   51",",,S","   63",",,S","   14",",,S","   32","H,,S"
"RSM00034267","2017-03-04","50.367","44.117","102.0","DANILOVKA, RS","    0","B,,S","   20",",,S","   34",",,S",,,"    5","H,,S"
"RSM00034267","2017-03-05","50.367","44.117","102.0","DANILOVKA, RS","    0","B,,S","   10",",,S","   99",",,S","  -64",",,S","   28","H,,S"
"RSM00034267","2017-03-06","50.367","44.117","102.0","DANILOVKA, RS","    0","B,,S",,,"  111",",,S","    0",",,S","   45","H,,S"
"RSM00034267","2017-03-07","50.367","44.117","102.0","DANILOVKA, RS","    0","B,,S",,,"   96",",,S","  -12",",,S","   41","H,,S"
"RSM00034267","2017-03-08","50.367","44.117","102.0","DANILOVKA, RS","    0","B,,S",,,"  102",",,S","  -15",",,S","   34","H,,S"
"RSM00034267","2017-03-09","50.367","44.117","102.0","DANILOVKA, RS","    0","B,,S",,,"   96",",,S","  -28",",,S","   27","H,,S"
"RSM00034267","2017-03-10","50.367","44.117","102.0","DANILOVKA, RS","    0","B,,S",,,"   56",",,S","  -27",",,S","    8","H,,S"
"RSM00034267","2017-03-11","50.367","44.117","102.0","DANILOVKA, RS","    0","B,,S",,,"   73",",,S","  -30",",,S","   16","H,,S"
"RSM00034267","2017-03-12","50.367","44.117","102.0","DANILOVKA, RS","    0","B,,S",,,"   68",",,S","  -42",",,S","   12","H,,S"
"RSM00034267","2017-03-13","50.367","44.117","102.0","DANILOVKA, RS","    0","B,,S",,,"   74",",,S","  -43",",,S","   14","H,,S"
"RSM00034267","2017-03-14","50.367","44.117","102.0","DANILOVKA, RS","    0","B,,S",,,,,"  -33",",,S","   24","H,,S"
"RSM00034267","2017-03-15","50.367","44.117","102.0","DANILOVKA, RS","    0","B,,S",,,"  123",",,S","  -44",",,S","   41","H,,S"
"RSM00034267","2017-03-16","50.367","44.117","102.0","DANILOVKA, RS","    0","B,,S",,,"  111",",,S","   -3",",,S","   55","H,,S"
"RSM00034267","2017-03-17","50.367","44.117","102.0","DANILOVKA, RS",,,,,"   90",",,S","    8",",,S","   49","H,,S"
"RSM00034267","2017-03-18","50.367","44.117","102.0","DANILOVKA, RS","    0","B,,S",,,"   75",",,S","   17",",,S","   40","H,,S"
"RSM00034267","2017-03-19","50.367","44.117","102.0","DANILOVKA, RS","   10","B,,S",,,"   56",",,S","   26",",,S","   41","H,,S"
"RSM00034267","2017-03-20","50.367","44.117","102.0","DANILOVKA, RS","    5","B,,S",,,"   90",",,S","   21",",,S","   48","H,,S"
"RSM00034267","2017-03-21","50.367","44.117","102.0","DANILOVKA, RS","   10","B,,S",,,"   31",",,S",,,"    8","H,,S"
"RSM00034267","2017-03-22","50.367","44.117","102.0","DANILOVKA, RS","   20","B,,S",,,"   53",",,S","  -12",",,S","   12","H,,S"
"RSM00034267","2017-03-23","50.367","44.117","102.0","DANILOVKA, RS","    0","B,,S",,,"   55",",,S","   -6",",,S","   24","H,,S"
"RSM00034267","2017-03-24","50.367","44.117","102.0","DANILOVKA, RS","   30","B,,S",,,"   89",",,S","   27",",,S","   56","H,,S"
"RSM00034267","2017-03-25","50.367","44.117","102.0","DANILOVKA, RS","  109","B,,S",,,"   68",",,S",,,"   29","H,,S"
"RSM00034267","2017-03-26","50.367","44.117","102.0","DANILOVKA, RS","    0","B,,S",,,"   67",",,S","  -51",",,S","   -1","H,,S"
"RSM00034267","2017-03-27","50.367","44.117","102.0","DANILOVKA, RS","   30","B,,S",,,"   41",",,S","  -60",",,S","    3","H,,S"
"RSM00034267","2017-03-28","50.367","44.117","102.0","DANILOVKA, RS","   25","B,,S",,,"   55",",,S","   -6",",,S","   24","H,,S"
"RSM00034267","2017-03-29","50.367","44.117","102.0","DANILOVKA, RS","    3","B,,S",,,"   54",",,S",,,"    9","H,,S"
"RSM00034267","2017-03-30","50.367","44.117","102.0","DANILOVKA, RS","   61","B,,S",,,"  -12",",,S",,,"  -34","H,,S"
"RSM00034267","2017-03-31","50.367","44.117","102.0","DANILOVKA, RS","    0","B,,S","  109",",,S","   11",",,S"," -127",",,S","  -40","H,,S"
"RSM00034267","2017-04-01","50.367","44.117","102.0","DANILOVKA, RS","    3","B,,S","   30",",,S","   32",",,S","  -28",",,S","    3","H,,S"
"RSM00034267","2017-04-02","50.367","44.117","102.0","DANILOVKA, RS","    0","B,,S",,,"   87",",,S","   -7",",,S","   38","H,,S"
"RSM00034267","2017-07-05","50.367","44.117","102.0","DANILOVKA, RS","  198","B,,S",,,,,,,"  190","H,,S"
"RSM00034267","2017-07-27","50.367","44.117","102.0","DANILOVKA, RS",,,,,,,"  175",",,S","  281","H,,S"
"RSM00034267","2017-07-31","50.367","44.117","102.0","DANILOVKA, RS",,,,,,,"  181",",,S","  207","H,,S"
"RSM00034267","2017-08-22","50.367","44.117","102.0","DANILOVKA, RS",,,,,,,"  115",",,S","  257","H,,S"
"RSM00034267","2017-08-23","50.367","44.117","102.0","DANILOVKA, RS",,,,,,,,,"  252","H,,S"
"RSM00034267","2017-08-26","50.367","44.117","102.0","DANILOVKA, RS",,,,,,,"   62",",,S","  160","H,,S"
"RSM00034267","2017-08-27","50.367","44.117","102.0","DANILOVKA, RS",,,,,,,,,"  232","H,,S"
"RSM00034267","2017-08-30","50.367","44.117","102.0","DANILOVKA, RS",,,,,,,"  126",",,S","  167","H,,S"
"RSM00034267","2017-09-14","50.367","44.117","102.0","DANILOVKA, RS",,,,,,,,,"  173","H,,S"
"RSM00034267","2017-10-25","50.367","44.117","102.0","DANILOVKA, RS","    8","B,,S",,,"   41",",,S",,,"   12","H,,S"
"RSM00034267","2017-10-26","50.367","44.117","102.0","DANILOVKA, RS","   20","B,,S","   10",",,S","   13",",,S","  -23",",,S","    1","H,,S"
"RSM00034267","2017-10-27","50.367","44.117","102.0","DANILOVKA, RS","   51","B,,S","   30",",,S",,,"   -4",",,S","   26","H,,S"
"RSM00034267","2017-10-28","50.367","44.117","102.0","DANILOVKA, RS","   30","B,,S",,,"   96",",,S","   43",",,S","   81","H,,S"
"RSM00034267","2017-10-29","50.367","44.117","102.0","DANILOVKA, RS","  109","B,,S",,,"  119",",,S",,,"   92","H,,S"
"RSM00034267","2017-10-30","50.367","44.117","102.0","DANILOVKA, RS","   30","B,,S",,,"  106",",,S",,,"   78","H,,S"
"RSM00034267","2017-10-31","50.367","44.117","102.0","DANILOVKA, RS","   41","B,,S",,,"   57",",,S",,,"   41","H,,S"
"RSM00034267","2017-11-01","50.367","44.117","102.0","DANILOVKA, RS","   30","B,,S",,,"   41",",,S",,,"   26","H,,S"
"RSM00034267","2017-11-02","50.367","44.117","102.0","DANILOVKA, RS","   13","B,,S",,,"   28",",,S","   -2",",,S","   13","H,,S"
"RSM00034267","2017-11-03","50.367","44.117","102.0","DANILOVKA, RS","   41","B,,S",,,,,"   12",",,S","   51","H,,S"
"RSM00034267","2017-11-04","50.367","44.117","102.0","DANILOVKA, RS","   89","B,,S",,,"   90",",,S",,,"   74","H,,S"
"RSM00034267","2017-11-05","50.367","44.117","102.0","DANILOVKA, RS","    0","B,,S",,,"   46",",,S",,,"   31","H,,S"
"RSM00034267","2017-11-06","50.367","44.117","102.0","DANILOVKA, RS",,,,,,,"   17",",,S","   22","H,,S"
"RSM00034267","2017-11-07","50.367","44.117","102.0","DANILOVKA, RS","    0","B,,S",,,"   30",",,S","   10",",,S","   21","H,,S"
"RSM00034267","2017-11-08","50.367","44.117","102.0","DANILOVKA, RS","    0","B,,S",,,"   28",",,S","   10",",,S","   20","H,,S"
"RSM00034267","2017-11-09","50.367","44.117","102.0","DANILOVKA, RS","    0","B,,S",,,,,"  -10",",,S","    3","H,,S"
"RSM00034267","2017-11-10","50.367","44.117","102.0","DANILOVKA, RS","    0","B,,S",,,"   12",",,S","   -4",",,S","    4","H,,S"
"RSM00034267","2017-11-11","50.367","44.117","102.0","DANILOVKA, RS","    5","B,,S",,,"   35",",,S","    1",",,S","   23","H,,S"
"RSM00034267","2017-11-12","50.367","44.117","102.0","DANILOVKA, RS","    0","B,,S",,,,,"   25",",,S","   53","H,,S"
"RSM00034267","2017-11-13","50.367","44.117","102.0","DANILOVKA, RS","   61","B,,S",,,"   90",",,S",,,"   48","H,,S"
"RSM00034267","2017-11-14","50.367","44.117","102.0","DANILOVKA, RS","    0","B,,S",,,"   93",",,S","  -40",",,S","   42","H,,S"
"RSM00034267","2017-11-15","50.367","44.117","102.0","DANILOVKA, RS","   20","B,,S",,,,,,,"   48","H,,S"
"RSM00034267","2017-11-16","50.367","44.117","102.0","DANILOVKA, RS","    0","B,,S",,,"   86",",,S","  -12",",,S","   22","H,,S"
"RSM00034267","2017-11-17","50.367","44.117","102.0","DANILOVKA, RS","    0","B,,S",,,"   64",",,S",,,"    3","H,,S"
"RSM00034267","2017-11-18","50.367","44.117","102.0","DANILOVKA, RS","    0","B,,S",,,"   38",",,S","  -77",",,S","  -17","H,,S"
"RSM00034267","2017-11-19","50.367","44.117","102.0","DANILOVKA, RS","    0","B,,S",,,,,"  -18",",,S","   33","H,,S"
"RSM00034267","2017-11-20","50.367","44.117","102.0","DANILOVKA, RS",,,,,,,,,"   59","H,,S"
"RSM00034267","2017-11-21","50.367","44.117","102.0","DANILOVKA, RS",,,,,"   63",",,S","    2",",,S","   22","H,,S"
"RSM00034267","2017-11-22","50.367","44.117","102.0","DANILOVKA, RS","    3","B,,S",,,"   48",",,S","    7",",,S","   22","H,,S"
"RSM00034267","2017-11-23","50.367","44.117","102.0","DANILOVKA, RS","    5","B,,S",,,"   14",",,S",,,"    1","H,,S"
"RSM00034267","2017-11-24","50.367","44.117","102.0","DANILOVKA, RS","    0","B,,S",,,,,"  -74",",,S","  -29","H,,S"
"RSM00034267","2017-11-25","50.367","44.117","102.0","DANILOVKA, RS","   43","B,,S","   10",",,S",,,,,"  -43","H,,S"
"RSM00034267","2017-11-26","50.367","44.117","102.0","DANILOVKA, RS","    8","B,,S","   79",",,S","  -15",",,S"," -101",",,S","  -54","H,,S"
"RSM00034267","2017-11-27","50.367","44.117","102.0","DANILOVKA, RS","    0","B,,S","   71",",,S","  -70",",,S"," -153",",,S","  -97","H,,S"
"RSM00034267","2017-11-28","50.367","44.117","102.0","DANILOVKA, RS","    0","B,,S","   71",",,S",,,"  -85",",,S","  -40","H,,S"
"RSM00034267","2017-11-29","50.367","44.117","102.0","DANILOVKA, RS","    0","B,,S","   61",",,S","  -18",",,S",,,"  -27","H,,S"
"RSM00034267","2017-11-30","50.367","44.117","102.0","DANILOVKA, RS","    0","B,,S","   61",",,S","  -19",",,S","  -49",",,S","  -31","H,,S"
"RSM00034267","2017-12-01","50.367","44.117","102.0","DANILOVKA, RS","    0","B,,S","   51",",,S","  -26",",,S",,,"  -41","H,,S"
"RSM00034267","2017-12-02","50.367","44.117","102.0","DANILOVKA, RS","    3","B,,S","   51",",,S",,,"  -53",",,S","  -43","H,,S"
"RSM00034267","2017-12-03","50.367","44.117","102.0","DANILOVKA, RS","    0","B,,S","   51",",,S",,,"  -45",",,S","   -9","H,,S"
"RSM00034267","2017-12-04","50.367","44.117","102.0","DANILOVKA, RS","    5","B,,S","   30",",,S",,,"    3",",,S","   16","H,,S"
"RSM00034267","2017-12-05","50.367","44.117","102.0","DANILOVKA, RS","  269","B,,S",,,"   40",",,S",,,"   20","H,,S"
"RSM00034267","2017-12-06","50.367","44.117","102.0","DANILOVKA, RS","    0","B,,S",,,"   13",",,S","  -26",",,S","   -9","H,,S"
"RSM00034267","2017-12-07","50.367","44.117","102.0","DANILOVKA, RS","   23","B,,S","   10",",,S","    1",",,S",,,"  -18","H,,S"
"RSM00034267","2017-12-08","50.367","44.117","102.0","DANILOVKA, RS","   10","B,,S","   71",",,S","  -13",",,S",,,"  -34","H,,S"
"RSM00034267","2017-12-09","50.367","44.117","102.0","DANILOVKA, RS","    0","B,,S","   41",",,S",,," -116",",,S","  -48","H,,S"
"RSM00034267","2017-12-10","50.367","44.117","102.0","DANILOVKA, RS","    0","B,,S","   41",",,S","   27",",,S","  -23",",,S","    6","H,,S"
"RSM00034267","2017-12-11","50.367","44.117","102.0","DANILOVKA, RS","   10","B,,S","   20",",,S","   28",",,S","   -1",",,S","   12","H,,S"
"RSM00034267","2017-12-12","50.367","44.117","102.0","DANILOVKA, RS","   20","B,,S",,,,,"   -2",",,S","   26","H,,S"
"RSM00034267","2017-12-13","50.367","44.117","102.0","DANILOVKA, RS","   20","B,,S",,,"   66",",,S","   32",",,S","   55","H,,S"
"RSM00034267","2017-12-14","50.367","44.117","102.0","DANILOVKA, RS","    0","B,,S",,,"   51",",,S",,,"   26","H,,S"
"RSM00034267","2017-12-15","50.367","44.117","102.0","DANILOVKA, RS","    0","B,,S",,,,,"  -21",",,S","  -12","H,,S"
"RSM00034267","2017-12-16","50.367","44.117","102.0","DANILOVKA, RS","   10","B,,S","   10",",,S","   -2",",,S","  -15",",,S","   -7","H,,S"
"RSM00034267","2017-12-17","50.367","44.117","102.0","DANILOVKA, RS","    0","B,,S",,,"    3",",,S",,,"   -7","H,,S"
"RSM00034267","2017-12-18","50.367","44.117","102.0","DANILOVKA, RS","    0","B,,S",,,"  -24",",,S","  -48",",,S","  -34","H,,S"
"RSM00034267","2017-12-19","50.367","44.117","102.0","DANILOVKA, RS","   30","B,,S",,,"  -41",",,S","  -51",",,S","  -45","H,,S"
"RSM00034267","2017-12-20","50.367","44.117","102.0","DANILOVKA, RS","   41","B,,S","   61",",,S","  -32",",,S","  -60",",,S","  -45","H,,S"
"RSM00034267","2017-12-21","50.367","44.117","102.0","DANILOVKA, RS","  109","B,,S","  130",",,S","  -21",",,S","  -46",",,S","  -33","H,,S"
"RSM00034267","2017-12-22","50.367","44.117","102.0","DANILOVKA, RS","    5","B,,S","  140",",,S","  -16",",,S"," -107",",,S","  -46","H,,S"
"RSM00034267","2017-12-23","50.367","44.117","102.0","DANILOVKA, RS","    3","B,,S","  140",",,S","  -15",",,S","  -53",",,S","  -32","H,,S"
"RSM00034267","2017-12-24","50.367","44.117","102.0","DANILOVKA, RS","   30","B,,S","  130",",,S",,,"  -33",",,S","  -22","H,,S"
"RSM00034267","2017-12-25","50.367","44.117","102.0","DANILOVKA, RS","   41","B,,S","  180",",,S","    0",",,S","  -27",",,S","  -13","H,,S"
"RSM00034267","2017-12-26","50.367","44.117","102.0","DANILOVKA, RS","    0","B,,S","  160",",,S",,,"  -79",",,S","  -29","H,,S"
"RSM00034267","2017-12-27","50.367","44.117","102.0","DANILOVKA, RS","    0","B,,S","  109",",,S","   32",",,S","  -11",",,S","   24","H,,S"
"RSM00034267","2017-12-28","50.367","44.117","102.0","DANILOVKA, RS","    0","B,,S","   71",",,S","   34",",,S",,,"   23","H,,S"
"RSM00034267","2017-12-29","50.367","44.117","102.0","DANILOVKA, RS","    0","B,,S","   51",",,S","   23",",,S",,,"   12","H,,S"
"RSM00034267","2017-12-30","50.367","44.117","102.0","DANILOVKA, RS","    0","B,,S","   41",",,S","   14",",,S",,,"   -8","H,,S"
"RSM00034267","2017-12-31","50.367","44.117","102.0","DANILOVKA, RS","    0","B,,S","   30",",,S","  -21",",,S","  -72",",,S","  -44","H,,S"
"RSM00034267","2018-01-01","50.367","44.117","102.0","DANILOVKA, RS","    0","B,,S","   30",",,S",,,"  -41",",,S","  -19","H,,S"
"RSM00034267","2018-01-02","50.367","44.117","102.0","DANILOVKA, RS","   10","B,,S","   30",",,S","    2",",,S","  -14",",,S","   -7","H,,S"
"RSM00034267","2018-01-03","50.367","44.117","102.0","DANILOVKA, RS","    0","B,,S","   30",",,S","    1",",,S",,,"  -16","H,,S"
"RSM00034267","2018-01-04","50.367","44.117","102.0","DANILOVKA, RS","    0","B,,S","   30",",,S","  -31",",,S",,,"  -59","H,,S"
"RSM00034267","2018-01-05","50.367","44.117","102.0","DANILOVKA, RS","    0","B,,S","   30",",,S","  -62",",,S",,,"  -89","H,,S"
"RSM00034267","2018-01-06","50.367","44.117","102.0","DANILOVKA, RS","    0","B,,S","   30",",,S",,," -132",",,S","  -93","H,,S"
"RSM00034267","2018-01-07","50.367","44.117","102.0","DANILOVKA, RS","   20","B,,S","   30",",,S",,,"  -72",",,S","    1","H,,S"
"RSM00034267","2018-01-08","50.367","44.117","102.0","DANILOVKA, RS","   20","B,,S","   10",",,S",,,,,"   -5","H,,S"
"RSM00034267","2018-01-09","50.367","44.117","102.0","DANILOVKA, RS","    3","B,,S","   10",",,S","  -12",",,S","  -62",",,S","  -36","H,,S"
"RSM00034267","2018-01-10","50.367","44.117","102.0","DANILOVKA, RS","    3","B,,S","   10",",,S","  -35",",,S","  -89",",,S","  -57","H,,S"
"RSM00034267","2018-01-11","50.367","44.117","102.0","DANILOVKA, RS","    0","B,,S","   10",",,S","  -31",",,S",,,"  -41","H,,S"
"RSM00034267","2018-01-12","50.367","44.117","102.0","DANILOVKA, RS","    0","B,,S","   10",",,S","  -27",",,S",,,"  -54","H,,S"
"RSM00034267","2018-01-13","50.367","44.117","102.0","DANILOVKA, RS","    0","B,,S","   10",",,S","  -64",",,S",,,"  -99","H,,S"
"RSM00034267","2018-01-14","50.367","44.117","102.0","DANILOVKA, RS","    0","B,,S","   10",",,S","  -69",",,S"," -187",",,S"," -142","H,,S"
"RSM00034267","2018-01-15","50.367","44.117","102.0","DANILOVKA, RS","    0","B,,S","   10",",,S","  -56",",,S"," -185",",,S"," -138","H,,S"
"RSM00034267","2018-01-16","50.367","44.117","102.0","DANILOVKA, RS","    0","B,,S","   10",",,S","  -64",",,S"," -176",",,S"," -131","H,,S"
"RSM00034267","2018-01-17","50.367","44.117","102.0","DANILOVKA, RS","    0","B,,S","   10",",,S","  -77",",,S"," -166",",,S"," -128","H,,S"
"RSM00034267","2018-01-18","50.367","44.117","102.0","DANILOVKA, RS","    0","B,,S","   10",",,S","  -73",",,S",,," -123","H,,S"
"RSM00034267","2018-01-19","50.367","44.117","102.0","DANILOVKA, RS","    0","B,,S","   10",",,S","  -83",",,S"," -179",",,S"," -126","H,,S"
"RSM00034267","2018-01-20","50.367","44.117","102.0","DANILOVKA, RS","   61","B,,S","   30",",,S","  -42",",,S"," -113",",,S","  -72","H,,S"
"RSM00034267","2018-01-21","50.367","44.117","102.0","DANILOVKA, RS","   20","B,,S","   79",",,S",,,"  -71",",,S","  -39","H,,S"
"RSM00034267","2018-01-22","50.367","44.117","102.0","DANILOVKA, RS","   30","B,,S","  119",",,S","  -18",",,S","  -45",",,S","  -31","H,,S"
"RSM00034267","2018-01-23","50.367","44.117","102.0","DANILOVKA, RS","   10","B,,S","  150",",,S",,,,,"  -71","H,,S"
"RSM00034267","2018-01-24","50.367","44.117","102.0","DANILOVKA, RS","   28","B,,S","  140",",,S","  -51",",,S","  -92",",,S","  -73","H,,S"
"RSM00034267","2018-01-25","50.367","44.117","102.0","DANILOVKA, RS","    8","B,,S","  140",",,S","  -44",",,S",,,"  -83","H,,S"
"RSM00034267","2018-01-26","50.367","44.117","102.0","DANILOVKA, RS","    0","B,,S","  140",",,S","  -78",",,S",,," -116","H,,S"
"RSM00034267","2018-01-27","50.367","44.117","102.0","DANILOVKA, RS","    0","B,,S","  140",",,S"," -122",",,S"," -181",",,S"," -151","H,,S"
"RSM00034267","2018-01-28","50.367","44.117","102.0","DANILOVKA, RS","    0","B,,S","  130",",,S"," -109",",,S"," -166",",,S"," -137","H,,S"
"RSM00034267","2018-01-29","50.367","44.117","102.0","DANILOVKA, RS","   15","B,,S","  119",",,S","  -58",",,S"," -139",",,S","  -80","H,,S"
"RSM00034267","2018-01-30","50.367","44.117","102.0","DANILOVKA, RS","   23","B,,S","  140",",,S",,,"  -68",",,S","  -42","H,,S"
"RSM00034267","2018-01-31","50.367","44.117","102.0","DANILOVKA, RS","  150","B,,S","  231",",,S","   22",",,S","  -35",",,S","   -4","H,,S"
"RSM00034267","2018-02-01","50.367","44.117","102.0","DANILOVKA, RS",,,,,"  -15",",,S",,,"  -59","H,,S"
"RSM00034267","2018-02-02","50.367","44.117","102.0","DANILOVKA, RS","    0","B,,S","  211",",,S",,," -217",",,S"," -122","H,,S"
"RSM00034267","2018-02-03","50.367","44.117","102.0","DANILOVKA, RS","   38","B,,S","  231",",,S",,,"  -87",",,S","  -16","H,,S"
"RSM00034267","2018-02-04","50.367","44.117","102.0","DANILOVKA, RS","   71","B,,S","  211",",,S","   25",",,S","    7",",,S","   19","H,,S"
"RSM00034267","2018-02-05","50.367","44.117","102.0","DANILOVKA, RS","  170","B,,S","  119",",,S","   22",",,S",,,"  -23","H,,S"
"RSM00034267","2018-02-06","50.367","44.117","102.0","DANILOVKA, RS","    5","B,,S","   99",",,S","  -25",",,S","  -79",",,S","  -48","H,,S"
"RSM00034267","2018-02-07","50.367","44.117","102.0","DANILOVKA, RS","    5","B,,S","  119",",,S","  -14",",,S",,,"  -43","H,,S"
"RSM00034267","2018-02-08","50.367","44.117","102.0","DANILOVKA, RS","    0","B,,S","  130",",,S","  -43",",,S"," -139",",,S","  -77","H,,S"
"RSM00034267","2018-02-09","50.367","44.117","102.0","DANILOVKA, RS","    0","B,,S","  119",",,S","  -47",",,S"," -105",",,S","  -81","H,,S"
"RSM00034267","2018-02-10","50.367","44.117","102.0","DANILOVKA, RS","    0","B,,S","  119",",,S","  -35",",,S","  -92",",,S","  -72","H,,S"
"RSM00034267","2018-02-11","50.367","44.117","102.0","DANILOVKA, RS","    0","B,,S","  119",",,S","  -18",",,S",,,"  -82","H,,S"
"RSM00034267","2018-02-12","50.367","44.117","102.0","DANILOVKA, RS",,,"  119",",,S","  -65",",,S"," -146",",,S"," -113","H,,S"
"RSM00034267","2018-02-13","50.367","44.117","102.0","DANILOVKA, RS",,,"  119",",,S",,," -147",",,S"," -114","H,,S"
"RSM00034267","2018-02-14","50.367","44.117","102.0","DANILOVKA, RS","    0","B,,S","  119",",,S","  -77",",,S"," -118",",,S","  -97","H,,S"
"RSM00034267","2018-02-15","50.367","44.117","102.0","DANILOVKA, RS","    0","B,,S","  119",",,S","  -61",",,S"," -104",",,S","  -84","H,,S"
"RSM00034267","2018-02-16","50.367","44.117","102.0","DANILOVKA, RS","    0","B,,S","  119",",,S","  -42",",,S","  -92",",,S","  -74","H,,S"
"RSM00034267","2018-02-17","50.367","44.117","102.0","DANILOVKA, RS","    0","B,,S","   99",",,S","  -33",",,S"," -113",",,S","  -72","H,,S"
"RSM00034267","2018-02-18","50.367","44.117","102.0","DANILOVKA, RS","   41","B,,S","   99",",,S",,,"  -89",",,S","  -73","H,,S"
"RSM00034267","2018-02-19","50.367","44.117","102.0","DANILOVKA, RS","    5","B,,S","  160",",,S","  -29",",,S",,,"  -62","H,,S"
"RSM00034267","2018-02-20","50.367","44.117","102.0","DANILOVKA, RS","    3","B,,S","  170",",,S","   -8",",,S",,,"  -74","H,,S"
"RSM00034267","2018-02-21","50.367","44.117","102.0","DANILOVKA, RS","    0","B,,S","  160",",,S","  -59",",,S"," -197",",,S"," -138","H,,S"
"RSM00034267","2018-02-22","50.367","44.117","102.0","DANILOVKA, RS","    0","B,,S","  160",",,S","  -61",",,S"," -195",",,S"," -133","H,,S"
"RSM00034267","2018-02-23","50.367","44.117","102.0","DANILOVKA, RS","    0","B,,S","  160",",,S","  -81",",,S"," -251",",,S"," -163","H,,S"
"RSM00034267","2018-02-24","50.367","44.117","102.0","DANILOVKA, RS","    5","B,,S","  160",",,S","  -96",",,S"," -214",",,S"," -144","H,,S"
"RSM00034267","2018-02-25","50.367","44.117","102.0","DANILOVKA, RS","   18","B,,S","  170",",,S","  -76",",,S"," -133",",,S"," -108","H,,S"
"RSM00034267","2018-02-26","50.367","44.117","102.0","DANILOVKA, RS","    8","B,,S","  231",",,S",,,,," -134","H,,S"
"RSM00034267","2018-02-27","50.367","44.117","102.0","DANILOVKA, RS","    0","B,,S","  211",",,S"," -104",",,S"," -242",",,S"," -163","H,,S"
"RSM00034267","2018-02-28","50.367","44.117","102.0","DANILOVKA, RS","    0","B,,S","  211",",,S"," -115",",,S"," -175",",,S"," -133","H,,S"
"RSM00034267","2018-03-01","50.367","44.117","102.0","DANILOVKA, RS","    0","B,,S","  191",",,S","  -96",",,S"," -171",",,S"," -136","H,,S"
"RSM00034267","2018-03-02","50.367","44.117","102.0","DANILOVKA, RS","    0","B,,S","  180",",,S"," -102",",,S",,," -143","H,,S"
"RSM00034267","2018-03-03","50.367","44.117","102.0","DANILOVKA, RS","    8","B,,S","  180",",,S"," -104",",,S"," -204",",,S"," -139","H,,S"
"RSM00034267","2018-03-04","50.367","44.117","102.0","DANILOVKA, RS","   99","B,,S","  221",",,S","   12",",,S"," -114",",,S","  -30","H,,S"
"RSM00034267","2018-03-05","50.367","44.117","102.0","DANILOVKA, RS","    0","B,,S","  231",",,S","  -57",",,S"," -123",",,S","  -90","H,,S"
"RSM00034267","2018-03-06","50.367","44.117","102.0","DANILOVKA, RS","    0","B,,S","  231",",,S",,,,," -104","H,,S"
"RSM00034267","2018-03-07","50.367","44.117","102.0","DANILOVKA, RS","    0","B,,S","  231",",,S","  -58",",,S"," -195",",,S","  -96","H,,S"
"RSM00034267","2018-03-08","50.367","44.117","102.0","DANILOVKA, RS","  135","B,,S","  279",",,S","    4",",,S","  -71",",,S","  -26","H,,S"
"RSM00034267","2018-03-09","50.367","44.117","102.0","DANILOVKA, RS","   41","B,,S","  279",",,S",,,,,"  -59","H,,S"
"RSM00034267","2018-03-10","50.367","44.117","102.0","DANILOVKA, RS","    0","B,,S","  279",",,S","  -45",",,S"," -117",",,S","  -79","H,,S"
"RSM00034267","2018-03-11","50.367","44.117","102.0","DANILOVKA, RS","    0","B,,S","  279",",,S","  -40",",,S",,," -105","H,,S"
"RSM00034267","2018-03-12","50.367","44.117","102.0","DANILOVKA, RS","    0","B,,S","  279",",,S","  -51",",,S"," -256",",,S"," -146","H,,S"
"RSM00034267","2018-03-13","50.367","44.117","102.0","DANILOVKA, RS","    0","B,,S","  269",",,S","  -63",",,S"," -197",",,S"," -114","H,,S"
"RSM00034267","2018-03-14","50.367","44.117","102.0","DANILOVKA, RS","    0","B,,S","  269",",,S","  -26",",,S"," -171",",,S","  -82","H,,S"
"RSM00034267","2018-03-15","50.367","44.117","102.0","DANILOVKA, RS","    5","B,,S","  269",",,S",,,"  -67",",,S","  -12","H,,S"
"RSM00034267","2018-03-16","50.367","44.117","102.0","DANILOVKA, RS","   20","B,,S","  259",",,S","   15",",,S",,,"   -8","H,,S"
"RSM00034267","2018-03-17","50.367","44.117","102.0","DANILOVKA, RS","    0","B,,S","  249",",,S",,,"  -91",",,S","  -12","H,,S"
"RSM00034267","2018-03-18","50.367","44.117","102.0","DANILOVKA, RS","   41","B,,S","  221",",,S","   31",",,S",,,"  -56","H,,S"
"RSM00034267","2018-03-19","50.367","44.117","102.0","DANILOVKA, RS","  119","B,,S","  221",",,S","  -99",",,S"," -112",",,S"," -109","H,,S"
"RSM00034267","2018-03-20","50.367","44.117","102.0","DANILOVKA, RS","    5","B,,S","  340",",,S","  -38",",,S"," -185",",,S","  -97","H,,S"
"RSM00034267","2018-03-21","50.367","44.117","102.0","DANILOVKA, RS","   71","B,,S","  371",",,S","   13",",,S","  -88",",,S","  -44","H,,S"
"RSM00034267","2018-03-22","50.367","44.117","102.0","DANILOVKA, RS",,,"  361",",,S",,,"  -91",",,S","  -48","H,,S"
"RSM00034267","2018-03-23","50.367","44.117","102.0","DANILOVKA, RS","    5","B,,S","  361",",,S","   10",",,S",,,"  -36","H,,S"
"RSM00034267","2018-03-24","50.367","44.117","102.0","DANILOVKA, RS","   30","B,,S","  361",",,S","    0",",,S","  -90",",,S","  -25","H,,S"
"RSM00034267","2018-03-25","50.367","44.117","102.0","DANILOVKA, RS","    0","B,,S","  371",",,S","   14",",,S",,,"  -33","H,,S"
"RSM00034267","2018-03-26","50.367","44.117","102.0","DANILOVKA, RS","    0","B,,S","  361",",,S","   40",",,S"," -140",",,S","  -31","H,,S"
"RSM00034267","2018-03-27","50.367","44.117","102.0","DANILOVKA, RS","    5","B,,S","  310",",,S","   44",",,S"," -143",",,S","  -20","H,,S"
"RSM00034267","2018-03-28","50.367","44.117","102.0","DANILOVKA, RS",,,,,,,,,"   15","H,,S"
"RSM00034267","2018-03-29","50.367","44.117","102.0","DANILOVKA, RS","    0","B,,S","  211",",,S","   16",",,S",,,"   -8","H,,S"
"RSM00034267","2018-03-30","50.367","44.117","102.0","DANILOVKA, RS","    0","B,,S","  201",",,S",,,"  -87",",,S","  -30","H,,S"
"RSM00034267","2018-03-31","50.367","44.117","102.0","DANILOVKA, RS","    0","B,,S","  191",",,S","   33",",,S","  -58",",,S","   -8","H,,S"
"RSM00034267","2018-06-10","50.367","44.117","102.0","DANILOVKA, RS",,,,,,,,,"   96","H,,S"
"RSM00034267","2018-06-12","50.367","44.117","102.0","DANILOVKA, RS",,,,,,,,,"  166","H,,S"
"RSM00034267","2018-06-17","50.367","44.117","102.0","DANILOVKA, RS",,,,,,,,,"  192","H,,S"
"RSM00034267","2018-11-01","50.367","44.117","102.0","DANILOVKA, RS",,,,,,,,,"  -18","H,,S"
"RSM00034267","2018-11-02","50.367","44.117","102.0","DANILOVKA, RS","    0","B,,S",,,"  105",",,S","  -79",",,S","    2","H,,S"
"RSM00034267","2018-11-03","50.367","44.117","102.0","DANILOVKA, RS","    0","B,,S",,,"   99",",,S","  -56",",,S","   12","H,,S"
"RSM00034267","2018-11-04","50.367","44.117","102.0","DANILOVKA, RS","    8","B,,S",,,"   81",",,S","   -9",",,S","   57","H,,S"
"RSM00034267","2018-11-05","50.367","44.117","102.0","DANILOVKA, RS","    0","B,,S",,,"   86",",,S",,,"   64","H,,S"
"RSM00034267","2018-11-06","50.367","44.117","102.0","DANILOVKA, RS","    0","B,,S",,,"   82",",,S","   35",",,S","   53","H,,S"
"RSM00034267","2018-11-07","50.367","44.117","102.0","DANILOVKA, RS","    0","B,,S",,,"   43",",,S","   25",",,S","   34","H,,S"
"RSM00034267","2018-11-08","50.367","44.117","102.0","DANILOVKA, RS","    0","B,,S",,,"   57",",,S","   30",",,S","   44","H,,S"
"RSM00034267","2018-11-09","50.367","44.117","102.0","DANILOVKA, RS","    0","B,,S",,,,,,,"   29","H,,S"
"RSM00034267","2018-11-10","50.367","44.117","102.0","DANILOVKA, RS","    5","B,,S",,,"   28",",,S",,,"   13","H,,S"
"RSM00034267","2018-11-11","50.367","44.117","102.0","DANILOVKA, RS","    0","B,,S",,,,,,,"  -37","H,,S"
"RSM00034267","2018-11-12","50.367","44.117","102.0","DANILOVKA, RS","    0","B,,S",,,"  -25",",,S","  -98",",,S","  -69","H,,S"
"RSM00034267","2018-11-13","50.367","44.117","102.0","DANILOVKA, RS","    0","B,,S",,,"  -16",",,S",,,"  -74","H,,S"
"RSM00034267","2018-11-14","50.367","44.117","102.0","DANILOVKA, RS","    0","B,,S",,,"   14",",,S"," -139",",,S","  -64","H,,S"
"RSM00034267","2018-11-15","50.367","44.117","102.0","DANILOVKA, RS","    0","B,,S",,,"    6",",,S"," -131",",,S","  -58","H,,S"
"RSM00034267","2018-11-16","50.367","44.117","102.0","DANILOVKA, RS","    0","B,,S",,,"   33",",,S","  -88",",,S","  -31","H,,S"
"RSM00034267","2018-11-23","50.367","44.117","102.0","DANILOVKA, RS","    0","B,,S",,,"  -10",",,S",,,"  -50","H,,S"
"RSM00034267","2018-11-24","50.367","44.117","102.0","DANILOVKA, RS","    0","B,,S",,,"   17",",,S"," -130",",,S","  -56","H,,S"
"RSM00034267","2018-11-25","50.367","44.117","102.0","DANILOVKA, RS","    0","B,,S",,,"  -42",",,S","  -77",",,S","  -54","H,,S"
"RSM00034267","2018-11-26","50.367","44.117","102.0","DANILOVKA, RS","   36","B,,S","   10",",,S","    5",",,S","  -51",",,S","  -18","H,,S"
"RSM00034267","2018-11-27","50.367","44.117","102.0","DANILOVKA, RS","   99","B,,S","   51",",,S","    2",",,S","  -14",",,S","   -5","H,,S"
"RSM00034267","2018-11-28","50.367","44.117","102.0","DANILOVKA, RS","   30","B,,S","  119",",,S",,,,,"  -55","H,,S"
"RSM00034267","2018-11-29","50.367","44.117","102.0","DANILOVKA, RS","    0","B,,S","  119",",,S","  -81",",,S",,," -130","H,,S"
"RSM00034267","2018-11-30","50.367","44.117","102.0","DANILOVKA, RS","    0","B,,S","  119",",,S"," -126",",,S"," -242",",,S"," -193","H,,S"
"RSM00034267","2018-12-01","50.367","44.117","102.0","DANILOVKA, RS","    0","B,,S","  119",",,S",,," -201",",,S"," -104","H,,S"
"RSM00034267","2018-12-02","50.367","44.117","102.0","DANILOVKA, RS","   38","B,,S","  170",",,S","  -28",",,S","  -85",",,S","  -40","H,,S"
"RSM00034267","2018-12-03","50.367","44.117","102.0","DANILOVKA, RS","    0","B,,S","  170",",,S","  -21",",,S",,,"  -34","H,,S"
"RSM00034267","2018-12-04","50.367","44.117","102.0","DANILOVKA, RS","    3","B,,S","  150",",,S","   -6",",,S","  -47",",,S","  -22","H,,S"
"RSM00034267","2018-12-05","50.367","44.117","102.0","DANILOVKA, RS","    0","B,,S","  150",",,S","  -11",",,S",,,"  -31","H,,S"
"RSM00034267","2018-12-06","50.367","44.117","102.0","DANILOVKA, RS","    0","B,,S","  130",",,S",,,,,"  -68","H,,S"
"RSM00034267","2018-12-07","50.367","44.117","102.0","DANILOVKA, RS","   61","B,,S","  150",",,S","  -40",",,S"," -109",",,S","  -63","H,,S"
"RSM00034267","2018-12-08","50.367","44.117","102.0","DANILOVKA, RS","   15","B,,S","  160",",,S","    0",",,S","  -55",",,S","  -25","H,,S"
"RSM00034267","2018-12-09","50.367","44.117","102.0","DANILOVKA, RS","    3","B,,S","  170",",,S","  -11",",,S",,,"  -35","H,,S"
"RSM00034267","2018-12-10","50.367","44.117","102.0","DANILOVKA, RS","    0","B,,S","  170",",,S","   -3",",,S","  -58",",,S","  -22","H,,S"
"RSM00034267","2018-12-11","50.367","44.117","102.0","DANILOVKA, RS","    0","B,,S","  170",",,S",,,"  -48",",,S","  -22","H,,S"
"RSM00034267","2018-12-12","50.367","44.117","102.0","DANILOVKA, RS","   30","B,,S","  150",",,S",,,,,"  -22","H,,S"
"RSM00034267","2018-12-13","50.367","44.117","102.0","DANILOVKA, RS","    5","B,,S","  150",",,S","   -5",",,S","  -32",",,S","  -14","H,,S"
"RSM00034267","2018-12-14","50.367","44.117","102.0","DANILOVKA, RS","  201","B,,S","  249",",,S",,,,,"  -28","H,,S"
"RSM00034267","2018-12-15","50.367","44.117","102.0","DANILOVKA, RS","   15","B,,S","  351",",,S","  -32",",,S",,,"  -50","H,,S"
"RSM00034267","2018-12-16","50.367","44.117","102.0","DANILOVKA, RS","    0","B,,S","  330",",,S","  -43",",,S",,,"  -64","H,,S"
"RSM00034267","2018-12-17","50.367","44.117","102.0","DANILOVKA, RS","    0","B,,S","  330",",,S","  -76",",,S"," -105",",,S","  -89","H,,S"
"RSM00034267","2018-12-18","50.367","44.117","102.0","DANILOVKA, RS","    5","B,,S","  310",",,S","  -72",",,S"," -103",",,S","  -92","H,,S"
"RSM00034267","2018-12-19","50.367","44.117","102.0","DANILOVKA, RS","    3","B,,S","  320",",,S"," -100",",,S"," -119",",,S"," -108","H,,S"
"RSM00034267","2018-12-20","50.367","44.117","102.0","DANILOVKA, RS","    3","B,,S","  300",",,S","  -86",",,S",,,"  -99","H,,S"
"RSM00034267","2018-12-21","50.367","44.117","102.0","DANILOVKA, RS","    3","B,,S","  300",",,S",,,,," -123","H,,S"
"RSM00034267","2018-12-22","50.367","44.117","102.0","DANILOVKA, RS","   20","B,,S","  300",",,S",,," -148",",,S"," -115","H,,S"
"RSM00034267","2018-12-23","50.367","44.117","102.0","DANILOVKA, RS","   15","B,,S","  300",",,S",,," -110",",,S","  -32","H,,S"
"RSM00034267","2018-12-24","50.367","44.117","102.0","DANILOVKA, RS","   84","B,,S","  259",",,S",,,,,"   11","H,,S"
"RSM00034267","2018-12-25","50.367","44.117","102.0","DANILOVKA, RS","    5","B,,S","  221",",,S","    8",",,S",,,"  -11","H,,S"
"RSM00034267","2018-12-26","50.367","44.117","102.0","DANILOVKA, RS","   51","B,,S","  259",",,S","    1",",,S","  -48",",,S","  -15","H,,S"
"RSM00034267","2018-12-27","50.367","44.117","102.0","DANILOVKA, RS","    5","B,,S","  269",",,S","  -12",",,S",,,"  -31","H,,S"
"RSM00034267","2018-12-28","50.367","44.117","102.0","DANILOVKA, RS","    3","B,,S","  259",",,S",,,,,"  -96","H,,S"
"RSM00034267","2018-12-29","50.367","44.117","102.0","DANILOVKA, RS","    0","B,,S","  269",",,S","  -90",",,S",,," -143","H,,S"
"RSM00034267","2018-12-30","50.367","44.117","102.0","DANILOVKA, RS","    0","B,,S","  259",",,S"," -152",",,S",,," -187","H,,S"
"RSM00034267","2018-12-31","50.367","44.117","102.0","DANILOVKA, RS",,,"  259",",,S",,," -240",",,S"," -140","H,,S"
"RSM00034267","2019-01-01","50.367","44.117","102.0","DANILOVKA, RS","   43","B,,S","  300",",,S",,," -121",",,S","  -91","H,,S"
"RSM00034267","2019-01-02","50.367","44.117","102.0","DANILOVKA, RS","   33","B,,S","  340",",,S","  -19",",,S","  -82",",,S","  -36","H,,S"
"RSM00034267","2019-01-03","50.367","44.117","102.0","DANILOVKA, RS","    0","B,,S","  340",",,S","  -25",",,S",,,"  -39","H,,S"
"RSM00034267","2019-01-04","50.367","44.117","102.0","DANILOVKA, RS","   99","B,,S","  409",",,S",,,"  -49",",,S","  -23","H,,S"
"RSM00034267","2019-01-05","50.367","44.117","102.0","DANILOVKA, RS","  124","B,,S","  439",",,S","    6",",,S",,,"  -33","H,,S"
"RSM00034267","2019-01-06","50.367","44.117","102.0","DANILOVKA, RS","    0","B,,S","  419",",,S","  -70",",,S"," -116",",,S","  -88","H,,S"
"RSM00034267","2019-01-07","50.367","44.117","102.0","DANILOVKA, RS","    0","B,,S","  419",",,S"," -100",",,S",,," -148","H,,S"
"RSM00034267","2019-01-08","50.367","44.117","102.0","DANILOVKA, RS","    3","B,,S","  419",",,S",,," -227",",,S"," -153","H,,S"
"RSM00034267","2019-01-09","50.367","44.117","102.0","DANILOVKA, RS","    0","B,,S","  429",",,S","  -55",",,S",,,"  -90","H,,S"
"RSM00034267","2019-01-10","50.367","44.117","102.0","DANILOVKA, RS","    0","B,,S","  429",",,S","  -81",",,S",,," -139","H,,S"
"RSM00034267","2019-01-11","50.367","44.117","102.0","DANILOVKA, RS","   20","B,,S","  419",",,S",,," -199",",,S"," -101","H,,S"
"RSM00034267","2019-01-12","50.367","44.117","102.0","DANILOVKA, RS","   74","B,,S","  470",",,S","   18",",,S","  -84",",,S","  -15","H,,S"
"RSM00034267","2019-01-13","50.367","44.117","102.0","DANILOVKA, RS","    5","B,,S","  439",",,S","  -47",",,S","  -80",",,S","  -56","H,,S"
"RSM00034267","2019-01-14","50.367","44.117","102.0","DANILOVKA, RS","    0","B,,S","  439",",,S",,,"  -63",",,S","  -44","H,,S"
"RSM00034267","2019-01-15","50.367","44.117","102.0","DANILOVKA, RS","   18","B,,S","  450",",,S","   15",",,S","  -52",",,S","    4","H,,S"
"RSM00034267","2019-01-16","50.367","44.117","102.0","DANILOVKA, RS","   46","B,,S","  409",",,S","   11",",,S",,,"  -14","H,,S"
"RSM00034267","2019-01-17","50.367","44.117","102.0","DANILOVKA, RS","    0","B,,S","  409",",,S","  -62",",,S","  -97",",,S","  -82","H,,S"
"RSM00034267","2019-01-18","50.367","44.117","102.0","DANILOVKA, RS","    0","B,,S","  409",",,S",,,"  -95",",,S","  -45","H,,S"
"RSM00034267","2019-01-19","50.367","44.117","102.0","DANILOVKA, RS","    0","B,,S","  409",",,S","   18",",,S","  -21",",I,S","    7","H,,S"
"RSM00034267","2019-01-20","50.367","44.117","102.0","DANILOVKA, RS","    0","B,,S","  381",",,S","  -61",",I,S",,," -112","H,,S"
"RSM00034267","2019-01-21","50.367","44.117","102.0","DANILOVKA, RS","   79","B,,S","  381",",,S","  -20",",,S"," -199",",,S","  -91","H,,S"
"RSM00034267","2019-01-22","50.367","44.117","102.0","DANILOVKA, RS","   10","B,,S","  500",",,S",,,,," -131","H,,S"
"RSM00034267","2019-01-23","50.367","44.117","102.0","DANILOVKA, RS","    0","B,,S","  500",",,S"," -125",",,S"," -181",",,S"," -139","H,,S"
"RSM00034267","2019-01-24","50.367","44.117","102.0","DANILOVKA, RS","  109","B,,S","  511",",,S",,," -161",",,S","  -72","H,,S"
"RSM00034267","2019-01-25","50.367","44.117","102.0","DANILOVKA, RS","  109","B,,S","  650",",,S",,,,," -173","H,,S"
"RSM00034267","2019-01-26","50.367","44.117","102.0","DANILOVKA, RS","    0","B,,S","  630",",,S"," -124",",,S"," -325",",,S"," -192","H,,S"
"RSM00034267","2019-01-27","50.367","44.117","102.0","DANILOVKA, RS","    5","B,,S","  630",",,S",,," -167",",,S"," -111","H,,S"
"RSM00034267","2019-01-28","50.367","44.117","102.0","DANILOVKA, RS","   61","B,,S","  650",",,S","  -27",",,S","  -82",",,S","  -40","H,,S"
"RSM00034267","2019-01-29","50.367","44.117","102.0","DANILOVKA, RS","    3","B,,S","  650",",,S","  -65",",,S",,,"  -77","H,,S"
"RSM00034267","2019-01-30","50.367","44.117","102.0","DANILOVKA, RS","    0","B,,S","  650",",,S","  -54",",,S",,,"  -83","H,,S"
"RSM00034267","2019-01-31","50.367","44.117","102.0","DANILOVKA, RS","    0","B,,S","  640",",,S","  -83",",,S",,," -109","H,,S"
"RSM00034267","2019-02-01","50.367","44.117","102.0","DANILOVKA, RS","    0","B,,S","  640",",,S","  -76",",,S"," -155",",,S"," -117","H,,S"
"RSM00034267","2019-02-02","50.367","44.117","102.0","DANILOVKA, RS","    0","B,,S","  630",",,S","  -87",",,S"," -157",",,S"," -113","H,,S"
"RSM00034267","2019-02-03","50.367","44.117","102.0","DANILOVKA, RS","    0","B,,S","  620",",,S","  -51",",,S","  -95",",,S","  -71","H,,S"
"RSM00034267","2019-02-04","50.367","44.117","102.0","DANILOVKA, RS","    0","B,,S","  610",",,S","  -40",",,S","  -85",",,S","  -62","H,,S"
"RSM00034267","2019-02-05","50.367","44.117","102.0","DANILOVKA, RS","    0","B,,S","  610",",,S","   11",",,S","  -91",",,S","  -32","H,,S"
"RSM00034267","2019-02-06","50.367","44.117","102.0","DANILOVKA, RS","    0","B,,S","  589",",,S",,,"  -33",",,S","  -12","H,,S"
"RSM00034267","2019-02-07","50.367","44.117","102.0","DANILOVKA, RS","    8","B,,S","  569",",,S","    9",",,S",,,"   -3","H,,S"
"RSM00034267","2019-02-08","50.367","44.117","102.0","DANILOVKA, RS","    0","B,,S","  559",",,S","  -21",",,S",,,"  -31","H,,S"
"RSM00034267","2019-02-09","50.367","44.117","102.0","DANILOVKA, RS","    0","B,,S","  559",",,S","  -44",",,S",,,"  -64","H,,S"
"RSM00034267","2019-02-10","50.367","44.117","102.0","DANILOVKA, RS","    0","B,,S","  559",",,S","  -51",",,S",,," -104","H,,S"
"RSM00034267","2019-02-11","50.367","44.117","102.0","DANILOVKA, RS","    0","B,,S","  559",",,S","  -53",",,S"," -165",",,S"," -104","H,,S"
"RSM00034267","2019-02-12","50.367","44.117","102.0","DANILOVKA, RS","    0","B,,S","  559",",,S","  -59",",,S",,,"  -86","H,,S"
"RSM00034267","2019-02-13","50.367","44.117","102.0","DANILOVKA, RS","    0","B,,S","  559",",,S",,," -117",",,S","  -54","H,,S"
"RSM00034267","2019-02-14","50.367","44.117","102.0","DANILOVKA, RS","    0","B,,S","  551",",,S","   -3",",,S",,,"  -48","H,,S"
"RSM00034267","2019-02-15","50.367","44.117","102.0","DANILOVKA, RS","    0","B,,S","  551",",,S",,," -205",",,S","  -89","H,,S"
"RSM00034267","2019-02-16","50.367","44.117","102.0","DANILOVKA, RS","    0","B,,S","  551",",,S",,,"  -44",",,S","    4","H,,S"
"RSM00034267","2019-02-17","50.367","44.117","102.0","DANILOVKA, RS","    0","B,,S","  531",",,S","   13",",,S","  -52",",,S","   -9","H,,S"
"RSM00034267","2019-02-18","50.367","44.117","102.0","DANILOVKA, RS","    0","B,,S","  531",",,S",,,,,"  -23","H,,S"
"RSM00034267","2019-02-19","50.367","44.117","102.0","DANILOVKA, RS","    0","B,,S","  531",",,S","  -55",",,S"," -122",",,S","  -92","H,,S"
"RSM00034267","2019-02-20","50.367","44.117","102.0","DANILOVKA, RS","    0","B,,S","  521",",,S","    7",",,S"," -110",",,S","  -49","H,,S"
"RSM00034267","2019-02-21","50.367","44.117","102.0","DANILOVKA, RS","   10","B,,S","  521",",,S","   23",",,S","  -51",",,S","   -5","H,,S"
"RSM00034267","2019-02-22","50.367","44.117","102.0","DANILOVKA, RS","   13","B,,S","  521",",,S","  -46",",,S",,,"  -73","H,,S"
"RSM00034267","2019-02-23","50.367","44.117","102.0","DANILOVKA, RS","    0","B,,S","  531",",,S","  -56",",,S",,," -104","H,,S"
"RSM00034267","2019-02-24","50.367","44.117","102.0","DANILOVKA, RS","    0","B,,S","  531",",,S","  -87",",,S"," -226",",,S"," -157","H,,S"
"RSM00034267","2019-02-25","50.367","44.117","102.0","DANILOVKA, RS","   10","B,,S","  531",",,S",,," -198",",,S","  -50","H,,S"
"RSM00034267","2019-02-26","50.367","44.117","102.0","DANILOVKA, RS","   15","B,,S","  541",",,S","   20",",,S","  -17",",,S","    2","H,,S"
"RSM00034267","2019-02-27","50.367","44.117","102.0","DANILOVKA, RS","    0","B,,S","  531",",,S","   23",",,S",,,"    2","H,,S"
"RSM00034267","2019-02-28","50.367","44.117","102.0","DANILOVKA, RS","    0","B,,S","  521",",,S","   24",",,S","  -15",",,S","    1","H,,S"
"RSM00034267","2019-03-01","50.367","44.117","102.0","DANILOVKA, RS","   30","B,,S","  541",",,S","   20",",,S","   -9",",,S","    4","H,,S"
"RSM00034267","2019-03-02","50.367","44.117","102.0","DANILOVKA, RS","   23","B,,S","  551",",,S","   -4",",,S",,,"  -21","H,,S"
"RSM00034267","2019-03-03","50.367","44.117","102.0","DANILOVKA, RS","    0","B,,S","  541",",,S","  -43",",,S"," -136",",,S","  -76","H,,S"
"RSM00034267","2019-03-04","50.367","44.117","102.0","DANILOVKA, RS","   30","B,,S","  531",",,S",,,"  -65",",,S","  -11","H,,S"
"RSM00034267","2019-03-05","50.367","44.117","102.0","DANILOVKA, RS","   10","B,,S","  521",",,S","   50",",,S","    5",",,S","   24","H,,S"
"RSM00034267","2019-03-06","50.367","44.117","102.0","DANILOVKA, RS","    0","B,,S","  490",",,S","   82",",,S",,,"   34","H,,S"
"RSM00034267","2019-03-07","50.367","44.117","102.0","DANILOVKA, RS","    0","B,,S","  439",",,S",,,,,"  -67","H,,S"
"RSM00034267","2019-03-08","50.367","44.117","102.0","DANILOVKA, RS","    0","B,,S","  419",",,S",,," -170",",,S","  -50","H,,S"
"RSM00034267","2019-03-09","50.367","44.117","102.0","DANILOVKA, RS",,,,,"   53",",,S","  -12",",,S","   31","H,,S"
"RSM00034267","2019-03-10","50.367","44.117","102.0","DANILOVKA, RS","   61","B,,S","  361",",,S","   50",",,S","   19",",,S","   31","H,,S"
"RSM00034267","2019-03-11","50.367","44.117","102.0","DANILOVKA, RS","   36","B,,S","  330",",,S","   38",",,S","   14",",,S","   27","H,,S"
"RSM00034267","2019-03-12","50.367","44.117","102.0","DANILOVKA, RS","   51","B,,S","  249",",,S",,,,,"   21","H,,S"
"RSM00034267","2019-03-13","50.367","44.117","102.0","DANILOVKA, RS","    0","B,,S","  249",",,S","   29",",,S",,,"   -7","H,,S"
"RSM00034267","2019-03-14","50.367","44.117","102.0","DANILOVKA, RS","    0","B,,S","  211",",,S","    7",",,S","  -87",",,S","  -43","H,,S"
"RSM00034267","2019-03-15","50.367","44.117","102.0","DANILOVKA, RS","    0","B,,S","  211",",,S","    5",",,S","  -89",",,S","  -29","H,,S"
"RSM00034267","2019-03-16","50.367","44.117","102.0","DANILOVKA, RS","    0","B,,S","  201",",,S",,,"  -19",",,S","    3","H,,S"
"RSM00034267","2019-03-17","50.367","44.117","102.0","DANILOVKA, RS","   51","B,,S","  180",",,S","   37",",,S","    6",",,S","   16","H,,S"
"RSM00034267","2019-03-18","50.367","44.117","102.0","DANILOVKA, RS","    0","B,,S","  160",",,S","   39",",,S",,,"   11","H,,S"
"RSM00034267","2019-03-19","50.367","44.117","102.0","DANILOVKA, RS","    0","B,,S","  140",",,S","   44",",,S",,,"  -10","H,,S"
"RSM00034267","2019-03-20","50.367","44.117","102.0","DANILOVKA, RS","    0","B,,S","  119",",,S","   69",",,S","  -75",",,S","   -4","H,,S"
"RSM00034267","2019-03-21","50.367","44.117","102.0","DANILOVKA, RS","   10","B,,S","   89",",,S","   64",",,S","  -58",",,S","   -7","H,,S"
"RSM00034267","2019-03-22","50.367","44.117","102.0","DANILOVKA, RS","    5","B,,S","   71",",,S","   26",",,S","  -48",",,S","   -6","H,,S"
"RSM00034267","2019-03-23","50.367","44.117","102.0","DANILOVKA, RS","   51","B,,S","   71",",,S","   45",",,S","    5",",,S","   18","H,,S"
"RSM00034267","2019-03-24","50.367","44.117","102.0","DANILOVKA, RS","    3","B,,S","   41",",,S","   45",",,S",,,"    4","H,,S"
"RSM00034267","2019-03-25","50.367","44.117","102.0","DANILOVKA, RS","    0","B,,S","   20",",,S","   74",",,S","  -39",",,S","    8","H,,S"
"RSM00034267","2019-03-26","50.367","44.117","102.0","DANILOVKA, RS","    0","B,,S",,,"   97",",,S","  -38",",,S","   47","H,,S"
"RSM00034267","2019-03-27","50.367","44.117","102.0","DANILOVKA, RS","   18","B,,S",,,"   55",",,S",,,"   36","H,,S"
"RSM00034267","2019-03-28","50.367","44.117","102.0","DANILOVKA, RS","    5","B,,S",,,"   54",",,S",,,"   17","H,,S"
"RSM00034267","2019-03-29","50.367","44.117","102.0","DANILOVKA, RS","    5","B,,S",,,"   29",",,S",,,"   -9","H,,S"
"RSM00034267","2019-03-30","50.367","44.117","102.0","DANILOVKA, RS","    3","B,,S","   10",",,S","   76",",,S","  -73",",,S","    9","H,,S"
"RSM00034267","2019-03-31","50.367","44.117","102.0","DANILOVKA, RS","    0","B,,S",,,"  166",",,S","   34",",,S","   96","H,,S"
"RSM00034267","2019-05-30","50.367","44.117","102.0","DANILOVKA, RS",,,,,,,,,"  189","H,,S"
"RSM00034267","2019-06-09","50.367","44.117","102.0","DANILOVKA, RS",,,,,,,"  131",",,S","  254","H,,S"
"RSM00034267","2019-06-28","50.367","44.117","102.0","DANILOVKA, RS",,,,,,,"  134",",,S","  215","H,,S"
"RSM00034267","2019-07-17","50.367","44.117","102.0","DANILOVKA, RS","   38","B,,S",,,,,,,"  202","H,,S"
"RSM00034267","2019-07-18","50.367","44.117","102.0","DANILOVKA, RS",,,,,,,,,"  244","H,,S"
"RSM00034267","2019-08-18","50.367","44.117","102.0","DANILOVKA, RS",,,,,,,"  145",",,S","  219","H,,S"
"RSM00034267","2019-11-01","50.367","44.117","102.0","DANILOVKA, RS","    0","B,,S",,,"    1",",,S",,,"  -58","H,,S"
"RSM00034267","2019-11-02","50.367","44.117","102.0","DANILOVKA, RS","    0","B,,S",,,"   23",",,S"," -127",",,S","  -43","H,,S"
"RSM00034267","2019-11-03","50.367","44.117","102.0","DANILOVKA, RS","    0","B,,S",,,,,"  -83",",,S","  -19","H,,S"
"RSM00034267","2019-11-04","50.367","44.117","102.0","DANILOVKA, RS","    0","B,,S",,,,,"  -51",",,S","   15","H,,S"
"RSM00034267","2019-11-05","50.367","44.117","102.0","DANILOVKA, RS","    0","B,,S",,,"  107",",,S","   44",",,S","   87","H,,S"
"RSM00034267","2019-11-06","50.367","44.117","102.0","DANILOVKA, RS","    0","B,,S",,,"  161",",,S","   94",",,S","  116","H,,S"
"RSM00034267","2019-11-07","50.367","44.117","102.0","DANILOVKA, RS",,,,,,,"  112",",,S","  142","H,,S"
"RSM00034267","2019-11-08","50.367","44.117","102.0","DANILOVKA, RS","    0","B,,S",,,"  211",",,S","   72",",,S","  133","H,,S"
"RSM00034267","2019-11-09","50.367","44.117","102.0","DANILOVKA, RS","    0","B,,S",,,"   95",",,S",,,"   51","H,,S"
"RSM00034267","2019-11-10","50.367","44.117","102.0","DANILOVKA, RS","    0","B,,S",,,"   51",",,S","   17",",,S","   37","H,,S"
"RSM00034267","2019-11-11","50.367","44.117","102.0","DANILOVKA, RS","    0","B,,S",,,,,,,"   24","H,,S"
"RSM00034267","2019-11-12","50.367","44.117","102.0","DANILOVKA, RS","    3","B,,S",,,"   76",",,S","   10",",,S","   56","H,,S"
"RSM00034267","2019-11-13","50.367","44.117","102.0","DANILOVKA, RS","    0","B,,S",,,"   78",",,S",,,"    2","H,,S"
"RSM00034267","2019-11-14","50.367","44.117","102.0","DANILOVKA, RS","    0","B,,S",,,"   46",",,S","  -79",",,S","  -15","H,,S"
"RSM00034267","2019-11-15","50.367","44.117","102.0","DANILOVKA, RS","    0","B,,S",,,"   25",",,S","  -35",",,S","   -7","H,,S"
"RSM00034267","2019-11-16","50.367","44.117","102.0","DANILOVKA, RS","    0","B,,S",,,"   46",",,S","  -54",",,S","   -1","H,,S"
"RSM00034267","2019-11-17","50.367","44.117","102.0","DANILOVKA, RS","    0","B,,S",,,"   45",",,S","  -10",",,S","   23","H,,S"
"RSM00034267","2019-11-18","50.367","44.117","102.0","DANILOVKA, RS","    0","B,,S",,,"   28",",,S",,,"    8","H,,S"
"RSM00034267","2019-11-19","50.367","44.117","102.0","DANILOVKA, RS",,,,,,,"  -17",",,S","   17","H,,S"
"RSM00034267","2019-11-20","50.367","44.117","102.0","DANILOVKA, RS",,,,,,,,,"  -31","H,,S"
"RSM00034267","2019-11-21","50.367","44.117","102.0","DANILOVKA, RS","    0","B,,S",,,"  -62",",,S",,," -114","H,,S"
"RSM00034267","2019-11-22","50.367","44.117","102.0","DANILOVKA, RS","    0","B,,S",,,"  -38",",,S"," -179",",,S"," -121","H,,S"
"RSM00034267","2019-11-23","50.367","44.117","102.0","DANILOVKA, RS","    0","B,,S",,,"   -8",",,S"," -189",",,S"," -132","H,,S"
"RSM00034267","2019-11-24","50.367","44.117","102.0","DANILOVKA, RS","    0","B,,S",,,"   16",",,S"," -191",",,S"," -114","H,,S"
"RSM00034267","2019-11-25","50.367","44.117","102.0","DANILOVKA, RS","    0","B,,S",,,"   -3",",,S"," -183",",,S"," -112","H,,S"
"RSM00034267","2019-11-26","50.367","44.117","102.0","DANILOVKA, RS","    0","B,,S",,,"  -49",",,S"," -162",",,S","  -98","H,,S"
"RSM00034267","2019-11-27","50.367","44.117","102.0","DANILOVKA, RS","    0","B,,S",,,"  -13",",,S"," -119",",,S","  -61","H,,S"
"RSM00034267","2019-11-28","50.367","44.117","102.0","DANILOVKA, RS","    0","B,,S",,,,,"  -48",",,S","  -28","H,,S"
"RSM00034267","2019-11-29","50.367","44.117","102.0","DANILOVKA, RS","   10","B,,S",,,"   -7",",,S","  -27",",,S","  -13","H,,S"
"RSM00034267","2019-11-30","50.367","44.117","102.0","DANILOVKA, RS","    5","B,,S",,,"   11",",,S","  -12",",,S","    5","H,,S"
"RSM00034267","2019-12-01","50.367","44.117","102.0","DANILOVKA, RS","   51","B,,S","   10",",,S","   35",",,S",,,"   11","H,,S"
"RSM00034267","2019-12-02","50.367","44.117","102.0","DANILOVKA, RS","    0","B,,S",,,"   -5",",,S",,,"  -54","H,,S"
"RSM00034267","2019-12-03","50.367","44.117","102.0","DANILOVKA, RS","   30","B,,S",,,,," -102",",,S","  -37","H,,S"
"RSM00034267","2019-12-04","50.367","44.117","102.0","DANILOVKA, RS","    5","B,,S","   51",",,S","  -21",",,S",,,"  -49","H,,S"
"RSM00034267","2019-12-05","50.367","44.117","102.0","DANILOVKA, RS","    0","B,,S","   41",",,S",,,"  -81",",,S","  -25","H,,S"
"RSM00034267","2019-12-06","50.367","44.117","102.0","DANILOVKA, RS","    0","B,,S","   41",",,S","   27",",,S","  -12",",,S","    7","H,,S"
"RSM00034267","2019-12-07","50.367","44.117","102.0","DANILOVKA, RS","    0","B,,S","   30",",,S","   30",",,S","  -16",",,S","   15","H,,S"
"RSM00034267","2019-12-08","50.367","44.117","102.0","DANILOVKA, RS","    0","B,,S","   10",",,S","   26",",,S","  -19",",,S","   10","H,,S"
"RSM00034267","2019-12-09","50.367","44.117","102.0","DANILOVKA, RS","    0","B,,S",,,"   12",",,S",,,"   -3","H,,S"
"RSM00034267","2019-12-10","50.367","44.117","102.0","DANILOVKA, RS","    0","B,,S",,,"    9",",,S","  -26",",,S","   -9","H,,S"
"RSM00034267","2019-12-11","50.367","44.117","102.0","DANILOVKA, RS","    0","B,,S",,,"   -9",",,S",,,"  -14","H,,S"
"RSM00034267","2019-12-12","50.367","44.117","102.0","DANILOVKA, RS","   10","B,,S",,,"   13",",,S","  -22",",,S","   -2","H,,S"
"RSM00034267","2019-12-13","50.367","44.117","102.0","DANILOVKA, RS","    0","B,,S",,,"  -18",",,S","  -67",",,S","  -43","H,,S"
"RSM00034267","2019-12-14","50.367","44.117","102.0","DANILOVKA, RS","    0","B,,S",,,"  -14",",,S","  -84",",,S","  -36","H,,S"
"RSM00034267","2019-12-15","50.367","44.117","102.0","DANILOVKA, RS","   30","B,,S","   10",",,S","  -13",",,S","  -22",",,S","  -17","H,,S"
"RSM00034267","2019-12-16","50.367","44.117","102.0","DANILOVKA, RS","   89","B,,S","   30",",,S",,,"  -20",",,S","    7","H,,S"
"RSM00034267","2019-12-17","50.367","44.117","102.0","DANILOVKA, RS","   20","B,,S","   10",",,S","   34",",,S","   -4",",,S","   15","H,,S"
"RSM00034267","2019-12-18","50.367","44.117","102.0","DANILOVKA, RS","    0","B,,S","   10",",,S","   42",",,S","   10",",,S","   38","H,,S"
"RSM00034267","2019-12-19","50.367","44.117","102.0","DANILOVKA, RS","   20","B,,S",,,"   61",",,S",,,"   43","H,,S"
"RSM00034267","2019-12-20","50.367","44.117","102.0","DANILOVKA, RS","    0","B,,S",,,,,,,"    8","H,,S"
"RSM00034267","2019-12-21","50.367","44.117","102.0","DANILOVKA, RS","    0","B,,S",,,"  -21",",,S",,,"  -26","H,,S"
"RSM00034267","2019-12-22","50.367","44.117","102.0","DANILOVKA, RS","    0","B,,S",,,"   18",",,S","  -34",",,S","    4","H,,S"
"RSM00034267","2019-12-23","50.367","44.117","102.0","DANILOVKA, RS","    0","B,,S",,,"   26",",,S",,,"    3","H,,S"
"RSM00034267","2019-12-24","50.367","44.117","102.0","DANILOVKA, RS","    0","B,,S",,,"  -27",",,S",,,"  -43","H,,S"
"RSM00034267","2019-12-25","50.367","44.117","102.0","DANILOVKA, RS","    0","B,,S",,,"  -20",",,S",,,"  -63","H,,S"
"RSM00034267","2019-12-26","50.367","44.117","102.0","DANILOVKA, RS","    0","B,,S",,,"  -35",",,S",,,"  -84","H,,S"
"RSM00034267","2019-12-27","50.367","44.117","102.0","DANILOVKA, RS","    0","B,,S",,,"  -36",",,S"," -132",",,S","  -91","H,,S"
"RSM00034267","2019-12-28","50.367","44.117","102.0","DANILOVKA, RS","    0","B,,S",,,,," -114",",,S","  -57","H,,S"
"RSM00034267","2019-12-29","50.367","44.117","102.0","DANILOVKA, RS","    0","B,,S",,,"  -27",",,S","  -93",",,S","  -51","H,,S"
"RSM00034267","2019-12-30","50.367","44.117","102.0","DANILOVKA, RS","    0","B,,S",,,"  -50",",,S","  -89",",,S","  -69","H,,S"
"RSM00034267","2019-12-31","50.367","44.117","102.0","DANILOVKA, RS","   20","B,,S",,,"    5",",,S","  -98",",,S","  -16","H,,S"
"RSM00034267","2020-01-01","50.367","44.117","102.0","DANILOVKA, RS","   51","B,,S","   30",",,S",,,"   -4",",,S","    3","H,,S"
"RSM00034267","2020-01-02","50.367","44.117","102.0","DANILOVKA, RS","    0","B,,S",,,,," -123",",,S","  -49","H,,S"
"RSM00034267","2020-01-03","50.367","44.117","102.0","DANILOVKA, RS","   10","B,,S","   51",",,S","    0",",,S","  -49",",,S","  -10","H,,S"
"RSM00034267","2020-01-04","50.367","44.117","102.0","DANILOVKA, RS","    0","B,,S","   51",",,S","   28",",,S","  -16",",,S","    2","H,,S"
"RSM00034267","2020-01-05","50.367","44.117","102.0","DANILOVKA, RS",,,"   41",",,S",,,"  -28",",,S","   -7","H,,S"
"RSM00034267","2020-01-06","50.367","44.117","102.0","DANILOVKA, RS","    3","B,,S","   41",",,S","   15",",,S","   -8",",,S","    3","H,,S"
"RSM00034267","2020-01-07","50.367","44.117","102.0","DANILOVKA, RS","   51","B,,S","   61",",,S","    6",",,S",,,"  -11","H,,S"
"RSM00034267","2020-01-08","50.367","44.117","102.0","DANILOVKA, RS","   33","B,,S","  119",",,S","  -15",",,S",,,"  -36","H,,S"
"RSM00034267","2020-01-09","50.367","44.117","102.0","DANILOVKA, RS","    0","B,,S","  119",",,S","  -19",",,S",,,"  -41","H,,S"
"RSM00034267","2020-01-10","50.367","44.117","102.0","DANILOVKA, RS","    3","B,,S","  109",",,S",,,"  -60",",,S","  -28","H,,S"
"RSM00034267","2020-01-11","50.367","44.117","102.0","DANILOVKA, RS",,,"   99",",,S",,,"  -29",",,S","  -17","H,,S"
"RSM00034267","2020-01-12","50.367","44.117","102.0","DANILOVKA, RS","   99","B,,S","  180",",,S","  -11",",,S","  -27",",,S","  -18","H,,S"
"RSM00034267","2020-01-13","50.367","44.117","102.0","DANILOVKA, RS","    0","B,,S","  191",",,S","  -14",",,S","  -35",",,S","  -27","H,,S"
"RSM00034267","2020-01-14","50.367","44.117","102.0","DANILOVKA, RS","    0","B,,S","  180",",,S","   20",",,S","  -27",",,S","    4","H,,S"
"RSM00034267","2020-01-15","50.367","44.117","102.0","DANILOVKA, RS","    0","B,,S","  150",",,S","    3",",,S",,,"  -27","H,,S"
"RSM00034267","2020-01-16","50.367","44.117","102.0","DANILOVKA, RS","    0","B,,S","  150",",,S","   -2",",,S","  -96",",,S","  -17","H,,S"
"RSM00034267","2020-01-17","50.367","44.117","102.0","DANILOVKA, RS","    3","B,,S","  150",",,S",,,"  -28",",,S","  -11","H,,S"
"RSM00034267","2020-01-18","50.367","44.117","102.0","DANILOVKA, RS","    0","B,,S","  130",",,S","   23",",,S",,,"    9","H,,S"
"RSM00034267","2020-01-19","50.367","44.117","102.0","DANILOVKA, RS","    0","B,,S","  130",",,S","   22",",,S",,,"   -1","H,,S"
"RSM00034267","2020-01-20","50.367","44.117","102.0","DANILOVKA, RS","    0","B,,S","  119",",,S",,,,,"  -26","H,,S"
"RSM00034267","2020-01-21","50.367","44.117","102.0","DANILOVKA, RS","    0","B,,S","  119",",,S","    8",",,S","  -29",",,S","   -1","H,,S"
"RSM00034267","2020-01-22","50.367","44.117","102.0","DANILOVKA, RS","   25","B,,S","  130",",,S","   29",",,S","   -8",",,S","   12","H,,S"
"RSM00034267","2020-01-23","50.367","44.117","102.0","DANILOVKA, RS","   56","B,,S","  150",",,S",,,,,"  -23","H,,S"
"RSM00034267","2020-01-24","50.367","44.117","102.0","DANILOVKA, RS","    3","B,,S","  160",",,S",,," -139",",,S","  -79","H,,S"
"RSM00034267","2020-01-25","50.367","44.117","102.0","DANILOVKA, RS","   25","B,,S","  170",",,S","   16",",,S","  -76",",,S","    2","H,,S"
"RSM00034267","2020-01-26","50.367","44.117","102.0","DANILOVKA, RS","    3","B,,S","  130",",,S",,,,,"  -17","H,,S"
"RSM00034267","2020-01-27","50.367","44.117","102.0","DANILOVKA, RS","    0","B,,S","  130",",,S","   18",",,S","  -61",",,S","    4","H,,S"
"RSM00034267","2020-01-28","50.367","44.117","102.0","DANILOVKA, RS","    8","B,,S","  130",",,S",,,"  -13",",,S","   -2","H,,S"
"RSM00034267","2020-01-29","50.367","44.117","102.0","DANILOVKA, RS","   56","B,,S","  130",",,S",,,,,"    4","H,,S"
"RSM00034267","2020-01-30","50.367","44.117","102.0","DANILOVKA, RS","   30","B,,S","  109",",,S","   39",",,S","   -6",",,S","   19","H,,S"
"RSM00034267","2020-01-31","50.367","44.117","102.0","DANILOVKA, RS",,,"  109",",,S",,,"  -23",",,S","    1","H,,S"
"RSM00034267","2020-02-01","50.367","44.117","102.0","DANILOVKA, RS","    0","B,,S","  109",",,S","   38",",,S","  -12",",,S","    7","H,,S"
"RSM00034267","2020-02-02","50.367","44.117","102.0","DANILOVKA, RS","    8","B,,S","  109",",,S",,,"   -7",",,S","   15","H,,S"
"RSM00034267","2020-02-03","50.367","44.117","102.0","DANILOVKA, RS","   71","B,,S","   89",",,S","   68",",,S",,,"   35","H,,S"
"RSM00034267","2020-02-04","50.367","44.117","102.0","DANILOVKA, RS","    0","B,,S","   89",",,S","   20",",,S","  -13",",,S","    3","H,,S"
"RSM00034267","2020-02-05","50.367","44.117","102.0","DANILOVKA, RS","    0","B,,S","   51",",,S","   20",",,S","  -30",",,S","  -12","H,,S"
"RSM00034267","2020-02-06","50.367","44.117","102.0","DANILOVKA, RS","    0","B,,S","   51",",,S","  -21",",,S",,,"  -44","H,,S"
"RSM00034267","2020-02-07","50.367","44.117","102.0","DANILOVKA, RS","    5","B,,S","   51",",,S","   -8",",,S",,,"  -43","H,,S"
"RSM00034267","2020-02-08","50.367","44.117","102.0","DANILOVKA, RS","    8","B,,S","   71",",,S","  -73",",,S",,," -106","H,,S"
"RSM00034267","2020-02-09","50.367","44.117","102.0","DANILOVKA, RS","    0","B,,S","   61",",,S","  -83",",,S"," -181",",,S"," -134","H,,S"
"RSM00034267","2020-02-10","50.367","44.117","102.0","DANILOVKA, RS","    0","B,,S","   61",",,S","  -26",",,S"," -160",",,S","  -96","H,,S"
"RSM00034267","2020-02-11","50.367","44.117","102.0","DANILOVKA, RS","    0","B,,S","   61",",,S","   -4",",,S"," -120",",,S","  -70","H,,S"
"RSM00034267","2020-02-12","50.367","44.117","102.0","DANILOVKA, RS",,,"   61",",,S","  -33",",,S"," -120",",,S","  -63","H,,S"
"RSM00034267","2020-02-13","50.367","44.117","102.0","DANILOVKA, RS","   18","B,,S","   61",",,S","    4",",,S",,,"  -27","H,,S"
"RSM00034267","2020-02-14","50.367","44.117","102.0","DANILOVKA, RS","    0","B,,S","   89",",,S",,,"  -90",",,S","  -51","H,,S"
"RSM00034267","2020-02-15","50.367","44.117","102.0","DANILOVKA, RS","    0","B,,S","   79",",,S","   30",",,S","  -80",",,S","  -31","H,,S"
"RSM00034267","2020-02-16","50.367","44.117","102.0","DANILOVKA, RS","    0","B,,S","   79",",,S","   31",",,S","  -89",",,S","  -31","H,,S"
"RSM00034267","2020-02-17","50.367","44.117","102.0","DANILOVKA, RS","    0","B,,S","   71",",,S","   35",",,S","  -45",",,S","   -5","H,,S"
"RSM00034267","2020-02-18","50.367","44.117","102.0","DANILOVKA, RS","    0","B,,S","   61",",,S",,,"  -18",",,S","    2","H,,S"
"RSM00034267","2020-02-19","50.367","44.117","102.0","DANILOVKA, RS","   10","B,,S","   61",",,S","   26",",,S","    1",",,S","   12","H,,S"
"RSM00034267","2020-02-20","50.367","44.117","102.0","DANILOVKA, RS","    0","B,,S","   30",",,S","   47",",,S",,,"   11","H,,S"
"RSM00034267","2020-02-21","50.367","44.117","102.0","DANILOVKA, RS","    0","B,,S","   20",",,S","   65",",,S","  -53",",,S","    4","H,,S"
"RSM00034267","2020-02-22","50.367","44.117","102.0","DANILOVKA, RS","    0","B,,S","   20",",,S","   11",",,S","  -25",",,S","  -14","H,,S"
"RSM00034267","2020-02-23","50.367","44.117","102.0","DANILOVKA, RS","   23","B,,S","   41",",,S","    7",",,S","  -23",",,S","    0","H,,S"
"RSM00034267","2020-02-24","50.367","44.117","102.0","DANILOVKA, RS","   64","B,,S","   61",",,S",,,"    0",",,S","   16","H,,S"
"RSM00034267","2020-02-25","50.367","44.117","102.0","DANILOVKA, RS","   76","B,,S","   10",",,S","   33",",,S",,,"   14","H,,S"
"RSM00034267","2020-02-26","50.367","44.117","102.0","DANILOVKA, RS","    0","B,,S",,,"   69",",,S","  -52",",,S","   13","H,,S"
"RSM00034267","2020-02-27","50.367","44.117","102.0","DANILOVKA, RS","    0","B,,S",,,"  129",",,S","   27",",,S","   77","H,,S"
"RSM00034267","2020-02-28","50.367","44.117","102.0","DANILOVKA, RS","    3","B,,S",,,"  124",",,S",,,"   66","H,,S"
"RSM00034267","2020-02-29","50.367","44.117","102.0","DANILOVKA, RS","   20","B,,S",,,"   63",",,S",,,"   12","H,,S"
"RSM00034267","2020-03-01","50.367","44.117","102.0","DANILOVKA, RS","    0","B,,S",,,"   81",",,S","  -66",",,S","    0","H,,S"
"RSM00034267","2020-03-02","50.367","44.117","102.0","DANILOVKA, RS","    0","B,,S",,,"   87",",,S","  -64",",,S","   16","H,,S"
"RSM00034267","2020-03-03","50.367","44.117","102.0","DANILOVKA, RS","    0","B,,S",,,"   89",",,S","  -16",",,S","   39","H,,S"
"RSM00034267","2020-03-04","50.367","44.117","102.0","DANILOVKA, RS","    0","B,,S",,,"  120",",,S","  -19",",,S","   46","H,,S"
"RSM00034267","2020-03-05","50.367","44.117","102.0","DANILOVKA, RS","    0","B,,S",,,"   73",",,S","  -23",",,S","   18","H,,S"
"RSM00034267","2020-03-06","50.367","44.117","102.0","DANILOVKA, RS","    0","B,,S",,,"  109",",,S","   -5",",,S","   47","H,,S"
"RSM00034267","2020-03-07","50.367","44.117","102.0","DANILOVKA, RS","    0","B,,S",,,"   89",",,S","   30",",,S","   59","H,,S"
"RSM00034267","2020-03-08","50.367","44.117","102.0","DANILOVKA, RS","    0","B,,S",,,"  150",",,S","   25",",,S","   80","H,,S"
"RSM00034267","2020-03-09","50.367","44.117","102.0","DANILOVKA, RS","    0","B,,S",,,"  187",",,S","   -8",",,S","   90","H,,S"
"RSM00034267","2020-03-10","50.367","44.117","102.0","DANILOVKA, RS","    0","B,,S",,,,,"   12",",,S","   92","H,,S"
"RSM00034267","2020-03-11","50.367","44.117","102.0","DANILOVKA, RS","    0","B,,S",,,"  167",",,S","   14",",,S","   94","H,,S"
"RSM00034267","2020-03-12","50.367","44.117","102.0","DANILOVKA, RS","   20","B,,S",,,"  129",",,S",,,"   77","H,,S"
"RSM00034267","2020-03-13","50.367","44.117","102.0","DANILOVKA, RS","    0","B,,S",,,"  167",",,S","    5",",,S","   86","H,,S"
"RSM00034267","2020-03-14","50.367","44.117","102.0","DANILOVKA, RS","   20","B,,S",,,,,,,"   26","H,,S"
"RSM00034267","2020-03-15","50.367","44.117","102.0","DANILOVKA, RS","    3","B,,S",,,"   25",",,S",,,"   -9","H,,S"
"RSM00034267","2020-03-16","50.367","44.117","102.0","DANILOVKA, RS","    0","B,,S",,,,,"  -52",",,S","  -17","H,,S"
"RSM00034267","2020-03-17","50.367","44.117","102.0","DANILOVKA, RS","    0","B,,S",,,,,"  -83",",,S","   -6","H,,S"
"RSM00034267","2020-03-18","50.367","44.117","102.0","DANILOVKA, RS","    0","B,,S",,,,,"  -90",",,S","   11","H,,S"
"RSM00034267","2020-03-19","50.367","44.117","102.0","DANILOVKA, RS","    0","B,,S",,,,,"  -83",",,S","   34","H,,S"
"RSM00034267","2020-03-20","50.367","44.117","102.0","DANILOVKA, RS","    0","B,,S",,,"   98",",,S","  -13",",,S","   49","H,,S"
"RSM00034267","2020-03-21","50.367","44.117","102.0","DANILOVKA, RS","    0","B,,S",,,,,"  -32",",,S","   31","H,,S"
"RSM00034267","2020-03-22","50.367","44.117","102.0","DANILOVKA, RS","   99","B,,S",,,"   63",",,S","  -19",",,S","   30","H,,S"
"RSM00034267","2020-03-23","50.367","44.117","102.0","DANILOVKA, RS","  170","B,,S","   61",",,S","  -15",",,S",,,"  -32","H,,S"
"RSM00034267","2020-03-24","50.367","44.117","102.0","DANILOVKA, RS","    0","B,,S","   61",",,S","    2",",,S"," -132",",,S","  -46","H,,S"
"RSM00034267","2020-03-25","50.367","44.117","102.0","DANILOVKA, RS","    0","B,,S","   51",",,S","   40",",,S","  -38",",,S","   -5","H,,S"
"RSM00034267","2020-03-26","50.367","44.117","102.0","DANILOVKA, RS","    0","B,,S","   20",",,S","  112",",,S","  -66",",,S","   21","H,,S"
"RSM00034267","2020-03-27","50.367","44.117","102.0","DANILOVKA, RS","    0","B,,S",,,"  166",",,S","  -53",",,S","   61","H,,S"
"RSM00034267","2020-03-28","50.367","44.117","102.0","DANILOVKA, RS","    0","B,,S",,,"  169",",,S","    8",",,S","   90","H,,S"
"RSM00034267","2020-03-29","50.367","44.117","102.0","DANILOVKA, RS","    0","B,,S",,,"  187",",,S","   -7",",,S","  103","H,,S"
"RSM00034267","2020-03-30","50.367","44.117","102.0","DANILOVKA, RS","    0","B,,S",,,"  199",",,S","   20",",,S","  112","H,,S"
"RSM00034267","2020-03-31","50.367","44.117","102.0","DANILOVKA, RS","    0","B,,S",,,"  197",",,S","   52",",,S","  131","H,,S"
