"STATION","DATE","LATITUDE","LONGITUDE","ELEVATION","NAME","PRCP","PRCP_ATTRIBUTES","SNWD","SNWD_ATTRIBUTES","TMAX","TMAX_ATTRIBUTES","TMIN","TMIN_ATTRIBUTES","TAVG","TAVG_ATTRIBUTES"
"SF000068438","2018-06-07","-28.8","24.767","1196.0","KIMBERLEY, SF",,,,,"  229",",,S","    3",",,S","  113","H,,S"
"SF000068438","2018-06-08","-28.8","24.767","1196.0","KIMBERLEY, SF",,,,,,,"    3",",,S","  125","H,,S"
"SF000068438","2018-06-09","-28.8","24.767","1196.0","KIMBERLEY, SF",,,,,"  239",",,S","   39",",,S","  129","H,,S"
"SF000068438","2018-06-10","-28.8","24.767","1196.0","KIMBERLEY, SF",,,,,"  239",",,S","    3",",,S","  104","H,,S"
"SF000068438","2018-06-11","-28.8","24.767","1196.0","KIMBERLEY, SF",,,,,"  229",",,S","  -14",",,S","  108","H,,S"
"SF000068438","2018-06-12","-28.8","24.767","1196.0","KIMBERLEY, SF",,,,,"  229",",,S","   10",",,S","  115","H,,S"
"SF000068438","2018-06-13","-28.8","24.767","1196.0","KIMBERLEY, SF",,,,,"  212",",,S","   58",",,S","  124","H,,S"
"SF000068438","2018-06-14","-28.8","24.767","1196.0","KIMBERLEY, SF",,,,,"  234",",,S","   56",",,S","  139","H,,S"
"SF000068438","2018-06-15","-28.8","24.767","1196.0","KIMBERLEY, SF",,,,,"  234",",,S",,,"   97","H,,S"
"SF000068438","2018-06-16","-28.8","24.767","1196.0","KIMBERLEY, SF",,,,,"  179",",,S","   -1",",,S","   72","H,,S"
"SF000068438","2018-06-17","-28.8","24.767","1196.0","KIMBERLEY, SF",,,,,"  225",",,S","  -16",",,S","  105","H,,S"
"SF000068438","2018-06-18","-28.8","24.767","1196.0","KIMBERLEY, SF",,,,,"  250",",,S","   41",",,S","  131","H,,S"
"SF000068438","2018-06-19","-28.8","24.767","1196.0","KIMBERLEY, SF",,,,,"  250",",,S","   10",",,S","  106","H,,S"
"SF000068438","2018-06-20","-28.8","24.767","1196.0","KIMBERLEY, SF",,,,,"  216",",,S","   -2",",,S","  100","H,,S"
"SF000068438","2018-06-21","-28.8","24.767","1196.0","KIMBERLEY, SF",,,,,"  266",",,S","   33",",,S","  141","H,,S"
"SF000068438","2018-06-22","-28.8","24.767","1196.0","KIMBERLEY, SF",,,,,"  266",",,S","    9",",,S","  113","H,,S"
"SF000068438","2018-06-23","-28.8","24.767","1196.0","KIMBERLEY, SF",,,,,"  252",",,S","   37",",,S","  133","H,,S"
"SF000068438","2018-06-24","-28.8","24.767","1196.0","KIMBERLEY, SF",,,,,"  252",",,S","    3",",,S","  116","H,,S"
"SF000068438","2018-06-25","-28.8","24.767","1196.0","KIMBERLEY, SF",,,,,"  227",",,S",,,"  129","H,,S"
"SF000068438","2018-06-26","-28.8","24.767","1196.0","KIMBERLEY, SF",,,,,"  226",",,S","   51",",,S","  132","H,,S"
"SF000068438","2018-06-27","-28.8","24.767","1196.0","KIMBERLEY, SF",,,,,"  234",",,S",,,"  139","H,,S"
"SF000068438","2018-06-28","-28.8","24.767","1196.0","KIMBERLEY, SF",,,,,"  234",",,S","  -14",",,S","   97","H,,S"
"SF000068438","2018-06-29","-28.8","24.767","1196.0","KIMBERLEY, SF",,,,,"  216",",,S","   -7",",,S","  101","H,,S"
"SF000068438","2018-06-30","-28.8","24.767","1196.0","KIMBERLEY, SF",,,,,"  216",",,S","    3",",,S","  101","H,,S"
"SF000068438","2018-07-01","-28.8","24.767","1196.0","KIMBERLEY, SF",,,,,"  252",",,S","    8",",,S","  138","H,,S"
"SF000068438","2018-07-02","-28.8","24.767","1196.0","KIMBERLEY, SF",,,,,,,"  -12",",,S","   70","H,,S"
"SF000068438","2018-07-03","-28.8","24.767","1196.0","KIMBERLEY, SF",,,,,,,"  -42",",,S","   53","H,,S"
"SF000068438","2018-07-04","-28.8","24.767","1196.0","KIMBERLEY, SF",,,,,"  173",",,S","  -57",",,S","   65","H,,S"
"SF000068438","2018-07-05","-28.8","24.767","1196.0","KIMBERLEY, SF",,,,,"  186",",,S","  -28",",,S","   72","H,,S"
"SF000068438","2018-07-06","-28.8","24.767","1196.0","KIMBERLEY, SF",,,,,"  186",",,S","   10",",,S","   95","H,,S"
"SF000068438","2018-07-07","-28.8","24.767","1196.0","KIMBERLEY, SF",,,,,,,"   12",",,S","  101","H,,S"
"SF000068438","2018-07-08","-28.8","24.767","1196.0","KIMBERLEY, SF",,,,,"  198",",,S","   -1",",,S","   92","H,,S"
"SF000068438","2018-07-09","-28.8","24.767","1196.0","KIMBERLEY, SF",,,,,"  198",",,S","   20",",,S","  100","H,,S"
"SF000068438","2018-07-10","-28.8","24.767","1196.0","KIMBERLEY, SF",,,,,,,"   77",",,S","  121","H,,S"
"SF000068438","2018-07-11","-28.8","24.767","1196.0","KIMBERLEY, SF",,,,,"  222",",,S","   47",",,S","  138","H,,S"
"SF000068438","2018-07-12","-28.8","24.767","1196.0","KIMBERLEY, SF",,,,,"  237",",,S","   80",",,S","  153","H,,S"
"SF000068438","2018-07-13","-28.8","24.767","1196.0","KIMBERLEY, SF",,,,,"  237",",,S",,,"  133","H,,S"
"SF000068438","2018-07-14","-28.8","24.767","1196.0","KIMBERLEY, SF",,,,,"  207",",,S","  -19",",,S","   59","H,,S"
"SF000068438","2018-07-15","-28.8","24.767","1196.0","KIMBERLEY, SF",,,,,,,"  -38",",,S","   68","H,,S"
"SF000068438","2018-07-16","-28.8","24.767","1196.0","KIMBERLEY, SF",,,,,"  189",",,S","   10",",,S","  122","H,,S"
"SF000068438","2018-07-17","-28.8","24.767","1196.0","KIMBERLEY, SF",,,,,"  194",",,S","   59",",,S","  121","H,,S"
"SF000068438","2018-07-18","-28.8","24.767","1196.0","KIMBERLEY, SF",,,,,"  194",",,S","   30",",,S","   99","H,,S"
"SF000068438","2018-07-19","-28.8","24.767","1196.0","KIMBERLEY, SF",,,,,"  191",",,S","  -17",",,S","   91","H,,S"
"SF000068438","2018-07-20","-28.8","24.767","1196.0","KIMBERLEY, SF",,,,,"  194",",,S","   -1",",,S","   93","H,,S"
"SF000068438","2018-07-21","-28.8","24.767","1196.0","KIMBERLEY, SF",,,,,"  198",",,S","   45",",,S","  111","H,,S"
"SF000068438","2018-07-22","-28.8","24.767","1196.0","KIMBERLEY, SF",,,,,"  207",",,S","   28",",,S","  111","H,,S"
"SF000068438","2018-07-23","-28.8","24.767","1196.0","KIMBERLEY, SF",,,,,"  220",",,S","   23",",,S","  124","H,,S"
"SF000068438","2018-07-24","-28.8","24.767","1196.0","KIMBERLEY, SF",,,,,"  220",",,S","   45",",,S","  126","H,,S"
"SF000068438","2018-07-25","-28.8","24.767","1196.0","KIMBERLEY, SF",,,,,"  216",",,S","   23",",,S","  118","H,,S"
"SF000068438","2018-07-26","-28.8","24.767","1196.0","KIMBERLEY, SF",,,,,"  231",",,S","   40",",,S","  130","H,,S"
"SF000068438","2018-07-27","-28.8","24.767","1196.0","KIMBERLEY, SF",,,,,"  260",",,S","   62",",,S","  144","H,,S"
"SF000068438","2018-07-28","-28.8","24.767","1196.0","KIMBERLEY, SF",,,,,"  260",",,S","   25",",,S","  133","H,,S"
"SF000068438","2018-07-29","-28.8","24.767","1196.0","KIMBERLEY, SF",,,,,"  245",",,S",,,"  144","H,,S"
"SF000068438","2018-07-30","-28.8","24.767","1196.0","KIMBERLEY, SF",,,,,"  229",",,S",,,"  113","H,,S"
"SF000068438","2018-07-31","-28.8","24.767","1196.0","KIMBERLEY, SF",,,,,"  282",",,S","   36",",,S","  152","H,,S"
"SF000068438","2018-08-01","-28.8","24.767","1196.0","KIMBERLEY, SF",,,,,,,"   30",",,S","  113","H,,S"
"SF000068438","2018-08-02","-28.8","24.767","1196.0","KIMBERLEY, SF",,,,,"  207",",,S","  -23",",,S","   93","H,,S"
"SF000068438","2018-08-03","-28.8","24.767","1196.0","KIMBERLEY, SF",,,,,"  241",",,S","   22",",,S","  133","H,,S"
"SF000068438","2018-08-04","-28.8","24.767","1196.0","KIMBERLEY, SF",,,,,"  241",",,S",,,"  154","H,,S"
"SF000068438","2018-08-05","-28.8","24.767","1196.0","KIMBERLEY, SF",,,,,"  217",",,S","   -8",",,S","   83","H,,S"
"SF000068438","2018-08-06","-28.8","24.767","1196.0","KIMBERLEY, SF",,,,,"  203",",,S","  -23",",,S","   84","H,,S"
"SF000068438","2018-08-07","-28.8","24.767","1196.0","KIMBERLEY, SF",,,,,"  203",",,S",,,"   69","H,,S"
"SF000068438","2018-08-08","-28.8","24.767","1196.0","KIMBERLEY, SF",,,,,"  155",",,S","  -33",",,S","   66","H,,S"
"SF000068438","2018-08-09","-28.8","24.767","1196.0","KIMBERLEY, SF",,,,,"  156",",,S","   31",",,S","   94","H,,S"
"SF000068438","2018-08-10","-28.8","24.767","1196.0","KIMBERLEY, SF",,,,,"  156",",,S",,,"   66","H,,S"
"SF000068438","2018-08-11","-28.8","24.767","1196.0","KIMBERLEY, SF",,,,,"  170",",,S","  -55",",,S","   65","H,,S"
"SF000068438","2018-08-12","-28.8","24.767","1196.0","KIMBERLEY, SF",,,,,"  274",",,S","  -10",",,S","  144","H,,S"
"SF000068438","2018-08-13","-28.8","24.767","1196.0","KIMBERLEY, SF",,,,,"  274",",,S","   23",",,S","  139","H,,S"
"SF000068438","2018-08-14","-28.8","24.767","1196.0","KIMBERLEY, SF",,,,,"  263",",,S",,,"  164","H,,S"
"SF000068438","2018-08-15","-28.8","24.767","1196.0","KIMBERLEY, SF",,,,,"  264",",,S","   43",",,S","  143","H,,S"
"SF000068438","2018-08-16","-28.8","24.767","1196.0","KIMBERLEY, SF",,,,,"  272",",,S","  -10",",,S","  137","H,,S"
"SF000068438","2018-08-17","-28.8","24.767","1196.0","KIMBERLEY, SF",,,,,,,"   10",",,S","  101","H,,S"
"SF000068438","2018-08-18","-28.8","24.767","1196.0","KIMBERLEY, SF",,,,,,,"  -30",",,S","   95","H,,S"
"SF000068438","2018-08-19","-28.8","24.767","1196.0","KIMBERLEY, SF",,,,,"  264",",,S","   35",",,S","  143","H,,S"
"SF000068438","2018-08-20","-28.8","24.767","1196.0","KIMBERLEY, SF",,,,,"  286",",,S",,,"  174","H,,S"
"SF000068438","2018-08-21","-28.8","24.767","1196.0","KIMBERLEY, SF",,,,,"  286",",,S","   68",",,S","  146","H,,S"
"SF000068438","2018-08-22","-28.8","24.767","1196.0","KIMBERLEY, SF",,,,,"  211",",,S",,,"  124","H,,S"
"SF000068438","2018-08-23","-28.8","24.767","1196.0","KIMBERLEY, SF",,,,,,,"   12",",,S","  110","H,,S"
"SF000068438","2018-08-24","-28.8","24.767","1196.0","KIMBERLEY, SF",,,,,,,"   17",",,S","  149","H,,S"
"SF000068438","2018-08-25","-28.8","24.767","1196.0","KIMBERLEY, SF",,,,,"  290",",,S","  100",",,S","  183","H,,S"
"SF000068438","2018-08-26","-28.8","24.767","1196.0","KIMBERLEY, SF",,,,,,,,,"   94","H,,S"
"SF000068438","2018-08-27","-28.8","24.767","1196.0","KIMBERLEY, SF",,,,,"  168",",,S","  -53",",,S","   63","H,,S"
"SF000068438","2018-08-28","-28.8","24.767","1196.0","KIMBERLEY, SF",,,,,"  203",",,S","  -12",",,S","   97","H,,S"
"SF000068438","2018-08-29","-28.8","24.767","1196.0","KIMBERLEY, SF",,,,,"  263",",,S","   25",",,S","  152","H,,S"
"SF000068438","2018-08-30","-28.8","24.767","1196.0","KIMBERLEY, SF",,,,,"  279",",,S","  103",",,S","  191","H,,S"
"SF000068438","2018-08-31","-28.8","24.767","1196.0","KIMBERLEY, SF",,,,,"  290",",,S",,,"  196","H,,S"
"SF000068438","2018-09-01","-28.8","24.767","1196.0","KIMBERLEY, SF",,,,,"  314",",,S","  112",",,S","  219","H,,S"
"SF000068438","2018-09-02","-28.8","24.767","1196.0","KIMBERLEY, SF",,,,,"  314",",,S","   45",",,S","  154","H,,S"
"SF000068438","2018-09-03","-28.8","24.767","1196.0","KIMBERLEY, SF",,,,,"  264",",,S","   -4",",,S","  108","H,,S"
"SF000068438","2018-09-04","-28.8","24.767","1196.0","KIMBERLEY, SF",,,,,"  303",",,S","   43",",,S","  171","H,,S"
"SF000068438","2018-09-05","-28.8","24.767","1196.0","KIMBERLEY, SF",,,,,"  320",",,S",,,"  196","H,,S"
"SF000068438","2018-09-06","-28.8","24.767","1196.0","KIMBERLEY, SF",,,,,,,,,"  134","H,,S"
"SF000068438","2018-09-07","-28.8","24.767","1196.0","KIMBERLEY, SF",,,,,"  211",",,S",,,"   73","H,,S"
"SF000068438","2018-09-08","-28.8","24.767","1196.0","KIMBERLEY, SF",,,,,"  146",",,S","  -11",",,S","   54","H,,S"
"SF000068438","2018-09-09","-28.8","24.767","1196.0","KIMBERLEY, SF",,,,,"  162",",,S","  -22",",,S","   68","H,,S"
"SF000068438","2018-09-10","-28.8","24.767","1196.0","KIMBERLEY, SF",,,,,,,"    0",",,S","  107","H,,S"
"SF000068438","2018-09-11","-28.8","24.767","1196.0","KIMBERLEY, SF",,,,,"  272",",,S","   25",",,S","  163","H,,S"
"SF000068438","2018-09-12","-28.8","24.767","1196.0","KIMBERLEY, SF",,,,,"  276",",,S","   57",",,S","  162","H,,S"
"SF000068438","2018-09-13","-28.8","24.767","1196.0","KIMBERLEY, SF",,,,,"  276",",,S","   26",",,S","  146","H,,S"
"SF000068438","2018-09-14","-28.8","24.767","1196.0","KIMBERLEY, SF",,,,,,,"   19",",,S","  143","H,,S"
"SF000068438","2018-09-15","-28.8","24.767","1196.0","KIMBERLEY, SF",,,,,"  302",",,S","   22",",,S","  181","H,,S"
"SF000068438","2018-09-16","-28.8","24.767","1196.0","KIMBERLEY, SF",,,,,"  319",",,S","   46",",,S","  205","H,,S"
"SF000068438","2018-09-17","-28.8","24.767","1196.0","KIMBERLEY, SF",,,,,,,"   58",",,S","  143","H,,S"
"SF000068438","2018-09-18","-28.8","24.767","1196.0","KIMBERLEY, SF",,,,,"  303",",,S",,,"  213","H,,S"
"SF000068438","2018-09-19","-28.8","24.767","1196.0","KIMBERLEY, SF",,,,,,,,,"  134","H,,S"
"SF000068438","2018-09-20","-28.8","24.767","1196.0","KIMBERLEY, SF",,,,,"  225",",,S","    3",",,S","  148","H,,S"
"SF000068438","2018-09-21","-28.8","24.767","1196.0","KIMBERLEY, SF",,,,,"  263",",,S","   79",",,S","  164","H,,S"
"SF000068438","2018-09-22","-28.8","24.767","1196.0","KIMBERLEY, SF",,,,,"  288",",,S","   94",",,S","  190","H,,S"
"SF000068438","2018-09-23","-28.8","24.767","1196.0","KIMBERLEY, SF",,,,,"  326",",,S","   88",",,S","  222","H,,S"
"SF000068438","2018-09-24","-28.8","24.767","1196.0","KIMBERLEY, SF",,,,,"  314",",,S",,,"  206","H,,S"
"SF000068438","2018-09-25","-28.8","24.767","1196.0","KIMBERLEY, SF",,,,,"  332",",,S",,,"  245","H,,S"
"SF000068438","2018-09-26","-28.8","24.767","1196.0","KIMBERLEY, SF",,,,,"  332",",,S","   74",",,S","  193","H,,S"
"SF000068438","2018-09-27","-28.8","24.767","1196.0","KIMBERLEY, SF",,,,,"  325",",,S","   77",",,S","  199","H,,S"
"SF000068438","2018-09-28","-28.8","24.767","1196.0","KIMBERLEY, SF",,,,,"  325",",,S","   69",",,S","  189","H,,S"
"SF000068438","2018-09-29","-28.8","24.767","1196.0","KIMBERLEY, SF",,,,,"  305",",,S","   27",",,S","  184","H,,S"
"SF000068438","2018-09-30","-28.8","24.767","1196.0","KIMBERLEY, SF",,,,,,,"  120",",,S","  236","H,,S"
"SF000068438","2018-10-01","-28.8","24.767","1196.0","KIMBERLEY, SF",,,,,"  327",",,S",,,"  248","H,,S"
"SF000068438","2018-10-02","-28.8","24.767","1196.0","KIMBERLEY, SF",,,,,"  325",",,S",,,"  233","H,,S"
"SF000068438","2018-10-03","-28.8","24.767","1196.0","KIMBERLEY, SF",,,,,,,,,"  139","H,,S"
"SF000068438","2018-10-04","-28.8","24.767","1196.0","KIMBERLEY, SF",,,,,"  249",",,S","   32",",,S","  147","H,,S"
"SF000068438","2018-10-05","-28.8","24.767","1196.0","KIMBERLEY, SF",,,,,"  288",",,S","   70",",,S","  196","H,,S"
"SF000068438","2018-10-06","-28.8","24.767","1196.0","KIMBERLEY, SF",,,,,"  318",",,S","   94",",,S","  220","H,,S"
"SF000068438","2018-10-07","-28.8","24.767","1196.0","KIMBERLEY, SF",,,,,"  336",",,S","  100",",,S","  232","H,,S"
"SF000068438","2018-10-08","-28.8","24.767","1196.0","KIMBERLEY, SF",,,,,"  340",",,S","  134",",,S","  246","H,,S"
"SF000068438","2018-10-09","-28.8","24.767","1196.0","KIMBERLEY, SF",,,,,"  351",",,S","  166",",,S","  263","H,,S"
"SF000068438","2018-10-10","-28.8","24.767","1196.0","KIMBERLEY, SF",,,,,"  361",",,S","  175",",,S","  271","H,,S"
"SF000068438","2018-10-11","-28.8","24.767","1196.0","KIMBERLEY, SF",,,,,"  372",",,S","  170",",,S","  269","H,,S"
"SF000068438","2018-10-12","-28.8","24.767","1196.0","KIMBERLEY, SF",,,,,"  372",",,S","  153",",,S","  222","H,,S"
"SF000068438","2018-10-13","-28.8","24.767","1196.0","KIMBERLEY, SF","    5",",,S",,,"  315",",,S",,,"  173","H,,S"
"SF000068438","2018-10-14","-28.8","24.767","1196.0","KIMBERLEY, SF","   10",",,S",,,"  270",",,S",,,"  191","H,,S"
"SF000068438","2018-10-15","-28.8","24.767","1196.0","KIMBERLEY, SF","    3",",,S",,,"  286",",,S","   58",",,S","  183","H,,S"
"SF000068438","2018-10-16","-28.8","24.767","1196.0","KIMBERLEY, SF","    0",",,S",,,"  290",",,S","   75",",,S","  195","H,,S"
"SF000068438","2018-10-17","-28.8","24.767","1196.0","KIMBERLEY, SF",,,,,"  290",",,S","  108",",,S","  193","H,,S"
"SF000068438","2018-10-18","-28.8","24.767","1196.0","KIMBERLEY, SF",,,,,"  290",",,S",,,"  191","H,,S"
"SF000068438","2018-10-19","-28.8","24.767","1196.0","KIMBERLEY, SF",,,,,"  347",",,S","  134",",,S","  244","H,,S"
"SF000068438","2018-10-20","-28.8","24.767","1196.0","KIMBERLEY, SF",,,,,"  347",",,S",,,"  187","H,,S"
"SF000068438","2018-10-21","-28.8","24.767","1196.0","KIMBERLEY, SF",,,,,"  294",",,S","   73",",,S","  196","H,,S"
"SF000068438","2018-10-22","-28.8","24.767","1196.0","KIMBERLEY, SF",,,,,"  294",",,S","  138",",,S","  201","H,,S"
"SF000068438","2018-10-23","-28.8","24.767","1196.0","KIMBERLEY, SF",,,,,"  297",",,S","  125",",,S","  208","H,,S"
"SF000068438","2018-10-24","-28.8","24.767","1196.0","KIMBERLEY, SF",,,,,"  312",",,S","   94",",,S","  226","H,,S"
"SF000068438","2018-10-25","-28.8","24.767","1196.0","KIMBERLEY, SF",,,,,"  337",",,S",,,"  252","H,,S"
"SF000068438","2018-10-26","-28.8","24.767","1196.0","KIMBERLEY, SF",,,,,"  359",",,S","  114",",,S","  251","H,,S"
"SF000068438","2018-10-27","-28.8","24.767","1196.0","KIMBERLEY, SF",,,,,,,"  154",",,S","  278","H,,S"
"SF000068438","2018-10-28","-28.8","24.767","1196.0","KIMBERLEY, SF",,,,,"  383",",,S","  186",",,S","  290","H,,S"
"SF000068438","2018-10-29","-28.8","24.767","1196.0","KIMBERLEY, SF",,,,,"  390",",,S","  204",",,S","  306","H,,S"
"SF000068438","2018-10-30","-28.8","24.767","1196.0","KIMBERLEY, SF",,,,,,,,,"  218","H,,S"
"SF000068438","2018-10-31","-28.8","24.767","1196.0","KIMBERLEY, SF",,,,,"  268",",,S","  100",",,S","  177","H,,S"
"SF000068438","2018-11-01","-28.8","24.767","1196.0","KIMBERLEY, SF",,,,,"  256",",,S","  114",",,S","  169","H,,S"
"SF000068438","2018-11-02","-28.8","24.767","1196.0","KIMBERLEY, SF",,,,,"  281",",,S","   63",",,S","  177","H,,S"
"SF000068438","2018-11-03","-28.8","24.767","1196.0","KIMBERLEY, SF",,,,,"  315",",,S","  117",",,S","  234","H,,S"
"SF000068438","2018-11-04","-28.8","24.767","1196.0","KIMBERLEY, SF",,,,,"  335",",,S",,,"  246","H,,S"
"SF000068438","2018-11-05","-28.8","24.767","1196.0","KIMBERLEY, SF",,,,,"  335",",,S","  105",",,S","  208","H,,S"
"SF000068438","2018-11-06","-28.8","24.767","1196.0","KIMBERLEY, SF",,,,,"  300",",,S","   78",",,S","  150","H,,S"
"SF000068438","2018-11-07","-28.8","24.767","1196.0","KIMBERLEY, SF",,,,,"  244",",,S","   70",",,S","  157","H,,S"
"SF000068438","2018-11-08","-28.8","24.767","1196.0","KIMBERLEY, SF",,,,,"  296",",,S","  105",",,S","  197","H,,S"
"SF000068438","2018-11-09","-28.8","24.767","1196.0","KIMBERLEY, SF",,,,,"  324",",,S","   84",",,S","  217","H,,S"
"SF000068438","2018-11-10","-28.8","24.767","1196.0","KIMBERLEY, SF",,,,,"  353",",,S","  116",",,S","  249","H,,S"
"SF000068438","2018-11-11","-28.8","24.767","1196.0","KIMBERLEY, SF",,,,,"  378",",,S","  169",",,S","  286","H,,S"
"SF000068438","2018-11-12","-28.8","24.767","1196.0","KIMBERLEY, SF",,,,,"  393",",,S","  214",",,S","  303","H,,S"
"SF000068438","2018-11-13","-28.8","24.767","1196.0","KIMBERLEY, SF",,,,,"  393",",,S","  217",",,S","  300","H,,S"
"SF000068438","2018-11-14","-28.8","24.767","1196.0","KIMBERLEY, SF",,,,,"  395",",,S","  166",",,S","  298","H,,S"
"SF000068438","2018-11-15","-28.8","24.767","1196.0","KIMBERLEY, SF",,,,,"  395",",,S","  173",",,S","  293","H,,S"
"SF000068438","2018-11-16","-28.8","24.767","1196.0","KIMBERLEY, SF",,,,,"  397",",,S","  156",",,S","  298","H,,S"
"SF000068438","2018-11-23","-28.8","24.767","1196.0","KIMBERLEY, SF",,,,,,,"  116",",,S","  244","H,,S"
"SF000068438","2018-11-24","-28.8","24.767","1196.0","KIMBERLEY, SF",,,,,"  367",",,S","  143",",,S","  273","H,,S"
"SF000068438","2018-11-25","-28.8","24.767","1196.0","KIMBERLEY, SF",,,,,"  378",",,S","  215",",,S","  285","H,,S"
"SF000068438","2018-11-26","-28.8","24.767","1196.0","KIMBERLEY, SF",,,,,"  378",",,S","  179",",,S","  241","H,,S"
"SF000068438","2018-11-27","-28.8","24.767","1196.0","KIMBERLEY, SF",,,,,"  344",",,S","  179",",,S","  254","H,,S"
"SF000068438","2018-11-28","-28.8","24.767","1196.0","KIMBERLEY, SF",,,,,"  344",",,S","  136",",,S","  193","H,,S"
"SF000068438","2018-11-29","-28.8","24.767","1196.0","KIMBERLEY, SF",,,,,"  323",",,S","   96",",,S","  219","H,,S"
"SF000068438","2018-11-30","-28.8","24.767","1196.0","KIMBERLEY, SF",,,,,"  361",",,S",,,"  268","H,,S"
"SF000068438","2018-12-01","-28.8","24.767","1196.0","KIMBERLEY, SF","    5",",,S",,,"  374",",,S",,,"  271","H,,S"
"SF000068438","2018-12-02","-28.8","24.767","1196.0","KIMBERLEY, SF","    0",",,S",,,"  374",",,S","  140",",,S","  258","H,,S"
"SF000068438","2018-12-03","-28.8","24.767","1196.0","KIMBERLEY, SF",,,,,"  341",",,S","  166",",,S","  258","H,,S"
"SF000068438","2018-12-04","-28.8","24.767","1196.0","KIMBERLEY, SF",,,,,"  347",",,S","  127",",,S","  255","H,,S"
"SF000068438","2018-12-05","-28.8","24.767","1196.0","KIMBERLEY, SF",,,,,"  362",",,S","  133",",,S","  262","H,,S"
"SF000068438","2018-12-06","-28.8","24.767","1196.0","KIMBERLEY, SF",,,,,"  387",",,S","  171",",,S","  295","H,,S"
"SF000068438","2018-12-07","-28.8","24.767","1196.0","KIMBERLEY, SF",,,,,"  387",",,S",,,"  248","H,,S"
"SF000068438","2018-12-08","-28.8","24.767","1196.0","KIMBERLEY, SF",,,,,"  353",",,S","  140",",,S","  233","H,,S"
"SF000068438","2018-12-09","-28.8","24.767","1196.0","KIMBERLEY, SF",,,,,"  316",",,S","  117",",,S","  222","H,,S"
"SF000068438","2018-12-10","-28.8","24.767","1196.0","KIMBERLEY, SF",,,,,"  310",",,S","  118",",,S","  224","H,,S"
"SF000068438","2018-12-11","-28.8","24.767","1196.0","KIMBERLEY, SF",,,,,"  338",",,S",,,"  245","H,,S"
"SF000068438","2018-12-12","-28.8","24.767","1196.0","KIMBERLEY, SF",,,,,"  384",",,S","  156",",,S","  286","H,,S"
"SF000068438","2018-12-13","-28.8","24.767","1196.0","KIMBERLEY, SF",,,,,"  384",",,S","  163",",,S","  278","H,,S"
"SF000068438","2018-12-14","-28.8","24.767","1196.0","KIMBERLEY, SF",,,,,"  395",",,S","  151",",,S","  301","H,,S"
"SF000068438","2018-12-15","-28.8","24.767","1196.0","KIMBERLEY, SF",,,,,"  395",",,S","  198",",,S","  286","H,,S"
"SF000068438","2018-12-16","-28.8","24.767","1196.0","KIMBERLEY, SF",,,,,"  392",",,S","  180",",,S","  289","H,,S"
"SF000068438","2018-12-17","-28.8","24.767","1196.0","KIMBERLEY, SF",,,,,"  392",",,S","  235",",,S","  299","H,,S"
"SF000068438","2018-12-18","-28.8","24.767","1196.0","KIMBERLEY, SF","    5",",,S",,,"  385",",,S",,,"  259","H,,S"
"SF000068438","2018-12-19","-28.8","24.767","1196.0","KIMBERLEY, SF","   10",",,S",,,"  371",",,S",,,"  274","H,,S"
"SF000068438","2018-12-20","-28.8","24.767","1196.0","KIMBERLEY, SF","    0",",,S",,,"  371",",,S","  134",",,S","  260","H,,S"
"SF000068438","2018-12-21","-28.8","24.767","1196.0","KIMBERLEY, SF",,,,,"  387",",,S","  160",",,S","  289","H,,S"
"SF000068438","2018-12-22","-28.8","24.767","1196.0","KIMBERLEY, SF",,,,,"  400",",,S","  184",",,S","  307","H,,S"
"SF000068438","2018-12-23","-28.8","24.767","1196.0","KIMBERLEY, SF",,,,,"  400",",,S","  179",",,S","  303","H,,S"
"SF000068438","2018-12-24","-28.8","24.767","1196.0","KIMBERLEY, SF",,,,,"  404",",,S","  204",",,S","  309","H,,S"
"SF000068438","2018-12-25","-28.8","24.767","1196.0","KIMBERLEY, SF",,,,,"  404",",,S","  210",",,S","  311","H,,S"
"SF000068438","2018-12-26","-28.8","24.767","1196.0","KIMBERLEY, SF",,,,,"  398",",,S","  215",",,S","  317","H,,S"
"SF000068438","2018-12-27","-28.8","24.767","1196.0","KIMBERLEY, SF",,,,,"  398",",,S","  206",",,S","  297","H,,S"
"SF000068438","2018-12-28","-28.8","24.767","1196.0","KIMBERLEY, SF",,,,,"  381",",,S","  194",",,S","  276","H,,S"
"SF000068438","2018-12-29","-28.8","24.767","1196.0","KIMBERLEY, SF",,,,,"  373",",,S",,,"  234","H,,S"
"SF000068438","2018-12-30","-28.8","24.767","1196.0","KIMBERLEY, SF",,,,,"  340",",,S","  171",",,S","  252","H,,S"
"SF000068438","2018-12-31","-28.8","24.767","1196.0","KIMBERLEY, SF",,,,,"  341",",,S","  174",",,S","  255","H,,S"
"SF000068438","2019-01-01","-28.8","24.767","1196.0","KIMBERLEY, SF",,,,,"  346",",,S","  191",",,S","  268","H,,S"
"SF000068438","2019-01-02","-28.8","24.767","1196.0","KIMBERLEY, SF","  180",",,S",,,"  346",",,S",,,"  238","H,,S"
"SF000068438","2019-01-03","-28.8","24.767","1196.0","KIMBERLEY, SF","   30",",,S",,,"  345",",,S","  184",",,S","  248","H,,S"
"SF000068438","2019-01-04","-28.8","24.767","1196.0","KIMBERLEY, SF","   10",",,S",,,"  378",",,S",,,"  276","H,,S"
"SF000068438","2019-01-05","-28.8","24.767","1196.0","KIMBERLEY, SF","    8",",,S",,,"  378",",,S","  187",",,S","  278","H,,S"
"SF000068438","2019-01-06","-28.8","24.767","1196.0","KIMBERLEY, SF","    0",",,S",,,"  369",",,S","  154",",,S","  260","H,,S"
"SF000068438","2019-01-07","-28.8","24.767","1196.0","KIMBERLEY, SF",,,,,"  383",",,S",,,"  274","H,,S"
"SF000068438","2019-01-08","-28.8","24.767","1196.0","KIMBERLEY, SF",,,,,"  384",",,S","  204",",,S","  283","H,,S"
"SF000068438","2019-01-09","-28.8","24.767","1196.0","KIMBERLEY, SF",,,,,"  384",",,S","  206",",,S","  297","H,,S"
"SF000068438","2019-01-10","-28.8","24.767","1196.0","KIMBERLEY, SF",,,,,"  380",",,S","  179",",,S","  277","H,,S"
"SF000068438","2019-01-11","-28.8","24.767","1196.0","KIMBERLEY, SF",,,,,"  381",",,S","  152",",,S","  276","H,,S"
"SF000068438","2019-01-12","-28.8","24.767","1196.0","KIMBERLEY, SF",,,,,"  381",",,S","  159",",,S","  274","H,,S"
"SF000068438","2019-01-13","-28.8","24.767","1196.0","KIMBERLEY, SF",,,,,"  371",",,S","  165",",,S","  272","H,,S"
"SF000068438","2019-01-14","-28.8","24.767","1196.0","KIMBERLEY, SF",,,,,"  384",",,S","  174",",,S","  293","H,,S"
"SF000068438","2019-01-15","-28.8","24.767","1196.0","KIMBERLEY, SF",,,,,"  385",",,S","  186",",,S","  294","H,,S"
"SF000068438","2019-01-16","-28.8","24.767","1196.0","KIMBERLEY, SF",,,,,,,"  204",",,S","  303","H,,S"
"SF000068438","2019-01-17","-28.8","24.767","1196.0","KIMBERLEY, SF",,,,,"  410",",,S","  195",",,S","  306","H,,S"
"SF000068438","2019-01-18","-28.8","24.767","1196.0","KIMBERLEY, SF",,,,,"  410",",,S","  171",",,S","  296","H,,S"
"SF000068438","2019-01-19","-28.8","24.767","1196.0","KIMBERLEY, SF",,,,,,,,,"  243","H,,S"
"SF000068438","2019-01-20","-28.8","24.767","1196.0","KIMBERLEY, SF",,,,,"  337",",,S","  142",",,S","  252","H,,S"
"SF000068438","2019-01-21","-28.8","24.767","1196.0","KIMBERLEY, SF",,,,,"  365",",,S","  200",",,S","  287","H,,S"
"SF000068438","2019-01-22","-28.8","24.767","1196.0","KIMBERLEY, SF",,,,,"  391",",,S","  238",",,S","  317","H,,S"
"SF000068438","2019-01-23","-28.8","24.767","1196.0","KIMBERLEY, SF",,,,,"  401",",,S","  216",",,S","  319","H,,S"
"SF000068438","2019-01-24","-28.8","24.767","1196.0","KIMBERLEY, SF",,,,,"  401",",,S","  184",",,S","  281","H,,S"
"SF000068438","2019-01-25","-28.8","24.767","1196.0","KIMBERLEY, SF",,,,,"  384",",,S",,,"  283","H,,S"
"SF000068438","2019-01-26","-28.8","24.767","1196.0","KIMBERLEY, SF",,,,,"  384",",,S","  167",",,S","  265","H,,S"
"SF000068438","2019-01-27","-28.8","24.767","1196.0","KIMBERLEY, SF",,,,,"  364",",,S",,,"  271","H,,S"
"SF000068438","2019-01-28","-28.8","24.767","1196.0","KIMBERLEY, SF",,,,,"  373",",,S","  186",",,S","  283","H,,S"
"SF000068438","2019-01-29","-28.8","24.767","1196.0","KIMBERLEY, SF",,,,,"  373",",,S",,,"  249","H,,S"
"SF000068438","2019-01-30","-28.8","24.767","1196.0","KIMBERLEY, SF","   79",",,S",,,,,"  177",",,S","  251","H,,S"
"SF000068438","2019-01-31","-28.8","24.767","1196.0","KIMBERLEY, SF","    0",",,S",,,"  353",",,S",,,"  246","H,,S"
"SF000068438","2019-02-01","-28.8","24.767","1196.0","KIMBERLEY, SF","   61",",,S",,,"  353",",,S","  170",",,S","  233","H,,S"
"SF000068438","2019-02-02","-28.8","24.767","1196.0","KIMBERLEY, SF","  381",",,S",,,"  312",",,S","  169",",,S","  235","H,,S"
"SF000068438","2019-02-03","-28.8","24.767","1196.0","KIMBERLEY, SF","    3",",,S",,,"  339",",,S",,,"  252","H,,S"
"SF000068438","2019-02-04","-28.8","24.767","1196.0","KIMBERLEY, SF","    0",",,S",,,"  339",",,S","  156",",,S","  234","H,,S"
"SF000068438","2019-02-05","-28.8","24.767","1196.0","KIMBERLEY, SF",,,,,"  329",",,S","  167",",,S","  249","H,,S"
"SF000068438","2019-02-06","-28.8","24.767","1196.0","KIMBERLEY, SF",,,,,"  353",",,S",,,"  280","H,,S"
"SF000068438","2019-02-07","-28.8","24.767","1196.0","KIMBERLEY, SF",,,,,,,"  225",",,S","  297","H,,S"
"SF000068438","2019-02-08","-28.8","24.767","1196.0","KIMBERLEY, SF",,,,,"  369",",,S","  193",",,S","  273","H,,S"
"SF000068438","2019-02-09","-28.8","24.767","1196.0","KIMBERLEY, SF",,,,,"  344",",,S","  180",",,S","  228","H,,S"
"SF000068438","2019-02-10","-28.8","24.767","1196.0","KIMBERLEY, SF",,,,,"  302",",,S","  180",",,S","  232","H,,S"
"SF000068438","2019-02-11","-28.8","24.767","1196.0","KIMBERLEY, SF",,,,,"  310",",,S","  186",",,S","  232","H,,S"
"SF000068438","2019-02-12","-28.8","24.767","1196.0","KIMBERLEY, SF","   79",",,S",,,"  310",",,S","  179",",,S","  233","H,,S"
"SF000068438","2019-02-13","-28.8","24.767","1196.0","KIMBERLEY, SF","   30",",,S",,,"  322",",,S","  164",",,S","  243","H,,S"
"SF000068438","2019-02-14","-28.8","24.767","1196.0","KIMBERLEY, SF","    0",",,S",,,"  322",",,S",,,"  238","H,,S"
"SF000068438","2019-02-15","-28.8","24.767","1196.0","KIMBERLEY, SF",,,,,"  308",",,S",,,"  212","H,,S"
"SF000068438","2019-02-16","-28.8","24.767","1196.0","KIMBERLEY, SF","    5",",,S",,,"  315",",,S","  160",",,S","  238","H,,S"
"SF000068438","2019-02-17","-28.8","24.767","1196.0","KIMBERLEY, SF","    0",",,S",,,,,"  165",",,S","  246","H,,S"
"SF000068438","2019-02-18","-28.8","24.767","1196.0","KIMBERLEY, SF",,,,,"  325",",,S","  158",",,S","  246","H,,S"
"SF000068438","2019-02-19","-28.8","24.767","1196.0","KIMBERLEY, SF",,,,,,,"  190",",,S","  269","H,,S"
"SF000068438","2019-02-20","-28.8","24.767","1196.0","KIMBERLEY, SF",,,,,"  371",",,S","  209",",,S","  282","H,,S"
"SF000068438","2019-02-21","-28.8","24.767","1196.0","KIMBERLEY, SF",,,,,"  371",",,S","  145",",,S","  257","H,,S"
"SF000068438","2019-02-22","-28.8","24.767","1196.0","KIMBERLEY, SF",,,,,"  374",",,S","  155",",,S","  270","H,,S"
"SF000068438","2019-02-23","-28.8","24.767","1196.0","KIMBERLEY, SF",,,,,"  374",",,S","  161",",,S","  261","H,,S"
"SF000068438","2019-02-24","-28.8","24.767","1196.0","KIMBERLEY, SF",,,,,"  354",",,S","  161",",,S","  256","H,,S"
"SF000068438","2019-02-25","-28.8","24.767","1196.0","KIMBERLEY, SF",,,,,"  357",",,S","  150",",,S","  256","H,,S"
"SF000068438","2019-02-26","-28.8","24.767","1196.0","KIMBERLEY, SF",,,,,"  357",",,S","  162",",,S","  259","H,,S"
"SF000068438","2019-02-27","-28.8","24.767","1196.0","KIMBERLEY, SF",,,,,"  341",",,S",,,"  235","H,,S"
"SF000068438","2019-02-28","-28.8","24.767","1196.0","KIMBERLEY, SF",,,,,"  322",",,S","  121",",,S","  237","H,,S"
"SF000068438","2019-03-01","-28.8","24.767","1196.0","KIMBERLEY, SF",,,,,"  353",",,S",,,"  254","H,,S"
"SF000068438","2019-03-02","-28.8","24.767","1196.0","KIMBERLEY, SF",,,,,"  369",",,S","  151",",,S","  270","H,,S"
"SF000068438","2019-03-03","-28.8","24.767","1196.0","KIMBERLEY, SF",,,,,"  369",",,S","  158",",,S","  267","H,,S"
"SF000068438","2019-03-04","-28.8","24.767","1196.0","KIMBERLEY, SF",,,,,"  354",",,S","  164",",,S","  271","H,,S"
"SF000068438","2019-03-05","-28.8","24.767","1196.0","KIMBERLEY, SF",,,,,"  372",",,S","  173",",,S","  278","H,,S"
"SF000068438","2019-03-06","-28.8","24.767","1196.0","KIMBERLEY, SF",,,,,"  372",",,S","  215",",,S","  270","H,,S"
"SF000068438","2019-03-07","-28.8","24.767","1196.0","KIMBERLEY, SF",,,,,"  368",",,S","  181",",,S","  269","H,,S"
"SF000068438","2019-03-08","-28.8","24.767","1196.0","KIMBERLEY, SF",,,,,"  368",",,S","  189",",,S","  254","H,,S"
"SF000068438","2019-03-09","-28.8","24.767","1196.0","KIMBERLEY, SF",,,,,"  347",",,S","  180",",,S","  225","H,,S"
"SF000068438","2019-03-10","-28.8","24.767","1196.0","KIMBERLEY, SF",,,,,"  332",",,S","  149",",,S","  235","H,,S"
"SF000068438","2019-03-11","-28.8","24.767","1196.0","KIMBERLEY, SF",,,,,"  325",",,S",,,"  193","H,,S"
"SF000068438","2019-03-12","-28.8","24.767","1196.0","KIMBERLEY, SF",,,,,,,"  151",",,S","  230","H,,S"
"SF000068438","2019-03-13","-28.8","24.767","1196.0","KIMBERLEY, SF",,,,,"  337",",,S","  184",",,S","  233","H,,S"
"SF000068438","2019-03-14","-28.8","24.767","1196.0","KIMBERLEY, SF",,,,,"  337",",,S","  177",",,S","  229","H,,S"
"SF000068438","2019-03-15","-28.8","24.767","1196.0","KIMBERLEY, SF",,,,,,,"  159",",,S","  245","H,,S"
"SF000068438","2019-03-16","-28.8","24.767","1196.0","KIMBERLEY, SF",,,,,,,"  173",",,S","  262","H,,S"
"SF000068438","2019-03-17","-28.8","24.767","1196.0","KIMBERLEY, SF","   71",",,S",,,"  335",",,S","  169",",,S","  256","H,,S"
"SF000068438","2019-03-18","-28.8","24.767","1196.0","KIMBERLEY, SF","    5",",,S",,,"  335",",,S","  178",",,S","  253","H,,S"
"SF000068438","2019-03-19","-28.8","24.767","1196.0","KIMBERLEY, SF","    0",",,S",,,"  333",",,S","  187",",,S","  270","H,,S"
"SF000068438","2019-03-20","-28.8","24.767","1196.0","KIMBERLEY, SF",,,,,"  333",",,S","  163",",,S","  242","H,,S"
"SF000068438","2019-03-21","-28.8","24.767","1196.0","KIMBERLEY, SF",,,,,"  325",",,S","  128",",,S","  214","H,,S"
"SF000068438","2019-03-22","-28.8","24.767","1196.0","KIMBERLEY, SF",,,,,"  330",",,S","  139",",,S","  226","H,,S"
"SF000068438","2019-03-23","-28.8","24.767","1196.0","KIMBERLEY, SF",,,,,"  330",",,S","  195",",,S","  252","H,,S"
"SF000068438","2019-03-24","-28.8","24.767","1196.0","KIMBERLEY, SF","   10",",,S",,,,,"  172",",,S","  247","H,,S"
"SF000068438","2019-03-25","-28.8","24.767","1196.0","KIMBERLEY, SF","    0",",,S",,,"  360",",,S","  138",",,S","  249","H,,S"
"SF000068438","2019-03-26","-28.8","24.767","1196.0","KIMBERLEY, SF",,,,,"  360",",,S","  133",",,S","  221","H,,S"
"SF000068438","2019-03-27","-28.8","24.767","1196.0","KIMBERLEY, SF",,,,,"  385",",,S","  159",",,S","  252","H,,S"
"SF000068438","2019-03-28","-28.8","24.767","1196.0","KIMBERLEY, SF",,,,,"  352",",,S","  157",",,S","  246","H,,S"
"SF000068438","2019-03-29","-28.8","24.767","1196.0","KIMBERLEY, SF",,,,,"  352",",,S","  130",",,S","  229","H,,S"
"SF000068438","2019-03-30","-28.8","24.767","1196.0","KIMBERLEY, SF",,,,,"  354",",,S","  125",",,S","  243","H,,S"
"SF000068438","2019-03-31","-28.8","24.767","1196.0","KIMBERLEY, SF",,,,,"  354",",,S","  139",",,S","  242","H,,S"
"SF000068438","2019-04-01","-28.8","24.767","1196.0","KIMBERLEY, SF",,,,,"  352",",,S",,,"  224","H,,S"
"SF000068438","2019-04-02","-28.8","24.767","1196.0","KIMBERLEY, SF",,,,,"  318",",,S",,,"  201","H,,S"
"SF000068438","2019-04-03","-28.8","24.767","1196.0","KIMBERLEY, SF",,,,,"  331",",,S","  138",",,S","  212","H,,S"
"SF000068438","2019-04-04","-28.8","24.767","1196.0","KIMBERLEY, SF",,,,,"  331",",,S","  165",",,S","  212","H,,S"
"SF000068438","2019-04-05","-28.8","24.767","1196.0","KIMBERLEY, SF",,,,,"  292",",,S",,,"  174","H,,S"
"SF000068438","2019-04-06","-28.8","24.767","1196.0","KIMBERLEY, SF",,,,,"  283",",,S","   96",",,S","  184","H,,S"
"SF000068438","2019-04-07","-28.8","24.767","1196.0","KIMBERLEY, SF",,,,,"  293",",,S","  140",",,S","  211","H,,S"
"SF000068438","2019-04-08","-28.8","24.767","1196.0","KIMBERLEY, SF","   30",",,S",,,"  311",",,S","  130",",,S","  201","H,,S"
"SF000068438","2019-04-09","-28.8","24.767","1196.0","KIMBERLEY, SF","   71",",,S",,,"  315",",,S","  155",",,S","  223","H,,S"
"SF000068438","2019-04-10","-28.8","24.767","1196.0","KIMBERLEY, SF","    0",",,S",,,"  321",",,S",,,"  224","H,,S"
"SF000068438","2019-04-11","-28.8","24.767","1196.0","KIMBERLEY, SF","   20",",,S",,,"  321",",,S",,,"  214","H,,S"
"SF000068438","2019-04-12","-28.8","24.767","1196.0","KIMBERLEY, SF","    0",",,S",,,,,"  142",",,S","  214","H,,S"
"SF000068438","2019-04-13","-28.8","24.767","1196.0","KIMBERLEY, SF",,,,,"  304",",,S","  132",",,S","  215","H,,S"
"SF000068438","2019-04-14","-28.8","24.767","1196.0","KIMBERLEY, SF",,,,,"  314",",,S",,,"  211","H,,S"
"SF000068438","2019-04-15","-28.8","24.767","1196.0","KIMBERLEY, SF",,,,,"  314",",,S","   75",",,S","  163","H,,S"
"SF000068438","2019-04-16","-28.8","24.767","1196.0","KIMBERLEY, SF",,,,,,,,,"  166","H,,S"
"SF000068438","2019-04-17","-28.8","24.767","1196.0","KIMBERLEY, SF",,,,,"  334",",,S","   65",",,S","  192","H,,S"
"SF000068438","2019-04-18","-28.8","24.767","1196.0","KIMBERLEY, SF",,,,,"  326",",,S","   82",",,S","  233","H,,S"
"SF000068438","2019-04-19","-28.8","24.767","1196.0","KIMBERLEY, SF",,,,,"  353",",,S","  156",",,S","  278","H,,S"
"SF000068438","2019-04-20","-28.8","24.767","1196.0","KIMBERLEY, SF",,,,,,,,,"  245","H,,S"
"SF000068438","2019-04-21","-28.8","24.767","1196.0","KIMBERLEY, SF",,,,,"  284",",,S",,,"  163","H,,S"
"SF000068438","2019-04-30","-28.8","24.767","1196.0","KIMBERLEY, SF",,,,,"  256",",,S",,,"  194","H,,S"
"SF000068438","2019-05-01","-28.8","24.767","1196.0","KIMBERLEY, SF",,,,,"  272",",,S","  124",",,S","  189","H,,S"
"SF000068438","2019-05-02","-28.8","24.767","1196.0","KIMBERLEY, SF",,,,,"  284",",,S",,,"  196","H,,S"
"SF000068438","2019-05-03","-28.8","24.767","1196.0","KIMBERLEY, SF",,,,,"  294",",,S","  129",",,S","  195","H,,S"
"SF000068438","2019-05-04","-28.8","24.767","1196.0","KIMBERLEY, SF",,,,,"  294",",,S","   92",",,S","  179","H,,S"
"SF000068438","2019-05-05","-28.8","24.767","1196.0","KIMBERLEY, SF",,,,,,,,,"  143","H,,S"
"SF000068438","2019-05-06","-28.8","24.767","1196.0","KIMBERLEY, SF",,,,,"  289",",,S",,,"  144","H,,S"
"SF000068438","2019-05-07","-28.8","24.767","1196.0","KIMBERLEY, SF",,,,,"  289",",,S","  120",",,S","  155","H,,S"
"SF000068438","2019-05-08","-28.8","24.767","1196.0","KIMBERLEY, SF","   41",",,S",,,"  205",",,S",,,"  113","H,,S"
"SF000068438","2019-05-09","-28.8","24.767","1196.0","KIMBERLEY, SF","   51",",,S",,,"  205",",,S",,,"   89","H,,S"
"SF000068438","2019-05-10","-28.8","24.767","1196.0","KIMBERLEY, SF","    0",",,S",,,,,,,"  168","H,,S"
"SF000068438","2019-05-22","-28.8","24.767","1196.0","KIMBERLEY, SF",,,,,,,,,"  182","H,,S"
"SF000068438","2019-05-23","-28.8","24.767","1196.0","KIMBERLEY, SF",,,,,,,,,"  185","H,,S"
"SF000068438","2019-05-24","-28.8","24.767","1196.0","KIMBERLEY, SF",,,,,"  257",",,S",,,"  173","H,,S"
"SF000068438","2019-05-25","-28.8","24.767","1196.0","KIMBERLEY, SF",,,,,"  257",",,S","   45",",,S","  139","H,,S"
"SF000068438","2019-05-26","-28.8","24.767","1196.0","KIMBERLEY, SF",,,,,"  251",",,S","   52",",,S","  143","H,,S"
"SF000068438","2019-05-27","-28.8","24.767","1196.0","KIMBERLEY, SF",,,,,"  247",",,S",,,"  147","H,,S"
"SF000068438","2019-05-28","-28.8","24.767","1196.0","KIMBERLEY, SF",,,,,"  233",",,S","   65",",,S","  148","H,,S"
"SF000068438","2019-05-29","-28.8","24.767","1196.0","KIMBERLEY, SF",,,,,"  225",",,S",,,"  147","H,,S"
"SF000068438","2019-05-30","-28.8","24.767","1196.0","KIMBERLEY, SF",,,,,,,"   38",",,S","  127","H,,S"
"SF000068438","2019-05-31","-28.8","24.767","1196.0","KIMBERLEY, SF",,,,,"  239",",,S","   61",",,S","  142","H,,S"
"SF000068438","2019-06-01","-28.8","24.767","1196.0","KIMBERLEY, SF",,,,,,,"   80",",,S","  141","H,,S"
"SF000068438","2019-06-02","-28.8","24.767","1196.0","KIMBERLEY, SF",,,,,"  229",",,S",,,"  124","H,,S"
"SF000068438","2019-06-03","-28.8","24.767","1196.0","KIMBERLEY, SF",,,,,,,"   28",",,S","  131","H,,S"
"SF000068438","2019-06-04","-28.8","24.767","1196.0","KIMBERLEY, SF",,,,,"  255",",,S","   59",",,S","  151","H,,S"
"SF000068438","2019-06-05","-28.8","24.767","1196.0","KIMBERLEY, SF",,,,,"  255",",,S",,,"  126","H,,S"
"SF000068438","2019-06-06","-28.8","24.767","1196.0","KIMBERLEY, SF",,,,,"  209",",,S","    8",",,S","   87","H,,S"
"SF000068438","2019-06-07","-28.8","24.767","1196.0","KIMBERLEY, SF",,,,,"  217",",,S","   -9",",,S","   87","H,,S"
"SF000068438","2019-06-08","-28.8","24.767","1196.0","KIMBERLEY, SF",,,,,,,"    4",",,S","  105","H,,S"
"SF000068438","2019-06-09","-28.8","24.767","1196.0","KIMBERLEY, SF",,,,,,,"   24",",,S","  149","H,,S"
"SF000068438","2019-06-10","-28.8","24.767","1196.0","KIMBERLEY, SF",,,,,"  248",",,S",,,"  143","H,,S"
"SF000068438","2019-06-11","-28.8","24.767","1196.0","KIMBERLEY, SF",,,,,"  253",",,S","   45",",,S","  141","H,,S"
"SF000068438","2019-06-12","-28.8","24.767","1196.0","KIMBERLEY, SF",,,,,"  256",",,S",,,"  146","H,,S"
"SF000068438","2019-06-13","-28.8","24.767","1196.0","KIMBERLEY, SF",,,,,,,,,"   72","H,,S"
"SF000068438","2019-06-14","-28.8","24.767","1196.0","KIMBERLEY, SF",,,,,,,"  -24",",,S","   81","H,,S"
"SF000068438","2019-06-15","-28.8","24.767","1196.0","KIMBERLEY, SF",,,,,"  228",",,S","   -3",",,S","   97","H,,S"
"SF000068438","2019-06-16","-28.8","24.767","1196.0","KIMBERLEY, SF",,,,,"  228",",,S","   19",",,S","  121","H,,S"
"SF000068438","2019-06-17","-28.8","24.767","1196.0","KIMBERLEY, SF",,,,,,,,,"  130","H,,S"
"SF000068438","2019-06-18","-28.8","24.767","1196.0","KIMBERLEY, SF",,,,,"  231",",,S","    2",",,S","  113","H,,S"
"SF000068438","2019-06-19","-28.8","24.767","1196.0","KIMBERLEY, SF",,,,,"  231",",,S","   47",",,S","  129","H,,S"
"SF000068438","2019-06-20","-28.8","24.767","1196.0","KIMBERLEY, SF",,,,,"  231",",,S","   11",",,S","  112","H,,S"
"SF000068438","2019-06-21","-28.8","24.767","1196.0","KIMBERLEY, SF",,,,,"  231",",,S","   14",",,S","  121","H,,S"
"SF000068438","2019-06-22","-28.8","24.767","1196.0","KIMBERLEY, SF",,,,,"  222",",,S","   20",",,S","  101","H,,S"
"SF000068438","2019-06-23","-28.8","24.767","1196.0","KIMBERLEY, SF",,,,,"  201",",,S","  -14",",,S","   74","H,,S"
"SF000068438","2019-06-24","-28.8","24.767","1196.0","KIMBERLEY, SF",,,,,"  198",",,S","  -19",",,S","   84","H,,S"
"SF000068438","2019-06-25","-28.8","24.767","1196.0","KIMBERLEY, SF",,,,,"  198",",,S","  -18",",,S","   84","H,,S"
"SF000068438","2019-06-26","-28.8","24.767","1196.0","KIMBERLEY, SF",,,,,"  225",",,S","  -10",",,S","  116","H,,S"
"SF000068438","2019-06-27","-28.8","24.767","1196.0","KIMBERLEY, SF",,,,,"  235",",,S","   31",",,S","  162","H,,S"
"SF000068438","2019-06-28","-28.8","24.767","1196.0","KIMBERLEY, SF",,,,,"  254",",,S",,,"  161","H,,S"
"SF000068438","2019-06-29","-28.8","24.767","1196.0","KIMBERLEY, SF",,,,,"  276",",,S","    9",",,S","  151","H,,S"
"SF000068438","2019-06-30","-28.8","24.767","1196.0","KIMBERLEY, SF",,,,,"  291",",,S","  109",",,S","  189","H,,S"
"SF000068438","2019-07-01","-28.8","24.767","1196.0","KIMBERLEY, SF",,,,,,,,,"  102","H,,S"
"SF000068438","2019-07-02","-28.8","24.767","1196.0","KIMBERLEY, SF",,,,,"  176",",,S","  -18",",,S","   71","H,,S"
"SF000068438","2019-07-03","-28.8","24.767","1196.0","KIMBERLEY, SF",,,,,"  195",",,S","  -20",",,S","   92","H,,S"
"SF000068438","2019-07-04","-28.8","24.767","1196.0","KIMBERLEY, SF",,,,,"  231",",,S","   13",",,S","  123","H,,S"
"SF000068438","2019-07-05","-28.8","24.767","1196.0","KIMBERLEY, SF",,,,,"  231",",,S","   27",",,S","  100","H,,S"
"SF000068438","2019-07-06","-28.8","24.767","1196.0","KIMBERLEY, SF",,,,,"  206",",,S","   -2",",,S","  111","H,,S"
"SF000068438","2019-07-07","-28.8","24.767","1196.0","KIMBERLEY, SF",,,,,"  209",",,S","   57",",,S","  129","H,,S"
"SF000068438","2019-07-08","-28.8","24.767","1196.0","KIMBERLEY, SF",,,,,"  221",",,S","   27",",,S","  129","H,,S"
"SF000068438","2019-07-09","-28.8","24.767","1196.0","KIMBERLEY, SF",,,,,"  239",",,S","   28",",,S","  130","H,,S"
"SF000068438","2019-07-10","-28.8","24.767","1196.0","KIMBERLEY, SF",,,,,"  288",",,S","   35",",,S","  152","H,,S"
"SF000068438","2019-07-11","-28.8","24.767","1196.0","KIMBERLEY, SF",,,,,"  288",",,S","   39",",,S","  165","H,,S"
"SF000068438","2019-07-12","-28.8","24.767","1196.0","KIMBERLEY, SF",,,,,"  286",",,S","   63",",,S","  166","H,,S"
"SF000068438","2019-07-13","-28.8","24.767","1196.0","KIMBERLEY, SF",,,,,"  292",",,S","   56",",,S","  181","H,,S"
"SF000068438","2019-07-14","-28.8","24.767","1196.0","KIMBERLEY, SF",,,,,"  294",",,S","  112",",,S","  195","H,,S"
"SF000068438","2019-07-15","-28.8","24.767","1196.0","KIMBERLEY, SF",,,,,"  294",",,S","   94",",,S","  171","H,,S"
"SF000068438","2019-07-16","-28.8","24.767","1196.0","KIMBERLEY, SF",,,,,"  269",",,S",,,"  151","H,,S"
"SF000068438","2019-07-17","-28.8","24.767","1196.0","KIMBERLEY, SF",,,,,,,"   47",",,S","  137","H,,S"
"SF000068438","2019-07-18","-28.8","24.767","1196.0","KIMBERLEY, SF",,,,,,,"   15",",,S","  128","H,,S"
"SF000068438","2019-07-19","-28.8","24.767","1196.0","KIMBERLEY, SF",,,,,"  248",",,S","   35",",,S","  112","H,,S"
"SF000068438","2019-07-20","-28.8","24.767","1196.0","KIMBERLEY, SF",,,,,"  210",",,S",,,"   69","H,,S"
"SF000068438","2019-07-21","-28.8","24.767","1196.0","KIMBERLEY, SF",,,,,"  172",",,S","  -32",",,S","   66","H,,S"
"SF000068438","2019-07-22","-28.8","24.767","1196.0","KIMBERLEY, SF",,,,,"  231",",,S","   26",",,S","  137","H,,S"
"SF000068438","2019-07-23","-28.8","24.767","1196.0","KIMBERLEY, SF",,,,,"  293",",,S","   84",",,S","  184","H,,S"
"SF000068438","2019-07-24","-28.8","24.767","1196.0","KIMBERLEY, SF",,,,,,,,,"  109","H,,S"
"SF000068438","2019-07-25","-28.8","24.767","1196.0","KIMBERLEY, SF",,,,,"  245",",,S","   -2",",,S","  124","H,,S"
"SF000068438","2019-07-26","-28.8","24.767","1196.0","KIMBERLEY, SF",,,,,"  258",",,S",,,"  123","H,,S"
"SF000068438","2019-07-27","-28.8","24.767","1196.0","KIMBERLEY, SF",,,,,"  274",",,S","   56",",,S","  172","H,,S"
"SF000068438","2019-07-28","-28.8","24.767","1196.0","KIMBERLEY, SF",,,,,"  274",",,S","   89",",,S","  125","H,,S"
"SF000068438","2019-08-01","-28.8","24.767","1196.0","KIMBERLEY, SF",,,,,"  246",",,S",,,"  152","H,,S"
"SF000068438","2019-08-02","-28.8","24.767","1196.0","KIMBERLEY, SF",,,,,"  254",",,S","   99",",,S","  167","H,,S"
"SF000068438","2019-08-03","-28.8","24.767","1196.0","KIMBERLEY, SF",,,,,"  254",",,S","   59",",,S","  134","H,,S"
"SF000068438","2019-08-04","-28.8","24.767","1196.0","KIMBERLEY, SF",,,,,"  252",",,S","   24",",,S","  132","H,,S"
"SF000068438","2019-08-05","-28.8","24.767","1196.0","KIMBERLEY, SF",,,,,"  252",",,S",,,"  122","H,,S"
"SF000068438","2019-08-06","-28.8","24.767","1196.0","KIMBERLEY, SF",,,,,"  232",",,S","  -12",",,S","  104","H,,S"
"SF000068438","2019-08-07","-28.8","24.767","1196.0","KIMBERLEY, SF",,,,,"  299",",,S","   21",",,S","  159","H,,S"
"SF000068438","2019-08-08","-28.8","24.767","1196.0","KIMBERLEY, SF",,,,,,,"   -4",",,S","   94","H,,S"
"SF000068438","2019-08-09","-28.8","24.767","1196.0","KIMBERLEY, SF",,,,,"  195",",,S","  -46",",,S","   72","H,,S"
"SF000068438","2019-08-10","-28.8","24.767","1196.0","KIMBERLEY, SF",,,,,"  239",",,S","  -15",",,S","  144","H,,S"
"SF000068438","2019-08-11","-28.8","24.767","1196.0","KIMBERLEY, SF",,,,,"  239",",,S",,,"  158","H,,S"
"SF000068438","2019-08-12","-28.8","24.767","1196.0","KIMBERLEY, SF",,,,,"  234",",,S",,,"   97","H,,S"
"SF000068438","2019-08-13","-28.8","24.767","1196.0","KIMBERLEY, SF",,,,,"  238",",,S","  -12",",,S","  113","H,,S"
"SF000068438","2019-08-14","-28.8","24.767","1196.0","KIMBERLEY, SF",,,,,"  238",",,S","    0",",,S","  114","H,,S"
"SF000068438","2019-08-15","-28.8","24.767","1196.0","KIMBERLEY, SF",,,,,"  277",",,S","   11",",,S","  154","H,,S"
"SF000068438","2019-08-16","-28.8","24.767","1196.0","KIMBERLEY, SF",,,,,"  292",",,S","   93",",,S","  186","H,,S"
"SF000068438","2019-08-17","-28.8","24.767","1196.0","KIMBERLEY, SF",,,,,"  292",",,S","   69",",,S","  176","H,,S"
"SF000068438","2019-08-18","-28.8","24.767","1196.0","KIMBERLEY, SF",,,,,,,"  108",",,S","  185","H,,S"
"SF000068438","2019-08-19","-28.8","24.767","1196.0","KIMBERLEY, SF",,,,,"  289",",,S",,,"  161","H,,S"
"SF000068438","2019-08-20","-28.8","24.767","1196.0","KIMBERLEY, SF",,,,,"  258",",,S","   11",",,S","  117","H,,S"
"SF000068438","2019-08-21","-28.8","24.767","1196.0","KIMBERLEY, SF",,,,,,,"   11",",,S","  135","H,,S"
"SF000068438","2019-08-22","-28.8","24.767","1196.0","KIMBERLEY, SF",,,,,"  266",",,S","   44",",,S","  147","H,,S"
"SF000068438","2019-08-23","-28.8","24.767","1196.0","KIMBERLEY, SF",,,,,"  274",",,S","   36",",,S","  162","H,,S"
"SF000068438","2019-08-24","-28.8","24.767","1196.0","KIMBERLEY, SF",,,,,"  276",",,S","   36",",,S","  158","H,,S"
"SF000068438","2019-08-25","-28.8","24.767","1196.0","KIMBERLEY, SF",,,,,"  290",",,S","   63",",,S","  171","H,,S"
"SF000068438","2019-08-26","-28.8","24.767","1196.0","KIMBERLEY, SF",,,,,"  290",",,S","   48",",,S","  166","H,,S"
"SF000068438","2019-08-27","-28.8","24.767","1196.0","KIMBERLEY, SF",,,,,"  287",",,S",,,"  157","H,,S"
"SF000068438","2019-08-28","-28.8","24.767","1196.0","KIMBERLEY, SF",,,,,"  275",",,S","   22",",,S","  118","H,,S"
"SF000068438","2019-08-29","-28.8","24.767","1196.0","KIMBERLEY, SF",,,,,,,,,"  128","H,,S"
"SF000068438","2019-08-30","-28.8","24.767","1196.0","KIMBERLEY, SF",,,,,"  265",",,S","   18",",,S","  150","H,,S"
"SF000068438","2019-08-31","-28.8","24.767","1196.0","KIMBERLEY, SF",,,,,"  265",",,S","   37",",,S","   99","H,,S"
"SF000068438","2019-09-01","-28.8","24.767","1196.0","KIMBERLEY, SF",,,,,"  224",",,S","  -16",",,S","  111","H,,S"
"SF000068438","2019-09-02","-28.8","24.767","1196.0","KIMBERLEY, SF",,,,,"  255",",,S","    9",",,S","  133","H,,S"
"SF000068438","2019-09-03","-28.8","24.767","1196.0","KIMBERLEY, SF",,,,,"  281",",,S","   33",",,S","  156","H,,S"
"SF000068438","2019-09-04","-28.8","24.767","1196.0","KIMBERLEY, SF",,,,,"  292",",,S","   46",",,S","  168","H,,S"
"SF000068438","2019-09-05","-28.8","24.767","1196.0","KIMBERLEY, SF",,,,,"  292",",,S","   70",",,S","  161","H,,S"
"SF000068438","2019-09-06","-28.8","24.767","1196.0","KIMBERLEY, SF",,,,,"  268",",,S",,,"  174","H,,S"
"SF000068438","2019-09-07","-28.8","24.767","1196.0","KIMBERLEY, SF",,,,,"  268",",,S","  102",",,S","  171","H,,S"
"SF000068438","2019-09-08","-28.8","24.767","1196.0","KIMBERLEY, SF",,,,,"  264",",,S","   95",",,S","  178","H,,S"
"SF000068438","2019-09-09","-28.8","24.767","1196.0","KIMBERLEY, SF",,,,,"  276",",,S","   42",",,S","  164","H,,S"
"SF000068438","2019-09-10","-28.8","24.767","1196.0","KIMBERLEY, SF",,,,,,,"   45",",,S","  176","H,,S"
"SF000068438","2019-09-11","-28.8","24.767","1196.0","KIMBERLEY, SF",,,,,"  303",",,S","   57",",,S","  191","H,,S"
"SF000068438","2019-09-12","-28.8","24.767","1196.0","KIMBERLEY, SF",,,,,"  303",",,S","  119",",,S","  199","H,,S"
"SF000068438","2019-09-13","-28.8","24.767","1196.0","KIMBERLEY, SF",,,,,"  288",",,S","   60",",,S","  133","H,,S"
"SF000068438","2019-09-14","-28.8","24.767","1196.0","KIMBERLEY, SF",,,,,"  242",",,S",,,"  137","H,,S"
"SF000068438","2019-09-15","-28.8","24.767","1196.0","KIMBERLEY, SF",,,,,"  286",",,S","   54",",,S","  176","H,,S"
"SF000068438","2019-09-16","-28.8","24.767","1196.0","KIMBERLEY, SF",,,,,,,"   73",",,S","  211","H,,S"
"SF000068438","2019-09-17","-28.8","24.767","1196.0","KIMBERLEY, SF",,,,,"  356",",,S","   82",",,S","  241","H,,S"
"SF000068438","2019-09-18","-28.8","24.767","1196.0","KIMBERLEY, SF",,,,,"  356",",,S","  137",",,S","  236","H,,S"
"SF000068438","2019-09-19","-28.8","24.767","1196.0","KIMBERLEY, SF",,,,,"  354",",,S","  116",",,S","  254","H,,S"
"SF000068438","2019-09-20","-28.8","24.767","1196.0","KIMBERLEY, SF",,,,,"  354",",,S","  188",",,S","  266","H,,S"
"SF000068438","2019-09-21","-28.8","24.767","1196.0","KIMBERLEY, SF",,,,,"  349",",,S",,,"  243","H,,S"
"SF000068438","2019-09-22","-28.8","24.767","1196.0","KIMBERLEY, SF",,,,,,,,,"  172","H,,S"
"SF000068438","2019-09-23","-28.8","24.767","1196.0","KIMBERLEY, SF",,,,,"  233",",,S",,,"  125","H,,S"
"SF000068438","2019-09-24","-28.8","24.767","1196.0","KIMBERLEY, SF",,,,,"  248",",,S","   21",",,S","  158","H,,S"
"SF000068438","2019-09-25","-28.8","24.767","1196.0","KIMBERLEY, SF",,,,,"  256",",,S","   69",",,S","  167","H,,S"
"SF000068438","2019-09-26","-28.8","24.767","1196.0","KIMBERLEY, SF",,,,,"  257",",,S","   87",",,S","  171","H,,S"
"SF000068438","2019-09-27","-28.8","24.767","1196.0","KIMBERLEY, SF",,,,,"  284",",,S","   36",",,S","  177","H,,S"
"SF000068438","2019-09-28","-28.8","24.767","1196.0","KIMBERLEY, SF",,,,,"  303",",,S","   78",",,S","  195","H,,S"
"SF000068438","2019-09-29","-28.8","24.767","1196.0","KIMBERLEY, SF",,,,,"  303",",,S","  105",",,S","  212","H,,S"
"SF000068438","2019-09-30","-28.8","24.767","1196.0","KIMBERLEY, SF",,,,,"  301",",,S",,,"  142","H,,S"
"SF000068438","2019-10-01","-28.8","24.767","1196.0","KIMBERLEY, SF",,,,,"  224",",,S","   21",",,S","  129","H,,S"
"SF000068438","2019-10-02","-28.8","24.767","1196.0","KIMBERLEY, SF",,,,,"  260",",,S","   51",",,S","  172","H,,S"
"SF000068438","2019-10-03","-28.8","24.767","1196.0","KIMBERLEY, SF",,,,,"  306",",,S",,,"  223","H,,S"
"SF000068438","2019-10-04","-28.8","24.767","1196.0","KIMBERLEY, SF",,,,,"  306",",,S","   80",",,S","  203","H,,S"
"SF000068438","2019-10-05","-28.8","24.767","1196.0","KIMBERLEY, SF",,,,,"  348",",,S","   66",",,S","  221","H,,S"
"SF000068438","2019-10-06","-28.8","24.767","1196.0","KIMBERLEY, SF",,,,,"  350",",,S","  157",",,S","  256","H,,S"
"SF000068438","2019-10-07","-28.8","24.767","1196.0","KIMBERLEY, SF",,,,,"  350",",,S","  131",",,S","  209","H,,S"
"SF000068438","2019-10-08","-28.8","24.767","1196.0","KIMBERLEY, SF",,,,,,,"   67",",,S","  206","H,,S"
"SF000068438","2019-10-09","-28.8","24.767","1196.0","KIMBERLEY, SF",,,,,"  311",",,S","   97",",,S","  214","H,,S"
"SF000068438","2019-10-10","-28.8","24.767","1196.0","KIMBERLEY, SF",,,,,"  311",",,S","   64",",,S","  172","H,,S"
"SF000068438","2019-10-11","-28.8","24.767","1196.0","KIMBERLEY, SF",,,,,"  304",",,S","   96",",,S","  213","H,,S"
"SF000068438","2019-10-12","-28.8","24.767","1196.0","KIMBERLEY, SF",,,,,"  352",",,S","  184",",,S","  262","H,,S"
"SF000068438","2019-10-13","-28.8","24.767","1196.0","KIMBERLEY, SF",,,,,"  352",",,S","  108",",,S","  241","H,,S"
"SF000068438","2019-10-14","-28.8","24.767","1196.0","KIMBERLEY, SF",,,,,"  370",",,S",,,"  267","H,,S"
"SF000068438","2019-10-15","-28.8","24.767","1196.0","KIMBERLEY, SF",,,,,"  370",",,S","  175",",,S","  254","H,,S"
"SF000068438","2019-10-16","-28.8","24.767","1196.0","KIMBERLEY, SF",,,,,"  372",",,S","  154",",,S","  274","H,,S"
"SF000068438","2019-10-17","-28.8","24.767","1196.0","KIMBERLEY, SF",,,,,"  386",",,S",,,"  291","H,,S"
"SF000068438","2019-10-18","-28.8","24.767","1196.0","KIMBERLEY, SF",,,,,"  386",",,S","  186",",,S","  281","H,,S"
"SF000068438","2019-10-19","-28.8","24.767","1196.0","KIMBERLEY, SF",,,,,"  384",",,S","  165",",,S","  280","H,,S"
"SF000068438","2019-10-20","-28.8","24.767","1196.0","KIMBERLEY, SF",,,,,"  393",",,S","  158",",,S","  284","H,,S"
"SF000068438","2019-10-21","-28.8","24.767","1196.0","KIMBERLEY, SF",,,,,"  373",",,S",,,"  222","H,,S"
"SF000068438","2019-10-22","-28.8","24.767","1196.0","KIMBERLEY, SF",,,,,"  337",",,S","   82",",,S","  226","H,,S"
"SF000068438","2019-10-23","-28.8","24.767","1196.0","KIMBERLEY, SF",,,,,"  337",",,S",,,"  213","H,,S"
"SF000068438","2019-10-24","-28.8","24.767","1196.0","KIMBERLEY, SF",,,,,"  349",",,S","   73",",,S","  234","H,,S"
"SF000068438","2019-10-25","-28.8","24.767","1196.0","KIMBERLEY, SF",,,,,"  349",",,S","  161",",,S","  245","H,,S"
"SF000068438","2019-10-26","-28.8","24.767","1196.0","KIMBERLEY, SF",,,,,"  330",",,S","  187",",,S","  259","H,,S"
"SF000068438","2019-10-27","-28.8","24.767","1196.0","KIMBERLEY, SF",,,,,"  362",",,S","  102",",,S","  256","H,,S"
"SF000068438","2019-10-28","-28.8","24.767","1196.0","KIMBERLEY, SF",,,,,,,,,"  169","H,,S"
"SF000068438","2019-10-29","-28.8","24.767","1196.0","KIMBERLEY, SF",,,,,"  259",",,S","   28",",,S","  137","H,,S"
"SF000068438","2019-10-30","-28.8","24.767","1196.0","KIMBERLEY, SF",,,,,"  296",",,S","   24",",,S","  174","H,,S"
"SF000068438","2019-10-31","-28.8","24.767","1196.0","KIMBERLEY, SF",,,,,"  303",",,S","   68",",,S","  193","H,,S"
"SF000068438","2019-11-01","-28.8","24.767","1196.0","KIMBERLEY, SF",,,,,"  350",",,S","   93",",,S","  244","H,,S"
"SF000068438","2019-11-02","-28.8","24.767","1196.0","KIMBERLEY, SF",,,,,"  350",",,S",,,"  258","H,,S"
"SF000068438","2019-11-03","-28.8","24.767","1196.0","KIMBERLEY, SF",,,,,"  357",",,S","  118",",,S","  247","H,,S"
"SF000068438","2019-11-04","-28.8","24.767","1196.0","KIMBERLEY, SF",,,,,"  368",",,S","  126",",,S","  269","H,,S"
"SF000068438","2019-11-05","-28.8","24.767","1196.0","KIMBERLEY, SF",,,,,"  373",",,S","  163",",,S","  281","H,,S"
"SF000068438","2019-11-06","-28.8","24.767","1196.0","KIMBERLEY, SF",,,,,"  373",",,S",,,"  246","H,,S"
"SF000068438","2019-11-07","-28.8","24.767","1196.0","KIMBERLEY, SF",,,,,"  335",",,S",,,"  220","H,,S"
"SF000068438","2019-11-08","-28.8","24.767","1196.0","KIMBERLEY, SF",,,,,"  305",",,S","   96",",,S","  209","H,,S"
"SF000068438","2019-11-09","-28.8","24.767","1196.0","KIMBERLEY, SF",,,,,"  368",",,S","  114",",,S","  269","H,,S"
"SF000068438","2019-11-10","-28.8","24.767","1196.0","KIMBERLEY, SF",,,,,"  411",",,S",,,"  296","H,,S"
"SF000068438","2019-11-11","-28.8","24.767","1196.0","KIMBERLEY, SF",,,,,"  411",",,S","  141",",,S","  269","H,,S"
"SF000068438","2019-11-12","-28.8","24.767","1196.0","KIMBERLEY, SF",,,,,"  397",",,S","  146",",,S","  242","H,,S"
"SF000068438","2019-11-13","-28.8","24.767","1196.0","KIMBERLEY, SF",,,,,"  355",",,S","  113",",,S","  224","H,,S"
"SF000068438","2019-11-14","-28.8","24.767","1196.0","KIMBERLEY, SF",,,,,"  314",",,S","  146",",,S","  222","H,,S"
"SF000068438","2019-11-15","-28.8","24.767","1196.0","KIMBERLEY, SF",,,,,"  304",",,S","  105",",,S","  229","H,,S"
"SF000068438","2019-11-16","-28.8","24.767","1196.0","KIMBERLEY, SF",,,,,"  344",",,S","  146",",,S","  253","H,,S"
"SF000068438","2019-11-17","-28.8","24.767","1196.0","KIMBERLEY, SF",,,,,"  344",",,S","  180",",,S","  257","H,,S"
"SF000068438","2019-11-18","-28.8","24.767","1196.0","KIMBERLEY, SF",,,,,"  333",",,S","  118",",,S","  244","H,,S"
"SF000068438","2019-11-19","-28.8","24.767","1196.0","KIMBERLEY, SF",,,,,"  350",",,S","  139",",,S","  256","H,,S"
"SF000068438","2019-11-20","-28.8","24.767","1196.0","KIMBERLEY, SF",,,,,"  350",",,S","  150",",,S","  211","H,,S"
"SF000068438","2019-11-21","-28.8","24.767","1196.0","KIMBERLEY, SF",,,,,"  330",",,S","  127",",,S","  238","H,,S"
"SF000068438","2019-11-22","-28.8","24.767","1196.0","KIMBERLEY, SF",,,,,"  370",",,S","  142",",,S","  298","H,,S"
"SF000068438","2019-11-23","-28.8","24.767","1196.0","KIMBERLEY, SF",,,,,"  370",",,S","  147",",,S","  257","H,,S"
"SF000068438","2019-11-24","-28.8","24.767","1196.0","KIMBERLEY, SF",,,,,"  349",",,S","  127",",,S","  253","H,,S"
"SF000068438","2019-11-25","-28.8","24.767","1196.0","KIMBERLEY, SF",,,,,"  350",",,S","  130",",,S","  246","H,,S"
"SF000068438","2019-11-26","-28.8","24.767","1196.0","KIMBERLEY, SF",,,,,"  369",",,S","  124",",,S","  255","H,,S"
"SF000068438","2019-11-27","-28.8","24.767","1196.0","KIMBERLEY, SF",,,,,"  389",",,S","  138",",,S","  289","H,,S"
"SF000068438","2019-11-28","-28.8","24.767","1196.0","KIMBERLEY, SF",,,,,"  396",",,S","  185",",,S","  304","H,,S"
"SF000068438","2019-11-29","-28.8","24.767","1196.0","KIMBERLEY, SF",,,,,"  396",",,S","  211",",,S","  313","H,,S"
"SF000068438","2019-11-30","-28.8","24.767","1196.0","KIMBERLEY, SF",,,,,"  387",",,S","  200",",,S","  284","H,,S"
"SF000068438","2019-12-01","-28.8","24.767","1196.0","KIMBERLEY, SF",,,,,"  387",",,S","  173",",,S","  286","H,,S"
"SF000068438","2019-12-02","-28.8","24.767","1196.0","KIMBERLEY, SF",,,,,"  387",",,S","  181",",,S","  267","H,,S"
"SF000068438","2019-12-03","-28.8","24.767","1196.0","KIMBERLEY, SF",,,,,,,,,"  190","H,,S"
"SF000068438","2019-12-04","-28.8","24.767","1196.0","KIMBERLEY, SF",,,,,"  268",",,S","  108",",,S","  186","H,,S"
"SF000068438","2019-12-05","-28.8","24.767","1196.0","KIMBERLEY, SF",,,,,"  268",",,S","  147",",,S","  178","H,,S"
"SF000068438","2019-12-06","-28.8","24.767","1196.0","KIMBERLEY, SF",,,,,"  231",",,S","  157",",,S","  186","H,,S"
"SF000068438","2019-12-07","-28.8","24.767","1196.0","KIMBERLEY, SF",,,,,"  309",",,S","  132",",,S","  224","H,,S"
"SF000068438","2019-12-08","-28.8","24.767","1196.0","KIMBERLEY, SF",,,,,"  312",",,S","  148",",,S","  231","H,,S"
"SF000068438","2019-12-09","-28.8","24.767","1196.0","KIMBERLEY, SF",,,,,"  312",",,S",,,"  209","H,,S"
"SF000068438","2019-12-10","-28.8","24.767","1196.0","KIMBERLEY, SF",,,,,"  307",",,S",,,"  199","H,,S"
"SF000068438","2019-12-11","-28.8","24.767","1196.0","KIMBERLEY, SF",,,,,"  290",",,S","  134",",,S","  213","H,,S"
"SF000068438","2019-12-12","-28.8","24.767","1196.0","KIMBERLEY, SF",,,,,"  326",",,S","  145",",,S","  246","H,,S"
"SF000068438","2019-12-13","-28.8","24.767","1196.0","KIMBERLEY, SF",,,,,"  370",",,S","  175",",,S","  276","H,,S"
"SF000068438","2019-12-14","-28.8","24.767","1196.0","KIMBERLEY, SF",,,,,"  370",",,S","  169",",,S","  288","H,,S"
"SF000068438","2019-12-15","-28.8","24.767","1196.0","KIMBERLEY, SF",,,,,"  365",",,S",,,"  203","H,,S"
"SF000068438","2019-12-16","-28.8","24.767","1196.0","KIMBERLEY, SF",,,,,"  316",",,S","   86",",,S","  213","H,,S"
"SF000068438","2019-12-17","-28.8","24.767","1196.0","KIMBERLEY, SF",,,,,"  376",",,S","  140",",,S","  282","H,,S"
"SF000068438","2019-12-18","-28.8","24.767","1196.0","KIMBERLEY, SF",,,,,"  376",",,S",,,"  287","H,,S"
"SF000068438","2019-12-19","-28.8","24.767","1196.0","KIMBERLEY, SF",,,,,"  356",",,S","  130",",,S","  243","H,,S"
"SF000068438","2019-12-20","-28.8","24.767","1196.0","KIMBERLEY, SF",,,,,"  356",",,S","  134",",,S","  258","H,,S"
"SF000068438","2019-12-21","-28.8","24.767","1196.0","KIMBERLEY, SF",,,,,"  375",",,S","  180",",,S","  297","H,,S"
"SF000068438","2019-12-22","-28.8","24.767","1196.0","KIMBERLEY, SF",,,,,"  375",",,S",,,"  236","H,,S"
"SF000068438","2019-12-23","-28.8","24.767","1196.0","KIMBERLEY, SF",,,,,"  336",",,S","  181",",,S","  253","H,,S"
"SF000068438","2019-12-24","-28.8","24.767","1196.0","KIMBERLEY, SF",,,,,"  352",",,S","  203",",,S","  272","H,,S"
"SF000068438","2019-12-25","-28.8","24.767","1196.0","KIMBERLEY, SF",,,,,"  355",",,S",,,"  262","H,,S"
"SF000068438","2019-12-26","-28.8","24.767","1196.0","KIMBERLEY, SF",,,,,"  363",",,S","  162",",,S","  267","H,,S"
"SF000068438","2019-12-27","-28.8","24.767","1196.0","KIMBERLEY, SF",,,,,"  363",",,S","  169",",,S","  231","H,,S"
"SF000068438","2019-12-28","-28.8","24.767","1196.0","KIMBERLEY, SF",,,,,"  365",",,S","  189",",,S","  268","H,,S"
"SF000068438","2019-12-29","-28.8","24.767","1196.0","KIMBERLEY, SF","    5",",,S",,,"  365",",,S",,,"  221","H,,S"
"SF000068438","2019-12-30","-28.8","24.767","1196.0","KIMBERLEY, SF","    5",",,S",,,"  324",",,S","  163",",,S","  232","H,,S"
"SF000068438","2019-12-31","-28.8","24.767","1196.0","KIMBERLEY, SF","  140",",,S",,,"  345",",,S","  171",",,S","  247","H,,S"
"SF000068438","2020-01-01","-28.8","24.767","1196.0","KIMBERLEY, SF",,,,,"  383",",,S","  203",",,S","  286","H,,S"
"SF000068438","2020-01-02","-28.8","24.767","1196.0","KIMBERLEY, SF",,,,,"  387",",,S","  206",",,S","  292","H,,S"
"SF000068438","2020-01-03","-28.8","24.767","1196.0","KIMBERLEY, SF",,,,,"  387",",,S","  189",",,S","  249","H,,S"
"SF000068438","2020-01-04","-28.8","24.767","1196.0","KIMBERLEY, SF",,,,,"  356",",,S",,,"  229","H,,S"
"SF000068438","2020-01-05","-28.8","24.767","1196.0","KIMBERLEY, SF",,,,,"  356",",,S","  168",",,S","  263","H,,S"
"SF000068438","2020-01-06","-28.8","24.767","1196.0","KIMBERLEY, SF",,,,,"  364",",,S","  165",",,S","  273","H,,S"
"SF000068438","2020-01-07","-28.8","24.767","1196.0","KIMBERLEY, SF","    5",",,S",,,"  364",",,S",,,"  203","H,,S"
"SF000068438","2020-01-08","-28.8","24.767","1196.0","KIMBERLEY, SF","    5",",,S",,,"  273",",,S",,,"  211","H,,S"
"SF000068438","2020-01-09","-28.8","24.767","1196.0","KIMBERLEY, SF","  119",",,S",,,"  292",",,S","  173",",,S","  227","H,,S"
"SF000068438","2020-01-10","-28.8","24.767","1196.0","KIMBERLEY, SF","    3",",,S",,,"  325",",,S","  161",",,S","  253","H,,S"
"SF000068438","2020-01-11","-28.8","24.767","1196.0","KIMBERLEY, SF","    0",",,S",,,"  325",",,S",,,"  239","H,,S"
"SF000068438","2020-01-12","-28.8","24.767","1196.0","KIMBERLEY, SF",,,,,"  355",",,S","  170",",,S","  246","H,,S"
"SF000068438","2020-01-13","-28.8","24.767","1196.0","KIMBERLEY, SF",,,,,"  355",",,S","  170",",,S","  259","H,,S"
"SF000068438","2020-01-14","-28.8","24.767","1196.0","KIMBERLEY, SF",,,,,"  337",",,S",,,"  260","H,,S"
"SF000068438","2020-01-15","-28.8","24.767","1196.0","KIMBERLEY, SF",,,,,"  356",",,S","  191",",,S","  271","H,,S"
"SF000068438","2020-01-16","-28.8","24.767","1196.0","KIMBERLEY, SF",,,,,"  379",",,S","  187",",,S","  288","H,,S"
"SF000068438","2020-01-17","-28.8","24.767","1196.0","KIMBERLEY, SF",,,,,"  379",",,S","  196",",,S","  288","H,,S"
"SF000068438","2020-01-18","-28.8","24.767","1196.0","KIMBERLEY, SF",,,,,"  363",",,S",,,"  249","H,,S"
"SF000068438","2020-01-19","-28.8","24.767","1196.0","KIMBERLEY, SF","   61",",,S",,,"  335",",,S","  175",",,S","  254","H,,S"
"SF000068438","2020-01-20","-28.8","24.767","1196.0","KIMBERLEY, SF","    3",",,S",,,"  341",",,S",,,"  252","H,,S"
"SF000068438","2020-01-21","-28.8","24.767","1196.0","KIMBERLEY, SF","   30",",,S",,,"  356",",,S",,,"  263","H,,S"
"SF000068438","2020-01-22","-28.8","24.767","1196.0","KIMBERLEY, SF","    0",",,S",,,"  362",",,S","  134",",,S","  259","H,,S"
"SF000068438","2020-01-23","-28.8","24.767","1196.0","KIMBERLEY, SF",,,,,"  362",",,S","  160",",,S","  266","H,,S"
"SF000068438","2020-01-24","-28.8","24.767","1196.0","KIMBERLEY, SF",,,,,"  358",",,S","  180",",,S","  227","H,,S"
"SF000068438","2020-01-25","-28.8","24.767","1196.0","KIMBERLEY, SF",,,,,"  346",",,S",,,"  262","H,,S"
"SF000068438","2020-01-26","-28.8","24.767","1196.0","KIMBERLEY, SF",,,,,"  346",",,S",,,"  266","H,,S"
"SF000068438","2020-01-27","-28.8","24.767","1196.0","KIMBERLEY, SF",,,,,"  341",",,S","  124",",,S","  211","H,,S"
"SF000068438","2020-01-28","-28.8","24.767","1196.0","KIMBERLEY, SF",,,,,"  351",",,S","  117",",,S","  245","H,,S"
"SF000068438","2020-01-29","-28.8","24.767","1196.0","KIMBERLEY, SF",,,,,"  376",",,S","  149",",,S","  273","H,,S"
"SF000068438","2020-01-30","-28.8","24.767","1196.0","KIMBERLEY, SF",,,,,"  389",",,S","  166",",,S","  308","H,,S"
"SF000068438","2020-01-31","-28.8","24.767","1196.0","KIMBERLEY, SF",,,,,"  389",",,S","  226",",,S","  279","H,,S"
"SF000068438","2020-02-01","-28.8","24.767","1196.0","KIMBERLEY, SF",,,,,"  374",",,S","  216",",,S","  286","H,,S"
"SF000068438","2020-02-02","-28.8","24.767","1196.0","KIMBERLEY, SF",,,,,"  373",",,S","  227",",,S","  269","H,,S"
"SF000068438","2020-02-03","-28.8","24.767","1196.0","KIMBERLEY, SF","   10",",,S",,,"  368",",,S","  184",",,S","  276","H,,S"
"SF000068438","2020-02-04","-28.8","24.767","1196.0","KIMBERLEY, SF","    3",",,S",,,"  368",",,S","  191",",,S","  274","H,,S"
"SF000068438","2020-02-05","-28.8","24.767","1196.0","KIMBERLEY, SF","    0",",,S",,,"  363",",,S","  178",",,S","  267","H,,S"
"SF000068438","2020-02-06","-28.8","24.767","1196.0","KIMBERLEY, SF",,,,,"  362",",,S","  196",",,S","  247","H,,S"
"SF000068438","2020-02-07","-28.8","24.767","1196.0","KIMBERLEY, SF",,,,,"  333",",,S",,,"  232","H,,S"
"SF000068438","2020-02-08","-28.8","24.767","1196.0","KIMBERLEY, SF","  419",",,S",,,"  316",",,S","  168",",,S","  208","H,,S"
"SF000068438","2020-02-09","-28.8","24.767","1196.0","KIMBERLEY, SF","   10",",,S",,,"  314",",,S","  159",",,S","  234","H,,S"
"SF000068438","2020-02-10","-28.8","24.767","1196.0","KIMBERLEY, SF","    3",",,S",,,"  314",",,S","  166",",,S","  244","H,,S"
"SF000068438","2020-02-11","-28.8","24.767","1196.0","KIMBERLEY, SF","    0",",,S",,,"  315",",,S","  167",",,S","  238","H,,S"
"SF000068438","2020-02-12","-28.8","24.767","1196.0","KIMBERLEY, SF",,,,,"  315",",,S","  183",",,S","  239","H,,S"
"SF000068438","2020-02-13","-28.8","24.767","1196.0","KIMBERLEY, SF",,,,,"  327",",,S","  154",",,S","  251","H,,S"
"SF000068438","2020-02-14","-28.8","24.767","1196.0","KIMBERLEY, SF",,,,,"  348",",,S","  173",",,S","  279","H,,S"
"SF000068438","2020-02-15","-28.8","24.767","1196.0","KIMBERLEY, SF",,,,,"  348",",,S","  195",",,S","  249","H,,S"
"SF000068438","2020-02-16","-28.8","24.767","1196.0","KIMBERLEY, SF",,,,,"  338",",,S","  209",",,S","  253","H,,S"
"SF000068438","2020-02-17","-28.8","24.767","1196.0","KIMBERLEY, SF",,,,,"  324",",,S","  189",",,S","  227","H,,S"
"SF000068438","2020-02-18","-28.8","24.767","1196.0","KIMBERLEY, SF",,,,,"  324",",,S",,,"  208","H,,S"
"SF000068438","2020-02-19","-28.8","24.767","1196.0","KIMBERLEY, SF","   51",",,S",,,"  276",",,S",,,"  213","H,,S"
"SF000068438","2020-02-20","-28.8","24.767","1196.0","KIMBERLEY, SF","   10",",,S",,,"  293",",,S","  180",",,S","  226","H,,S"
"SF000068438","2020-02-21","-28.8","24.767","1196.0","KIMBERLEY, SF","   89",",,S",,,"  314",",,S","  167",",,S","  238","H,,S"
"SF000068438","2020-02-22","-28.8","24.767","1196.0","KIMBERLEY, SF","    0",",,S",,,"  314",",,S",,,"  227","H,,S"
"SF000068438","2020-02-23","-28.8","24.767","1196.0","KIMBERLEY, SF",,,,,"  301",",,S","  150",",,S","  212","H,,S"
"SF000068438","2020-02-24","-28.8","24.767","1196.0","KIMBERLEY, SF",,,,,"  289",",,S","  129",",,S","  209","H,,S"
"SF000068438","2020-02-25","-28.8","24.767","1196.0","KIMBERLEY, SF",,,,,"  302",",,S","  149",",,S","  231","H,,S"
"SF000068438","2020-02-26","-28.8","24.767","1196.0","KIMBERLEY, SF",,,,,"  305",",,S","  159",",,S","  237","H,,S"
"SF000068438","2020-02-27","-28.8","24.767","1196.0","KIMBERLEY, SF","  201",",,S",,,"  305",",,S","  161",",,S","  208","H,,S"
"SF000068438","2020-02-28","-28.8","24.767","1196.0","KIMBERLEY, SF","   20",",,S",,,"  288",",,S",,,"  216","H,,S"
"SF000068438","2020-02-29","-28.8","24.767","1196.0","KIMBERLEY, SF","    0",",,S",,,"  288",",,S","  148",",,S","  186","H,,S"
"SF000068438","2020-03-01","-28.8","24.767","1196.0","KIMBERLEY, SF",,,,,"  255",",,S",,,"  198","H,,S"
"SF000068438","2020-03-02","-28.8","24.767","1196.0","KIMBERLEY, SF",,,,,"  270",",,S",,,"  204","H,,S"
"SF000068438","2020-03-03","-28.8","24.767","1196.0","KIMBERLEY, SF",,,,,"  295",",,S","  135",",,S","  224","H,,S"
"SF000068438","2020-03-04","-28.8","24.767","1196.0","KIMBERLEY, SF",,,,,"  305",",,S","  132",",,S","  227","H,,S"
"SF000068438","2020-03-05","-28.8","24.767","1196.0","KIMBERLEY, SF",,,,,"  323",",,S","  140",",,S","  234","H,,S"
"SF000068438","2020-03-06","-28.8","24.767","1196.0","KIMBERLEY, SF",,,,,"  335",",,S","  144",",,S","  248","H,,S"
"SF000068438","2020-03-07","-28.8","24.767","1196.0","KIMBERLEY, SF",,,,,"  335",",,S",,,"  240","H,,S"
"SF000068438","2020-03-08","-28.8","24.767","1196.0","KIMBERLEY, SF",,,,,"  334",",,S","  126",",,S","  230","H,,S"
"SF000068438","2020-03-09","-28.8","24.767","1196.0","KIMBERLEY, SF",,,,,"  337",",,S","  135",",,S","  240","H,,S"
"SF000068438","2020-03-10","-28.8","24.767","1196.0","KIMBERLEY, SF",,,,,"  337",",,S",,,"  208","H,,S"
"SF000068438","2020-03-11","-28.8","24.767","1196.0","KIMBERLEY, SF","    5",",,S",,,"  334",",,S",,,"  183","H,,S"
"SF000068438","2020-03-12","-28.8","24.767","1196.0","KIMBERLEY, SF","  150",",,S",,,"  292",",,S","  146",",,S","  203","H,,S"
"SF000068438","2020-03-13","-28.8","24.767","1196.0","KIMBERLEY, SF","  130",",,S",,,"  296",",,S","  146",",,S","  180","H,,S"
"SF000068438","2020-03-14","-28.8","24.767","1196.0","KIMBERLEY, SF","    0",",,S",,,"  301",",,S","  147",",,S","  204","H,,S"
"SF000068438","2020-03-15","-28.8","24.767","1196.0","KIMBERLEY, SF",,,,,"  313",",,S","  157",",,S","  232","H,,S"
"SF000068438","2020-03-16","-28.8","24.767","1196.0","KIMBERLEY, SF",,,,,"  314",",,S","  157",",,S","  228","H,,S"
"SF000068438","2020-03-17","-28.8","24.767","1196.0","KIMBERLEY, SF","    3",",,S",,,"  314",",,S","  157",",,S","  202","H,,S"
"SF000068438","2020-03-18","-28.8","24.767","1196.0","KIMBERLEY, SF","  119",",,S",,,"  293",",,S","  143",",,S","  211","H,,S"
"SF000068438","2020-03-19","-28.8","24.767","1196.0","KIMBERLEY, SF","    0",",,S",,,"  302",",,S","  169",",,S","  222","H,,S"
"SF000068438","2020-03-20","-28.8","24.767","1196.0","KIMBERLEY, SF","   89",",,S",,,"  308",",,S",,,"  217","H,,S"
"SF000068438","2020-03-21","-28.8","24.767","1196.0","KIMBERLEY, SF","    3",",,S",,,,,"  115",",,S","  208","H,,S"
"SF000068438","2020-03-22","-28.8","24.767","1196.0","KIMBERLEY, SF","    0",",,S",,,"  307",",,S","  165",",,S","  217","H,,S"
"SF000068438","2020-03-23","-28.8","24.767","1196.0","KIMBERLEY, SF",,,,,"  292",",,S","  164",",,S","  217","H,,S"
"SF000068438","2020-03-24","-28.8","24.767","1196.0","KIMBERLEY, SF",,,,,"  314",",,S",,,"  232","H,,S"
"SF000068438","2020-03-25","-28.8","24.767","1196.0","KIMBERLEY, SF",,,,,"  332",",,S","  147",",,S","  243","H,,S"
"SF000068438","2020-03-26","-28.8","24.767","1196.0","KIMBERLEY, SF",,,,,"  332",",,S",,,"  179","H,,S"
"SF000068438","2020-03-27","-28.8","24.767","1196.0","KIMBERLEY, SF",,,,,"  272",",,S","   52",",,S","  156","H,,S"
"SF000068438","2020-03-28","-28.8","24.767","1196.0","KIMBERLEY, SF",,,,,"  318",",,S","   94",",,S","  208","H,,S"
"SF000068438","2020-03-29","-28.8","24.767","1196.0","KIMBERLEY, SF",,,,,"  337",",,S","  169",",,S","  239","H,,S"
"SF000068438","2020-03-30","-28.8","24.767","1196.0","KIMBERLEY, SF",,,,,"  337",",,S","  155",",,S","  213","H,,S"
"SF000068438","2020-03-31","-28.8","24.767","1196.0","KIMBERLEY, SF",,,,,"  333",",,S","  155",",,S","  192","H,,S"
"SF000068438","2020-04-01","-28.8","24.767","1196.0","KIMBERLEY, SF","   99",",,S",,,"  277",",,S","  150",",,S","  204","H,,S"
"SF000068438","2020-04-02","-28.8","24.767","1196.0","KIMBERLEY, SF","    0",",,S",,,,,"  128",",,S","  203","H,,S"
"SF000068438","2020-04-03","-28.8","24.767","1196.0","KIMBERLEY, SF",,,,,,,,,"  197","H,,S"
"SF000068438","2020-04-04","-28.8","24.767","1196.0","KIMBERLEY, SF",,,,,"  260",",,S","  111",",,S","  189","H,,S"
"SF000068438","2020-04-05","-28.8","24.767","1196.0","KIMBERLEY, SF",,,,,"  296",",,S","  138",",,S","  208","H,,S"
"SF000068438","2020-04-06","-28.8","24.767","1196.0","KIMBERLEY, SF",,,,,"  301",",,S",,,"  204","H,,S"
"SF000068438","2020-04-07","-28.8","24.767","1196.0","KIMBERLEY, SF",,,,,,,,,"  127","H,,S"
"SF000068438","2020-04-08","-28.8","24.767","1196.0","KIMBERLEY, SF",,,,,"  256",",,S","   28",",,S","  138","H,,S"
"SF000068438","2020-04-09","-28.8","24.767","1196.0","KIMBERLEY, SF",,,,,"  345",",,S","   85",",,S","  209","H,,S"
"SF000068438","2020-04-10","-28.8","24.767","1196.0","KIMBERLEY, SF","   10",",,S",,,"  345",",,S",,,"  206","H,,S"
"SF000068438","2020-04-11","-28.8","24.767","1196.0","KIMBERLEY, SF","    0",",,S",,,"  301",",,S","  148",",,S","  225","H,,S"
"SF000068438","2020-04-12","-28.8","24.767","1196.0","KIMBERLEY, SF",,,,,"  309",",,S",,,"  217","H,,S"
"SF000068438","2020-04-13","-28.8","24.767","1196.0","KIMBERLEY, SF",,,,,"  330",",,S","  107",",,S","  204","H,,S"
"SF000068438","2020-04-14","-28.8","24.767","1196.0","KIMBERLEY, SF",,,,,"  330",",,S",,,"  166","H,,S"
"SF000068438","2020-04-16","-28.8","24.767","1196.0","KIMBERLEY, SF",,,,,,,"   45",",,S","  149","H,,S"
"SF000068438","2020-04-17","-28.8","24.767","1196.0","KIMBERLEY, SF",,,,,"  242",",,S","   56",",,S","  144","H,,S"
"SF000068438","2020-04-18","-28.8","24.767","1196.0","KIMBERLEY, SF",,,,,,,"   57",",,S","  178","H,,S"
"SF000068438","2020-04-19","-28.8","24.767","1196.0","KIMBERLEY, SF",,,,,"  301",",,S","  138",",,S","  207","H,,S"
"SF000068438","2020-04-20","-28.8","24.767","1196.0","KIMBERLEY, SF",,,,,"  307",",,S","  134",",,S","  218","H,,S"
"SF000068438","2020-04-21","-28.8","24.767","1196.0","KIMBERLEY, SF",,,,,"  307",",,S",,,"  198","H,,S"
"SF000068438","2020-04-22","-28.8","24.767","1196.0","KIMBERLEY, SF",,,,,,,"  129",",,S","  196","H,,S"
"SF000068438","2020-04-23","-28.8","24.767","1196.0","KIMBERLEY, SF",,,,,"  289",",,S","  107",",,S","  194","H,,S"
"SF000068438","2020-04-24","-28.8","24.767","1196.0","KIMBERLEY, SF",,,,,"  289",",,S",,,"  166","H,,S"
"SF000068438","2020-04-25","-28.8","24.767","1196.0","KIMBERLEY, SF",,,,,"  253",",,S","   99",",,S","  159","H,,S"
"SF000068438","2020-04-26","-28.8","24.767","1196.0","KIMBERLEY, SF",,,,,"  258",",,S","   99",",,S","  171","H,,S"
"SF000068438","2020-04-27","-28.8","24.767","1196.0","KIMBERLEY, SF",,,,,"  258",",,S","   98",",,S","  134","H,,S"
"SF000068438","2020-04-28","-28.8","24.767","1196.0","KIMBERLEY, SF",,,,,"  213",",,S",,,"  119","H,,S"
"SF000068438","2020-04-29","-28.8","24.767","1196.0","KIMBERLEY, SF",,,,,"  195",",,S","   60",",,S","  108","H,,S"
"SF000068438","2020-04-30","-28.8","24.767","1196.0","KIMBERLEY, SF",,,,,"  223",",,S","   53",",,S","  130","H,,S"
"SF000068438","2020-05-01","-28.8","24.767","1196.0","KIMBERLEY, SF",,,,,,,"   53",",,S","  139","H,,S"
"SF000068438","2020-05-02","-28.8","24.767","1196.0","KIMBERLEY, SF",,,,,"  252",",,S","   58",",,S","  150","H,,S"
"SF000068438","2020-05-03","-28.8","24.767","1196.0","KIMBERLEY, SF",,,,,"  273",",,S","   61",",,S","  159","H,,S"
"SF000068438","2020-05-04","-28.8","24.767","1196.0","KIMBERLEY, SF",,,,,"  273",",,S","   66",",,S","  147","H,,S"
"SF000068438","2020-05-05","-28.8","24.767","1196.0","KIMBERLEY, SF",,,,,"  262",",,S",,,"  129","H,,S"
"SF000068438","2020-05-06","-28.8","24.767","1196.0","KIMBERLEY, SF",,,,,"  250",",,S","   38",",,S","  129","H,,S"
"SF000068438","2020-05-07","-28.8","24.767","1196.0","KIMBERLEY, SF",,,,,"  254",",,S","   27",",,S","  135","H,,S"
"SF000068438","2020-05-08","-28.8","24.767","1196.0","KIMBERLEY, SF",,,,,,,"   39",",,S","  144","H,,S"
"SF000068438","2020-05-09","-28.8","24.767","1196.0","KIMBERLEY, SF",,,,,"  260",",,S","   34",",,S","  140","H,,S"
"SF000068438","2020-05-10","-28.8","24.767","1196.0","KIMBERLEY, SF",,,,,"  260",",,S","   48",",,S","  147","H,,S"
"SF000068438","2020-05-11","-28.8","24.767","1196.0","KIMBERLEY, SF",,,,,"  259",",,S","   52",",,S","  143","H,,S"
"SF000068438","2020-05-12","-28.8","24.767","1196.0","KIMBERLEY, SF",,,,,"  256",",,S","   41",",,S","  142","H,,S"
"SF000068438","2020-05-13","-28.8","24.767","1196.0","KIMBERLEY, SF",,,,,"  250",",,S",,,"  134","H,,S"
"SF000068438","2020-05-14","-28.8","24.767","1196.0","KIMBERLEY, SF",,,,,"  222",",,S","   -3",",,S","  100","H,,S"
"SF000068438","2020-05-15","-28.8","24.767","1196.0","KIMBERLEY, SF",,,,,"  242",",,S","   21",",,S","  126","H,,S"
"SF000068438","2020-05-16","-28.8","24.767","1196.0","KIMBERLEY, SF",,,,,"  242",",,S","   -5",",,S","  104","H,,S"
"SF000068438","2020-05-17","-28.8","24.767","1196.0","KIMBERLEY, SF",,,,,,,"    0",",,S","  122","H,,S"
"SF000068438","2020-05-18","-28.8","24.767","1196.0","KIMBERLEY, SF",,,,,"  269",",,S","   31",",,S","  145","H,,S"
"SF000068438","2020-05-19","-28.8","24.767","1196.0","KIMBERLEY, SF",,,,,"  269",",,S",,,"  147","H,,S"
"SF000068438","2020-05-20","-28.8","24.767","1196.0","KIMBERLEY, SF",,,,,"  261",",,S","   38",",,S","  138","H,,S"
"SF000068438","2020-05-21","-28.8","24.767","1196.0","KIMBERLEY, SF",,,,,"  261",",,S","   27",",,S","  136","H,,S"
"SF000068438","2020-05-22","-28.8","24.767","1196.0","KIMBERLEY, SF",,,,,"  248",",,S","   59",",,S","  137","H,,S"
"SF000068438","2020-05-23","-28.8","24.767","1196.0","KIMBERLEY, SF",,,,,"  246",",,S","   35",",,S","  126","H,,S"
"SF000068438","2020-05-24","-28.8","24.767","1196.0","KIMBERLEY, SF",,,,,"  244",",,S","   50",",,S","  144","H,,S"
"SF000068438","2020-05-25","-28.8","24.767","1196.0","KIMBERLEY, SF",,,,,,,,,"  166","H,,S"
"SF000068438","2020-05-26","-28.8","24.767","1196.0","KIMBERLEY, SF",,,,,,,,,"   68","H,,S"
"SF000068438","2020-05-27","-28.8","24.767","1196.0","KIMBERLEY, SF",,,,,"  139",",,S","  -41",",,S","   45","H,,S"
"SF000068438","2020-05-28","-28.8","24.767","1196.0","KIMBERLEY, SF",,,,,"  185",",,S","  -38",",,S","   72","H,,S"
"SF000068438","2020-05-29","-28.8","24.767","1196.0","KIMBERLEY, SF",,,,,"  213",",,S","   -1",",,S","   97","H,,S"
"SF000068438","2020-05-30","-28.8","24.767","1196.0","KIMBERLEY, SF",,,,,"  236",",,S","    2",",,S","  111","H,,S"
"SF000068438","2020-05-31","-28.8","24.767","1196.0","KIMBERLEY, SF",,,,,"  263",",,S","   27",",,S","  135","H,,S"
"SF000068438","2020-06-01","-28.8","24.767","1196.0","KIMBERLEY, SF",,,,,"  267",",,S","   19",",,S","  144","H,,S"
"SF000068438","2020-06-02","-28.8","24.767","1196.0","KIMBERLEY, SF",,,,,"  267",",,S","   14",",,S","  128","H,,S"
"SF000068438","2020-06-03","-28.8","24.767","1196.0","KIMBERLEY, SF",,,,,"  259",",,S","   26",",,S","  134","H,,S"
