"USC00518407","2018-05-29","20.9285","-156.6735","128.3","PUUKOLII 457.1, HI US","    0",",,7,0700",,,,,"  278",",,7","  211",",,7",,,,
"USC00518407","2018-05-30","20.9285","-156.6735","128.3","PUUKOLII 457.1, HI US","    0",",,7,0700",,,,,"  283",",,7","  233",",,7",,,,
"USC00518407","2018-05-31","20.9285","-156.6735","128.3","PUUKOLII 457.1, HI US","    0",",,7,0700",,,,,"  283",",,7","  194",",,7",,,,
"USC00518407","2018-06-01","20.9285","-156.6735","128.3","PUUKOLII 457.1, HI US","    0",",,7,0700",,,,,"  278",",,7","  194",",,7",,,,
"USC00518407","2018-06-02","20.9285","-156.6735","128.3","PUUKOLII 457.1, HI US","    0",",,7,0700",,,,,"  278",",,7","  194",",,7",,,,
"USC00518407","2018-06-03","20.9285","-156.6735","128.3","PUUKOLII 457.1, HI US","    0",",,7,0700",,,,,"  283",",,7","  211",",,7",,,,
"USC00518407","2018-06-04","20.9285","-156.6735","128.3","PUUKOLII 457.1, HI US","   71",",,7,0700",,,,,"  278",",,7","  211",",,7",,,,
"USC00518407","2018-06-05","20.9285","-156.6735","128.3","PUUKOLII 457.1, HI US","    0",",,7,0700",,,,,"  289",",,7","  217",",,7",,,,
"USC00518407","2018-06-06","20.9285","-156.6735","128.3","PUUKOLII 457.1, HI US","   10",",,7,0700",,,,,"  289",",,7","  200",",,7",,,,
"USC00518407","2018-06-07","20.9285","-156.6735","128.3","PUUKOLII 457.1, HI US","    0",",,7,0700",,,,,"  272",",,7","  194",",,7",,,,
"USC00518407","2018-06-08","20.9285","-156.6735","128.3","PUUKOLII 457.1, HI US","   15",",,7,0700",,,,,"  283",",,7","  200",",,7",,,,
"USC00518407","2018-06-09","20.9285","-156.6735","128.3","PUUKOLII 457.1, HI US","   28",",,7,0700",,,,,"  289",",,7","  206",",,7",,,,
"USC00518407","2018-06-10","20.9285","-156.6735","128.3","PUUKOLII 457.1, HI US","    0",",,7,0700",,,,,"  289",",,7","  200",",,7",,,,
"USC00518407","2018-06-11","20.9285","-156.6735","128.3","PUUKOLII 457.1, HI US","    0",",,7,0700",,,,,"  283",",,7","  211",",,7",,,,
"USC00518407","2018-06-12","20.9285","-156.6735","128.3","PUUKOLII 457.1, HI US","    0",",,7,0700",,,,,"  289",",,7","  206",",,7",,,,
"USC00518407","2018-06-13","20.9285","-156.6735","128.3","PUUKOLII 457.1, HI US","    0",",,7,0700",,,,,"  300",",,7","  194",",,7",,,,
"USC00518407","2018-06-14","20.9285","-156.6735","128.3","PUUKOLII 457.1, HI US","    0",",,7,0700",,,,,"  289",",,7","  200",",,7",,,,
"USC00518407","2018-06-15","20.9285","-156.6735","128.3","PUUKOLII 457.1, HI US","    0",",,7,0700",,,,,"  294",",,7","  194",",,7",,,,
"USC00518407","2018-06-16","20.9285","-156.6735","128.3","PUUKOLII 457.1, HI US","    0",",,7,0700",,,,,"  289",",,7","  194",",,7",,,,
"USC00518407","2018-06-17","20.9285","-156.6735","128.3","PUUKOLII 457.1, HI US","    0",",,7,0700",,,,,"  278",",,7","  194",",,7",,,,
"USC00518407","2018-06-18","20.9285","-156.6735","128.3","PUUKOLII 457.1, HI US","    0",",,7,0700",,,,,"  294",",,7","  189",",,7",,,,
"USC00518407","2018-06-19","20.9285","-156.6735","128.3","PUUKOLII 457.1, HI US","    0",",,7,0700",,,,,"  289",",,7","  194",",,7",,,,
"USC00518407","2018-06-20","20.9285","-156.6735","128.3","PUUKOLII 457.1, HI US","    0",",,7,0700",,,,,"  283",",,7","  200",",,7",,,,
"USC00518407","2018-06-21","20.9285","-156.6735","128.3","PUUKOLII 457.1, HI US","    0",",,7,0700",,,,,"  289",",,7","  194",",,7",,,,
"USC00518407","2018-06-22","20.9285","-156.6735","128.3","PUUKOLII 457.1, HI US","    0",",,7,0700",,,,,"  289",",,7","  206",",,7",,,,
"USC00518407","2018-06-23","20.9285","-156.6735","128.3","PUUKOLII 457.1, HI US","    0",",,7,0700",,,,,"  306",",,7","  222",",,7",,,,
"USC00518407","2018-06-24","20.9285","-156.6735","128.3","PUUKOLII 457.1, HI US","    0",",,7,0700",,,,,"  294",",,7","  211",",,7",,,,
"USC00518407","2018-06-25","20.9285","-156.6735","128.3","PUUKOLII 457.1, HI US","    0",",,7,0700",,,,,"  294",",,7","  211",",,7",,,,
"USC00518407","2018-06-26","20.9285","-156.6735","128.3","PUUKOLII 457.1, HI US","   15",",,7,0700",,,,,"  283",",,7","  211",",,7",,,,
"USC00518407","2018-06-27","20.9285","-156.6735","128.3","PUUKOLII 457.1, HI US","    0",",,7,0700",,,,,"  294",",,7","  217",",,7",,,,
"USC00518407","2018-06-28","20.9285","-156.6735","128.3","PUUKOLII 457.1, HI US","    5",",,7,0700",,,,,"  294",",,7","  217",",,7",,,,
"USC00518407","2018-06-29","20.9285","-156.6735","128.3","PUUKOLII 457.1, HI US","    0",",,7,0700",,,,,"  278",",,7","  194",",,7",,,,
"USC00518407","2018-06-30","20.9285","-156.6735","128.3","PUUKOLII 457.1, HI US","    0",",,7,0700",,,,,"  294",",,7","  194",",,7",,,,
"USC00518407","2018-07-01","20.9285","-156.6735","128.3","PUUKOLII 457.1, HI US","    0",",,7,0700",,,,,"  300",",,7","  206",",,7",,,,
"USC00518407","2018-07-02","20.9285","-156.6735","128.3","PUUKOLII 457.1, HI US","    0",",,7,0700",,,,,"  294",",,7","  200",",,7",,,,
"USC00518407","2018-07-03","20.9285","-156.6735","128.3","PUUKOLII 457.1, HI US","    0",",,7,0700",,,,,"  300",",,7","  217",",,7",,,,
"USC00518407","2018-07-04","20.9285","-156.6735","128.3","PUUKOLII 457.1, HI US","    0",",,7,0700",,,,,"  294",",,7","  200",",,7",,,,
"USC00518407","2018-07-05","20.9285","-156.6735","128.3","PUUKOLII 457.1, HI US","    0",",,7,0700",,,,,"  300",",,7","  211",",,7",,,,
"USC00518407","2018-07-06","20.9285","-156.6735","128.3","PUUKOLII 457.1, HI US","   20",",,7,0700",,,,,"  300",",,7","  222",",,7",,,,
"USC00518407","2018-07-07","20.9285","-156.6735","128.3","PUUKOLII 457.1, HI US","  122",",,7,0700",,,,,"  283",",,7","  217",",,7",,,,
"USC00518407","2018-07-08","20.9285","-156.6735","128.3","PUUKOLII 457.1, HI US","    5",",,7,0700",,,,,"  289",",,7","  200",",,7",,,,
"USC00518407","2018-07-09","20.9285","-156.6735","128.3","PUUKOLII 457.1, HI US","    0",",,7,0700",,,,,"  294",",,7","  200",",,7",,,,
"USC00518407","2018-07-10","20.9285","-156.6735","128.3","PUUKOLII 457.1, HI US","    0",",,7,0700",,,,,"  283",",,7","  200",",,7",,,,
"USC00518407","2018-07-11","20.9285","-156.6735","128.3","PUUKOLII 457.1, HI US","    0",",,7,0700",,,,,"  289",",,7","  200",",,7",,,,
"USC00518407","2018-07-12","20.9285","-156.6735","128.3","PUUKOLII 457.1, HI US","    0",",,7,0700",,,,,"  294",",,7","  194",",,7",,,,
"USC00518407","2018-07-13","20.9285","-156.6735","128.3","PUUKOLII 457.1, HI US","    0",",,7,0700",,,,,"  283",",,7","  206",",,7",,,,
"USC00518407","2018-07-14","20.9285","-156.6735","128.3","PUUKOLII 457.1, HI US","    3",",,7,0700",,,,,"  294",",,7","  211",",,7",,,,
"USC00518407","2018-07-15","20.9285","-156.6735","128.3","PUUKOLII 457.1, HI US","    0",",,7,0700",,,,,"  294",",,7","  239",",,7",,,,
"USC00518407","2018-07-16","20.9285","-156.6735","128.3","PUUKOLII 457.1, HI US","    0",",,7,0700",,,,,"  289",",,7","  217",",,7",,,,
"USC00518407","2018-07-17","20.9285","-156.6735","128.3","PUUKOLII 457.1, HI US","    0",",,7,0700",,,,,"  294",",,7","  217",",,7",,,,
"USC00518407","2018-07-18","20.9285","-156.6735","128.3","PUUKOLII 457.1, HI US","    5",",,7,0700",,,,,"  278",",,7","  222",",,7",,,,
"USC00518407","2018-07-19","20.9285","-156.6735","128.3","PUUKOLII 457.1, HI US","    0",",,7,0700",,,,,"  322",",,7","  222",",,7",,,,
"USC00518407","2018-07-20","20.9285","-156.6735","128.3","PUUKOLII 457.1, HI US","    0",",,7,0700",,,,,"  294",",,7","  222",",,7",,,,
"USC00518407","2018-07-21","20.9285","-156.6735","128.3","PUUKOLII 457.1, HI US","    0",",,7,0700",,,,,"  289",",,7","  217",",,7",,,,
"USC00518407","2018-07-22","20.9285","-156.6735","128.3","PUUKOLII 457.1, HI US","    0",",,7,0700",,,,,"  278",",,7","  206",",,7",,,,
"USC00518407","2018-07-23","20.9285","-156.6735","128.3","PUUKOLII 457.1, HI US","   13",",,7,0700",,,,,"  294",",,7","  211",",,7",,,,
"USC00518407","2018-07-24","20.9285","-156.6735","128.3","PUUKOLII 457.1, HI US","    0",",,7,0700",,,,,"  294",",,7","  222",",,7",,,,
"USC00518407","2018-07-25","20.9285","-156.6735","128.3","PUUKOLII 457.1, HI US","    0",",,7,0700",,,,,"  306",",,7","  217",",,7",,,,
"USC00518407","2018-07-26","20.9285","-156.6735","128.3","PUUKOLII 457.1, HI US","    0",",,7,0700",,,,,"  278",",,7","  217",",,7",,,,
"USC00518407","2018-07-27","20.9285","-156.6735","128.3","PUUKOLII 457.1, HI US","    0",",,7,0700",,,,,"  289",",,7","  222",",,7",,,,
"USC00518407","2018-07-28","20.9285","-156.6735","128.3","PUUKOLII 457.1, HI US","    0",",,7,0700",,,,,"  300",",,7","  228",",,7",,,,
"USC00518407","2018-07-29","20.9285","-156.6735","128.3","PUUKOLII 457.1, HI US","    0",",,7,0700",,,,,"  300",",,7","  217",",,7",,,,
"USC00518407","2018-07-30","20.9285","-156.6735","128.3","PUUKOLII 457.1, HI US","   18",",,7,0700",,,,,"  306",",,7","  217",",,7",,,,
"USC00518407","2018-07-31","20.9285","-156.6735","128.3","PUUKOLII 457.1, HI US","    0",",,7,0700",,,,,"  300",",,7","  228",",,7",,,,
"USC00518407","2018-08-01","20.9285","-156.6735","128.3","PUUKOLII 457.1, HI US","    0",",,7,0700",,,,,"  311",",,7","  233",",,7",,,,
"USC00518407","2018-08-02","20.9285","-156.6735","128.3","PUUKOLII 457.1, HI US","    0",",,7,0700",,,,,"  294",",,7","  222",",,7",,,,
"USC00518407","2018-08-03","20.9285","-156.6735","128.3","PUUKOLII 457.1, HI US","    0",",,7,0700",,,,,"  300",",,7","  228",",,7",,,,
"USC00518407","2018-08-04","20.9285","-156.6735","128.3","PUUKOLII 457.1, HI US","    0",",,7,0700",,,,,,,,,,,,
"USC00518407","2018-08-05","20.9285","-156.6735","128.3","PUUKOLII 457.1, HI US","    5",",,7,0700",,,,,"  294",",,7","  222",",,7",,,,
"USC00518407","2018-08-06","20.9285","-156.6735","128.3","PUUKOLII 457.1, HI US","    0",",,7,0700",,,,,"  300",",,7","  211",",,7",,,,
"USC00518407","2018-08-07","20.9285","-156.6735","128.3","PUUKOLII 457.1, HI US","    0",",,7,0700",,,,,"  300",",,7","  222",",,7",,,,
"USC00518407","2018-08-08","20.9285","-156.6735","128.3","PUUKOLII 457.1, HI US","    0",",,7,0700",,,,,"  294",",,7","  228",",,7",,,,
"USC00518407","2018-08-09","20.9285","-156.6735","128.3","PUUKOLII 457.1, HI US","    5",",,7,0700",,,,,"  267",",,7","  228",",,7",,,,
"USC00518407","2018-08-10","20.9285","-156.6735","128.3","PUUKOLII 457.1, HI US","   64",",,7,0700",,,,,"  261",",,7","  228",",,7",,,,
"USC00518407","2018-08-11","20.9285","-156.6735","128.3","PUUKOLII 457.1, HI US","    0",",,7,0700",,,,,"  300",",,7","  211",",,7",,,,
"USC00518407","2018-08-12","20.9285","-156.6735","128.3","PUUKOLII 457.1, HI US","    0",",,7,0700",,,,,"  300",",,7","  217",",,7",,,,
"USC00518407","2018-08-13","20.9285","-156.6735","128.3","PUUKOLII 457.1, HI US","    0",",,7,0700",,,,,"  300",",,7","  217",",,7",,,,
"USC00518407","2018-08-14","20.9285","-156.6735","128.3","PUUKOLII 457.1, HI US","    0",",,7,0700",,,,,"  300",",,7","  211",",,7",,,,
"USC00518407","2018-08-15","20.9285","-156.6735","128.3","PUUKOLII 457.1, HI US","    0",",,7,0700",,,,,"  289",",,7","  206",",,7",,,,
"USC00518407","2018-08-16","20.9285","-156.6735","128.3","PUUKOLII 457.1, HI US","    0",",,7,0700",,,,,"  306",",,7","  206",",,7",,,,
"USC00518407","2018-08-17","20.9285","-156.6735","128.3","PUUKOLII 457.1, HI US","    0",",,7,0700",,,,,"  311",",,7","  233",",,7",,,,
"USC00518407","2018-08-18","20.9285","-156.6735","128.3","PUUKOLII 457.1, HI US","    0",",,7,0700",,,,,"  300",",,7","  228",",,7",,,,
"USC00518407","2018-08-19","20.9285","-156.6735","128.3","PUUKOLII 457.1, HI US","    3",",,7,0700",,,,,"  300",",,7","  222",",,7",,,,
"USC00518407","2018-08-20","20.9285","-156.6735","128.3","PUUKOLII 457.1, HI US","    0",",,7,0700",,,,,"  306",",,7","  233",",,7",,,,
"USC00518407","2018-08-21","20.9285","-156.6735","128.3","PUUKOLII 457.1, HI US","   10",",,7,0700",,,,,"  294",",,7","  244",",,7",,,,
"USC00518407","2018-08-22","20.9285","-156.6735","128.3","PUUKOLII 457.1, HI US","    8",",,7,0700",,,,,"  272",",,7","  228",",,7",,,,
"USC00518407","2018-08-23","20.9285","-156.6735","128.3","PUUKOLII 457.1, HI US","   28",",,7,0700",,,,,"  289",",,7","  228",",,7",,,,
"USC00518407","2018-08-24","20.9285","-156.6735","128.3","PUUKOLII 457.1, HI US","   18",",,7,0700",,,,,"  272",",,7","  239",",,7",,,,
"USC00518407","2018-08-25","20.9285","-156.6735","128.3","PUUKOLII 457.1, HI US","  318",",,7,0700",,,,,"  267",",,7","  211",",,7",,,,
"USC00518407","2018-08-26","20.9285","-156.6735","128.3","PUUKOLII 457.1, HI US","  191",",,7,0700",,,,,"  272",",,7","  217",",,7",,,,
"USC00518407","2018-08-27","20.9285","-156.6735","128.3","PUUKOLII 457.1, HI US","    0",",,7,0700",,,,,"  283",",,7","  228",",,7",,,,
"USC00518407","2018-08-28","20.9285","-156.6735","128.3","PUUKOLII 457.1, HI US","    0",",,7,0700",,,,,"  289",",,7","  222",",,7",,,,
"USC00518407","2018-08-29","20.9285","-156.6735","128.3","PUUKOLII 457.1, HI US","    0",",,7,0700",,,,,"  294",",,7","  222",",,7",,,,
"USC00518407","2018-08-30","20.9285","-156.6735","128.3","PUUKOLII 457.1, HI US","    5",",,7,0700",,,,,"  283",",,7","  217",",,7",,,,
"USC00518407","2018-08-31","20.9285","-156.6735","128.3","PUUKOLII 457.1, HI US","   53",",,7,0700",,,,,"  283",",,7","  217",",,7",,,,
"USC00518407","2018-09-01","20.9285","-156.6735","128.3","PUUKOLII 457.1, HI US","    0",",,7,0700",,,,,"  267",",,7","  194",",,7",,,,
"USC00518407","2018-09-02","20.9285","-156.6735","128.3","PUUKOLII 457.1, HI US","    0",",,7,0700",,,,,"  283",",,7","  217",",,7",,,,
"USC00518407","2018-09-03","20.9285","-156.6735","128.3","PUUKOLII 457.1, HI US","    0",",,7,0700",,,,,"  289",",,7","  206",",,7",,,,
"USC00518407","2018-09-04","20.9285","-156.6735","128.3","PUUKOLII 457.1, HI US","   64",",,7,0700",,,,,"  300",",,7","  233",",,7",,,,
"USC00518407","2018-09-05","20.9285","-156.6735","128.3","PUUKOLII 457.1, HI US","    0",",,7,0700",,,,,"  289",",,7","  228",",,7",,,,
"USC00518407","2018-09-06","20.9285","-156.6735","128.3","PUUKOLII 457.1, HI US","   25",",,7,0700",,,,,"  278",",,7","  222",",,7",,,,
"USC00518407","2018-09-07","20.9285","-156.6735","128.3","PUUKOLII 457.1, HI US","    0",",,7,0700",,,,,"  278",",,7","  206",",,7",,,,
"USC00518407","2018-09-08","20.9285","-156.6735","128.3","PUUKOLII 457.1, HI US","    0",",,7,0700",,,,,"  289",",,7","  206",",,7",,,,
"USC00518407","2018-09-09","20.9285","-156.6735","128.3","PUUKOLII 457.1, HI US","    0",",,7,0700",,,,,"  300",",,7","  206",",,7",,,,
"USC00518407","2018-09-10","20.9285","-156.6735","128.3","PUUKOLII 457.1, HI US","    0",",,7,0700",,,,,"  300",",,7","  206",",,7",,,,
"USC00518407","2018-09-11","20.9285","-156.6735","128.3","PUUKOLII 457.1, HI US","   69",",,7,0700",,,,,"  300",",,7","  222",",,7",,,,
"USC00518407","2018-09-12","20.9285","-156.6735","128.3","PUUKOLII 457.1, HI US","  572",",,7,0700",,,,,"  300",",,7","  206",",,7",,,,
"USC00518407","2018-09-13","20.9285","-156.6735","128.3","PUUKOLII 457.1, HI US","   36",",,7,0700",,,,,"  283",",,7","  222",",,7",,,,
"USC00518407","2018-09-14","20.9285","-156.6735","128.3","PUUKOLII 457.1, HI US","    5",",,7,0700",,,,,"  283",",,7","  239",",,7",,,,
"USC00518407","2018-09-15","20.9285","-156.6735","128.3","PUUKOLII 457.1, HI US","   30",",,7,0700",,,,,"  294",",,7","  222",",,7",,,,
"USC00518407","2018-09-16","20.9285","-156.6735","128.3","PUUKOLII 457.1, HI US","    0",",,7,0700",,,,,"  278",",,7","  217",",,7",,,,
"USC00518407","2018-09-17","20.9285","-156.6735","128.3","PUUKOLII 457.1, HI US","    0",",,7,0700",,,,,"  272",",,7","  211",",,7",,,,
"USC00518407","2018-09-18","20.9285","-156.6735","128.3","PUUKOLII 457.1, HI US","    0",",,7,0700",,,,,"  278",",,7","  194",",,7",,,,
"USC00518407","2018-09-19","20.9285","-156.6735","128.3","PUUKOLII 457.1, HI US","    0",",,7,0700",,,,,"  289",",,7","  194",",,7",,,,
"USC00518407","2018-09-20","20.9285","-156.6735","128.3","PUUKOLII 457.1, HI US","    0",",,7,0700",,,,,"  306",",,7","  217",",,7",,,,
"USC00518407","2018-09-21","20.9285","-156.6735","128.3","PUUKOLII 457.1, HI US","    0",",,7,0700",,,,,"  300",",,7","  222",",,7",,,,
"USC00518407","2018-09-22","20.9285","-156.6735","128.3","PUUKOLII 457.1, HI US","    0",",,7,0700",,,,,"  289",",,7","  211",",,7",,,,
"USC00518407","2018-09-23","20.9285","-156.6735","128.3","PUUKOLII 457.1, HI US","    0",",,7,0700",,,,,"  283",",,7","  200",",,7",,,,
"USC00518407","2018-09-24","20.9285","-156.6735","128.3","PUUKOLII 457.1, HI US","    0",",,7,0700",,,,,"  294",",,7","  211",",,7",,,,
"USC00518407","2018-09-25","20.9285","-156.6735","128.3","PUUKOLII 457.1, HI US","    0",",,7,0700",,,,,"  294",",,7","  222",",,7",,,,
"USC00518407","2018-09-26","20.9285","-156.6735","128.3","PUUKOLII 457.1, HI US","    0",",,7,0700",,,,,"  306",",,7","  228",",,7",,,,
"USC00518407","2018-09-27","20.9285","-156.6735","128.3","PUUKOLII 457.1, HI US","    0",",,7,0700",,,,,,,,,,,,
"USC00518407","2018-09-28","20.9285","-156.6735","128.3","PUUKOLII 457.1, HI US","  909",",,7,0700",,,,,"  300",",,7","  222",",,7",,,,
"USC00518407","2018-09-29","20.9285","-156.6735","128.3","PUUKOLII 457.1, HI US","   69",",,7,0700",,,,,"  300",",,7","  222",",,7",,,,
"USC00518407","2018-09-30","20.9285","-156.6735","128.3","PUUKOLII 457.1, HI US","    5",",,7,0700",,,,,,,,,,,,
"USC00518407","2018-10-01","20.9285","-156.6735","128.3","PUUKOLII 457.1, HI US","    0",",,7,0700",,,,,"  283",",,7","  211",",,7",,,,
"USC00518407","2018-10-02","20.9285","-156.6735","128.3","PUUKOLII 457.1, HI US","    0",",,7,0700",,,,,"  294",",,7","  194",",,7",,,,
"USC00518407","2018-10-03","20.9285","-156.6735","128.3","PUUKOLII 457.1, HI US","    0",",,7,0700",,,,,"  294",",,7","  206",",,7",,,,
"USC00518407","2018-10-04","20.9285","-156.6735","128.3","PUUKOLII 457.1, HI US","    0",",,7,0700",,,,,"  294",",,7","  206",",,7",,,,
"USC00518407","2018-10-05","20.9285","-156.6735","128.3","PUUKOLII 457.1, HI US","    0",",,7,0700",,,,,"  289",",,7","  194",",,7",,,,
"USC00518407","2018-10-06","20.9285","-156.6735","128.3","PUUKOLII 457.1, HI US","    0",",,7,0700",,,,,"  283",",,7","  222",",,7",,,,
"USC00518407","2018-10-07","20.9285","-156.6735","128.3","PUUKOLII 457.1, HI US","    0",",,7,0700",,,,,"  289",",,7","  217",",,7",,,,
"USC00518407","2018-10-08","20.9285","-156.6735","128.3","PUUKOLII 457.1, HI US","    5",",,7,0700",,,,,"  289",",,7","  222",",,7",,,,
"USC00518407","2018-10-09","20.9285","-156.6735","128.3","PUUKOLII 457.1, HI US","    0",",,7,0700",,,,,"  283",",,7","  217",",,7",,,,
"USC00518407","2018-10-10","20.9285","-156.6735","128.3","PUUKOLII 457.1, HI US","    0",",,7,0700",,,,,"  289",",,7","  200",",,7",,,,
"USC00518407","2018-10-11","20.9285","-156.6735","128.3","PUUKOLII 457.1, HI US","    0",",,7,0700",,,,,"  283",",,7","  206",",,7",,,,
"USC00518407","2018-10-12","20.9285","-156.6735","128.3","PUUKOLII 457.1, HI US","    0",",,7,0700",,,,,"  278",",,7","  211",",,7",,,,
"USC00518407","2018-10-13","20.9285","-156.6735","128.3","PUUKOLII 457.1, HI US","   38",",,7,0700",,,,,"  272",",,7","  211",",,7",,,,
"USC00518407","2018-10-14","20.9285","-156.6735","128.3","PUUKOLII 457.1, HI US","    0",",,7,0700",,,,,"  272",",,7","  194",",,7",,,,
"USC00518407","2018-10-15","20.9285","-156.6735","128.3","PUUKOLII 457.1, HI US","    5",",,7,0700",,,,,"  272",",,7","  206",",,7",,,,
"USC00518407","2018-10-16","20.9285","-156.6735","128.3","PUUKOLII 457.1, HI US","    0",",,7,0700",,,,,"  250",",,7","  200",",,7",,,,
"USC00518407","2018-10-17","20.9285","-156.6735","128.3","PUUKOLII 457.1, HI US","    0",",,7,0700",,,,,"  278",",,7","  206",",,7",,,,
"USC00518407","2018-10-18","20.9285","-156.6735","128.3","PUUKOLII 457.1, HI US","    0",",,7,0700",,,,,"  278",",,7","  206",",,7",,,,
"USC00518407","2018-10-19","20.9285","-156.6735","128.3","PUUKOLII 457.1, HI US","    0",",,7,0700",,,,,"  278",",,7","  206",",,7",,,,
"USC00518407","2018-10-20","20.9285","-156.6735","128.3","PUUKOLII 457.1, HI US","   13",",,7,0700",,,,,"  289",",,7","  217",",,7",,,,
"USC00518407","2018-10-21","20.9285","-156.6735","128.3","PUUKOLII 457.1, HI US","    0",",,7,0700",,,,,"  289",",,7","  211",",,7",,,,
"USC00518407","2018-10-22","20.9285","-156.6735","128.3","PUUKOLII 457.1, HI US","   13",",,7,0700",,,,,"  283",",,7","  211",",,7",,,,
"USC00518407","2018-10-23","20.9285","-156.6735","128.3","PUUKOLII 457.1, HI US","    0",",,7,0700",,,,,"  283",",,7","  211",",,7",,,,
"USC00518407","2018-10-24","20.9285","-156.6735","128.3","PUUKOLII 457.1, HI US","    0",",,7,0700",,,,,"  294",",,7","  217",",,7",,,,
"USC00518407","2018-10-25","20.9285","-156.6735","128.3","PUUKOLII 457.1, HI US","    0",",,7,0700",,,,,"  300",",,7","  211",",,7",,,,
"USC00518407","2018-10-26","20.9285","-156.6735","128.3","PUUKOLII 457.1, HI US","    0",",,7,0700",,,,,"  289",",,7","  217",",,7",,,,
"USC00518407","2018-10-27","20.9285","-156.6735","128.3","PUUKOLII 457.1, HI US","    0",",,7,0700",,,,,"  283",",,7","  211",",,7",,,,
"USC00518407","2018-10-28","20.9285","-156.6735","128.3","PUUKOLII 457.1, HI US","    0",",,7,0700",,,,,"  289",",,7","  222",",,7",,,,
"USC00518407","2018-10-29","20.9285","-156.6735","128.3","PUUKOLII 457.1, HI US","    0",",,7,0700",,,,,"  283",",,7","  222",",,7",,,,
"USC00518407","2018-10-30","20.9285","-156.6735","128.3","PUUKOLII 457.1, HI US","    0",",,7,0700",,,,,"  289",",,7","  228",",,7",,,,
"USC00518407","2018-10-31","20.9285","-156.6735","128.3","PUUKOLII 457.1, HI US","  508",",,7,0700",,,,,"  289",",,7","  200",",,7",,,,
"USC00518407","2018-11-01","20.9285","-156.6735","128.3","PUUKOLII 457.1, HI US","    0",",,7,0700",,,,,"  272",",,7","  206",",,7",,,,
"USC00518407","2018-11-02","20.9285","-156.6735","128.3","PUUKOLII 457.1, HI US","    0",",,7,0700",,,,,"  289",",,7","  206",",,7",,,,
"USC00518407","2018-11-03","20.9285","-156.6735","128.3","PUUKOLII 457.1, HI US","    0",",,7,0700",,,,,"  283",",,7","  217",",,7",,,,
"USC00518407","2018-11-04","20.9285","-156.6735","128.3","PUUKOLII 457.1, HI US","   25",",,7,0700",,,,,"  283",",,7","  200",",,7",,,,
"USC00518407","2018-11-05","20.9285","-156.6735","128.3","PUUKOLII 457.1, HI US","    0",",,7,0700",,,,,"  283",",,7","  200",",,7",,,,
"USC00518407","2018-11-06","20.9285","-156.6735","128.3","PUUKOLII 457.1, HI US","    0",",,7,0700",,,,,"  283",",,7","  206",",,7",,,,
"USC00518407","2018-11-07","20.9285","-156.6735","128.3","PUUKOLII 457.1, HI US","    0",",,7,0700",,,,,"  289",",,7","  194",",,7",,,,
"USC00518407","2018-11-08","20.9285","-156.6735","128.3","PUUKOLII 457.1, HI US","    0",",,7,0700",,,,,"  283",",,7","  194",",,7",,,,
"USC00518407","2018-11-09","20.9285","-156.6735","128.3","PUUKOLII 457.1, HI US","    0",",,7,0700",,,,,"  283",",,7","  172",",,7",,,,
"USC00518407","2018-11-10","20.9285","-156.6735","128.3","PUUKOLII 457.1, HI US","    0",",,7,0700",,,,,"  289",",,7","  206",",,7",,,,
"USC00518407","2018-11-11","20.9285","-156.6735","128.3","PUUKOLII 457.1, HI US","   18",",,7,0700",,,,,"  244",",,7","  194",",,7",,,,
"USC00518407","2018-11-12","20.9285","-156.6735","128.3","PUUKOLII 457.1, HI US","    0",",,7,0700",,,,,"  256",",,7","  178",",,7",,,,
"USC00518407","2018-11-13","20.9285","-156.6735","128.3","PUUKOLII 457.1, HI US","    0",",,7,0700",,,,,"  272",",,7","  183",",,7",,,,
"USC00518407","2018-11-14","20.9285","-156.6735","128.3","PUUKOLII 457.1, HI US","    0",",,7,0700",,,,,"  272",",,7","  178",",,7",,,,
"USC00518407","2018-11-15","20.9285","-156.6735","128.3","PUUKOLII 457.1, HI US","    0",",,7,0700",,,,,"  272",",,7","  194",",,7",,,,
"USC00518407","2018-11-16","20.9285","-156.6735","128.3","PUUKOLII 457.1, HI US","    0",",,7,0700",,,,,"  267",",,7","  211",",,7",,,,
"USC00518407","2018-11-17","20.9285","-156.6735","128.3","PUUKOLII 457.1, HI US","   91",",,7,0700",,,,,"  261",",,7","  211",",,7",,,,
"USC00518407","2018-11-18","20.9285","-156.6735","128.3","PUUKOLII 457.1, HI US","   86",",,7,0700",,,,,"  244",",,7","  200",",,7",,,,
"USC00518407","2018-11-19","20.9285","-156.6735","128.3","PUUKOLII 457.1, HI US","    0",",,7,0700",,,,,"  261",",,7","  194",",,7",,,,
"USC00518407","2018-11-20","20.9285","-156.6735","128.3","PUUKOLII 457.1, HI US","   51",",,7,0700",,,,,"  261",",,7","  200",",,7",,,,
"USC00518407","2018-11-21","20.9285","-156.6735","128.3","PUUKOLII 457.1, HI US","    0",",,7,0700",,,,,"  267",",,7","  206",",,7",,,,
"USC00518407","2018-11-22","20.9285","-156.6735","128.3","PUUKOLII 457.1, HI US","    0",",,7,0700",,,,,"  278",",,7","  206",",,7",,,,
"USC00518407","2018-11-23","20.9285","-156.6735","128.3","PUUKOLII 457.1, HI US","    0",",,7,0700",,,,,"  267",",,7","  189",",,7",,,,
"USC00518407","2018-11-24","20.9285","-156.6735","128.3","PUUKOLII 457.1, HI US","    0",",,7,0700",,,,,"  283",",,7","  189",",,7",,,,
"USC00518407","2018-11-25","20.9285","-156.6735","128.3","PUUKOLII 457.1, HI US","    0",",,7,0700",,,,,"  272",",,7","  178",",,7",,,,
"USC00518407","2018-11-26","20.9285","-156.6735","128.3","PUUKOLII 457.1, HI US","    0",",,7,0700",,,,,"  272",",,7","  206",",,7",,,,
"USC00518407","2018-11-27","20.9285","-156.6735","128.3","PUUKOLII 457.1, HI US","    0",",,7,0700",,,,,"  278",",,7","  194",",,7",,,,
"USC00518407","2018-11-28","20.9285","-156.6735","128.3","PUUKOLII 457.1, HI US","    0",",,7,0700",,,,,"  278",",,7","  183",",,7",,,,
"USC00518407","2018-11-29","20.9285","-156.6735","128.3","PUUKOLII 457.1, HI US","    0",",,7,0700",,,,,"  272",",,7","  178",",,7",,,,
"USC00518407","2018-11-30","20.9285","-156.6735","128.3","PUUKOLII 457.1, HI US","    0",",,7,0700",,,,,"  272",",,7","  189",",,7",,,,
"USC00518407","2018-12-01","20.9285","-156.6735","128.3","PUUKOLII 457.1, HI US","    5",",,7,0700",,,,,"  272",",,7","  206",",,7",,,,
"USC00518407","2018-12-02","20.9285","-156.6735","128.3","PUUKOLII 457.1, HI US","    0",",,7,0700",,,,,"  256",",,7","  200",",,7",,,,
"USC00518407","2018-12-03","20.9285","-156.6735","128.3","PUUKOLII 457.1, HI US","    0",",,7,0700",,,,,"  272",",,7","  183",",,7",,,,
"USC00518407","2018-12-04","20.9285","-156.6735","128.3","PUUKOLII 457.1, HI US","    0",",,7,0700",,,,,"  278",",,7","  194",",,7",,,,
"USC00518407","2018-12-05","20.9285","-156.6735","128.3","PUUKOLII 457.1, HI US","    0",",,7,0700",,,,,"  272",",,7","  200",",,7",,,,
"USC00518407","2018-12-06","20.9285","-156.6735","128.3","PUUKOLII 457.1, HI US","    0",",,7,0700",,,,,"  261",",,7","  178",",,7",,,,
"USC00518407","2018-12-07","20.9285","-156.6735","128.3","PUUKOLII 457.1, HI US","    0",",,7,0700",,,,,"  261",",,7","  200",",,7",,,,
"USC00518407","2018-12-08","20.9285","-156.6735","128.3","PUUKOLII 457.1, HI US","    3",",,7,0700",,,,,"  267",",,7","  206",",,7",,,,
"USC00518407","2018-12-09","20.9285","-156.6735","128.3","PUUKOLII 457.1, HI US","  170",",,7,0700",,,,,"  233",",,7","  183",",,7",,,,
"USC00518407","2018-12-11","20.9285","-156.6735","128.3","PUUKOLII 457.1, HI US","   18",",,7,0700",,,,,"  261",",,7","  206",",,7",,,,
"USC00518407","2018-12-12","20.9285","-156.6735","128.3","PUUKOLII 457.1, HI US","    0",",,7,0700",,,,,"  267",",,7","  211",",,7",,,,
"USC00518407","2018-12-13","20.9285","-156.6735","128.3","PUUKOLII 457.1, HI US","    3",",,7,0700",,,,,"  261",",,7","  200",",,7",,,,
"USC00518407","2018-12-14","20.9285","-156.6735","128.3","PUUKOLII 457.1, HI US","    0",",,7,0700",,,,,"  256",",,7","  189",",,7",,,,
"USC00518407","2018-12-15","20.9285","-156.6735","128.3","PUUKOLII 457.1, HI US","    0",",,7,0700",,,,,"  261",",,7","  178",",,7",,,,
"USC00518407","2018-12-16","20.9285","-156.6735","128.3","PUUKOLII 457.1, HI US","    0",",,7,0700",,,,,"  261",",,7","  172",",,7",,,,
"USC00518407","2018-12-17","20.9285","-156.6735","128.3","PUUKOLII 457.1, HI US","    0",",,7,0700",,,,,"  261",",,7","  178",",,7",,,,
"USC00518407","2018-12-18","20.9285","-156.6735","128.3","PUUKOLII 457.1, HI US","    0",",,7,0700",,,,,"  256",",,7","  161",",,7",,,,
"USC00518407","2018-12-19","20.9285","-156.6735","128.3","PUUKOLII 457.1, HI US","  165",",,7,0700",,,,,"  250",",,7","  172",",,7",,,,
"USC00518407","2018-12-20","20.9285","-156.6735","128.3","PUUKOLII 457.1, HI US","   10",",,7,0700",,,,,"  250",",,7","  172",",,7",,,,
"USC00518407","2018-12-21","20.9285","-156.6735","128.3","PUUKOLII 457.1, HI US","    5",",,7,0700",,,,,"  244",",,7","  167",",,7",,,,
"USC00518407","2018-12-22","20.9285","-156.6735","128.3","PUUKOLII 457.1, HI US","   13",",,7,0700",,,,,"  244",",,7","  167",",,7",,,,
"USC00518407","2018-12-23","20.9285","-156.6735","128.3","PUUKOLII 457.1, HI US","    0",",,7,0700",,,,,"  267",",,7","  206",",,7",,,,
"USC00518407","2018-12-24","20.9285","-156.6735","128.3","PUUKOLII 457.1, HI US","    0",",,7,0700",,,,,"  267",",,7","  194",",,7",,,,
"USC00518407","2018-12-25","20.9285","-156.6735","128.3","PUUKOLII 457.1, HI US","   10",",,7,0700",,,,,"  244",",,7","  194",",,7",,,,
"USC00518407","2018-12-26","20.9285","-156.6735","128.3","PUUKOLII 457.1, HI US","    0",",,7,0700",,,,,"  256",",,7","  189",",,7",,,,
"USC00518407","2018-12-27","20.9285","-156.6735","128.3","PUUKOLII 457.1, HI US","    0",",,7,0700",,,,,"  256",",,7","  183",",,7",,,,
"USC00518407","2018-12-28","20.9285","-156.6735","128.3","PUUKOLII 457.1, HI US","    0",",,7,0700",,,,,"  272",",,7","  194",",,7",,,,
"USC00518407","2018-12-29","20.9285","-156.6735","128.3","PUUKOLII 457.1, HI US","   13",",,7,0700",,,,,"  261",",,7","  206",",,7",,,,
"USC00518407","2018-12-30","20.9285","-156.6735","128.3","PUUKOLII 457.1, HI US","    0",",,7,0700",,,,,"  261",",,7","  206",",,7",,,,
"USC00518407","2018-12-31","20.9285","-156.6735","128.3","PUUKOLII 457.1, HI US","   76",",,7,0700",,,,,"  272",",,7","  206",",,7",,,,
"USC00518407","2019-01-01","20.9285","-156.6735","128.3","PUUKOLII 457.1, HI US","    0",",,7,0700",,,,,"  272",",,7","  200",",,7",,,,
"USC00518407","2019-01-02","20.9285","-156.6735","128.3","PUUKOLII 457.1, HI US","    0",",,7,0700",,,,,"  267",",,7","  194",",,7",,,,
"USC00518407","2019-01-03","20.9285","-156.6735","128.3","PUUKOLII 457.1, HI US","    0",",,7,0700",,,,,"  261",",,7","  194",",,7",,,,
"USC00518407","2019-01-04","20.9285","-156.6735","128.3","PUUKOLII 457.1, HI US","    0",",,7,0700",,,,,"  250",",,7","  200",",,7",,,,
"USC00518407","2019-01-05","20.9285","-156.6735","128.3","PUUKOLII 457.1, HI US","    0",",,7,0700",,,,,"  261",",,7","  194",",,7",,,,
"USC00518407","2019-01-06","20.9285","-156.6735","128.3","PUUKOLII 457.1, HI US","    0",",,7,0700",,,,,"  261",",,7","  167",",,7",,,,
"USC00518407","2019-01-07","20.9285","-156.6735","128.3","PUUKOLII 457.1, HI US","    0",",,7,0700",,,,,"  256",",,7","  172",",,7",,,,
"USC00518407","2019-01-08","20.9285","-156.6735","128.3","PUUKOLII 457.1, HI US","    0",",,7,0700",,,,,"  256",",,7","  167",",,7",,,,
"USC00518407","2019-01-09","20.9285","-156.6735","128.3","PUUKOLII 457.1, HI US","    0",",,7,0700",,,,,"  233",",,7","  178",",,7",,,,
"USC00518407","2019-01-10","20.9285","-156.6735","128.3","PUUKOLII 457.1, HI US","    0",",,7,0700",,,,,"  239",",,7","  172",",,7",,,,
"USC00518407","2019-01-11","20.9285","-156.6735","128.3","PUUKOLII 457.1, HI US","    0",",,7,0700",,,,,"  244",",,7","  167",",,7",,,,
"USC00518407","2019-01-12","20.9285","-156.6735","128.3","PUUKOLII 457.1, HI US","    0",",,7,0700",,,,,"  250",",,7","  172",",,7",,,,
"USC00518407","2019-01-13","20.9285","-156.6735","128.3","PUUKOLII 457.1, HI US","    0",",,7,0700",,,,,"  261",",,7","  183",",,7",,,,
"USC00518407","2019-01-14","20.9285","-156.6735","128.3","PUUKOLII 457.1, HI US","    0",",,7,0700",,,,,"  261",",,7","  167",",,7",,,,
"USC00518407","2019-01-15","20.9285","-156.6735","128.3","PUUKOLII 457.1, HI US","    0",",,7,0700",,,,,"  261",",,7","  178",",,7",,,,
"USC00518407","2019-01-16","20.9285","-156.6735","128.3","PUUKOLII 457.1, HI US","    0",",,7,0700",,,,,"  256",",,7","  167",",,7",,,,
"USC00518407","2019-01-17","20.9285","-156.6735","128.3","PUUKOLII 457.1, HI US","   38",",,7,0700",,,,,"  250",",,7","  189",",,7",,,,
"USC00518407","2019-01-18","20.9285","-156.6735","128.3","PUUKOLII 457.1, HI US","    8",",,7,0700",,,,,"  244",",,7","  178",",,7",,,,
"USC00518407","2019-01-19","20.9285","-156.6735","128.3","PUUKOLII 457.1, HI US","    0",",,7,0700",,,,,"  250",",,7","  183",",,7",,,,
"USC00518407","2019-01-20","20.9285","-156.6735","128.3","PUUKOLII 457.1, HI US","    0",",,7,0700",,,,,"  261",",,7","  172",",,7",,,,
"USC00518407","2019-01-21","20.9285","-156.6735","128.3","PUUKOLII 457.1, HI US","    0",",,7,0700",,,,,"  256",",,7","  172",",,7",,,,
"USC00518407","2019-01-22","20.9285","-156.6735","128.3","PUUKOLII 457.1, HI US","    0",",,7,0700",,,,,"  256",",,7","  178",",,7",,,,
"USC00518407","2019-01-23","20.9285","-156.6735","128.3","PUUKOLII 457.1, HI US","    0",",,7,0700",,,,,"  283",",,7","  172",",,7",,,,
"USC00518407","2019-01-24","20.9285","-156.6735","128.3","PUUKOLII 457.1, HI US","    0",",,7,0700",,,,,"  267",",,7","  178",",,7",,,,
"USC00518407","2019-01-25","20.9285","-156.6735","128.3","PUUKOLII 457.1, HI US","    0",",,7,0700",,,,,"  261",",,7","  178",",,7",,,,
"USC00518407","2019-01-26","20.9285","-156.6735","128.3","PUUKOLII 457.1, HI US","  102",",,7,0700",,,,,"  250",",,7","  167",",,7",,,,
"USC00518407","2019-01-27","20.9285","-156.6735","128.3","PUUKOLII 457.1, HI US","    0",",,7,0700",,,,,"  217",",,7","  172",",,7",,,,
"USC00518407","2019-01-28","20.9285","-156.6735","128.3","PUUKOLII 457.1, HI US","    0",",,7,0700",,,,,"  217",",,7","  172",",,7",,,,
"USC00518407","2019-01-29","20.9285","-156.6735","128.3","PUUKOLII 457.1, HI US","    0",",,7,0700",,,,,"  222",",,7","  178",",,7",,,,
"USC00518407","2019-01-30","20.9285","-156.6735","128.3","PUUKOLII 457.1, HI US","  274",",,7,0700",,,,,"  211",",,7","  178",",,7",,,,
"USC00518407","2019-01-31","20.9285","-156.6735","128.3","PUUKOLII 457.1, HI US","  137",",,7,0700",,,,,"  222",",,7","  183",",,7",,,,
"USC00518407","2019-02-01","20.9285","-156.6735","128.3","PUUKOLII 457.1, HI US","  198",",,7,0700",,,,,,,,,,,,
"USC00518407","2019-02-02","20.9285","-156.6735","128.3","PUUKOLII 457.1, HI US","   81",",,7,0700",,,,,,,,,,,,
"USC00518407","2019-02-03","20.9285","-156.6735","128.3","PUUKOLII 457.1, HI US","   86",",,7,0700",,,,,,,,,,,,
"USC00518407","2019-02-04","20.9285","-156.6735","128.3","PUUKOLII 457.1, HI US","   13",",,7,0700",,,,,,,,,,,,
"USC00518407","2019-02-05","20.9285","-156.6735","128.3","PUUKOLII 457.1, HI US","    0",",,7,0700",,,,,,,,,,,,
"USC00518407","2019-02-06","20.9285","-156.6735","128.3","PUUKOLII 457.1, HI US","    0",",,7,0700",,,,,,,,,,,,
"USC00518407","2019-02-07","20.9285","-156.6735","128.3","PUUKOLII 457.1, HI US","  173",",,7,0700",,,,,,,,,,,,
"USC00518407","2019-02-08","20.9285","-156.6735","128.3","PUUKOLII 457.1, HI US","   25",",,7,0700",,,,,,,,,,,,
"USC00518407","2019-02-09","20.9285","-156.6735","128.3","PUUKOLII 457.1, HI US","   25",",,7,0700",,,,,,,,,,,,
"USC00518407","2019-02-10","20.9285","-156.6735","128.3","PUUKOLII 457.1, HI US","   38",",,7,0700",,,,,,,,,,,,
"USC00518407","2019-02-11","20.9285","-156.6735","128.3","PUUKOLII 457.1, HI US","   71",",,7,0700",,,,,,,,,,,,
"USC00518407","2019-02-12","20.9285","-156.6735","128.3","PUUKOLII 457.1, HI US","    5",",,7,0700",,,,,,,,,,,,
"USC00518407","2019-02-13","20.9285","-156.6735","128.3","PUUKOLII 457.1, HI US","  137",",,7,0700",,,,,,,,,,,,
"USC00518407","2019-02-14","20.9285","-156.6735","128.3","PUUKOLII 457.1, HI US","  236",",,7,0700",,,,,,,,,,,,
"USC00518407","2019-02-15","20.9285","-156.6735","128.3","PUUKOLII 457.1, HI US","  216",",,7,0700",,,,,,,,,,,,
"USC00518407","2019-02-16","20.9285","-156.6735","128.3","PUUKOLII 457.1, HI US","  178",",,7,0700",,,,,,,,,,,,
"USC00518407","2019-02-17","20.9285","-156.6735","128.3","PUUKOLII 457.1, HI US","   99",",,7,0700",,,,,,,,,,,,
"USC00518407","2019-02-18","20.9285","-156.6735","128.3","PUUKOLII 457.1, HI US","    0",",,7,0700",,,,,,,,,,,,
"USC00518407","2019-02-19","20.9285","-156.6735","128.3","PUUKOLII 457.1, HI US","  495",",,7,0700",,,,,,,,,,,,
"USC00518407","2019-02-20","20.9285","-156.6735","128.3","PUUKOLII 457.1, HI US","  300",",,7,0700",,,,,,,,,,,,
"USC00518407","2019-02-21","20.9285","-156.6735","128.3","PUUKOLII 457.1, HI US","    3",",,7,0700",,,,,,,,,,,,
"USC00518407","2019-02-22","20.9285","-156.6735","128.3","PUUKOLII 457.1, HI US","    0",",,7,0700",,,,,,,,,,,,
"USC00518407","2019-02-23","20.9285","-156.6735","128.3","PUUKOLII 457.1, HI US","    0",",,7,0700",,,,,,,,,,,,
"USC00518407","2019-02-24","20.9285","-156.6735","128.3","PUUKOLII 457.1, HI US","    0",",,7,0700",,,,,,,,,,,,
"USC00518407","2019-02-25","20.9285","-156.6735","128.3","PUUKOLII 457.1, HI US","    0",",,7,0700",,,,,,,,,,,,
"USC00518407","2019-02-26","20.9285","-156.6735","128.3","PUUKOLII 457.1, HI US","    0",",,7,0700",,,,,,,,,,,,
"USC00518407","2019-02-27","20.9285","-156.6735","128.3","PUUKOLII 457.1, HI US","    0",",,7,0700",,,,,,,,,,,,
"USC00518407","2019-02-28","20.9285","-156.6735","128.3","PUUKOLII 457.1, HI US","   13",",,7,0700",,,,,,,,,,,,
"USC00518407","2019-03-01","20.9285","-156.6735","128.3","PUUKOLII 457.1, HI US","    0",",,7,0700",,,,,"  206",",,7","  144",",,7",,,,
"USC00518407","2019-03-02","20.9285","-156.6735","128.3","PUUKOLII 457.1, HI US","    0",",,7,0700",,,,,"  222",",,7","  139",",,7",,,,
"USC00518407","2019-03-03","20.9285","-156.6735","128.3","PUUKOLII 457.1, HI US","    0",",,7,0700",,,,,"  233",",,7","  167",",,7",,,,
"USC00518407","2019-03-04","20.9285","-156.6735","128.3","PUUKOLII 457.1, HI US","    8",",,7,0700",,,,,"  217",",,7","  178",",,7",,,,
"USC00518407","2019-03-05","20.9285","-156.6735","128.3","PUUKOLII 457.1, HI US","    0",",,7,0700",,,,,"  233",",,7","  161",",,7",,,,
"USC00518407","2019-03-06","20.9285","-156.6735","128.3","PUUKOLII 457.1, HI US","   25",",,7,0700",,,,,"  228",",,7","  172",",,7",,,,
"USC00518407","2019-03-07","20.9285","-156.6735","128.3","PUUKOLII 457.1, HI US","   58",",,7,0700",,,,,"  228",",,7","  172",",,7",,,,
"USC00518407","2019-03-08","20.9285","-156.6735","128.3","PUUKOLII 457.1, HI US","   46",",,7,0700",,,,,"  222",",,7","  178",",,7",,,,
"USC00518407","2019-03-09","20.9285","-156.6735","128.3","PUUKOLII 457.1, HI US","    5",",,7,0700",,,,,"  239",",,7","  178",",,7",,,,
"USC00518407","2019-03-10","20.9285","-156.6735","128.3","PUUKOLII 457.1, HI US","    0",",,7,0700",,,,,"  250",",,7","  194",",,7",,,,
"USC00518407","2019-03-11","20.9285","-156.6735","128.3","PUUKOLII 457.1, HI US","    0",",,7,0700",,,,,"  250",",,7","  194",",,7",,,,
"USC00518407","2019-03-12","20.9285","-156.6735","128.3","PUUKOLII 457.1, HI US","    0",",,7,0700",,,,,"  250",",,7","  167",",,7",,,,
"USC00518407","2019-03-13","20.9285","-156.6735","128.3","PUUKOLII 457.1, HI US","   48",",,7,0700",,,,,"  244",",,7","  183",",,7",,,,
"USC00518407","2019-03-14","20.9285","-156.6735","128.3","PUUKOLII 457.1, HI US","    0",",,7,0700",,,,,"  250",",,7","  167",",,7",,,,
"USC00518407","2019-03-15","20.9285","-156.6735","128.3","PUUKOLII 457.1, HI US","    0",",,7,0700",,,,,"  267",",,7","  167",",,7",,,,
"USC00518407","2019-03-16","20.9285","-156.6735","128.3","PUUKOLII 457.1, HI US","    0",",,7,0700",,,,,"  267",",,7","  172",",,7",,,,
"USC00518407","2019-03-17","20.9285","-156.6735","128.3","PUUKOLII 457.1, HI US","    0",",,7,0700",,,,,"  267",",,7","  172",",,7",,,,
"USC00518407","2019-03-18","20.9285","-156.6735","128.3","PUUKOLII 457.1, HI US","    0",",,7,0700",,,,,"  267",",,7","  161",",,7",,,,
"USC00518407","2019-03-19","20.9285","-156.6735","128.3","PUUKOLII 457.1, HI US","    0",",,7,0700",,,,,"  239",",,7","  156",",,7",,,,
"USC00518407","2019-03-20","20.9285","-156.6735","128.3","PUUKOLII 457.1, HI US","    0",",,7,0700",,,,,"  256",",,7","  156",",,7",,,,
"USC00518407","2019-03-21","20.9285","-156.6735","128.3","PUUKOLII 457.1, HI US","    0",",,7,0700",,,,,"  261",",,7","  172",",,7",,,,
"USC00518407","2019-03-22","20.9285","-156.6735","128.3","PUUKOLII 457.1, HI US","    0",",,7,0700",,,,,"  272",",,7","  183",",,7",,,,
"USC00518407","2019-03-23","20.9285","-156.6735","128.3","PUUKOLII 457.1, HI US","    0",",,7,0700",,,,,"  272",",,7","  178",",,7",,,,
"USC00518407","2019-03-24","20.9285","-156.6735","128.3","PUUKOLII 457.1, HI US","    0",",,7,0700",,,,,"  256",",,7","  178",",,7",,,,
"USC00518407","2019-03-25","20.9285","-156.6735","128.3","PUUKOLII 457.1, HI US","    0",",,7,0700",,,,,"  244",",,7","  189",",,7",,,,
"USC00518407","2019-03-26","20.9285","-156.6735","128.3","PUUKOLII 457.1, HI US","    0",",,7,0700",,,,,"  256",",,7","  172",",,7",,,,
"USC00518407","2019-03-27","20.9285","-156.6735","128.3","PUUKOLII 457.1, HI US","    0",",,7,0700",,,,,"  250",",,7","  156",",,7",,,,
"USC00518407","2019-03-28","20.9285","-156.6735","128.3","PUUKOLII 457.1, HI US","    0",",,7,0700",,,,,"  250",",,7","  172",",,7",,,,
"USC00518407","2019-03-29","20.9285","-156.6735","128.3","PUUKOLII 457.1, HI US","    0",",,7,0700",,,,,"  250",",,7","  161",",,7",,,,
"USC00518407","2019-03-30","20.9285","-156.6735","128.3","PUUKOLII 457.1, HI US","    0",",,7,0700",,,,,"  250",",,7","  161",",,7",,,,
"USC00518407","2019-03-31","20.9285","-156.6735","128.3","PUUKOLII 457.1, HI US","    0",",,7,0700",,,,,"  250",",,7","  167",",,7",,,,
"USC00518407","2019-04-01","20.9285","-156.6735","128.3","PUUKOLII 457.1, HI US","    0",",,7,0700",,,,,"  272",",,7","  167",",,7",,,,
"USC00518407","2019-04-02","20.9285","-156.6735","128.3","PUUKOLII 457.1, HI US","    0",",,7,0700",,,,,"  261",",,7","  167",",,7",,,,
"USC00518407","2019-04-03","20.9285","-156.6735","128.3","PUUKOLII 457.1, HI US","    0",",,7,0700",,,,,"  261",",,7","  167",",,7",,,,
"USC00518407","2019-04-04","20.9285","-156.6735","128.3","PUUKOLII 457.1, HI US","    0",",,7,0700",,,,,"  272",",,7","  172",",,7",,,,
"USC00518407","2019-04-05","20.9285","-156.6735","128.3","PUUKOLII 457.1, HI US","    0",",,7,0700",,,,,"  272",",,7","  172",",,7",,,,
"USC00518407","2019-04-06","20.9285","-156.6735","128.3","PUUKOLII 457.1, HI US","    0",",,7,0700",,,,,"  272",",,7","  172",",,7",,,,
"USC00518407","2019-04-07","20.9285","-156.6735","128.3","PUUKOLII 457.1, HI US","    0",",,7,0700",,,,,"  267",",,7","  178",",,7",,,,
"USC00518407","2019-04-08","20.9285","-156.6735","128.3","PUUKOLII 457.1, HI US","    0",",,7,0700",,,,,"  272",",,7","  172",",,7",,,,
"USC00518407","2019-04-09","20.9285","-156.6735","128.3","PUUKOLII 457.1, HI US","    0",",,7,0700",,,,,"  289",",,7","  189",",,7",,,,
"USC00518407","2019-04-10","20.9285","-156.6735","128.3","PUUKOLII 457.1, HI US","   20",",,7,0700",,,,,"  267",",,7","  200",",,7",,,,
"USC00518407","2019-04-11","20.9285","-156.6735","128.3","PUUKOLII 457.1, HI US","   51",",,7,0700",,,,,"  272",",,7","  206",",,7",,,,
"USC00518407","2019-04-12","20.9285","-156.6735","128.3","PUUKOLII 457.1, HI US","   46",",,7,0700",,,,,"  256",",,7","  206",",,7",,,,
"USC00518407","2019-04-13","20.9285","-156.6735","128.3","PUUKOLII 457.1, HI US","   13",",,7,0700",,,,,"  256",",,7","  200",",,7",,,,
"USC00518407","2019-04-14","20.9285","-156.6735","128.3","PUUKOLII 457.1, HI US","    0",",,7,0700",,,,,"  261",",,7","  200",",,7",,,,
"USC00518407","2019-04-15","20.9285","-156.6735","128.3","PUUKOLII 457.1, HI US","   53",",,7,0700",,,,,"  261",",,7","  189",",,7",,,,
"USC00518407","2019-04-16","20.9285","-156.6735","128.3","PUUKOLII 457.1, HI US","    0",",,7,0700",,,,,"  267",",,7","  167",",,7",,,,
"USC00518407","2019-04-17","20.9285","-156.6735","128.3","PUUKOLII 457.1, HI US","    8",",,7,0700",,,,,"  267",",,7","  194",",,7",,,,
"USC00518407","2019-04-18","20.9285","-156.6735","128.3","PUUKOLII 457.1, HI US","    8",",,7,0700",,,,,"  272",",,7","  189",",,7",,,,
"USC00518407","2019-04-19","20.9285","-156.6735","128.3","PUUKOLII 457.1, HI US","    0",",,7,0700",,,,,"  294",",,7","  189",",,7",,,,
"USC00518407","2019-04-20","20.9285","-156.6735","128.3","PUUKOLII 457.1, HI US","    5",",,7,0700",,,,,"  294",",,7","  189",",,7",,,,
"USC00518407","2019-04-21","20.9285","-156.6735","128.3","PUUKOLII 457.1, HI US","    0",",,7,0700",,,,,"  261",",,7","  206",",,7",,,,
"USC00518407","2019-04-22","20.9285","-156.6735","128.3","PUUKOLII 457.1, HI US","    0",",,7,0700",,,,,"  278",",,7","  194",",,7",,,,
"USC00518407","2019-04-23","20.9285","-156.6735","128.3","PUUKOLII 457.1, HI US","    0",",,7,0700",,,,,"  278",",,7","  206",",,7",,,,
"USC00518407","2019-04-24","20.9285","-156.6735","128.3","PUUKOLII 457.1, HI US","    0",",,7,0700",,,,,,,,,,,,
"USC00518407","2019-04-25","20.9285","-156.6735","128.3","PUUKOLII 457.1, HI US","    0",",,7,0700",,,,,"  256",",,7","  183",",,7",,,,
"USC00518407","2019-04-26","20.9285","-156.6735","128.3","PUUKOLII 457.1, HI US","    0",",,7,0700",,,,,"  278",",,7","  194",",,7",,,,
"USC00518407","2019-04-27","20.9285","-156.6735","128.3","PUUKOLII 457.1, HI US","    0",",,7,0700",,,,,"  267",",,7","  189",",,7",,,,
"USC00518407","2019-04-28","20.9285","-156.6735","128.3","PUUKOLII 457.1, HI US","    0",",,7,0700",,,,,"  267",",,7","  189",",,7",,,,
"USC00518407","2019-04-29","20.9285","-156.6735","128.3","PUUKOLII 457.1, HI US","    0",",,7,0700",,,,,"  267",",,7","  189",",,7",,,,
"USC00518407","2019-04-30","20.9285","-156.6735","128.3","PUUKOLII 457.1, HI US","    0",",,7,0700",,,,,"  256",",,7","  183",",,7",,,,
"USC00518407","2019-05-01","20.9285","-156.6735","128.3","PUUKOLII 457.1, HI US","    0",",,7,0700",,,,,"  283",",,7","  183",",,7",,,,
"USC00518407","2019-05-02","20.9285","-156.6735","128.3","PUUKOLII 457.1, HI US","    0",",,7,0700",,,,,"  283",",,7","  194",",,7",,,,
"USC00518407","2019-05-03","20.9285","-156.6735","128.3","PUUKOLII 457.1, HI US","  119",",,7,0700",,,,,"  256",",,7","  200",",,7",,,,
"USC00518407","2019-05-04","20.9285","-156.6735","128.3","PUUKOLII 457.1, HI US","    8",",,7,0700",,,,,"  261",",,7","  217",",,7",,,,
"USC00518407","2019-05-05","20.9285","-156.6735","128.3","PUUKOLII 457.1, HI US","   91",",,7,0700",,,,,"  261",",,7","  178",",,7",,,,
"USC00518407","2019-05-06","20.9285","-156.6735","128.3","PUUKOLII 457.1, HI US","    3",",,7,0700",,,,,"  233",",,7","  150",",,7",,,,
"USC00518407","2019-05-07","20.9285","-156.6735","128.3","PUUKOLII 457.1, HI US","    0",",,7,0700",,,,,"  261",",,7","  200",",,7",,,,
"USC00518407","2019-05-08","20.9285","-156.6735","128.3","PUUKOLII 457.1, HI US","    0",",,7,0700",,,,,"  261",",,7","  194",",,7",,,,
"USC00518407","2019-05-09","20.9285","-156.6735","128.3","PUUKOLII 457.1, HI US","    0",",,7,0700",,,,,"  267",",,7","  178",",,7",,,,
"USC00518407","2019-05-10","20.9285","-156.6735","128.3","PUUKOLII 457.1, HI US","    0",",,7,0700",,,,,"  267",",,7","  183",",,7",,,,
"USC00518407","2019-05-11","20.9285","-156.6735","128.3","PUUKOLII 457.1, HI US","    0",",,7,0700",,,,,"  272",",,7","  189",",,7",,,,
"USC00518407","2019-05-12","20.9285","-156.6735","128.3","PUUKOLII 457.1, HI US","    0",",,7,0700",,,,,"  272",",,7","  183",",,7",,,,
"USC00518407","2019-05-13","20.9285","-156.6735","128.3","PUUKOLII 457.1, HI US","    0",",,7,0700",,,,,"  283",",,7","  194",",,7",,,,
"USC00518407","2019-05-14","20.9285","-156.6735","128.3","PUUKOLII 457.1, HI US","    0",",,7,0700",,,,,"  294",",,7","  206",",,7",,,,
"USC00518407","2019-05-15","20.9285","-156.6735","128.3","PUUKOLII 457.1, HI US","    0",",,7,0700",,,,,"  283",",,7","  206",",,7",,,,
"USC00518407","2019-05-16","20.9285","-156.6735","128.3","PUUKOLII 457.1, HI US","    0",",,7,0700",,,,,"  283",",,7","  211",",,7",,,,
"USC00518407","2019-05-17","20.9285","-156.6735","128.3","PUUKOLII 457.1, HI US","   18",",,7,0700",,,,,"  278",",,7","  211",",,7",,,,
"USC00518407","2019-05-18","20.9285","-156.6735","128.3","PUUKOLII 457.1, HI US","    0",",,7,0700",,,,,"  283",",,7","  211",",,7",,,,
"USC00518407","2019-05-19","20.9285","-156.6735","128.3","PUUKOLII 457.1, HI US","    0",",,7,0700",,,,,"  289",",,7","  200",",,7",,,,
"USC00518407","2019-05-20","20.9285","-156.6735","128.3","PUUKOLII 457.1, HI US","    0",",,7,0700",,,,,"  283",",,7","  200",",,7",,,,
"USC00518407","2019-05-21","20.9285","-156.6735","128.3","PUUKOLII 457.1, HI US","    0",",,7,0700",,,,,"  283",",,7","  206",",,7",,,,
"USC00518407","2019-05-22","20.9285","-156.6735","128.3","PUUKOLII 457.1, HI US","    0",",,7,0700",,,,,"  289",",,7","  206",",,7",,,,
"USC00518407","2019-05-23","20.9285","-156.6735","128.3","PUUKOLII 457.1, HI US","    0",",,7,0700",,,,,"  289",",,7","  206",",,7",,,,
"USC00518407","2019-05-24","20.9285","-156.6735","128.3","PUUKOLII 457.1, HI US","    0",",,7,0700",,,,,"  294",",,7","  206",",,7",,,,
"USC00518407","2019-05-25","20.9285","-156.6735","128.3","PUUKOLII 457.1, HI US","    0",",,7,0700",,,,,"  300",",,7","  206",",,7",,,,
"USC00518407","2019-05-26","20.9285","-156.6735","128.3","PUUKOLII 457.1, HI US","    0",",,7,0700",,,,,"  294",",,7","  200",",,7",,,,
"USC00518407","2019-05-27","20.9285","-156.6735","128.3","PUUKOLII 457.1, HI US","    0",",,7,0700",,,,,"  300",",,7","  200",",,7",,,,
"USC00518407","2019-05-28","20.9285","-156.6735","128.3","PUUKOLII 457.1, HI US","    0",",,7,0700",,,,,"  289",",,7","  194",",,7",,,,
"USC00518407","2019-05-29","20.9285","-156.6735","128.3","PUUKOLII 457.1, HI US","    0",",,7,0700",,,,,"  294",",,7","  200",",,7",,,,
"USC00518407","2019-05-30","20.9285","-156.6735","128.3","PUUKOLII 457.1, HI US","    0",",,7,0700",,,,,"  289",",,7","  200",",,7",,,,
"USC00518407","2019-05-31","20.9285","-156.6735","128.3","PUUKOLII 457.1, HI US","    0",",,7,0700",,,,,"  294",",,7","  217",",,7",,,,
"USC00518407","2019-06-01","20.9285","-156.6735","128.3","PUUKOLII 457.1, HI US","    0",",,7,0700",,,,,"  300",",,7","  206",",,7",,,,
"USC00518407","2019-06-02","20.9285","-156.6735","128.3","PUUKOLII 457.1, HI US","    0",",,7,0700",,,,,"  289",",,7","  217",",,7",,,,
"USC00518407","2019-06-03","20.9285","-156.6735","128.3","PUUKOLII 457.1, HI US","    0",",,7,0700",,,,,"  294",",,7","  200",",,7",,,,
"USC00518407","2019-06-04","20.9285","-156.6735","128.3","PUUKOLII 457.1, HI US","    0",",,7,0700",,,,,"  289",",,7","  217",",,7",,,,
"USC00518407","2019-06-05","20.9285","-156.6735","128.3","PUUKOLII 457.1, HI US","    8",",,7,0700",,,,,"  294",",,7","  211",",,7",,,,
"USC00518407","2019-06-06","20.9285","-156.6735","128.3","PUUKOLII 457.1, HI US","    8",",,7,0700",,,,,"  289",",,7","  222",",,7",,,,
"USC00518407","2019-06-07","20.9285","-156.6735","128.3","PUUKOLII 457.1, HI US","    0",",,7,0700",,,,,"  300",",,7","  200",",,7",,,,
"USC00518407","2019-06-08","20.9285","-156.6735","128.3","PUUKOLII 457.1, HI US","    0",",,7,0700",,,,,"  289",",,7","  206",",,7",,,,
"USC00518407","2019-06-09","20.9285","-156.6735","128.3","PUUKOLII 457.1, HI US","    0",",,7,0700",,,,,"  300",",,7","  206",",,7",,,,
"USC00518407","2019-06-10","20.9285","-156.6735","128.3","PUUKOLII 457.1, HI US","    0",",,7,0700",,,,,"  294",",,7","  211",",,7",,,,
"USC00518407","2019-06-11","20.9285","-156.6735","128.3","PUUKOLII 457.1, HI US","    0",",,7,0700",,,,,"  283",",,7","  200",",,7",,,,
"USC00518407","2019-06-12","20.9285","-156.6735","128.3","PUUKOLII 457.1, HI US","    0",",,7,0700",,,,,"  294",",,7","  200",",,7",,,,
"USC00518407","2019-06-13","20.9285","-156.6735","128.3","PUUKOLII 457.1, HI US","    0",",,7,0700",,,,,"  294",",,7","  206",",,7",,,,
"USC00518407","2019-06-14","20.9285","-156.6735","128.3","PUUKOLII 457.1, HI US","    0",",,7,0700",,,,,"  289",",,7","  206",",,7",,,,
"USC00518407","2019-06-15","20.9285","-156.6735","128.3","PUUKOLII 457.1, HI US","    0",",,7,0700",,,,,"  300",",,7","  211",",,7",,,,
"USC00518407","2019-06-16","20.9285","-156.6735","128.3","PUUKOLII 457.1, HI US","    0",",,7,0700",,,,,"  300",",,7","  211",",,7",,,,
"USC00518407","2019-06-18","20.9285","-156.6735","128.3","PUUKOLII 457.1, HI US","    0",",,7,0700",,,,,"  294",",,7","  206",",,7",,,,
"USC00518407","2019-06-19","20.9285","-156.6735","128.3","PUUKOLII 457.1, HI US","    0",",,7,0700",,,,,"  294",",,7","  233",",,7",,,,
"USC00518407","2019-06-20","20.9285","-156.6735","128.3","PUUKOLII 457.1, HI US","    0",",,7,0700",,,,,"  306",",,7","  217",",,7",,,,
"USC00518407","2019-06-21","20.9285","-156.6735","128.3","PUUKOLII 457.1, HI US","    0",",,7,0700",,,,,"  294",",,7","  206",",,7",,,,
"USC00518407","2019-06-22","20.9285","-156.6735","128.3","PUUKOLII 457.1, HI US","    0",",,7,0700",,,,,"  283",",,7","  211",",,7",,,,
"USC00518407","2019-06-23","20.9285","-156.6735","128.3","PUUKOLII 457.1, HI US","    0",",,7,0700",,,,,"  294",",,7","  217",",,7",,,,
"USC00518407","2019-06-24","20.9285","-156.6735","128.3","PUUKOLII 457.1, HI US","    0",",,7,0700",,,,,"  294",",,7","  239",",,7",,,,
"USC00518407","2019-06-25","20.9285","-156.6735","128.3","PUUKOLII 457.1, HI US","    0",",,7,0700",,,,,"  283",",,7","  228",",,7",,,,
"USC00518407","2019-06-26","20.9285","-156.6735","128.3","PUUKOLII 457.1, HI US","   89",",,7,0700",,,,,"  294",",,7","  206",",,7",,,,
"USC00518407","2019-06-27","20.9285","-156.6735","128.3","PUUKOLII 457.1, HI US","    3",",,7,0700",,,,,"  272",",,7","  206",",,7",,,,
"USC00518407","2019-06-28","20.9285","-156.6735","128.3","PUUKOLII 457.1, HI US","    0",",,7,0700",,,,,"  306",",,7","  222",",,7",,,,
"USC00518407","2019-06-29","20.9285","-156.6735","128.3","PUUKOLII 457.1, HI US","    0",",,7,0700",,,,,"  294",",,7","  222",",,7",,,,
"USC00518407","2019-06-30","20.9285","-156.6735","128.3","PUUKOLII 457.1, HI US","    0",",,7,0700",,,,,"  294",",,7","  217",",,7",,,,
"USC00518407","2019-07-01","20.9285","-156.6735","128.3","PUUKOLII 457.1, HI US","   30",",,7,0700",,,,,"  294",",,7","  211",",,7",,,,
"USC00518407","2019-07-02","20.9285","-156.6735","128.3","PUUKOLII 457.1, HI US","    0",",,7,0700",,,,,"  294",",,7","  211",",,7",,,,
"USC00518407","2019-07-03","20.9285","-156.6735","128.3","PUUKOLII 457.1, HI US","    0",",,7,0700",,,,,"  289",",,7","  211",",,7",,,,
"USC00518407","2019-07-04","20.9285","-156.6735","128.3","PUUKOLII 457.1, HI US","    0",",,7,0700",,,,,"  294",",,7","  211",",,7",,,,
"USC00518407","2019-07-05","20.9285","-156.6735","128.3","PUUKOLII 457.1, HI US","    0",",,7,0700",,,,,"  294",",,7","  211",",,7",,,,
"USC00518407","2019-07-06","20.9285","-156.6735","128.3","PUUKOLII 457.1, HI US","    0",",,7,0700",,,,,"  283",",,7","  217",",,7",,,,
"USC00518407","2019-07-07","20.9285","-156.6735","128.3","PUUKOLII 457.1, HI US","    0",",,7,0700",,,,,"  294",",,7","  222",",,7",,,,
"USC00518407","2019-07-08","20.9285","-156.6735","128.3","PUUKOLII 457.1, HI US","   64",",,7,0700",,,,,"  306",",,7","  233",",,7",,,,
"USC00518407","2019-07-09","20.9285","-156.6735","128.3","PUUKOLII 457.1, HI US","    5",",,7,0700",,,,,"  300",",,7","  233",",,7",,,,
"USC00518407","2019-07-10","20.9285","-156.6735","128.3","PUUKOLII 457.1, HI US","    8",",,7,0700",,,,,"  300",",,7","  217",",,7",,,,
"USC00518407","2019-07-11","20.9285","-156.6735","128.3","PUUKOLII 457.1, HI US","    0",",,7,0700",,,,,"  306",",,7","  217",",,7",,,,
"USC00518407","2019-07-12","20.9285","-156.6735","128.3","PUUKOLII 457.1, HI US","    0",",,7,0700",,,,,"  300",",,7","  217",",,7",,,,
"USC00518407","2019-07-13","20.9285","-156.6735","128.3","PUUKOLII 457.1, HI US","    0",",,7,0700",,,,,"  300",",,7","  217",",,7",,,,
"USC00518407","2019-07-14","20.9285","-156.6735","128.3","PUUKOLII 457.1, HI US","    0",",,7,0700",,,,,"  311",",,7","  206",",,7",,,,
"USC00518407","2019-07-15","20.9285","-156.6735","128.3","PUUKOLII 457.1, HI US","    0",",,7,0700",,,,,"  306",",,7","  211",",,7",,,,
"USC00518407","2019-07-16","20.9285","-156.6735","128.3","PUUKOLII 457.1, HI US","    0",",,7,0700",,,,,"  300",",,7","  211",",,7",,,,
"USC00518407","2019-07-17","20.9285","-156.6735","128.3","PUUKOLII 457.1, HI US","    5",",,7,0700",,,,,"  300",",,7","  217",",,7",,,,
"USC00518407","2019-07-18","20.9285","-156.6735","128.3","PUUKOLII 457.1, HI US","    0",",,7,0700",,,,,"  300",",,7","  233",",,7",,,,
"USC00518407","2019-07-19","20.9285","-156.6735","128.3","PUUKOLII 457.1, HI US","    0",",,7,0700",,,,,"  311",",,7","  228",",,7",,,,
"USC00518407","2019-07-20","20.9285","-156.6735","128.3","PUUKOLII 457.1, HI US","    0",",,7,0700",,,,,"  311",",,7","  228",",,7",,,,
"USC00518407","2019-07-21","20.9285","-156.6735","128.3","PUUKOLII 457.1, HI US","    0",",,7,0700",,,,,"  311",",,7","  222",",,7",,,,
"USC00518407","2019-07-22","20.9285","-156.6735","128.3","PUUKOLII 457.1, HI US","    0",",,7,0700",,,,,"  294",",,7","  222",",,7",,,,
"USC00518407","2019-07-23","20.9285","-156.6735","128.3","PUUKOLII 457.1, HI US","    0",",,7,0700",,,,,"  289",",,7","  222",",,7",,,,
"USC00518407","2019-07-24","20.9285","-156.6735","128.3","PUUKOLII 457.1, HI US","    0",",,7,0700",,,,,"  300",",,7","  217",",,7",,,,
"USC00518407","2019-07-25","20.9285","-156.6735","128.3","PUUKOLII 457.1, HI US","    0",",,7,0700",,,,,"  306",",,7","  217",",,7",,,,
"USC00518407","2019-07-26","20.9285","-156.6735","128.3","PUUKOLII 457.1, HI US","    0",",,7,0700",,,,,"  311",",,7","  217",",,7",,,,
"USC00518407","2019-07-27","20.9285","-156.6735","128.3","PUUKOLII 457.1, HI US","    0",",,7,0700",,,,,"  300",",,7","  228",",,7",,,,
"USC00518407","2019-07-28","20.9285","-156.6735","128.3","PUUKOLII 457.1, HI US","    0",",,7,0700",,,,,"  306",",,7","  217",",,7",,,,
"USC00518407","2019-07-29","20.9285","-156.6735","128.3","PUUKOLII 457.1, HI US","    0",",,7,0700",,,,,"  311",",,7","  206",",,7",,,,
"USC00518407","2019-07-30","20.9285","-156.6735","128.3","PUUKOLII 457.1, HI US","    0",",,7,0700",,,,,"  300",",,7","  222",",,7",,,,
"USC00518407","2019-07-31","20.9285","-156.6735","128.3","PUUKOLII 457.1, HI US","    0",",,7,0700",,,,,"  306",",,7","  228",",,7",,,,
"USC00518407","2019-08-01","20.9285","-156.6735","128.3","PUUKOLII 457.1, HI US","    0",",,7,0700",,,,,"  311",",,7","  239",",,7",,,,
"USC00518407","2019-08-02","20.9285","-156.6735","128.3","PUUKOLII 457.1, HI US","   53",",,7,0700",,,,,"  311",",,7","  228",",,7",,,,
"USC00518407","2019-08-03","20.9285","-156.6735","128.3","PUUKOLII 457.1, HI US","    5",",,7,0700",,,,,"  278",",,7","  228",",,7",,,,
"USC00518407","2019-08-04","20.9285","-156.6735","128.3","PUUKOLII 457.1, HI US","    0",",,7,0700",,,,,"  306",",,7","  222",",,7",,,,
"USC00518407","2019-08-05","20.9285","-156.6735","128.3","PUUKOLII 457.1, HI US","    0",",,7,0700",,,,,"  322",",,7","  228",",,7",,,,
"USC00518407","2019-08-06","20.9285","-156.6735","128.3","PUUKOLII 457.1, HI US","    5",",,7,0700",,,,,"  306",",,7","  222",",,7",,,,
"USC00518407","2019-08-07","20.9285","-156.6735","128.3","PUUKOLII 457.1, HI US","    0",",,7,0700",,,,,"  306",",,7","  222",",,7",,,,
"USC00518407","2019-08-08","20.9285","-156.6735","128.3","PUUKOLII 457.1, HI US","    0",",,7,0700",,,,,"  311",",,7","  211",",,7",,,,
"USC00518407","2019-08-09","20.9285","-156.6735","128.3","PUUKOLII 457.1, HI US","    0",",,7,0700",,,,,"  311",",,7","  211",",,7",,,,
"USC00518407","2019-08-10","20.9285","-156.6735","128.3","PUUKOLII 457.1, HI US","    0",",,7,0700",,,,,"  300",",,7","  222",",,7",,,,
"USC00518407","2019-08-11","20.9285","-156.6735","128.3","PUUKOLII 457.1, HI US","    0",",,7,0700",,,,,"  300",",,7","  233",",,7",,,,
"USC00518407","2019-08-12","20.9285","-156.6735","128.3","PUUKOLII 457.1, HI US","    0",",,7,0700",,,,,"  289",",,7","  222",",,7",,,,
"USC00518407","2019-08-13","20.9285","-156.6735","128.3","PUUKOLII 457.1, HI US","    0",",,7,0700",,,,,"  294",",,7","  217",",,7",,,,
"USC00518407","2019-08-14","20.9285","-156.6735","128.3","PUUKOLII 457.1, HI US","    0",",,7,0700",,,,,"  306",",,7","  211",",,7",,,,
"USC00518407","2019-08-15","20.9285","-156.6735","128.3","PUUKOLII 457.1, HI US","  127",",,7,0700",,,,,"  311",",,7","  222",",,7",,,,
"USC00518407","2019-08-16","20.9285","-156.6735","128.3","PUUKOLII 457.1, HI US","    5",",,7,0700",,,,,"  306",",,7","  239",",,7",,,,
"USC00518407","2019-08-17","20.9285","-156.6735","128.3","PUUKOLII 457.1, HI US","    0",",,7,0700",,,,,"  289",",,7","  222",",,7",,,,
"USC00518407","2019-08-18","20.9285","-156.6735","128.3","PUUKOLII 457.1, HI US","    0",",,7,0700",,,,,"  311",",,7","  217",",,7",,,,
"USC00518407","2019-08-19","20.9285","-156.6735","128.3","PUUKOLII 457.1, HI US","    0",",,7,0700",,,,,"  306",",,7","  222",",,7",,,,
"USC00518407","2019-08-20","20.9285","-156.6735","128.3","PUUKOLII 457.1, HI US","    0",",,7,0700",,,,,"  300",",,7","  217",",,7",,,,
"USC00518407","2019-08-21","20.9285","-156.6735","128.3","PUUKOLII 457.1, HI US","    0",",,7,0700",,,,,"  317",",,7","  233",",,7",,,,
"USC00518407","2019-08-22","20.9285","-156.6735","128.3","PUUKOLII 457.1, HI US","    0",",,7,0700",,,,,"  311",",,7","  217",",,7",,,,
"USC00518407","2019-08-23","20.9285","-156.6735","128.3","PUUKOLII 457.1, HI US","    0",",,7,0700",,,,,"  322",",,7","  222",",,7",,,,
"USC00518407","2019-08-24","20.9285","-156.6735","128.3","PUUKOLII 457.1, HI US","    0",",,7,0700",,,,,"  306",",,7","  222",",,7",,,,
"USC00518407","2019-08-25","20.9285","-156.6735","128.3","PUUKOLII 457.1, HI US","    0",",,7,0700",,,,,"  306",",,7","  222",",,7",,,,
"USC00518407","2019-08-26","20.9285","-156.6735","128.3","PUUKOLII 457.1, HI US","   13",",,7,0700",,,,,"  306",",,7","  222",",,7",,,,
"USC00518407","2019-08-27","20.9285","-156.6735","128.3","PUUKOLII 457.1, HI US","    8",",,7,0700",,,,,"  306",",,7","  211",",,7",,,,
"USC00518407","2019-08-28","20.9285","-156.6735","128.3","PUUKOLII 457.1, HI US","    0",",,7,0700",,,,,"  306",",,7","  222",",,7",,,,
"USC00518407","2019-08-29","20.9285","-156.6735","128.3","PUUKOLII 457.1, HI US","    0",",,7,0700",,,,,"  300",",,7","  211",",,7",,,,
"USC00518407","2019-08-30","20.9285","-156.6735","128.3","PUUKOLII 457.1, HI US","    0",",,7,0700",,,,,"  311",",,7","  222",",,7",,,,
"USC00518407","2019-08-31","20.9285","-156.6735","128.3","PUUKOLII 457.1, HI US","    0",",,7,0700",,,,,"  300",",,7","  228",",,7",,,,
"USC00518407","2019-09-01","20.9285","-156.6735","128.3","PUUKOLII 457.1, HI US","    0",",,7,0700",,,,,"  306",",,7","  233",",,7",,,,
"USC00518407","2019-09-02","20.9285","-156.6735","128.3","PUUKOLII 457.1, HI US","    0",",,7,0700",,,,,"  300",",,7","  233",",,7",,,,
"USC00518407","2019-09-03","20.9285","-156.6735","128.3","PUUKOLII 457.1, HI US","    0",",,7,0700",,,,,"  311",",,7","  217",",,7",,,,
"USC00518407","2019-09-04","20.9285","-156.6735","128.3","PUUKOLII 457.1, HI US","    0",",,7,0700",,,,,"  306",",,7","  228",",,7",,,,
"USC00518407","2019-09-05","20.9285","-156.6735","128.3","PUUKOLII 457.1, HI US","    0",",,7,0700",,,,,"  311",",,7","  244",",,7",,,,
"USC00518407","2019-09-06","20.9285","-156.6735","128.3","PUUKOLII 457.1, HI US","    0",",,7,0700",,,,,"  322",",,7","  228",",,7",,,,
"USC00518407","2019-09-07","20.9285","-156.6735","128.3","PUUKOLII 457.1, HI US","    0",",,7,0700",,,,,"  322",",,7","  244",",,7",,,,
"USC00518407","2019-09-08","20.9285","-156.6735","128.3","PUUKOLII 457.1, HI US","   13",",,7,0700",,,,,"  317",",,7","  244",",,7",,,,
"USC00518407","2019-09-09","20.9285","-156.6735","128.3","PUUKOLII 457.1, HI US","    0",",,7,0700",,,,,"  306",",,7","  233",",,7",,,,
"USC00518407","2019-09-10","20.9285","-156.6735","128.3","PUUKOLII 457.1, HI US","    0",",,7,0700",,,,,"  317",",,7","  244",",,7",,,,
"USC00518407","2019-09-11","20.9285","-156.6735","128.3","PUUKOLII 457.1, HI US","    0",",,7,0700",,,,,"  311",",,7","  217",",,7",,,,
"USC00518407","2019-09-12","20.9285","-156.6735","128.3","PUUKOLII 457.1, HI US","    0",",,7,0700",,,,,"  294",",,7","  222",",,7",,,,
"USC00518407","2019-09-13","20.9285","-156.6735","128.3","PUUKOLII 457.1, HI US","    0",",,7,0700",,,,,"  306",",,7","  222",",,7",,,,
"USC00518407","2019-09-14","20.9285","-156.6735","128.3","PUUKOLII 457.1, HI US","    0",",,7,0700",,,,,"  300",",,7","  217",",,7",,,,
"USC00518407","2019-09-15","20.9285","-156.6735","128.3","PUUKOLII 457.1, HI US","    0",",,7,0700",,,,,"  311",",,7","  222",",,7",,,,
"USC00518407","2019-09-16","20.9285","-156.6735","128.3","PUUKOLII 457.1, HI US","    0",",,7,0700",,,,,,,,,,,,
"USC00518407","2019-09-17","20.9285","-156.6735","128.3","PUUKOLII 457.1, HI US","    0",",,7,0700",,,,,"  289",",,7","  222",",,7",,,,
"USC00518407","2019-09-18","20.9285","-156.6735","128.3","PUUKOLII 457.1, HI US","    0",",,7,0700",,,,,"  311",",,7","  222",",,7",,,,
"USC00518407","2019-09-19","20.9285","-156.6735","128.3","PUUKOLII 457.1, HI US","    0",",,7,0700",,,,,"  317",",,7","  228",",,7",,,,
"USC00518407","2019-09-20","20.9285","-156.6735","128.3","PUUKOLII 457.1, HI US","    0",",,7,0700",,,,,"  311",",,7","  239",",,7",,,,
"USC00518407","2019-09-21","20.9285","-156.6735","128.3","PUUKOLII 457.1, HI US","   23",",,7,0700",,,,,"  300",",,7","  222",",,7",,,,
"USC00518407","2019-09-22","20.9285","-156.6735","128.3","PUUKOLII 457.1, HI US","    0",",,7,0700",,,,,"  300",",,7","  222",",,7",,,,
"USC00518407","2019-09-23","20.9285","-156.6735","128.3","PUUKOLII 457.1, HI US","    0",",,7,0700",,,,,"  306",",,7","  239",",,7",,,,
"USC00518407","2019-09-24","20.9285","-156.6735","128.3","PUUKOLII 457.1, HI US","    0",",,7,0700",,,,,"  306",",,7","  222",",,7",,,,
"USC00518407","2019-09-25","20.9285","-156.6735","128.3","PUUKOLII 457.1, HI US","    0",",,7,0700",,,,,"  300",",,7","  217",",,7",,,,
"USC00518407","2019-09-26","20.9285","-156.6735","128.3","PUUKOLII 457.1, HI US","    0",",,7,0700",,,,,"  300",",,7","  206",",,7",,,,
"USC00518407","2019-09-27","20.9285","-156.6735","128.3","PUUKOLII 457.1, HI US","    0",",,7,0700",,,,,"  300",",,7","  228",",,7",,,,
"USC00518407","2019-09-28","20.9285","-156.6735","128.3","PUUKOLII 457.1, HI US","   13",",,7,0700",,,,,"  300",",,7","  239",",,7",,,,
"USC00518407","2019-09-29","20.9285","-156.6735","128.3","PUUKOLII 457.1, HI US","    5",",,7,0700",,,,,"  306",",,7","  228",",,7",,,,
"USC00518407","2019-09-30","20.9285","-156.6735","128.3","PUUKOLII 457.1, HI US","    0",",,7,0700",,,,,"  306",",,7","  222",",,7",,,,
"USC00518407","2019-10-01","20.9285","-156.6735","128.3","PUUKOLII 457.1, HI US","    0",",,7,0700",,,,,"  306",",,7","  250",",,7",,,,
"USC00518407","2019-10-02","20.9285","-156.6735","128.3","PUUKOLII 457.1, HI US","    5",",,7,0700",,,,,"  311",",,7","  228",",,7",,,,
"USC00518407","2019-10-03","20.9285","-156.6735","128.3","PUUKOLII 457.1, HI US","   97",",,7,0700",,,,,"  306",",,7","  228",",,7",,,,
"USC00518407","2019-10-04","20.9285","-156.6735","128.3","PUUKOLII 457.1, HI US","    0",",,7,0700",,,,,"  294",",,7","  228",",,7",,,,
"USC00518407","2019-10-05","20.9285","-156.6735","128.3","PUUKOLII 457.1, HI US","    0",",,7,0700",,,,,"  306",",,7","  206",",,7",,,,
"USC00518407","2019-10-06","20.9285","-156.6735","128.3","PUUKOLII 457.1, HI US","    0",",,7,0700",,,,,"  311",",,7","  211",",,7",,,,
"USC00518407","2019-10-07","20.9285","-156.6735","128.3","PUUKOLII 457.1, HI US","    0",",,7,0700",,,,,"  283",",,7","  206",",,7",,,,
"USC00518407","2019-10-08","20.9285","-156.6735","128.3","PUUKOLII 457.1, HI US","    0",",,7,0700",,,,,"  289",",,7","  211",",,7",,,,
"USC00518407","2019-10-09","20.9285","-156.6735","128.3","PUUKOLII 457.1, HI US","    0",",,7,0700",,,,,"  289",",,7","  206",",,7",,,,
"USC00518407","2019-10-10","20.9285","-156.6735","128.3","PUUKOLII 457.1, HI US","    0",",,7,0700",,,,,"  317",",,7","  233",",,7",,,,
"USC00518407","2019-10-11","20.9285","-156.6735","128.3","PUUKOLII 457.1, HI US","    0",",,7,0700",,,,,"  311",",,7","  244",",,7",,,,
"USC00518407","2019-10-12","20.9285","-156.6735","128.3","PUUKOLII 457.1, HI US","    0",",,7,0700",,,,,"  306",",,7","  228",",,7",,,,
"USC00518407","2019-10-13","20.9285","-156.6735","128.3","PUUKOLII 457.1, HI US","    0",",,7,0700",,,,,"  300",",,7","  222",",,7",,,,
"USC00518407","2019-10-14","20.9285","-156.6735","128.3","PUUKOLII 457.1, HI US","    0",",,7,0700",,,,,"  300",",,7","  211",",,7",,,,
"USC00518407","2019-10-15","20.9285","-156.6735","128.3","PUUKOLII 457.1, HI US","    0",",,7,0700",,,,,"  306",",,7","  217",",,7",,,,
"USC00518407","2019-10-16","20.9285","-156.6735","128.3","PUUKOLII 457.1, HI US","    0",",,7,0700",,,,,"  289",",,7","  217",",,7",,,,
"USC00518407","2019-10-17","20.9285","-156.6735","128.3","PUUKOLII 457.1, HI US","    0",",,7,0700",,,,,"  300",",,7","  228",",,7",,,,
"USC00518407","2019-10-18","20.9285","-156.6735","128.3","PUUKOLII 457.1, HI US","    0",",,7,0700",,,,,"  289",",,7","  222",",,7",,,,
"USC00518407","2019-10-19","20.9285","-156.6735","128.3","PUUKOLII 457.1, HI US","    0",",,7,0700",,,,,"  294",",,7","  217",",,7",,,,
"USC00518407","2019-10-20","20.9285","-156.6735","128.3","PUUKOLII 457.1, HI US","    0",",,7,0700",,,,,"  289",",,7","  228",",,7",,,,
"USC00518407","2019-10-21","20.9285","-156.6735","128.3","PUUKOLII 457.1, HI US","    0",",,7,0700",,,,,"  289",",,7","  211",",,7",,,,
"USC00518407","2019-10-22","20.9285","-156.6735","128.3","PUUKOLII 457.1, HI US","    0",",,7,0700",,,,,"  294",",,7","  217",",,7",,,,
"USC00518407","2019-10-23","20.9285","-156.6735","128.3","PUUKOLII 457.1, HI US","    0",",,7,0700",,,,,"  306",",,7","  217",",,7",,,,
"USC00518407","2019-10-24","20.9285","-156.6735","128.3","PUUKOLII 457.1, HI US","    0",",,7,0700",,,,,"  294",",,7","  206",",,7",,,,
"USC00518407","2019-10-25","20.9285","-156.6735","128.3","PUUKOLII 457.1, HI US","    0",",,7,0700",,,,,"  294",",,7","  206",",,7",,,,
"USC00518407","2019-10-26","20.9285","-156.6735","128.3","PUUKOLII 457.1, HI US","    0",",,7,0700",,,,,"  289",",,7","  222",",,7",,,,
"USC00518407","2019-10-27","20.9285","-156.6735","128.3","PUUKOLII 457.1, HI US","    0",",,7,0700",,,,,"  289",",,7","  217",",,7",,,,
"USC00518407","2019-10-28","20.9285","-156.6735","128.3","PUUKOLII 457.1, HI US","    0",",,7,0700",,,,,"  289",",,7","  211",",,7",,,,
"USC00518407","2019-10-29","20.9285","-156.6735","128.3","PUUKOLII 457.1, HI US","    0",",,7,0700",,,,,"  283",",,7","  200",",,7",,,,
"USC00518407","2019-10-30","20.9285","-156.6735","128.3","PUUKOLII 457.1, HI US","    0",",,7,0700",,,,,"  283",",,7","  206",",,7",,,,
"USC00518407","2019-10-31","20.9285","-156.6735","128.3","PUUKOLII 457.1, HI US","    0",",,7,0700",,,,,"  283",",,7","  206",",,7",,,,
"USC00518407","2019-11-01","20.9285","-156.6735","128.3","PUUKOLII 457.1, HI US","    0",",,7,0700",,,,,"  283",",,7","  206",",,7",,,,
"USC00518407","2019-11-02","20.9285","-156.6735","128.3","PUUKOLII 457.1, HI US","  102",",,7,0700",,,,,"  283",",,7","  206",",,7",,,,
"USC00518407","2019-11-03","20.9285","-156.6735","128.3","PUUKOLII 457.1, HI US","   58",",,7,0700",,,,,"  278",",,7","  211",",,7",,,,
"USC00518407","2019-11-04","20.9285","-156.6735","128.3","PUUKOLII 457.1, HI US","    0",",,7,0700",,,,,"  278",",,7","  194",",,7",,,,
"USC00518407","2019-11-05","20.9285","-156.6735","128.3","PUUKOLII 457.1, HI US","    0",",,7,0700",,,,,"  300",",,7","  206",",,7",,,,
"USC00518407","2019-11-06","20.9285","-156.6735","128.3","PUUKOLII 457.1, HI US","    0",",,7,0700",,,,,"  306",",,7","  217",",,7",,,,
"USC00518407","2019-11-07","20.9285","-156.6735","128.3","PUUKOLII 457.1, HI US","    0",",,7,0700",,,,,"  278",",,7","  200",",,7",,,,
"USC00518407","2019-11-08","20.9285","-156.6735","128.3","PUUKOLII 457.1, HI US","  137",",,7,0700",,,,,"  278",",,7","  200",",,7",,,,
"USC00518407","2019-11-09","20.9285","-156.6735","128.3","PUUKOLII 457.1, HI US","    0",",,7,0700",,,,,"  272",",,7","  194",",,7",,,,
"USC00518407","2019-11-10","20.9285","-156.6735","128.3","PUUKOLII 457.1, HI US","    0",",,7,0700",,,,,"  289",",,7","  200",",,7",,,,
"USC00518407","2019-11-11","20.9285","-156.6735","128.3","PUUKOLII 457.1, HI US","    0",",,7,0700",,,,,"  289",",,7","  206",",,7",,,,
"USC00518407","2019-11-12","20.9285","-156.6735","128.3","PUUKOLII 457.1, HI US","    0",",,7,0700",,,,,"  294",",,7","  206",",,7",,,,
"USC00518407","2019-11-13","20.9285","-156.6735","128.3","PUUKOLII 457.1, HI US","    0",",,7,0700",,,,,"  294",",,7","  200",",,7",,,,
"USC00518407","2019-11-14","20.9285","-156.6735","128.3","PUUKOLII 457.1, HI US","    0",",,7,0700",,,,,"  289",",,7","  200",",,7",,,,
"USC00518407","2019-11-15","20.9285","-156.6735","128.3","PUUKOLII 457.1, HI US","    0",",,7,0700",,,,,"  289",",,7","  200",",,7",,,,
"USC00518407","2019-11-16","20.9285","-156.6735","128.3","PUUKOLII 457.1, HI US","    0",",,7,0700",,,,,"  283",",,7","  222",",,7",,,,
"USC00518407","2019-11-17","20.9285","-156.6735","128.3","PUUKOLII 457.1, HI US","   43",",,7,0700",,,,,"  289",",,7","  200",",,7",,,,
"USC00518407","2019-11-18","20.9285","-156.6735","128.3","PUUKOLII 457.1, HI US","   13",",,7,0700",,,,,"  283",",,7","  200",",,7",,,,
"USC00518407","2019-11-19","20.9285","-156.6735","128.3","PUUKOLII 457.1, HI US","   66",",,7,0700",,,,,"  294",",,7","  211",",,7",,,,
"USC00518407","2019-11-20","20.9285","-156.6735","128.3","PUUKOLII 457.1, HI US","    0",",,7,0700",,,,,"  283",",,7","  200",",,7",,,,
"USC00518407","2019-11-21","20.9285","-156.6735","128.3","PUUKOLII 457.1, HI US","    3",",,7,0700",,,,,"  283",",,7","  222",",,7",,,,
"USC00518407","2019-11-22","20.9285","-156.6735","128.3","PUUKOLII 457.1, HI US","    3",",,7,0700",,,,,"  278",",,7","  222",",,7",,,,
"USC00518407","2019-11-23","20.9285","-156.6735","128.3","PUUKOLII 457.1, HI US","   18",",,7,0700",,,,,"  289",",,7","  222",",,7",,,,
"USC00518407","2019-11-24","20.9285","-156.6735","128.3","PUUKOLII 457.1, HI US","    8",",,7,0700",,,,,"  267",",,7","  211",",,7",,,,
"USC00518407","2019-11-25","20.9285","-156.6735","128.3","PUUKOLII 457.1, HI US","    0",",,7,0700",,,,,"  278",",,7","  194",",,7",,,,
"USC00518407","2019-11-26","20.9285","-156.6735","128.3","PUUKOLII 457.1, HI US","    0",",,7,0700",,,,,"  294",",,7","  200",",,7",,,,
"USC00518407","2019-11-27","20.9285","-156.6735","128.3","PUUKOLII 457.1, HI US","    0",",,7,0700",,,,,"  278",",,7","  206",",,7",,,,
"USC00518407","2019-11-28","20.9285","-156.6735","128.3","PUUKOLII 457.1, HI US","    0",",,7,0700",,,,,"  283",",,7","  211",",,7",,,,
"USC00518407","2019-11-29","20.9285","-156.6735","128.3","PUUKOLII 457.1, HI US","    0",",,7,0700",,,,,"  283",",,7","  211",",,7",,,,
"USC00518407","2019-11-30","20.9285","-156.6735","128.3","PUUKOLII 457.1, HI US","    0",",,7,0700",,,,,"  272",",,7","  222",",,7",,,,
"USC00518407","2019-12-01","20.9285","-156.6735","128.3","PUUKOLII 457.1, HI US","   33",",,7,0700",,,,,"  278",",,7","  200",",,7",,,,
"USC00518407","2019-12-02","20.9285","-156.6735","128.3","PUUKOLII 457.1, HI US","    0",",,7,0700",,,,,"  244",",,7","  211",",,7",,,,
"USC00518407","2019-12-03","20.9285","-156.6735","128.3","PUUKOLII 457.1, HI US","    0",",,7,0700",,,,,"  256",",,7","  194",",,7",,,,
"USC00518407","2019-12-04","20.9285","-156.6735","128.3","PUUKOLII 457.1, HI US","    0",",,7,0700",,,,,"  267",",,7","  200",",,7",,,,
"USC00518407","2019-12-05","20.9285","-156.6735","128.3","PUUKOLII 457.1, HI US","    0",",,7,0700",,,,,"  272",",,7","  206",",,7",,,,
"USC00518407","2019-12-06","20.9285","-156.6735","128.3","PUUKOLII 457.1, HI US","   94",",,7,0700",,,,,"  261",",,7","  189",",,7",,,,
"USC00518407","2019-12-07","20.9285","-156.6735","128.3","PUUKOLII 457.1, HI US","    0",",,7,0700",,,,,"  244",",,7","  178",",,7",,,,
"USC00518407","2019-12-08","20.9285","-156.6735","128.3","PUUKOLII 457.1, HI US","    0",",,7,0700",,,,,"  261",",,7","  183",",,7",,,,
"USC00518407","2019-12-09","20.9285","-156.6735","128.3","PUUKOLII 457.1, HI US","    0",",,7,0700",,,,,"  267",",,7","  156",",,7",,,,
"USC00518407","2019-12-10","20.9285","-156.6735","128.3","PUUKOLII 457.1, HI US","    0",",,7,0700",,,,,"  267",",,7","  183",",,7",,,,
"USC00518407","2019-12-11","20.9285","-156.6735","128.3","PUUKOLII 457.1, HI US","    0",",,7,0700",,,,,"  278",",,7","  189",",,7",,,,
"USC00518407","2019-12-12","20.9285","-156.6735","128.3","PUUKOLII 457.1, HI US","    0",",,7,0700",,,,,"  272",",,7","  194",",,7",,,,
"USC00518407","2019-12-13","20.9285","-156.6735","128.3","PUUKOLII 457.1, HI US","    0",",,7,0700",,,,,"  272",",,7","  217",",,7",,,,
"USC00518407","2019-12-14","20.9285","-156.6735","128.3","PUUKOLII 457.1, HI US","   20",",,7,0700",,,,,"  283",",,7","  211",",,7",,,,
"USC00518407","2019-12-15","20.9285","-156.6735","128.3","PUUKOLII 457.1, HI US","    0",",,7,0700",,,,,"  272",",,7","  206",",,7",,,,
"USC00518407","2019-12-17","20.9285","-156.6735","128.3","PUUKOLII 457.1, HI US",,,,,,,"  261",",,7","  206",",,7","    2",",,7","   18",",,7"
"USC00518407","2019-12-18","20.9285","-156.6735","128.3","PUUKOLII 457.1, HI US","    5",",,7,0700",,,,,"  267",",,7","  217",",,7",,,,
"USC00518407","2019-12-19","20.9285","-156.6735","128.3","PUUKOLII 457.1, HI US","    0",",,7,0700",,,,,"  283",",,7","  183",",,7",,,,
"USC00518407","2019-12-20","20.9285","-156.6735","128.3","PUUKOLII 457.1, HI US","    0",",,7,0700",,,,,"  272",",,7","  200",",,7",,,,
"USC00518407","2019-12-21","20.9285","-156.6735","128.3","PUUKOLII 457.1, HI US","   69",",,7,0700",,,,,"  272",",,7","  200",",,7",,,,
"USC00518407","2019-12-22","20.9285","-156.6735","128.3","PUUKOLII 457.1, HI US","   13",",,7,0700",,,,,"  239",",,7","  200",",,7",,,,
"USC00518407","2019-12-23","20.9285","-156.6735","128.3","PUUKOLII 457.1, HI US","    0",",,7,0700",,,,,"  244",",,7","  183",",,7",,,,
"USC00518407","2019-12-24","20.9285","-156.6735","128.3","PUUKOLII 457.1, HI US","    0",",,7,0700",,,,,"  261",",,7","  189",",,7",,,,
"USC00518407","2019-12-25","20.9285","-156.6735","128.3","PUUKOLII 457.1, HI US","    0",",,7,0700",,,,,"  267",",,7","  211",",,7",,,,
"USC00518407","2019-12-26","20.9285","-156.6735","128.3","PUUKOLII 457.1, HI US","  198",",,7,0700",,,,,"  256",",,7","  206",",,7",,,,
"USC00518407","2019-12-27","20.9285","-156.6735","128.3","PUUKOLII 457.1, HI US","    5",",,7,0700",,,,,"  272",",,7","  211",",,7",,,,
"USC00518407","2019-12-28","20.9285","-156.6735","128.3","PUUKOLII 457.1, HI US","    0",",,7,0700",,,,,"  278",",,7","  194",",,7",,,,
"USC00518407","2019-12-29","20.9285","-156.6735","128.3","PUUKOLII 457.1, HI US","    0",",,7,0700",,,,,"  267",",,7","  200",",,7",,,,
"USC00518407","2019-12-30","20.9285","-156.6735","128.3","PUUKOLII 457.1, HI US","    0",",,7,0700",,,,,"  283",",,7","  178",",,7",,,,
"USC00518407","2019-12-31","20.9285","-156.6735","128.3","PUUKOLII 457.1, HI US","    0",",,7,0700",,,,,,,,,,,,
"USC00518407","2020-01-01","20.9285","-156.6735","128.3","PUUKOLII 457.1, HI US","    0",",,7,0700",,,,,"  267",",,7","  183",",,7",,,,
"USC00518407","2020-01-02","20.9285","-156.6735","128.3","PUUKOLII 457.1, HI US","    0",",,7,0700",,,,,"  267",",,7","  178",",,7",,,,
"USC00518407","2020-01-03","20.9285","-156.6735","128.3","PUUKOLII 457.1, HI US","   64",",,7,0700",,,,,"  261",",,7","  194",",,7",,,,
"USC00518407","2020-01-04","20.9285","-156.6735","128.3","PUUKOLII 457.1, HI US","   91",",,7,0700",,,,,"  239",",,7","  200",",,7",,,,
"USC00518407","2020-01-05","20.9285","-156.6735","128.3","PUUKOLII 457.1, HI US","    5",",,7,0700",,,,,"  261",",,7","  217",",,7",,,,
"USC00518407","2020-01-06","20.9285","-156.6735","128.3","PUUKOLII 457.1, HI US","    0",",,7,0700",,,,,"  261",",,7","  217",",,7",,,,
"USC00518407","2020-01-07","20.9285","-156.6735","128.3","PUUKOLII 457.1, HI US","   15",",,7,0700",,,,,"  272",",,7","  206",",,7",,,,
"USC00518407","2020-01-08","20.9285","-156.6735","128.3","PUUKOLII 457.1, HI US","  124",",,7,0700",,,,,"  250",",,7","  194",",,7",,,,
"USC00518407","2020-01-09","20.9285","-156.6735","128.3","PUUKOLII 457.1, HI US","  155",",,7,0700",,,,,"  244",",,7","  194",",,7",,,,
"USC00518407","2020-01-10","20.9285","-156.6735","128.3","PUUKOLII 457.1, HI US","   79",",,7,0700",,,,,"  239",",,7","  200",",,7",,,,
"USC00518407","2020-01-11","20.9285","-156.6735","128.3","PUUKOLII 457.1, HI US","   48",",,7,0700",,,,,"  256",",,7","  217",",,7",,,,
"USC00518407","2020-01-12","20.9285","-156.6735","128.3","PUUKOLII 457.1, HI US","  127",",,7,0700",,,,,"  256",",,7","  211",",,7",,,,
"USC00518407","2020-01-13","20.9285","-156.6735","128.3","PUUKOLII 457.1, HI US","   18",",,7,0700",,,,,"  256",",,7","  206",",,7",,,,
"USC00518407","2020-01-14","20.9285","-156.6735","128.3","PUUKOLII 457.1, HI US","    0",",,7,0700",,,,,"  250",",,7","  200",",,7",,,,
"USC00518407","2020-01-15","20.9285","-156.6735","128.3","PUUKOLII 457.1, HI US","    0",",,7,0700",,,,,"  256",",,7","  211",",,7",,,,
"USC00518407","2020-01-16","20.9285","-156.6735","128.3","PUUKOLII 457.1, HI US","    0",",,7,0700",,,,,"  256",",,7","  189",",,7",,,,
"USC00518407","2020-01-17","20.9285","-156.6735","128.3","PUUKOLII 457.1, HI US","  173",",,7,0700",,,,,"  244",",,7","  189",",,7",,,,
"USC00518407","2020-01-18","20.9285","-156.6735","128.3","PUUKOLII 457.1, HI US","   38",",,7,0700",,,,,"  239",",,7","  183",",,7",,,,
"USC00518407","2020-01-19","20.9285","-156.6735","128.3","PUUKOLII 457.1, HI US","   13",",,7,0700",,,,,"  233",",,7","  172",",,7",,,,
"USC00518407","2020-01-20","20.9285","-156.6735","128.3","PUUKOLII 457.1, HI US","    5",",,7,0700",,,,,"  228",",,7","  183",",,7",,,,
"USC00518407","2020-01-21","20.9285","-156.6735","128.3","PUUKOLII 457.1, HI US","    0",",,7,0700",,,,,"  250",",,7","  167",",,7",,,,
"USC00518407","2020-01-22","20.9285","-156.6735","128.3","PUUKOLII 457.1, HI US","    0",",,7,0700",,,,,"  256",",,7","  167",",,7",,,,
"USC00518407","2020-01-23","20.9285","-156.6735","128.3","PUUKOLII 457.1, HI US","    0",",,7,0700",,,,,"  250",",,7","  156",",,7",,,,
"USC00518407","2020-01-24","20.9285","-156.6735","128.3","PUUKOLII 457.1, HI US","    0",",,7,0700",,,,,"  261",",,7","  172",",,7",,,,
"USC00518407","2020-01-25","20.9285","-156.6735","128.3","PUUKOLII 457.1, HI US","    0",",,7,0700",,,,,"  267",",,7","  178",",,7",,,,
"USC00518407","2020-01-26","20.9285","-156.6735","128.3","PUUKOLII 457.1, HI US","    0",",,7,0700",,,,,"  261",",,7","  167",",,7",,,,
"USC00518407","2020-01-27","20.9285","-156.6735","128.3","PUUKOLII 457.1, HI US","    0",",,7,0700",,,,,"  267",",,7","  172",",,7",,,,
"USC00518407","2020-01-28","20.9285","-156.6735","128.3","PUUKOLII 457.1, HI US","    0",",,7,0700",,,,,"  256",",,7","  183",",,7",,,,
"USC00518407","2020-01-29","20.9285","-156.6735","128.3","PUUKOLII 457.1, HI US","    0",",,7,0700",,,,,"  267",",,7","  172",",,7",,,,
"USC00518407","2020-01-30","20.9285","-156.6735","128.3","PUUKOLII 457.1, HI US","    0",",,7,0700",,,,,"  256",",,7","  178",",,7",,,,
"USC00518407","2020-01-31","20.9285","-156.6735","128.3","PUUKOLII 457.1, HI US","   10",",,7,0700",,,,,"  244",",,7","  172",",,7",,,,
"USC00518407","2020-02-01","20.9285","-156.6735","128.3","PUUKOLII 457.1, HI US","    0",",,7,0700",,,,,"  250",",,7","  183",",,7",,,,
"USC00518407","2020-02-02","20.9285","-156.6735","128.3","PUUKOLII 457.1, HI US","    0",",,7,0700",,,,,"  261",",,7","  183",",,7",,,,
"USC00518407","2020-02-03","20.9285","-156.6735","128.3","PUUKOLII 457.1, HI US","    0",",,7,0700",,,,,"  272",",,7","  178",",,7",,,,
"USC00518407","2020-02-04","20.9285","-156.6735","128.3","PUUKOLII 457.1, HI US","    0",",,7,0700",,,,,"  267",",,7","  178",",,7",,,,
"USC00518407","2020-02-05","20.9285","-156.6735","128.3","PUUKOLII 457.1, HI US","    0",",,7,0700",,,,,"  256",",,7","  178",",,7",,,,
"USC00518407","2020-02-06","20.9285","-156.6735","128.3","PUUKOLII 457.1, HI US","   97",",,7,0700",,,,,"  261",",,7","  189",",,7",,,,
"USC00518407","2020-02-07","20.9285","-156.6735","128.3","PUUKOLII 457.1, HI US","   86",",,7,0700",,,,,"  217",",,7","  167",",,7",,,,
"USC00518407","2020-02-08","20.9285","-156.6735","128.3","PUUKOLII 457.1, HI US","    3",",,7,0700",,,,,"  228",",,7","  156",",,7",,,,
"USC00518407","2020-02-09","20.9285","-156.6735","128.3","PUUKOLII 457.1, HI US","    0",",,7,0700",,,,,"  233",",,7","  167",",,7",,,,
"USC00518407","2020-02-10","20.9285","-156.6735","128.3","PUUKOLII 457.1, HI US","    8",",,7,0700",,,,,"  233",",,7","  167",",,7",,,,
"USC00518407","2020-02-11","20.9285","-156.6735","128.3","PUUKOLII 457.1, HI US","  142",",,7,0700",,,,,"  200",",,7","  161",",,7",,,,
"USC00518407","2020-02-12","20.9285","-156.6735","128.3","PUUKOLII 457.1, HI US","    5",",,7,0700",,,,,"  222",",,7","  161",",,7",,,,
"USC00518407","2020-02-13","20.9285","-156.6735","128.3","PUUKOLII 457.1, HI US","   38",",,7,0700",,,,,"  272",",,7","  189",",,7",,,,
"USC00518407","2020-02-14","20.9285","-156.6735","128.3","PUUKOLII 457.1, HI US","    3",",,7,0700",,,,,"  289",",,7","  206",",,7",,,,
"USC00518407","2020-02-15","20.9285","-156.6735","128.3","PUUKOLII 457.1, HI US","    0",",,7,0700",,,,,"  272",",,7","  183",",,7",,,,
"USC00518407","2020-02-16","20.9285","-156.6735","128.3","PUUKOLII 457.1, HI US","    5",",,7,0700",,,,,"  261",",,7","  200",",,7",,,,
"USC00518407","2020-02-17","20.9285","-156.6735","128.3","PUUKOLII 457.1, HI US","    8",",,7,0700",,,,,"  250",",,7","  189",",,7",,,,
"USC00518407","2020-02-18","20.9285","-156.6735","128.3","PUUKOLII 457.1, HI US","   13",",,7,0700",,,,,"  256",",,7","  189",",,7",,,,
"USC00518407","2020-02-19","20.9285","-156.6735","128.3","PUUKOLII 457.1, HI US","    0",",,7,0700",,,,,"  256",",,7","  200",",,7",,,,
"USC00518407","2020-02-20","20.9285","-156.6735","128.3","PUUKOLII 457.1, HI US","   18",",,7,0700",,,,,"  261",",,7","  183",",,7",,,,
"USC00518407","2020-02-21","20.9285","-156.6735","128.3","PUUKOLII 457.1, HI US","    0",",,7,0700",,,,,"  256",",,7","  189",",,7",,,,
"USC00518407","2020-02-22","20.9285","-156.6735","128.3","PUUKOLII 457.1, HI US","    0",",,7,0700",,,,,"  267",",,7","  172",",,7",,,,
"USC00518407","2020-02-23","20.9285","-156.6735","128.3","PUUKOLII 457.1, HI US","    0",",,7,0700",,,,,"  267",",,7","  183",",,7",,,,
"USC00518407","2020-02-24","20.9285","-156.6735","128.3","PUUKOLII 457.1, HI US","    0",",,7,0700",,,,,"  250",",,7","  156",",,7",,,,
"USC00518407","2020-02-25","20.9285","-156.6735","128.3","PUUKOLII 457.1, HI US","    0",",,7,0700",,,,,"  267",",,7","  156",",,7",,,,
"USC00518407","2020-02-26","20.9285","-156.6735","128.3","PUUKOLII 457.1, HI US","   10",",,7,0700",,,,,"  272",",,7","  183",",,7",,,,
"USC00518407","2020-02-27","20.9285","-156.6735","128.3","PUUKOLII 457.1, HI US","    8",",,7,0700",,,,,"  261",",,7","  194",",,7",,,,
"USC00518407","2020-02-28","20.9285","-156.6735","128.3","PUUKOLII 457.1, HI US","   20",",,7,0700",,,,,"  239",",,7","  178",",,7",,,,
"USC00518407","2020-02-29","20.9285","-156.6735","128.3","PUUKOLII 457.1, HI US","  104",",,7,0700",,,,,"  228",",,7","  178",",,7",,,,
"USC00518407","2020-03-01","20.9285","-156.6735","128.3","PUUKOLII 457.1, HI US","   84",",,7,0700",,,,,"  233",",,7","  172",",,7",,,,
"USC00518407","2020-03-02","20.9285","-156.6735","128.3","PUUKOLII 457.1, HI US","  165",",,7,0700",,,,,"  222",",,7","  178",",,7",,,,
"USC00518407","2020-03-03","20.9285","-156.6735","128.3","PUUKOLII 457.1, HI US","    3",",,7,0700",,,,,"  256",",,7","  172",",,7",,,,
"USC00518407","2020-03-04","20.9285","-156.6735","128.3","PUUKOLII 457.1, HI US","    0",",,7,0700",,,,,"  267",",,7","  183",",,7",,,,
"USC00518407","2020-03-05","20.9285","-156.6735","128.3","PUUKOLII 457.1, HI US","    0",",,7,0700",,,,,"  261",",,7","  183",",,7",,,,
"USC00518407","2020-03-06","20.9285","-156.6735","128.3","PUUKOLII 457.1, HI US","    0",",,7,0700",,,,,"  261",",,7","  194",",,7",,,,
"USC00518407","2020-03-07","20.9285","-156.6735","128.3","PUUKOLII 457.1, HI US","   25",",,7,0700",,,,,"  244",",,7","  183",",,7",,,,
"USC00518407","2020-03-08","20.9285","-156.6735","128.3","PUUKOLII 457.1, HI US","    3",",,7,0700",,,,,"  239",",,7","  183",",,7",,,,
"USC00518407","2020-03-09","20.9285","-156.6735","128.3","PUUKOLII 457.1, HI US","    5",",,7,0700",,,,,"  244",",,7","  172",",,7",,,,
"USC00518407","2020-03-10","20.9285","-156.6735","128.3","PUUKOLII 457.1, HI US","    3",",,7,0700",,,,,"  250",",,7","  156",",,7",,,,
"USC00518407","2020-03-11","20.9285","-156.6735","128.3","PUUKOLII 457.1, HI US","    0",",,7,0700",,,,,"  256",",,7","  156",",,7",,,,
"USC00518407","2020-03-12","20.9285","-156.6735","128.3","PUUKOLII 457.1, HI US","   53",",,7,0700",,,,,"  233",",,7","  183",",,7",,,,
"USC00518407","2020-03-13","20.9285","-156.6735","128.3","PUUKOLII 457.1, HI US","   89",",,7,0700",,,,,"  244",",,7","  183",",,7",,,,
"USC00518407","2020-03-14","20.9285","-156.6735","128.3","PUUKOLII 457.1, HI US","    5",",,7,0700",,,,,"  239",",,7","  178",",,7",,,,
"USC00518407","2020-03-15","20.9285","-156.6735","128.3","PUUKOLII 457.1, HI US","    0",",,7,0700",,,,,"  256",",,7","  194",",,7",,,,
"USC00518407","2020-03-17","20.9285","-156.6735","128.3","PUUKOLII 457.1, HI US",,,,,,,"  250",",,7","  194",",,7","    2",",,7","    5",",,7"
"USC00518407","2020-03-18","20.9285","-156.6735","128.3","PUUKOLII 457.1, HI US","  196",",,7,0700",,,,,"  250",",,7","  183",",,7",,,,
"USC00518407","2020-03-19","20.9285","-156.6735","128.3","PUUKOLII 457.1, HI US","    0",",,7,0700",,,,,"  261",",,7","  189",",,7",,,,
"USC00518407","2020-03-20","20.9285","-156.6735","128.3","PUUKOLII 457.1, HI US","    0",",,7,0700",,,,,"  256",",,7","  183",",,7",,,,
"USC00518407","2020-03-21","20.9285","-156.6735","128.3","PUUKOLII 457.1, HI US","    0",",,7,0700",,,,,"  256",",,7","  183",",,7",,,,
"USC00518407","2020-03-22","20.9285","-156.6735","128.3","PUUKOLII 457.1, HI US","    0",",,7,0700",,,,,"  261",",,7","  178",",,7",,,,
"USC00518407","2020-03-23","20.9285","-156.6735","128.3","PUUKOLII 457.1, HI US","    0",",,7,0700",,,,,"  244",",,7","  200",",,7",,,,
"USC00518407","2020-03-24","20.9285","-156.6735","128.3","PUUKOLII 457.1, HI US","    0",",,7,0700",,,,,"  256",",,7","  194",",,7",,,,
"USC00518407","2020-03-25","20.9285","-156.6735","128.3","PUUKOLII 457.1, HI US","   38",",,7,0700",,,,,"  256",",,7","  189",",,7",,,,
"USC00518407","2020-03-26","20.9285","-156.6735","128.3","PUUKOLII 457.1, HI US","   10",",,7,0700",,,,,"  228",",,7","  189",",,7",,,,
"USC00518407","2020-03-27","20.9285","-156.6735","128.3","PUUKOLII 457.1, HI US","    3",",,7,0700",,,,,"  239",",,7","  183",",,7",,,,
"USC00518407","2020-03-28","20.9285","-156.6735","128.3","PUUKOLII 457.1, HI US","   43",",,7,0700",,,,,"  239",",,7","  172",",,7",,,,
"USC00518407","2020-03-29","20.9285","-156.6735","128.3","PUUKOLII 457.1, HI US","    0",",,7,0700",,,,,"  261",",,7","  183",",,7",,,,
"USC00518407","2020-03-30","20.9285","-156.6735","128.3","PUUKOLII 457.1, HI US","   18",",,7,0700",,,,,"  256",",,7","  183",",,7",,,,
"USC00518407","2020-03-31","20.9285","-156.6735","128.3","PUUKOLII 457.1, HI US","    0",",,7,0700",,,,,"  267",",,7","  189",",,7",,,,
"USC00518407","2020-04-01","20.9285","-156.6735","128.3","PUUKOLII 457.1, HI US","    0",",,7,0700",,,,,"  250",",,7","  172",",,7",,,,
"USC00518407","2020-04-02","20.9285","-156.6735","128.3","PUUKOLII 457.1, HI US","    5",",,7,0700",,,,,"  267",",,7","  178",",,7",,,,
"USC00518407","2020-04-03","20.9285","-156.6735","128.3","PUUKOLII 457.1, HI US","    0",",,7,0700",,,,,"  278",",,7","  178",",,7",,,,
"USC00518407","2020-04-04","20.9285","-156.6735","128.3","PUUKOLII 457.1, HI US","    0",",,7,0700",,,,,"  261",",,7","  183",",,7",,,,
"USC00518407","2020-04-05","20.9285","-156.6735","128.3","PUUKOLII 457.1, HI US","    0",",,7,0700",,,,,"  272",",,7","  200",",,7",,,,
"USC00518407","2020-04-06","20.9285","-156.6735","128.3","PUUKOLII 457.1, HI US","    0",",,7,0700",,,,,"  250",",,7","  183",",,7",,,,
"USC00518407","2020-04-07","20.9285","-156.6735","128.3","PUUKOLII 457.1, HI US","  328",",,7,0700",,,,,"  267",",,7","  189",",,7",,,,
"USC00518407","2020-04-08","20.9285","-156.6735","128.3","PUUKOLII 457.1, HI US","    3",",,7,0700",,,,,"  261",",,7","  178",",,7",,,,
"USC00518407","2020-04-09","20.9285","-156.6735","128.3","PUUKOLII 457.1, HI US","   15",",,7,0700",,,,,"  261",",,7","  194",",,7",,,,
"USC00518407","2020-04-10","20.9285","-156.6735","128.3","PUUKOLII 457.1, HI US","    0",",,7,0700",,,,,"  261",",,7","  183",",,7",,,,
"USC00518407","2020-04-11","20.9285","-156.6735","128.3","PUUKOLII 457.1, HI US","    0",",,7,0700",,,,,"  256",",,7","  189",",,7",,,,
"USC00518407","2020-04-12","20.9285","-156.6735","128.3","PUUKOLII 457.1, HI US","    0",",,7,0700",,,,,"  261",",,7","  200",",,7",,,,
"USC00518407","2020-04-13","20.9285","-156.6735","128.3","PUUKOLII 457.1, HI US","   13",",,7,0700",,,,,"  261",",,7","  200",",,7",,,,
"USC00518407","2020-04-14","20.9285","-156.6735","128.3","PUUKOLII 457.1, HI US","    3",",,7,0700",,,,,"  267",",,7","  194",",,7",,,,
"USC00518407","2020-04-15","20.9285","-156.6735","128.3","PUUKOLII 457.1, HI US","    0",",,7,0700",,,,,"  244",",,7","  200",",,7",,,,
"USC00518407","2020-04-16","20.9285","-156.6735","128.3","PUUKOLII 457.1, HI US","    0",",,7,0700",,,,,"  261",",,7","  194",",,7",,,,
"USC00518407","2020-04-17","20.9285","-156.6735","128.3","PUUKOLII 457.1, HI US","    0",",,7,0700",,,,,"  272",",,7","  194",",,7",,,,
"USC00518407","2020-04-18","20.9285","-156.6735","128.3","PUUKOLII 457.1, HI US","    0",",,7,0700",,,,,"  278",",,7","  172",",,7",,,,
"USC00518407","2020-04-19","20.9285","-156.6735","128.3","PUUKOLII 457.1, HI US","    0",",,7,0700",,,,,"  267",",,7","  178",",,7",,,,
"USC00518407","2020-04-20","20.9285","-156.6735","128.3","PUUKOLII 457.1, HI US","    0",",,7,0700",,,,,"  261",",,7","  178",",,7",,,,
"USC00518407","2020-04-21","20.9285","-156.6735","128.3","PUUKOLII 457.1, HI US","    0",",,7,0700",,,,,"  261",",,7","  178",",,7",,,,
"USC00518407","2020-04-22","20.9285","-156.6735","128.3","PUUKOLII 457.1, HI US","    0",",,7,0700",,,,,"  267",",,7","  183",",,7",,,,
"USC00518407","2020-04-23","20.9285","-156.6735","128.3","PUUKOLII 457.1, HI US","    0",",,7,0700",,,,,"  267",",,7","  206",",,7",,,,
"USC00518407","2020-04-24","20.9285","-156.6735","128.3","PUUKOLII 457.1, HI US","    5",",,7,0700",,,,,"  272",",,7","  194",",,7",,,,
"USC00518407","2020-04-25","20.9285","-156.6735","128.3","PUUKOLII 457.1, HI US","    0",",,7,0700",,,,,"  272",",,7","  206",",,7",,,,
"USC00518407","2020-04-26","20.9285","-156.6735","128.3","PUUKOLII 457.1, HI US","    0",",,7,0700",,,,,"  278",",,7","  200",",,7",,,,
"USC00518407","2020-04-27","20.9285","-156.6735","128.3","PUUKOLII 457.1, HI US","    3",",,7,0700",,,,,"  267",",,7","  194",",,7",,,,
"USC00518407","2020-04-28","20.9285","-156.6735","128.3","PUUKOLII 457.1, HI US","    0",",,7,0700",,,,,"  283",",,7","  211",",,7",,,,
"USC00518407","2020-04-29","20.9285","-156.6735","128.3","PUUKOLII 457.1, HI US","    0",",,7,0700",,,,,"  278",",,7","  200",",,7",,,,
"USC00518407","2020-04-30","20.9285","-156.6735","128.3","PUUKOLII 457.1, HI US","    0",",,7,0700",,,,,"  272",",,7","  206",",,7",,,,
